# RQ2 | per inline comment: owner actor and character count (input for the comment-length analyses)
id,owner_actor,char_length
2183762541,human,102
2169510364,same-system,304
2179293853,human,20
2186468531,same-system,81
2176177132,same-system,111
2118149080,same-system,190
2214749236,same-system,57
2179400425,human,98
2138885182,same-system,231
2162577800,human,68
2102065264,same-system,355
2233293790,same-system,72
2158322202,human,40
2158322892,human,51
2158323931,human,75
2157390181,same-system,164
2231002057,same-system,88
2118947979,human,201
2097699247,same-system,85
2221849565,human,101
2181730180,same-system,499
2181136804,same-system,89
2144386506,same-system,171
2139128090,same-system,151
2230516050,human,170
2108417405,same-system,101
2169116998,same-system,68
2154838276,same-system,58
2242192288,same-system,105
2191075947,same-system,114
2181952165,human,15
2114421166,same-system,159
2168541076,human,393
2161708865,same-system,376
2102914468,same-system,60
2120593117,human,80
2193873031,same-system,118
2106344202,human,11
2106347247,human,89
2106347625,human,98
2106347794,human,88
2206419738,human,22
2104749842,same-system,74
2240790000,human,155
2145445262,human,25
2145445731,human,25
2145446573,human,49
2145447203,human,16
2145448238,human,16
2145448811,human,102
2203170109,same-system,238
2193483033,human,120
2193483436,human,118
2193487052,human,801
2217921498,human,513
2194544708,same-system,126
2098469144,human,316
2098472144,human,249
2098476455,human,393
2098479733,human,97
2098491410,human,220
2098491977,human,85
2098492388,human,94
2098492629,human,94
2098495312,human,115
2098499287,human,168
2098501992,human,52
2097961769,same-system,69
2139653021,same-system,192
2146094972,same-system,167
2226067464,same-system,122
2138953508,human,79
2186156982,human,298
2107106259,same-system,415
2107106272,same-system,357
2107106281,same-system,255
2225499657,human,70
2131590619,same-system,93
2114390959,human,215
2114430460,human,166
2178793886,same-system,538
2212730112,same-system,131
2173077624,human,168
2146098414,same-system,72
2225552622,same-system,336
2140492769,same-system,226
2143077065,same-system,147
2181871532,human,81
2118102108,same-system,177
2183636412,human,34
2183636838,human,29
2181171568,cross-system,226
2180619246,human,150
2180619912,human,63
2180621087,human,130
2180621493,human,74
2180622314,human,58
2180622817,human,47
2180623542,human,113
2180624753,human,92
2180625307,human,15
2180626346,human,63
2180626620,human,43
2180627239,human,74
2180627849,human,61
2180628786,human,141
2180629199,human,102
2180629850,human,15
2180630125,human,73
2180631236,human,136
2180632304,human,91
2180632694,human,140
2180633021,human,22
2180634313,human,127
2180635403,human,73
2180636520,human,68
2180637516,human,130
2180638345,human,136
2180639056,human,84
2180640340,human,153
2240940586,same-system,344
2216312251,same-system,196
2190867730,same-system,65
2137381289,human,125
2183783561,human,94
2204826648,human,185
2204589391,human,17
2100463259,human,314
2100465640,human,43
2100469693,human,91
2172823597,human,78
2172826371,human,193
2172828596,human,291
2164921560,same-system,179
2232802115,same-system,264
2193042929,human,36
2209121502,same-system,249
2180427302,same-system,284
2131345906,human,37
2176324258,human,11
2168018796,same-system,120
2140753383,human,115
2162272255,same-system,269
2178786607,human,254
2138304107,same-system,270
2101053895,human,30
2121873811,same-system,655
2192119179,same-system,135
2173439519,same-system,40
2183490331,same-system,118
2209298355,same-system,68
2233036559,same-system,363
2144451948,human,16
2099939866,human,259
2223304499,same-system,403
2211997502,human,197
2103484399,human,206
2238588100,human,24
2173798789,same-system,68
2138843647,same-system,239
2156386955,same-system,110
2227700489,human,16
2227702273,human,11
2215630418,same-system,243
2101064293,same-system,227
2202783415,same-system,62
2201464791,same-system,271
2179835220,human,13
2179836631,human,23
2179854498,human,22
2179856733,human,22
2240735105,same-system,290
2169907632,same-system,61
2128344168,human,77
2113901198,human,42
2113903174,human,169
2113903861,human,88
2113905166,human,36
2113907441,human,140
2114049634,human,182
2182845340,human,57
2157467372,same-system,67
2104016976,same-system,52
2117404152,same-system,285
2147010684,human,45
2216001796,human,313
2192832182,human,33
2137714106,human,43
2137726301,human,34
2137726652,human,10
2137730652,human,45
2137731830,human,74
2137733349,human,120
2137734059,human,57
2145398829,same-system,235
2106067922,human,71
2159352852,same-system,234
2096558328,same-system,312
2140451118,same-system,133
2114773748,human,22
2114775674,human,320
2114775843,human,58
2114776142,human,4
2114778311,human,62
2120834232,same-system,143
2204683066,human,140
2102475432,human,109
2195587899,human,31
2137941108,human,134
2185793386,human,443
2179317453,human,44
2241082489,human,279
2222763400,same-system,186
2223063495,same-system,126
2172094595,same-system,142
2118819035,same-system,213
2231193549,same-system,153
2173480090,human,304
2193705044,human,60
2173482022,same-system,271
2157690430,same-system,167
2162730697,same-system,362
2122007928,same-system,118
2209030214,same-system,153
2179028740,human,209
2180651569,same-system,100
2181104031,same-system,175
2192088044,human,19
2216828036,same-system,148
2155801440,same-system,56
2204739817,same-system,38
2145881427,human,19
2103942171,human,375
2116167692,same-system,270
2199354053,human,57
2221700486,same-system,146
2143622800,same-system,155
2178472451,human,136
2173906536,same-system,236
2213154991,same-system,118
2162354549,same-system,184
2180598292,human,57
2168824512,human,523
2159752627,same-system,48
2195436612,same-system,97
2145283107,human,98
2243191400,human,35
2102057146,same-system,73
2204719047,same-system,203
2156049361,human,80
2155047188,same-system,161
2159416744,same-system,264
2100826010,same-system,155
2147994259,human,330
2104039927,same-system,125
2253645871,human,187
2253651957,human,340
2253658509,human,141
2183649280,human,226
2183649406,human,226
2183649554,human,226
2190310046,same-system,207
2102971457,same-system,84
2113059217,same-system,66
2136486500,human,63
2136494264,human,108
2136496095,human,63
2136497350,human,61
2136499100,human,71
2136503856,human,145
2136511952,human,31
2097020901,human,9
2198716991,human,52
2159095712,human,56
2109733104,same-system,441
2142973565,human,82
2262199101,human,139
2262200883,human,124
2169372265,same-system,190
2182832791,human,104
2131582472,same-system,77
2247220394,human,122
2185143761,human,53
2239575329,same-system,145
2219557949,human,60
2219560219,human,120
2128573764,human,49
2170318059,same-system,52
2179594820,human,64
2248053641,same-system,103
2124429881,same-system,250
2191410351,same-system,240
2191410357,same-system,176
2150413021,same-system,374
2204510172,same-system,188
2190867532,same-system,73
2191005736,human,170
2267508527,same-system,87
2096621608,same-system,161
2205589537,same-system,131
2172877547,same-system,228
2183386104,same-system,224
2141595927,same-system,43
2118686417,same-system,74
2101064477,same-system,303
2210880310,human,131
2210884147,human,96
2210886391,human,29
2210905489,human,251
2210925842,human,16
2210926346,human,23
2143688263,human,48
2161962330,human,103
2116129331,same-system,89
2154818876,human,73
2138849683,same-system,120
2138200810,same-system,163
2103206119,same-system,304
2126266993,same-system,190
2152515614,same-system,282
2124461169,human,132
2194562989,same-system,90
2185929940,same-system,186
2169881199,human,221
2202291504,same-system,112
2164888714,same-system,86
2246742788,human,29
2217953621,human,55
2217968109,human,168
2217968228,human,124
2218081211,human,167
2159520852,human,328
2141210617,human,58
2127980732,same-system,141
2115180731,same-system,247
2141248247,human,406
2162049732,human,111
2241921417,human,35
2231524179,same-system,106
2214769931,human,56
2214774126,human,49
2142686713,human,199
2139477927,same-system,296
2136221329,same-system,141
2139793203,same-system,223
2320946260,human,12
2185075244,human,89
2238916112,same-system,155
2200613255,human,74
2257111052,human,33
2117533679,same-system,88
2132898772,human,97
2173821777,human,19
2173821917,human,46
2173822020,human,79
2173822515,human,56
2173822672,human,105
2173823040,human,137
2209635832,human,156
2101345373,human,167
2189344958,human,316
2144035743,same-system,82
2203158394,same-system,345
2191422027,human,107
2241064700,human,89
2241065008,human,81
2241065372,human,89
2241065711,human,89
2203945023,same-system,73
2230495477,same-system,237
2228064588,same-system,180
2202778483,same-system,120
2178355550,human,19
2178355811,human,19
2178356450,human,49
2178356631,human,49
2167527451,same-system,149
2121215504,same-system,164
2241919348,human,33
2238924124,same-system,277
2119001287,same-system,344
2203266108,human,4
2203266167,human,4
2203266255,human,6
2100966990,human,497
2206429656,same-system,76
2405657318,same-system,90
2220585371,human,113
2121710670,same-system,112
2212871001,same-system,57
2164933359,human,68
2118877465,same-system,106
2192294110,same-system,663
2194393602,same-system,278
2206222789,human,128
2167418108,same-system,126
2167323351,human,126
2178378821,same-system,101
2102702421,same-system,196
2105232276,human,110
2105234863,human,106
2131933611,same-system,798
2182889926,same-system,120
2188041444,human,16
2132181708,human,16
2164995512,human,120
2151707489,human,76
2185781292,human,87
2118254564,human,18
2144682015,human,77
2220877988,human,152
2221590457,human,320
2202531014,human,84
2122173093,same-system,624
2122173106,same-system,358
2122173116,same-system,183
2122173123,same-system,171
2464317348,same-system,88
2187856657,same-system,249
2112017963,human,40
2143117168,human,31
2206719293,same-system,238
2206719306,same-system,307
2179452909,human,133
2179457111,human,67
2098766776,same-system,124
2138990880,human,502
2160577381,human,77
2145416671,same-system,35
2233627251,human,6
2228169647,same-system,419
2199477833,same-system,151
2101440514,human,102
2099894665,human,130
2118138837,human,37
2118139640,human,113
2118140019,human,108
2118141236,human,73
2118142213,human,134
2103555214,same-system,330
2124975652,same-system,62
2213155509,same-system,69
2225590569,same-system,346
2103269564,same-system,580
2128929192,same-system,98
2147014430,human,570
2117394151,same-system,289
2192829960,human,66
2242668288,same-system,222
2102058967,same-system,80
2097464991,human,30
2218389927,human,73
2190734906,same-system,42
2193206117,same-system,106
2211102998,same-system,559
2100955619,human,12
2192964988,same-system,185
2210898916,same-system,155
2213585259,human,190
2213586171,human,127
2143103117,same-system,187
2189035240,human,30
2189035834,human,37
2194310095,human,162
2194311257,human,51
2183159297,same-system,207
2184615122,same-system,231
2231152472,same-system,248
2143149006,same-system,51
2213155197,same-system,73
2102661327,same-system,114
2195318242,same-system,302
2150419301,same-system,353
2141301946,same-system,79
2108363342,human,67
2203217269,same-system,86
2192818450,same-system,216
2100992708,human,73
2190721667,human,100
2190723255,human,30
2190723579,human,25
2190725830,human,290
2190726933,human,22
2169992614,same-system,125
2198865059,same-system,64
2109729536,same-system,42
2183598876,human,18
2150850524,human,42
2185923535,same-system,174
2201436826,human,78
2201439608,human,351
2201446377,human,210
2201447505,human,121
2201447684,human,121
2201448022,human,126
2201448904,human,27
2201449017,human,27
2201449066,human,27
2201449137,human,27
2101020161,same-system,261
2160506072,same-system,642
2139006740,same-system,94
2098378430,human,23
2154068433,human,85
2120702355,same-system,93
2148582095,same-system,225
2148582101,same-system,329
2195437947,same-system,229
2199614983,same-system,237
2199614999,same-system,478
2199615011,same-system,271
2199615024,same-system,174
2199615031,same-system,246
2199615038,same-system,260
2170919022,same-system,231
2197995324,human,46
2203257111,same-system,229
2213923057,human,143
2183160988,same-system,219
2101151893,same-system,302
2192854387,same-system,248
2192082556,human,244
2114836438,same-system,408
2169351452,human,72
2182683963,same-system,87
2106704033,human,60
2215383281,same-system,55
2203945117,same-system,62
2159516596,human,146
2223906688,same-system,320
2229100039,human,17
2173843490,same-system,178
2286421469,human,83
2102693715,same-system,89
2343822657,same-system,209
2169897747,human,119
2143645826,human,85
2172913714,same-system,62
2167603678,same-system,206
2101197788,same-system,64
2105043518,same-system,729
2208441713,human,108
2123930842,same-system,286
2225665171,same-system,198
2221560560,same-system,231
2198351892,human,270
2180667203,human,191
2207463239,same-system,100
2203097999,same-system,292
2153138151,human,85
2096645853,same-system,67
2160529563,same-system,300
2211274721,same-system,327
2179314291,same-system,249
2096542840,same-system,195
2224054735,human,161
2207738835,same-system,84
2174464875,same-system,218
2143261502,human,146
2174889053,human,52
2231781170,human,29
2165054837,human,35
2211916154,same-system,99
2180025781,same-system,102
2102948097,same-system,126
2138633235,human,54
2193889639,same-system,51
2096218232,same-system,57
2097610207,human,97
2097610780,human,68
2150895146,human,34
2190825420,human,211
2179511295,cross-system,129
2155559118,same-system,417
2192320379,human,210
2102792251,human,24
2172699482,same-system,35
2154558992,same-system,89
2181927237,human,491
2145251543,same-system,67
2138856702,same-system,121
2467786237,cross-system,1001
2467786240,cross-system,2678
2467786245,cross-system,5060
2103648186,human,112
2118584960,human,99
2145547867,same-system,193
2201216320,same-system,73
2102923036,same-system,86
2110129537,same-system,185
2192068012,human,120
2190595465,same-system,91
2133143282,same-system,79
2183794073,human,102
2216360593,human,179
2159529591,human,173
2212533374,same-system,217
2166065424,human,165
2103158184,human,37
2151574925,same-system,806
2123594259,same-system,236
2129911430,same-system,269
2150882952,same-system,234
2114420937,same-system,190
2137085599,human,11
2137085813,human,11
2137086337,human,39
2133711699,same-system,114
2117318006,same-system,447
2190245695,same-system,127
2181133066,human,111
2205455996,same-system,86
2207268097,same-system,559
2107698016,human,50
2180656922,same-system,819
2234196199,same-system,257
2234196201,same-system,183
2234196204,same-system,157
2234196206,same-system,160
2234196210,same-system,160
2234196211,same-system,183
2234196215,same-system,113
2234196217,same-system,174
2103492858,human,12976
2172820959,same-system,71
2217106536,same-system,452
2217106538,same-system,321
2217106539,same-system,361
2210194155,human,74
2210198664,human,92
2143832471,same-system,429
2167819382,human,84
2131347470,human,107
2218407746,same-system,420
2225078955,same-system,175
2116959963,human,773
2195445636,same-system,94
2132358381,human,37
2193874735,same-system,77
2218241485,human,39
2179890369,same-system,114
2164805851,same-system,122
2100853531,human,63
2274828857,human,696
2268562327,same-system,206
2159662430,human,92
2150576536,same-system,120
2316470054,human,67
2191255297,same-system,123
2188515160,same-system,113
2100556282,same-system,332
2097401169,same-system,120
2213832142,human,117
2230267278,human,167
2116930921,same-system,168
2103980068,same-system,149
2235057110,same-system,145
2101591184,same-system,114
2109723944,human,38
2183359392,same-system,245
2142150611,human,51
2192616946,human,208
2096290961,same-system,394
2214725588,human,37
2099093667,same-system,470
2193877360,human,291
2175649479,same-system,96
2226952312,human,518
2123279181,same-system,217
2141239388,human,339
2105127435,human,6
2105128048,human,6
2105135682,human,150
2154724507,same-system,289
2109700634,human,64
2109702258,human,83
2203165334,same-system,296
2202359744,same-system,211
2166777559,same-system,109
2237532137,same-system,431
2198235415,human,192
2223405496,human,93
2256974436,human,55
2127259707,same-system,105
2397908652,same-system,253
2097144273,human,273
2143147940,same-system,57
2211110992,same-system,89
2227471752,same-system,77
2172961999,same-system,269
2104728639,same-system,304
2099297936,same-system,674
2139142133,same-system,47
2146020622,human,92
2169215592,same-system,181
2136685618,human,88
2223057503,same-system,606
2223057516,same-system,689
2223057529,same-system,616
2131427809,human,933
2195439117,same-system,118
2190524656,same-system,151
2138347784,human,71
2107577839,human,59
2223650089,same-system,421
2121215113,same-system,112
2161446334,same-system,98
2116887853,same-system,65
2127468310,same-system,39
2100958314,same-system,195
2204973988,same-system,192
2141277785,same-system,87
2143100135,human,79
2117383833,human,109
2096551928,same-system,411
2211107389,human,16
2202282846,same-system,166
2103195549,human,190
2100749213,same-system,391
2152061225,human,63
2155177558,human,23
2191393165,same-system,310
2116631972,human,58
2097980523,human,15
2100020877,same-system,422
2252579789,human,133
2103028247,human,87
2144036170,same-system,77
2220052478,same-system,64
2203690966,same-system,225
2116573982,human,210
2104748940,same-system,67
2210590987,human,96
2210591378,human,118
2210591741,human,96
2210592414,human,126
2210593453,human,23
2210598380,human,64
2210600165,human,25
2210600583,human,20
2109790029,human,6
2179935154,human,112
2102367790,same-system,376
2102181345,human,137
2188040651,human,57
2188040691,human,43
2188040880,human,98
2138871782,same-system,227
2178759763,same-system,145
2138950722,human,238
2175649651,same-system,130
2213759475,human,114
2213762319,human,147
2213620053,human,180
2213621779,human,93
2213622571,human,94
2213624300,human,74
2213628003,human,248
2213630721,human,257
2213635850,human,115
2213640992,human,228
2140561499,human,5
2109623459,human,283
2136264908,same-system,420
2184109269,human,359
2137664666,human,165
2154843774,same-system,240
2145306267,same-system,257
2098565747,same-system,372
2201532786,human,26
2103154508,human,131
2225546023,human,84
2102395965,same-system,151
2098870860,human,315
2201078197,human,107
2201084580,human,66
2103598717,human,30
2182840781,human,103
2106107147,human,55
2106107295,human,101
2112324800,same-system,104
2164205754,same-system,95
2229730207,human,184
2154838782,same-system,56
2102641932,same-system,293
2148123801,same-system,808
2172832214,same-system,1322
2120578903,same-system,76
2164952578,human,71
2102991876,human,61
2102993747,human,110
2110884387,human,196
2110884538,human,17
2110886365,human,329
2110887068,human,22
2110887369,human,48
2110888713,human,4
2110890872,human,193
2110892535,human,90
2110894936,human,388
2181129502,same-system,107
2155179619,human,56
2140547190,human,356
2099290390,same-system,86
2121712547,same-system,50
2183235913,same-system,180
2204105893,human,248
2150160658,human,98
2150168004,human,51
2230162844,human,49
2213156161,same-system,69
2190850703,human,82
2190854550,human,117
2190858749,human,354
2126204830,human,181
2102947212,human,11
2223713074,same-system,165
2121693135,same-system,86
2113051939,human,20
2113055919,human,79
2173957055,same-system,107
2170238116,same-system,68
2170057060,human,3301
2171490989,human,252
2217986420,same-system,167
2203407843,same-system,215
2198343371,human,20
2174723760,same-system,48
2101436190,same-system,258
2464317372,same-system,87
2223488482,same-system,232
2223488492,same-system,232
2223488497,same-system,301
2223488507,same-system,387
2183245261,human,272
2103540035,same-system,84
2100626459,same-system,247
2222623289,human,78
2114871072,human,83
2198865180,same-system,64
2144605999,human,49
2209181761,same-system,301
2101054842,human,48
2101055474,human,106
2151198458,human,44
2184710098,human,201
2187856659,same-system,138
2104546018,same-system,333
2223893530,human,155
2100264832,human,174
2138175611,same-system,104
2205577068,human,209
2161258216,human,72
2100014097,human,143
2325609682,human,69
2105196094,same-system,132
2181021610,same-system,38
2154559291,same-system,55
2213563887,same-system,154
2159391316,same-system,479
2113550152,same-system,190
2114540128,human,18
2179144284,human,95
2143346935,human,209
2252731139,same-system,382
2262280856,same-system,241
2118002603,human,115
2118007693,human,206
2167806464,same-system,98
2183149681,same-system,152
2139107686,same-system,85
2239577267,same-system,270
2244849801,same-system,102
2269594832,human,44
2099644227,same-system,743
2190994074,same-system,92
2097126008,same-system,167
2138702666,same-system,297
2211233413,same-system,72
2139762727,human,45
2146267240,human,37
2146268325,human,344
2116491437,same-system,144
2146412453,human,56
2097099305,same-system,96
2208065580,human,59
2213922723,human,3
2150188921,human,110
2201334708,human,88
2138875828,same-system,584
2103663209,same-system,370
2194925292,human,65
2146637545,same-system,224
2114805815,same-system,47
2182964364,same-system,188
2318012352,same-system,188
2167765753,same-system,263
2196718421,human,88
2196720265,human,18
2176067811,human,174
2215218819,same-system,291
2222020805,same-system,179
2234648661,human,24
2172859469,human,209
2228253698,same-system,121
2136052490,human,67
2198725305,same-system,72
2178434395,human,323
2122901251,human,18
2122913300,human,1352
2170013344,human,99
2141307811,same-system,158
2223365391,human,216
2173957697,same-system,119
2180183741,human,139
2135514310,same-system,148
2176225153,same-system,165
2188888167,same-system,214
2110615096,same-system,112
2335766205,human,26
2128503484,human,139
2190764717,same-system,503
2216934678,same-system,57
2121277149,same-system,337
2147622437,same-system,245
2174724015,same-system,48
2166484902,human,766
2144481271,same-system,45
2146281845,same-system,54
2159599779,human,97
2159611188,human,171
2291804761,same-system,1358
2291804771,same-system,217
2291804779,same-system,158
2291804784,same-system,104
2291804790,same-system,104
2218376083,same-system,177
2123329248,human,32
2153398913,same-system,85
2217925366,same-system,217
2184189583,same-system,130
2109789279,same-system,154
2138278202,human,360
2189621002,human,21
2202949233,same-system,106
2169318662,human,61
2167452136,same-system,100
2186019379,human,170
2222718561,human,18
2204510170,same-system,59
2190959593,human,6
2190961639,human,53
2165263591,human,89
2178620089,same-system,149
2172876944,same-system,193
2178221423,same-system,254
2231813454,human,162
2096483679,same-system,287
2241024457,human,41
2231885903,same-system,209
2193231041,same-system,124
2234596637,same-system,107
2167386445,human,3
2125148705,human,104
2180651896,human,39
2101472035,same-system,249
2212333135,human,59
2191413273,human,26
2201340452,same-system,449
2136883033,same-system,123
2161427105,human,31
2177974757,same-system,121
2126079361,human,90
2150698276,human,113
2144886687,human,79
2144894651,human,71
2144906121,human,254
2141508309,same-system,133
2136310406,same-system,272
2108051587,human,60
2141567451,same-system,16
2173609598,same-system,148
2194786486,human,72
2097659345,human,56
2210082766,same-system,178
2145495757,human,82
2202778509,same-system,177
2145240433,human,85
2145242211,human,156
2113541166,same-system,92
2216784364,human,366
2216800323,human,105
2216891632,human,34
2216900344,human,175
2216903640,human,173
2138392479,human,136
2198934351,same-system,351
2405657332,same-system,247
2247724991,human,167
2143749542,same-system,205
2117953276,same-system,124
2242472402,human,33
2150148066,same-system,269
2134566261,same-system,192
2181632267,human,207
2169717298,same-system,239
2167266291,same-system,92
2153580965,same-system,142
2223629121,human,91
2191490502,human,89
2204711443,human,6
2157321664,human,115
2226067785,same-system,289
2114111202,human,71
2206420463,human,34
2207811769,human,295
2182908236,same-system,120
2138343059,human,109
2190942508,human,16
2145664037,human,63
2241606315,same-system,113
2097120250,same-system,116
2115042327,human,297
2196331042,human,73
2196331690,human,27
2196332297,human,72
2150959458,same-system,307
2131887389,human,27
2113699582,same-system,116
2125313043,human,31
2230148863,same-system,77
2097869069,same-system,128
2196743665,human,60
2227193868,same-system,269
2207824651,human,4
2204400476,same-system,262
2096660552,same-system,61
2210949896,same-system,64
2203257065,same-system,198
2204738571,same-system,177
2209030121,same-system,71
2138849575,same-system,154
2153602298,human,85
2467848151,same-system,241
2178378788,same-system,65
2177695500,human,19
2145860869,same-system,442
2128583433,same-system,364
2231780376,human,132
2191372713,same-system,116
2183149600,same-system,151
2203229714,same-system,204
2200547649,human,128
2201276646,same-system,492
2211303069,human,136
2184471986,human,35
2244801563,human,81
2154687392,human,154
2138924655,human,11
2101793381,human,10
2144124855,same-system,212
2464317352,same-system,88
2216828137,same-system,196
2132968767,human,2393
2132969049,human,92
2132969579,human,220
2132969684,human,6
2132969850,human,99
2132970488,human,6
2132971386,human,46
2132971434,human,46
2132971506,human,46
2132971535,human,46
2132972980,human,2105
2132973640,human,164
2132973783,human,166
2132974049,human,163
2132974184,human,166
2132974519,human,64
2230286472,same-system,594
2223895614,human,217
2097278677,same-system,34
2114653932,same-system,220
2125112653,same-system,71
2154035484,same-system,266
2132185867,same-system,48
2101000898,human,110
2103473960,same-system,139
2162354595,same-system,61
2164772965,same-system,147
2138552860,same-system,188
2105195902,same-system,164
2314303950,human,680
2167741106,human,184
2167742594,human,203
2167742986,human,183
2167743123,human,183
2159667391,same-system,413
2190716485,same-system,288
2155116214,same-system,139
2207823891,same-system,225
2201245507,human,46
2343023140,same-system,603
2195363989,same-system,55
2096644741,same-system,67
2204927184,same-system,231
2240873040,human,22
2209008391,human,74
2174071468,same-system,141
2134843832,human,186
2113576954,human,40
2113586179,human,187
2222786007,human,35
2222794483,human,40
2222794499,human,40
2222811570,human,43
2222823720,human,46
2222828542,human,38
2174696344,human,33
2098391025,human,32
2112753496,same-system,245
2112864774,human,71
2199426350,human,54
2199427274,human,97
2196303361,same-system,89
2140771569,same-system,232
2140801241,human,91
2184118082,same-system,245
2122385274,human,158
2225162420,same-system,300
2103642007,human,38
2180011139,human,336
2208408170,same-system,472
2122443361,human,1023
2178155760,human,68
2213871720,human,118
2156227409,human,33
2156228083,human,32
2136189557,human,76
2143656361,same-system,145
2117090068,same-system,159
2176152792,same-system,310
2122788898,human,92
2164226771,human,488
2190340314,human,735
2190359199,human,97
2190371924,human,118
2102924853,human,159
2102927694,human,138
2102929514,human,140
2184594140,human,35
2217937685,human,18
2217938405,human,163
2217938853,human,59
2217939113,human,28
2217939420,human,25
2217939474,human,41
2101102034,same-system,129
2164428629,same-system,300
2173826532,same-system,141
2100924613,same-system,148
2156706400,same-system,365
2096453272,human,89
2205271704,same-system,71
2105508959,same-system,64
2190711186,human,26
2112386712,same-system,279
2096907370,same-system,65
2185957984,human,85
2183135309,same-system,173
2213155983,same-system,100
2247107603,same-system,141
2106109581,same-system,214
2141976546,same-system,77
2099428740,human,4
2136867881,human,289
2103473740,same-system,318
2132898638,same-system,73
2103909081,human,53
2196932790,same-system,115
2145904000,same-system,151
2117366584,same-system,155
2136551520,same-system,90
2096617146,human,59
2096617236,human,59
2156892601,same-system,250
2096565502,same-system,435
2133079217,human,278
2123582174,same-system,159
2190948621,same-system,113
2209266394,same-system,163
2140629569,human,21
2235788983,same-system,263
2109529187,same-system,46
2102077691,human,39
2102080416,human,135
2102099220,human,174
2164904107,same-system,60
2136720980,human,318
2154476296,human,18
2103119516,same-system,71
2117813275,same-system,273
2213749805,human,18
2213751403,human,18
2213752005,human,18
2213752448,human,18
2213752940,human,401
2213753569,human,18
2213754206,human,18
2213754575,human,18
2213754853,human,18
2213755215,human,234
2213755432,human,18
2126252030,human,36
2126253301,human,27
2099286519,human,84
2176337166,same-system,153
2134565497,human,239
2159991629,same-system,82
2150451722,human,52
2149111630,human,51
2143132352,human,83
2169606482,same-system,207
2159370526,same-system,232
2190194922,human,389
2343822662,same-system,198
2185974980,same-system,181
2186038466,same-system,218
2201119578,same-system,397
2134827550,human,30
2241679417,same-system,56
2155088090,human,135
2464317343,same-system,81
2124356570,same-system,185
2165168435,human,302
2195843650,same-system,103
2123608863,same-system,270
2096896851,human,6
2096897555,human,6
2096897967,human,66
2096900098,human,347
2105003262,human,149
2154135864,human,321
2154449143,human,878
2154456735,human,123
2154460683,human,170
2154463035,human,102
2154480274,human,137
2154481687,human,44
2231788634,same-system,142
2097386312,same-system,150
2185922805,human,93
2102342116,human,53
2207469898,human,82
2177528701,same-system,276
2106416976,same-system,146
2241315864,same-system,209
2159266875,same-system,153
2114295190,human,76
2114300838,human,269
2136199109,same-system,282
2201343931,human,138
2201360930,human,120
2159750560,human,41
2161691081,same-system,157
2106077807,same-system,265
2106077809,same-system,322
2106077810,same-system,298
2106077811,same-system,228
2106077812,same-system,277
2106077813,same-system,280
2106077814,same-system,121
2213487816,same-system,209
2141974998,same-system,77
2201464942,same-system,209
2159534914,same-system,266
2154708178,human,227
2209538480,same-system,988
2196241456,human,69
2102390444,same-system,398
2224205071,human,126
2225665628,same-system,281
2180651796,same-system,144
2098567855,human,47
2099203185,same-system,155
2146099577,same-system,72
2201238425,human,30
2206425126,same-system,82
2197761066,same-system,602
2188753444,same-system,84
2172509546,same-system,491
2124783360,human,640
2096623151,human,39
2096623314,human,18
2096623688,human,107
2096627765,human,66
2096628824,human,65
2096630532,human,118
2096631725,human,258
2096632666,human,280
2096633177,human,359
2096634789,human,293
2096635290,human,338
2096635690,human,18
2096635885,human,18
2096636222,human,109
2096636486,human,64
2143092676,same-system,113
2178408979,human,53
2234088596,same-system,111
2203947862,same-system,48
2230732809,human,48
2169117643,same-system,68
2222667005,human,17
2183149830,same-system,158
2208954443,same-system,102
2206460221,human,89
2165110069,same-system,70
2103426901,same-system,254
2214884485,human,53
2214887061,human,16
2214888606,human,13
2172904671,same-system,244
2173850437,same-system,312
2101076933,same-system,62
2159688030,human,300
2121613519,same-system,124
2157812023,human,164
2157814386,human,164
2157815529,human,32
2157816064,human,163
2157816841,human,164
2157816956,human,164
2157816989,human,164
2157817092,human,164
2157817165,human,164
2157817423,human,164
2157817481,human,164
2133143308,same-system,99
2133039997,human,122
2198832298,human,191
2202805839,human,4
2164262050,same-system,79
2128750164,same-system,178
2202783392,same-system,119
2202421490,human,83
2103231504,human,289
2183622478,same-system,285
2146862319,same-system,349
2159348452,human,171
2141281971,human,18
2221342933,same-system,169
2188751232,human,25
2188751428,human,159
2139641936,human,58
2209760750,human,76
2144002569,human,118
2202863434,same-system,171
2182410032,human,83
2102404551,human,233
2102410939,human,303
2102413402,human,271
2102415384,human,76
2102415924,human,31
2102416611,human,42
2102417326,human,71
2102420663,human,146
2102436074,human,396
2143118319,same-system,201
2167807318,same-system,237
2121975933,same-system,317
2121975941,same-system,445
2108359826,same-system,358
2146428182,same-system,173
2182764546,same-system,98
2215383081,same-system,74
2136720554,human,51
2136723937,human,234
2136724261,human,91
2136724804,human,45
2167710420,human,69
2216771626,same-system,194
2143113739,same-system,563
2223276844,human,69
2203221621,same-system,53
2155456684,same-system,113
2178320022,same-system,100
2141676143,same-system,314
2105178627,human,297
2105182921,human,117
2159759063,same-system,84
2169865970,same-system,89
2254880253,human,37
2169660523,human,17
2138568653,same-system,74
2116380386,same-system,139
2148096922,human,150
2176177115,same-system,111
2152641651,human,72
2183015726,human,172
2183018044,human,119
2213002713,same-system,16
2102456905,human,57
2128582553,same-system,412
2164857991,same-system,167
2098380196,human,422
2213155790,same-system,100
2136908121,same-system,138
2170417357,same-system,458
2139107765,same-system,152
2096661301,human,20
2181136647,same-system,107
2230698623,same-system,124
2210129332,same-system,152
2145883607,human,56
2145886243,human,26
2145886437,human,27
2145887539,human,131
2150206969,same-system,277
2183128868,human,130
2183130868,human,110
2183131973,human,105
2183132547,human,37
2183132849,human,13
2143079758,human,43
2204740536,same-system,38
2214083143,human,171
2113491575,human,139
2113493711,human,46
2113522763,human,443
2204762096,human,102
2204764758,human,128
2197728577,same-system,369
2205495812,same-system,214
2160233111,same-system,357
2165085300,human,26
2134998748,same-system,82
2103608111,human,65
2173531826,same-system,67
2139345195,human,48
2175684409,same-system,409
2113675217,same-system,149
2104013513,human,33
2193889434,same-system,60
2125601265,same-system,71
2215607236,human,45
2160141889,human,399
2169217467,same-system,286
2211825062,same-system,161
2112092598,human,392
2100016097,same-system,401
2097132870,human,64
2097134453,human,91
2154822556,human,96
2164512428,human,58
2227825682,human,17
2227826192,human,44
2227828443,human,107
2183211189,same-system,213
2160232907,human,66
2217992776,same-system,113
2178224438,human,98
2178230728,human,47
2178231000,human,47
2178231714,human,22
2138293666,human,360
2107217185,human,361
2113557799,same-system,153
2114148328,human,41
2114148547,human,41
2114152308,human,41
2114152743,human,41
2114153480,human,41
2114154857,human,339
2114156392,human,354
2114157357,human,363
2114157986,human,359
2114158605,human,363
2114164497,human,411
2114166479,human,369
2114167100,human,357
2114167875,human,35
2114169552,human,35
2114169844,human,35
2192128822,human,41
2173124851,human,53
2173124917,human,53
2173125028,human,68
2223258075,human,94
2159647916,human,236
2190494623,same-system,208
2117094825,same-system,280
2124713387,same-system,125
2143193720,human,94
2173620225,same-system,286
2151198974,human,22
2139010759,same-system,76
2132946589,human,61
2142291711,same-system,177
2253659224,human,15
2240987791,same-system,464
2100850832,same-system,327
2176319912,same-system,268
2203947015,same-system,64
2214176348,same-system,267
2150811122,human,73
2159779257,same-system,198
2210592571,human,119
2248977463,same-system,498
2167491188,same-system,195
2198387620,same-system,205
2155154698,human,67
2201356968,same-system,58
2098895658,human,96
2098900323,human,167
2192118915,same-system,107
2212709119,human,31
2212710301,human,40
2212712135,human,85
2212714419,human,82
2212714615,human,82
2212714836,human,82
2212715069,human,82
2209166499,same-system,150
2117786612,human,17
2113053672,same-system,132
2180515900,same-system,86
2140845087,same-system,80
2230048819,human,64
2143117007,human,18
2202789686,human,14
2202797941,human,364
2167251776,human,105
2100924848,same-system,1141
2188083207,same-system,204
2207188675,same-system,148
2164906767,same-system,314
2173826865,same-system,126
2145390397,human,66
2180649552,human,210
2202800923,same-system,247
2136869345,human,235
2136870028,human,218
2136871046,human,228
2136871723,human,126
2136872940,human,45
2136873201,human,73
2136873541,human,111
2136874188,human,102
2136874463,human,37
2136874918,human,136
2136876025,human,87
2247993472,human,9
2252669283,same-system,148
2242601097,human,71
2103599593,human,119
2103600094,human,114
2101344006,human,74
2101344243,human,69
2101344403,human,39
2104169404,human,60
2104169716,human,60
2104169860,human,60
2104173305,human,290
2104174714,human,100
2104176145,human,121
2104179420,human,48
2104181006,human,98
2145319141,same-system,187
2152542306,same-system,82
2155810269,human,151
2098693470,human,15
2146974582,human,54
2176101698,human,503
2150262525,same-system,128
2202778495,same-system,112
2148937944,same-system,36
2247656677,same-system,278
2171332866,same-system,93
2184184368,human,15
2184184466,human,17
2174723936,same-system,48
2245466507,human,938
2146099895,same-system,72
2151083440,human,431
2101618290,same-system,78
2186468457,same-system,93
2136587409,same-system,143
2205830813,same-system,245
2102926338,same-system,89
2209406152,human,106
2209409058,human,97
2209418028,human,70
2209418923,human,26
2209421277,human,127
2129688567,human,270
2236408207,human,98
2131469037,cross-system,1592
2131469040,cross-system,936
2131469042,cross-system,1362
2131469046,cross-system,1432
2177611534,same-system,126
2169987066,same-system,117
2157690387,same-system,253
2182410436,human,1565
2141007340,human,24
2132497721,human,318
2213041275,human,73
2213046882,human,101
2213048753,human,11
2213049977,human,11
2190404931,human,51
2097113260,same-system,155
2168809640,same-system,263
2146201300,human,92
2188668379,human,89
2209796686,same-system,276
2193889547,same-system,52
2347742427,human,66
2150515699,human,42
2144314257,human,78
2220868567,human,501
2182132066,human,144
2247637958,same-system,337
2127272919,human,165
2138708994,same-system,215
2161751053,human,304
2174695460,human,38
2096581797,same-system,114
2156595944,same-system,126
2246175378,same-system,269
2167266233,same-system,131
2150377813,human,41
2258582345,human,445
2141307887,same-system,174
2247992319,human,75
2172820853,same-system,80
2183416662,human,10
2131579701,human,174
2160249773,human,480
2146430687,same-system,180
2213650615,human,215
2151817270,same-system,228
2151817279,same-system,445
2141594420,same-system,43
2140755063,same-system,229
2193856692,human,18
2193858410,human,46
2193858824,human,33
2193862639,human,213
2116796737,human,62
2116811447,human,126
2116814216,human,34
2254893768,same-system,167
2145435227,human,1126
2145492746,human,143
2145494138,human,2942
2145496645,human,116
2145522067,human,10
2145571803,human,132
2172898809,human,36
2144695813,same-system,158
2123372544,same-system,94
2164861807,same-system,43
2115073735,same-system,399
2103549096,human,180
2125734442,same-system,47
2164659940,human,462
2106275279,same-system,65
2141149495,human,419
2099121817,same-system,139
2177509993,human,258
2222861966,same-system,135
2114756550,same-system,370
2114387140,human,54
2106348928,same-system,81
2209497915,human,688
2196214515,human,57
2125769446,human,34
2150177455,human,61
2193100267,same-system,340
2138701255,same-system,723
2234576522,same-system,179
2107702386,human,50
2140822655,same-system,638
2167419261,same-system,132
2250004853,human,38
2096728095,human,47
2138886220,same-system,219
2105166504,same-system,102
2096621219,same-system,195
2249971240,same-system,346
2238591330,same-system,233
2173854591,human,16
2156706187,same-system,245
2105782918,same-system,47
2232887073,same-system,117
2179933884,human,61
2229949386,human,240
2229950994,human,48
2229951074,human,48
2288552719,same-system,417
2210129422,same-system,235
2134345694,same-system,179
2103674500,same-system,360
2209011418,human,6
2209014483,human,31
2209015911,human,12
2209023051,human,90
2209025280,human,69
2209025985,human,15
2137345364,human,95
2176167237,same-system,165
2098777528,human,122
2116109402,same-system,53
2237511165,human,139
2237514508,human,101
2237515415,human,84
2237516751,human,88
2237520578,human,259
2237528043,human,89
2203852445,same-system,539
2203852452,same-system,331
2162875255,same-system,67
2118819005,same-system,213
2188509280,same-system,84
2157822743,same-system,140
2238907764,human,172
2157384706,human,590
2157385148,human,225
2190948768,same-system,178
2157822823,same-system,138
2204170129,same-system,108
2150103289,human,112
2103203017,human,175
2124253974,human,163
2113672215,same-system,116
2155233247,human,37
2172863803,same-system,158
2103584791,same-system,196
2140369640,human,59
2140790575,human,810
2099951114,human,176
2238586724,human,347
2228808790,same-system,351
2138924393,human,117
2106793594,human,12
2203800308,same-system,170
2201507017,human,17
2164699580,same-system,265
2106275312,same-system,85
2159746241,same-system,90
2178138948,human,110
2167149156,same-system,562
2195550965,same-system,147
2204349034,same-system,247
2137394809,same-system,45
2192949897,human,39
2175114652,same-system,156
2178148853,same-system,87
2210387940,same-system,89
2214887497,human,45
2168081692,same-system,441
2222872600,human,17
2116845089,same-system,81
2144919444,same-system,208
2123966070,same-system,716
2123239646,human,234
2116484642,same-system,66
2144695029,same-system,126
2202333662,same-system,73
2134998036,same-system,63
2110968348,same-system,290
2101128914,same-system,77
2193430931,same-system,571
2191438367,same-system,81
2230636622,same-system,88
2235803920,same-system,358
2170092200,human,58
2105472144,same-system,80
2101584841,same-system,337
2204667004,human,35
2107402874,human,127
2107403894,human,89
2107406605,human,37
2107408308,human,145
2217944093,same-system,47
2157454016,human,64
2150429522,human,161
2156045745,human,113
2152471233,human,35
2231194094,human,215
2136062358,human,25
2179596163,human,129
2157778755,same-system,156
2175731525,same-system,197
2172504467,same-system,162
2115896993,human,74
2173957265,same-system,73
2201800157,human,911
2202754905,same-system,141
2194517831,human,32
2102058370,same-system,138
2180648730,same-system,54
2231524904,same-system,109
2178231510,same-system,239
2209992027,human,16
2105884017,same-system,203
2237060891,human,227
2237069837,human,117
2107824754,same-system,208
2172155139,human,17
2134924267,same-system,202
2135123862,human,109
2228224444,same-system,167
2191189225,same-system,159
2203381706,same-system,137
2102474023,same-system,371
2105900423,same-system,119
2140718678,human,161
2105183193,human,147
2139795406,same-system,333
2199218282,same-system,162
2157677148,human,43
2157677963,human,51
2157678098,human,38
2157678179,human,37
2157678210,human,37
2180775121,human,185
2164679323,human,97
2143050087,same-system,267
2143048651,human,79
2143058860,human,239
2143062939,human,21
2219007293,human,94
2156756398,human,114
2213749274,human,482
2213749902,human,155
2213750378,human,90
2190953153,same-system,51
2193580970,same-system,58
2176408730,human,84
2200555388,same-system,244
2217502186,human,89
2195305201,same-system,146
2223649805,same-system,414
2100611262,human,680
2185537548,same-system,103
2097872887,same-system,218
2209181917,same-system,149
2106753461,same-system,416
2114841860,same-system,265
2133699425,same-system,151
2157672464,same-system,424
2194741317,same-system,334
2162844633,human,85
2162845250,human,150
2162845418,human,74
2162846476,human,80
2162847159,human,203
2162849193,human,158
2162850864,human,128
2162851040,human,30
2274893521,human,155
2224654105,human,2577
2096589581,same-system,146
2210620938,same-system,53
2219569049,human,28
2226000103,same-system,131
2114805460,same-system,128
2183590747,human,32
2183591148,human,30
2145394823,human,25
2145395113,human,25
2103389888,human,126
2181946832,same-system,146
2185776191,human,369
2105913726,same-system,273
2124791771,same-system,235
2104979111,human,343
2114959462,same-system,254
2145932001,human,18
2123972950,human,163
2123981487,human,264
2124022806,human,754
2107036976,same-system,233
2124981302,human,271
2124987752,human,196
2124988730,human,152
2124988951,human,256
2124991306,human,223
2214956810,same-system,342
2214956818,same-system,342
2214956832,same-system,342
2214956839,same-system,342
2211352457,same-system,149
2198817500,human,1061
2178450059,same-system,422
2140759015,human,167
2156671413,human,261
2101114400,human,367
2238879370,human,49
2238880761,human,81
2238885989,human,16
2238886736,human,35
2097652816,human,205
2125108665,same-system,156
2209461724,same-system,46
2228877196,human,129
2162750257,same-system,160
2149720567,same-system,206
2159650007,human,111
2136865654,human,138
2203943481,human,307
2118881203,same-system,231
2188498461,cross-system,226
2188498472,cross-system,785
2188498492,cross-system,165
2234445495,human,173
2234457029,human,110
2102948293,same-system,85
2125240594,human,18
2124646798,same-system,134
2202353840,human,229
2162738592,human,72
2182691050,same-system,157
2103380088,human,78
2125507693,same-system,133
2152670802,human,5
2195840850,human,39
2173815952,same-system,469
2174792951,human,22
2172564364,same-system,104
2172150908,human,308
2143627045,human,124
2143629340,human,222
2143630181,human,59
2143634174,human,130
2143635851,human,94
2143636111,human,38
2143637236,human,56
2143637850,human,89
2201745331,same-system,297
2131349722,same-system,121
2103133447,same-system,51
2209155194,same-system,402
2231771808,human,161
2113660025,human,253
2125118209,human,10
2141207242,human,331
2164984442,same-system,140
2153580860,same-system,142
2132863047,same-system,156
2237550406,same-system,248
2148994640,human,36
2246848704,human,209
2246849131,human,310
2246850077,human,70
2246850480,human,193
2118877337,same-system,106
2240803246,same-system,153
2467837894,cross-system,233
2096657487,human,105
2123369769,same-system,94
2179982096,same-system,94
2099118678,same-system,279
2206419278,same-system,165
2162048091,same-system,158
2125855021,human,66
2177443082,human,147
2177445284,human,109
2177455920,human,1033
2177458426,human,180
2177459560,human,47
2153332064,same-system,55
2165144263,human,41
2180502507,same-system,251
2241961058,same-system,254
2104816035,human,228
2180650608,same-system,74
2215598811,same-system,343
2220147303,same-system,461
2159570140,same-system,421
2181720696,human,91
2180594975,same-system,141
2152566743,same-system,187
2225653628,human,444
2159374245,same-system,192
2190595430,same-system,214
2114181508,same-system,45
2167111098,human,369
2180710231,same-system,95
2116034017,same-system,132
2181725092,human,60
2106338247,same-system,110
2201556182,same-system,140
2190496725,human,49
2230305769,same-system,186
2239509892,human,29
2239517020,human,57
2138789456,human,62
2463874395,same-system,81
2179307304,human,164
2192735558,human,75
2153757596,human,100
2193682455,human,185
2193688673,human,46
2193857510,human,26
2193858788,human,94
2193859028,human,94
2193862524,human,41
2193865287,human,146
2193865609,human,132
2193866642,human,143
2193867085,human,147
2170422690,human,27
2201246188,human,87
2167102229,same-system,135
2136925410,same-system,388
2237515982,human,137
2173529687,same-system,68
2144035339,same-system,87
2101131057,human,187
2245990098,same-system,335
2157433085,same-system,134
2211928888,same-system,101
2230148850,same-system,92
2208359015,human,90
2163953229,same-system,156
2137930215,human,49
2132242159,human,35
2140820624,same-system,883
2140713820,same-system,351
2188041322,same-system,49
2112378359,same-system,264
2113824452,same-system,244
2164872493,human,275
2101077806,same-system,68
2173133527,same-system,213
2100979653,same-system,99
2205460089,human,47
2203327303,same-system,78
2161599458,human,53
2207835689,human,264
2100630596,human,322
2195193686,same-system,463
2207447560,same-system,99
2242803431,human,98
2314324158,same-system,572
2103638405,human,61
2136588007,human,399
2145525829,same-system,291
2193866255,same-system,60
2099944508,same-system,122
2152451197,same-system,339
2166233548,same-system,121
2146060052,human,54
2153398554,same-system,85
2173531832,same-system,83
2107748679,human,27
2107748885,human,51
2147400737,same-system,209
2188039575,same-system,98
2211233104,same-system,120
2201658037,same-system,233
2117669722,same-system,51
2178759178,same-system,274
2153396767,same-system,48
2155077867,same-system,148
2210388784,same-system,179
2203103703,same-system,295
2116824464,same-system,135
2247108012,same-system,63
2103494493,same-system,258
2104250207,same-system,377
2240745435,same-system,303
2172895491,human,272
2106352618,same-system,46
2154583989,human,40
2109778723,same-system,102
2154814353,human,55
2138690963,same-system,76
2143622655,same-system,148
2117953396,same-system,161
2132666807,human,101
2165135617,same-system,272
2123203554,same-system,234
2101659086,human,46
2231049030,human,236
2247412815,same-system,166
2102102512,same-system,134
2264035283,same-system,396
2264035292,same-system,253
2264035298,same-system,253
2264035305,same-system,793
2264035314,same-system,763
2264035319,same-system,811
2264035327,same-system,694
2264035337,same-system,694
2264035346,same-system,470
2112355118,same-system,199
2218076477,same-system,244
2169896154,human,81
2178149748,human,286
2100053159,same-system,87
2242621238,same-system,57
2207842775,human,120
2161446398,same-system,98
2218417917,same-system,160
2138856028,human,78
2133070122,human,37
2109547956,human,20
2203889802,human,33
2203890796,human,30
2203891670,human,33
2203892705,human,72
2203894865,human,66
2165267111,same-system,47
2138955096,same-system,232
2169383326,same-system,363
2152892757,human,170
2244093816,human,1237
2225064348,human,158
2180420248,human,268
2225022606,same-system,329
2144594473,same-system,206
2098567230,human,116
2236896835,same-system,279
2232886906,same-system,154
2108623459,same-system,143
2129901195,same-system,247
2193874769,same-system,77
2172897810,human,71
2114831292,human,189
2143270577,same-system,98
2223781774,human,219
2164325895,same-system,85
2214193482,same-system,245
2168007677,human,64
2132948565,same-system,77
2141291622,same-system,153
2096524545,human,23
2101077512,same-system,68
2160229725,human,155
2200883585,same-system,323
2125601664,same-system,160
2116491293,same-system,90
2183919265,human,801
2138311230,same-system,206
2126797463,human,118
2145558848,human,136
2198865297,same-system,46
2126267176,same-system,128
2232883205,same-system,525
2123485892,human,165
2164761184,same-system,93
2231525419,same-system,109
2102656995,same-system,278
2141302075,same-system,52
2141302124,same-system,160
2172820328,same-system,84
2145259606,same-system,269
2158585470,human,95
2172404144,same-system,220
2143645276,same-system,48
2169907596,same-system,104
2137089572,same-system,31
2199501738,same-system,152
2199501740,same-system,152
2199501742,same-system,279
2199501747,same-system,270
2211245848,human,202
2106281660,same-system,66
2201530757,human,73
2201532207,human,96
2149436023,human,222
2103634141,same-system,156
2183135144,same-system,78
2179894209,human,231
2159744905,human,82
2162354650,same-system,101
2164934553,same-system,383
2106539035,same-system,128
2136517659,same-system,53
2172919473,same-system,391
2146035789,human,107
2209977138,same-system,368
2168979045,same-system,117
2210683745,same-system,217
2143752687,human,536
2103263975,same-system,357
2101083882,human,442
2101087746,human,152
2101096760,human,353
2184257045,human,195
2186017767,human,193
2154124466,same-system,258
2106397812,same-system,136
2167331327,human,143
2172091917,human,132
2176293667,human,68
2149718686,same-system,128
2193134452,same-system,74
2165219111,same-system,115
2178175350,human,513
2202862589,same-system,97
2103218329,same-system,348
2213797746,human,516
2157822958,same-system,141
2154178805,human,138
2154191743,human,265
2124423268,human,11
2194198993,human,127
2194209227,human,103
2175931937,same-system,256
2131339476,same-system,81
2116527638,human,250
2169947018,human,39
2169952344,human,71
2161428603,human,31
2214965896,same-system,152
2192594389,human,177
2141012334,same-system,447
2138299555,same-system,79
2173229745,same-system,116
2243159540,same-system,263
2180650159,same-system,123
2234802931,human,107
2136292304,human,332
2103121711,same-system,53
2234693432,same-system,251
2176305974,same-system,239
2178322173,same-system,75
2226031219,human,97
2210600299,same-system,66
2211252416,human,77
2211255418,human,47
2099223667,same-system,103
2203179969,same-system,55
2107562913,human,17
2231525104,same-system,106
2097288293,human,28
2097297659,human,107
2097301907,human,156
2121711146,same-system,244
2141269361,same-system,122
2207434262,human,73
2207434803,human,12
2207435253,human,56
2156261875,same-system,127
2161736856,human,94
2153331523,same-system,86
2182077834,human,318
2118817677,human,68
2118817787,human,68
2252588512,same-system,261
2136868689,human,20
2154012147,human,118
2178274850,human,58
2193678236,human,135
2193678763,human,124
2193682039,human,250
2140461456,same-system,313
2180787164,same-system,236
2108388917,same-system,85
2164968114,same-system,295
2120534310,human,54
2173826506,same-system,81
2223068558,same-system,229
2165473825,same-system,181
2181726681,human,9
2172986292,same-system,95
2201215668,same-system,96
2183239876,human,226
2171216835,same-system,283
2184454451,same-system,144
2210034740,same-system,293
2174624695,same-system,259
2195439552,same-system,112
2164897970,human,5
2109776094,human,68
2182983007,human,22
2133143402,same-system,105
2210167562,same-system,249
2210167573,same-system,253
2210167586,same-system,410
2191446762,human,17
2221652153,human,107
2183904424,same-system,321
2167775265,human,86
2234793743,same-system,134
2227684761,human,84
2178028841,human,164
2174087933,human,55
2174089710,human,129
2174152254,human,97
2138684715,human,22
2226000644,same-system,128
2168752565,same-system,89
2183406696,human,53
2131898481,human,52
2203947109,same-system,59
2210082878,same-system,178
2138537720,same-system,39
2139682627,same-system,245
2176141003,same-system,47
2202754933,same-system,133
2182420809,same-system,57
2097289546,human,111
2154488822,human,137
2154492953,human,102
2154494612,human,81
2103728576,same-system,82
2202525129,human,76
2202525974,human,11
2202526586,human,77
2202526676,human,39
2202527057,human,63
2202527219,human,81
2234210453,same-system,162
2159103085,human,352
2159105410,human,71
2100727226,same-system,122
2242160609,human,49
2203665192,human,436
2203666072,human,52
2158253252,same-system,247
2185915880,human,30
2220949000,same-system,244
2138615524,same-system,45
2102484488,same-system,195
2118949556,human,97
2115222534,same-system,84
2138299916,same-system,69
2192065837,human,17
2241628996,same-system,189
2218458594,human,117
2218540394,human,144
2218546436,human,120
2218551916,human,181
2171332636,same-system,46
2140757412,human,110
2140025278,same-system,276
2116886270,same-system,129
2155182134,human,53
2182131383,human,144
2180516297,same-system,179
2169522219,human,118
2157419304,same-system,97
2171575312,same-system,94
2124998114,same-system,132
2117954028,same-system,171
2116355474,same-system,396
2202778521,same-system,164
2202287929,human,81
2173735689,human,76
2114785304,same-system,278
2127097149,human,107
2170101968,human,61
2170102924,human,52
2193185020,human,87
2193189535,human,61
2193191603,human,37
2138380339,human,449
2124962472,human,22
2207841443,human,33
2201431977,same-system,226
2141225626,human,46
2140449448,same-system,104
2173585060,human,234
2128552080,same-system,195
2100937275,human,59
2227471721,same-system,188
2244126569,human,100
2102794858,human,39
2136669376,same-system,127
2139116748,same-system,364
2112443153,same-system,64
2153332301,same-system,69
2143148587,same-system,64
2132413723,human,44
2193399488,same-system,108
2148953196,same-system,328
2105876284,human,111
2106263234,same-system,181
2232176948,same-system,164
2200461148,human,146
2161621839,human,83
2233317338,human,67
2137077685,human,95
2147622172,human,116
2102057755,same-system,166
2146233560,human,33
2146233689,human,33
2146235299,human,238
2133659745,same-system,151
2218439550,human,200
2101503260,same-system,263
2120713893,same-system,250
2120713909,same-system,332
2157665842,human,109
2132953304,human,324
2172156719,same-system,121
2178265782,same-system,132
2131332423,same-system,221
2150353483,same-system,289
2196057836,human,249
2098580381,same-system,347
2130718692,human,17
2178318638,same-system,353
2191204319,human,214
2190710675,same-system,84
2209781329,same-system,348
2139791693,same-system,86
2150056639,same-system,171
2207726105,human,457
2163029247,same-system,286
2100954921,human,79
2234668285,same-system,150
2210957988,same-system,203
2213098067,human,219
2213107338,human,131
2101057843,human,18
2113699461,same-system,109
2242192097,same-system,99
2157748145,human,114
2157415247,human,40
2238862260,human,49
2138306754,human,324
2138310011,human,1057
2247174779,human,49
2210062649,human,58
2210065859,human,19
2210068043,human,80
2210071934,human,60
2210122708,human,35
2142991960,same-system,308
2174593371,human,195
2174594329,human,102
2174594905,human,68
2169962911,human,437
2182923873,same-system,111
2162875287,same-system,93
2164842595,same-system,359
2168060749,same-system,123
2179295438,human,66
2252714890,human,35
2205204189,human,29
2205207409,human,29
2205209926,human,148
2205212682,human,57
2195944414,human,406
2195946363,human,170
2168073776,human,836
2187797526,human,71
2193655762,human,27
2103198575,same-system,460
2191255227,same-system,174
2185405971,human,94
2185409116,human,146
2195445931,same-system,92
2242619730,same-system,104
2176158000,same-system,62
2173832919,human,19
2132292883,human,243
2201397430,human,188
2201399194,human,47
2238526386,human,63
2099962876,same-system,178
2179605637,human,138
2157723037,same-system,258
2146088783,same-system,69
2140478994,same-system,80
2143643167,human,140
2172263651,same-system,106
2171313855,human,181
2171315050,human,33
2171318153,human,33
2127100136,same-system,193
2233022707,same-system,871
2231001633,same-system,58
2229872243,same-system,345
2209052415,same-system,180
2153332417,same-system,77
2100010779,same-system,199
2139153268,same-system,173
2198255936,human,32
2244914988,human,36
2145345087,same-system,45
2172931891,human,95
2203256973,same-system,347
2165092576,human,147
2165093174,human,140
2101620474,same-system,219
2101957660,same-system,537
2190971935,same-system,385
2134459778,human,28
2103202956,human,135
2140447475,same-system,186
2133005730,same-system,197
2116346238,human,136
2150935180,human,60
2179787693,same-system,304
2245970312,human,63
2139107842,same-system,113
2124971933,same-system,62
2143837481,same-system,103
2231525749,same-system,91
2217857594,human,147
2167579173,human,78
2167581485,human,20
2125026129,same-system,273
2116484091,same-system,72
2178464647,same-system,213
2102055257,same-system,153
2185918568,human,119
2185918680,human,25
2464317347,same-system,92
2097982128,human,153
2196341167,same-system,53
2171525822,human,82
2171539706,human,132
2171543313,human,85
2140327793,human,16
2234580943,human,908
2234583559,human,141
2208454455,human,17
2114446146,human,92
2252653062,human,58
2198335999,same-system,169
2210083107,same-system,178
2102880767,human,24
2102879970,human,63
2138320496,same-system,176
2136634197,same-system,248
2159493048,human,92
2103121081,same-system,100
2127822217,human,306
2180470280,same-system,228
2096986887,same-system,248
2116890428,same-system,69
2110833380,same-system,277
2225664591,same-system,70
2239315738,same-system,100
2101807570,same-system,233
2140679868,same-system,253
2140935359,same-system,94
2140931465,same-system,377
2141301851,same-system,116
2217134078,same-system,178
2217134083,same-system,547
2217134087,same-system,343
2217134089,same-system,440
2217134092,same-system,283
2193654167,human,57
2229471202,human,74
2101618224,same-system,206
2150192222,human,69
2141282848,human,18
2153336867,same-system,571
2125112314,same-system,61
2193785950,same-system,188
2165134268,same-system,253
2201514846,same-system,125
2155398727,human,174
2146094828,same-system,61
2123845867,same-system,715
2155164665,human,64
2102152876,human,703
2203215627,human,70
2203215818,human,78
2203216170,human,34
2188041357,same-system,51
2143552544,same-system,163
2176021930,human,180
2161867278,human,132
2114180449,same-system,45
2174524357,same-system,513
2233010496,same-system,307
2233010506,same-system,309
2233010510,same-system,299
2106096826,human,36
2097295739,human,109
2116888880,same-system,128
2096533339,same-system,155
2223132009,same-system,181
2098390987,same-system,338
2167620966,human,116
2220663603,human,87
2124961267,human,67
2222662331,human,154
2161428677,human,31
2115135202,same-system,120
2105031934,human,45
2156049453,same-system,179
2096533633,same-system,130
2122041032,same-system,206
2190379985,same-system,74
2244634922,human,93
2249971258,same-system,540
2106091541,human,157
2142949970,human,51
2108252015,human,83
2174711593,human,26
2174711786,human,26
2174712004,human,26
2174712152,human,26
2174712338,human,26
2174712469,human,26
2174712704,human,26
2205261080,human,46
2099223752,same-system,83
2150802018,human,98
2100483846,same-system,290
2221963412,human,131
2101695210,same-system,296
2125238486,human,78
2135740008,same-system,378
2176085684,same-system,101
2188125933,human,26
2218093537,same-system,164
2271483210,same-system,292
2271483231,same-system,295
2271483252,same-system,254
2271483269,same-system,610
2271483284,same-system,1937
2102422994,same-system,93
2104532703,human,429
2104535386,human,182
2150055873,same-system,241
2124356359,same-system,186
2116888079,same-system,54
2146099235,same-system,72
2102909700,human,19
2218445570,human,376
2201162634,same-system,229
2098139202,same-system,77
2218417574,same-system,129
2145255197,human,118
2145255369,human,162
2145258855,human,44
2213982240,human,299
2118136855,same-system,287
2136700890,human,255
2213155352,same-system,78
2201166522,same-system,254
2124845515,same-system,93
2114324496,same-system,100
2103386010,same-system,53
2213064379,same-system,65
2153345684,human,73
2153345838,human,73
2153345926,human,73
2153345995,human,73
2153346049,human,73
2153346109,human,73
2099452387,same-system,194
2151886009,same-system,186
2139624339,human,109
2134068934,same-system,109
2219367734,same-system,239
2194484074,same-system,311
2180113280,same-system,54
2210180296,same-system,319
2210180309,same-system,444
2210180323,same-system,255
2210180335,same-system,385
2242501405,human,49
2180652307,same-system,57
2103247384,same-system,369
2138180476,same-system,97
2189940253,same-system,56
2126105643,same-system,319
2139119832,same-system,152
2230864444,same-system,725
2112097591,human,108
2103459971,human,138
2110992196,same-system,162
2180489628,human,66
2154522034,human,49
2173857296,same-system,149
2102343105,human,140
2101216372,human,107
2198912090,human,102
2209149063,same-system,304
2202635458,human,131
2128583099,same-system,364
2223974470,human,132
2116490000,same-system,133
2192146095,same-system,154
2157536208,same-system,193
2165218593,same-system,155
2182223123,same-system,198
2137742147,same-system,293
2212061269,same-system,287
2139791521,same-system,255
2231661820,human,101
2101466264,human,28
2199588385,human,307
2191075827,same-system,113
2190575002,human,21
2190618417,human,31
2190618603,human,39
2191742514,human,184
2191792270,human,26
2191792730,human,31
2191793668,human,29
2191796595,human,27
2191796961,human,26
2192001130,human,35
2192037529,human,133
2192065383,human,35
2146978522,same-system,138
2181185842,same-system,220
2226918504,human,86
2128569476,human,49
2161159100,human,67
2096452186,same-system,401
2144695334,same-system,96
2178517679,human,25
2141275598,human,57
2126800505,human,76
2222651389,human,666
2124436557,human,102
2143657404,same-system,345
2125601476,same-system,69
2210086315,same-system,178
2105900319,same-system,107
2207585999,same-system,189
2137122633,human,68
2116897421,same-system,69
2178132359,human,17
2178133763,human,66
2100828488,human,48
2209422921,human,22
2209434719,human,377
2209435438,human,16
2230523549,human,38
2192099137,same-system,72
2223636160,same-system,500
2232886988,same-system,133
2164816071,human,81
2186729487,human,389
2102831168,same-system,214
2116922889,same-system,85
2205345422,same-system,219
2205345434,same-system,199
2205345443,same-system,337
2099594000,human,59
2172909325,same-system,123
2169945622,same-system,272
2103715498,human,211
2148884331,same-system,256
2160513916,human,1243
2242516432,same-system,106
2101074195,same-system,181
2207839839,human,17
2157778761,same-system,85
2143420393,same-system,74
2096645601,same-system,36
2106049802,same-system,120
2170210768,human,16
2170211085,human,16
2170212647,human,33
2170215689,human,43
2170216375,human,38
2170219703,human,86
2124962236,human,7
2098576053,human,9
2222084843,same-system,213
2129049455,human,53
2109642473,human,26
2173599706,same-system,190
2134459579,human,83
2191029361,same-system,194
2201005334,human,134
2103480307,human,60
2103482204,human,199
2253123997,same-system,323
2253124007,same-system,329
2253124020,same-system,327
2253124025,same-system,329
2208003425,human,336
2103953988,human,23
2180652535,same-system,83
2180471408,same-system,205
2174534963,human,203
2176295934,same-system,107
2121712773,same-system,111
2136915893,human,42
2154238700,human,100
2181463594,same-system,53
2203238196,same-system,338
2100469144,human,60
2211352361,same-system,69
2198537802,human,219
2167102313,same-system,109
2154920202,same-system,258
2098697162,human,31
2143126568,same-system,54
2103045713,same-system,229
2287926152,cross-system,1995
2172945829,human,121
2164686496,human,23
2243062853,same-system,176
2193951434,same-system,93
2137739351,same-system,82
2214389754,human,328
2224073215,same-system,104
2138871953,human,130
2188510439,human,103
2188510579,human,65
2188510798,human,95
2188511163,human,144
2188511736,human,143
2185983586,human,8
2207463032,same-system,112
2100918759,human,30
2198512219,same-system,1238
2198512234,same-system,752
2177933330,same-system,274
2124975910,same-system,127
2154516948,same-system,147
2216244949,human,190
2242191955,same-system,82
2190948535,same-system,108
2218257344,human,25
2219751758,same-system,84
2102371405,human,90
2102374818,human,65
2102379682,human,150
2157583254,same-system,277
2097983917,human,178
2101027615,human,33
2102351455,human,179
2105472445,same-system,128
2247536690,human,32
2247542107,human,70
2247562016,human,59
2247609922,human,493
2247619359,human,211
2247623096,human,53
2150850377,same-system,134
2115148958,human,176
2104199759,same-system,417
2106414690,same-system,351
2158440988,human,386
2139682762,same-system,401
2146079198,human,273
2171332433,same-system,126
2464317357,same-system,65
2272192622,human,42
2165550332,same-system,246
2236988649,same-system,140
2243178979,same-system,324
2125045107,human,66
2159569794,same-system,211
2212349651,human,166
2151870276,same-system,523
2180163215,same-system,86
2170621979,same-system,96
2212987862,human,91
2212988221,human,44
2212988501,human,72
2212990255,human,91
2158299735,same-system,180
2164127304,human,73
2096527294,same-system,50
2194294956,same-system,173
2169907734,same-system,238
2168480615,human,106
2168482170,human,148
2157667482,human,71
2098989623,human,208
2098990247,human,42
2098994340,human,455
2198706913,human,107
2103956422,human,150
2228006493,human,43
2159632289,human,82
2159633141,human,33
2101056894,human,35
2126800830,human,66
2181185932,same-system,151
2204793360,human,22
2214916441,human,75
2164823687,same-system,89
2101828825,human,130
2109608482,same-system,204
2248982933,human,121
2248983604,human,69
2167418646,same-system,133
2168548022,same-system,824
2136562577,same-system,94
2162356282,human,171
2170123561,same-system,189
2151163785,human,82
2138849378,same-system,266
2211920881,same-system,198
2217127204,same-system,244
2217127205,same-system,277
2217127207,same-system,267
2217127208,same-system,412
2217127209,same-system,553
2217127210,same-system,1000
2104685548,same-system,114
2104685565,same-system,198
2104685573,same-system,256
2170316628,same-system,114
2207164276,human,139
2207166253,human,33
2145498832,same-system,113
2170114473,same-system,254
2173529715,same-system,59
2199324037,same-system,371
2217986389,same-system,167
2106077347,same-system,366
2136244070,human,71
2150202597,human,63
2193469056,same-system,128
2182266365,same-system,419
2182266382,same-system,586
2172516091,human,128
2127379217,same-system,130
2215189075,same-system,144
2133051919,same-system,299
2157574422,human,123
2102937002,same-system,236
2175414187,same-system,42
2164595913,same-system,131
2316470477,human,67
2222137241,same-system,122
2104141207,same-system,258
2156154330,human,76
2185042963,same-system,608
2243396205,same-system,173
2103134406,same-system,62
2223050862,human,115
2140478030,same-system,40
2157822985,same-system,130
2125116886,human,66
2155095342,human,80
2106256722,same-system,49
2202837964,same-system,407
2147013730,same-system,205
2165192108,human,26
2175876088,human,112
2201660356,same-system,236
2180828554,same-system,167
2140447803,same-system,103
2236334885,same-system,96
2110112776,same-system,113
2196348623,same-system,108
2229869738,human,272
2108170663,same-system,410
2139806297,same-system,209
2196819769,same-system,83
2150353773,same-system,240
2194298042,human,118
2106091938,same-system,94
2172479969,same-system,540
2109528804,same-system,46
2150986555,same-system,297
2168012876,same-system,192
2101130027,same-system,244
2231095960,same-system,736
2109280197,human,39
2195538744,human,535
2099999583,same-system,506
2150179375,human,38
2231876414,human,35
2103980410,same-system,252
2104760599,human,242
2159668285,human,64
2098554903,human,63
2143077324,same-system,68
2208469559,same-system,183
2172118370,same-system,153
2121679075,human,34
2121684415,human,201
2159351196,human,242
2159353688,human,114
2106415283,human,152
2132989510,same-system,137
2209757707,human,54
2164722581,human,18
2193417355,human,223
2176305994,same-system,203
2241605085,human,107
2180199335,same-system,86
2167787575,same-system,77
2242192719,same-system,246
2225126329,human,78
2125106313,human,16
2138360653,human,238
2198749278,same-system,637
2182858383,same-system,124
2151160500,human,71
2104139510,human,213
2245914909,human,212
2150563658,same-system,336
2179154061,same-system,256
2129064137,same-system,100
2203902142,same-system,72
2210062777,same-system,155
2212148758,same-system,130
2126217051,same-system,123
2229130908,same-system,307
2101058380,human,85
2136907963,human,207
2198095788,human,42
2131886793,human,47
2219385619,same-system,546
2219385649,same-system,446
2219385665,same-system,251
2125147382,human,261
2183766423,same-system,332
2179340104,same-system,159
2138855617,same-system,36
2243883358,human,117
2202949242,same-system,113
2172075698,human,27
2172841707,same-system,130
2141302180,same-system,104
2176167268,same-system,171
2289791122,human,46
2104101955,human,9
2101462000,same-system,367
2101462006,same-system,530
2101462010,same-system,563
2099573754,human,162
2190595450,same-system,72
2145286093,human,33
2183122994,human,18
2210180259,same-system,128
2102471921,same-system,200
2102471931,same-system,202
2136908023,same-system,100
2204992874,human,30
2097262752,same-system,269
2138850395,human,244
2138850868,human,77
2138851069,human,27
2114836839,human,199
2144386678,same-system,94
2097895212,same-system,65
2144347049,human,38
2097881233,same-system,114
2180470556,same-system,174
2214080151,human,122
2097640541,human,22
2096249198,human,219
2161427472,human,31
2115894732,human,6
2116439668,human,150
2100223233,human,192
2136786256,human,77
2143769338,same-system,410
2201364109,same-system,659
2138535986,same-system,37
2146098534,same-system,72
2187970187,same-system,625
2172258887,same-system,54
2117063395,human,53
2143668344,same-system,74
2306366297,human,88
2157822757,same-system,138
2155136716,human,16
2194392565,same-system,130
2180896885,same-system,144
2139806719,same-system,113
2201440607,human,69
2201443787,human,420
2201444156,human,59
2201444277,human,59
2201445321,human,85
2172820643,same-system,84
2097617922,same-system,174
2218999636,human,24
2145771520,same-system,54
2196280164,human,5
2101055825,human,10
2213716517,same-system,133
2252715012,human,34
2136882648,same-system,174
2116843562,human,53
2141541707,human,29
2141543303,human,28
2141545539,human,28
2141549636,human,28
2141550811,human,43
2141551055,human,28
2141552071,human,44
2141559193,human,28
2141561630,human,109
2188085388,human,38
2145854952,human,19
2139037036,human,787
2183670656,human,198
2124841708,human,86
2099930988,same-system,309
2249971209,same-system,992
2155057828,same-system,88
2103125564,human,45
2193659553,human,191
2135138629,same-system,381
2203221617,same-system,100
2155946069,same-system,62
2153326331,human,179
2225022249,same-system,443
2232866893,human,259
2232867115,human,139
2232868350,human,205
2232869980,human,93
2232870677,human,123
2232871567,human,131
2232874063,human,73
2232874249,human,65
2232874547,human,53
2232875958,human,112
2232878076,human,195
2232880813,human,108
2232882931,human,119
2232883315,human,142
2195501530,human,103
2157669504,same-system,101
2124560545,same-system,188
2136924227,human,224
2205443949,human,78
2138906465,human,589
2133078402,same-system,166
2210045659,same-system,204
2107942879,human,198
2100367191,same-system,66
2180113003,same-system,67
2173773431,same-system,177
2123280141,human,210
2237642764,human,61
2151784944,human,495
2151787454,human,230
2151789332,human,192
2140314735,human,225
2231435474,human,69
2256888806,human,243
2256890939,human,187
2256896104,human,24
2207767367,same-system,272
2146264185,human,23
2146264768,human,56
2146272792,human,66
2174656941,human,142
2182858399,same-system,88
2144273274,same-system,258
2201318864,same-system,205
2166134980,same-system,167
2202442257,same-system,340
2105780384,same-system,363
2097278210,same-system,79
2139463352,human,303
2139470071,human,91
2136072368,human,97
2204312040,same-system,301
2141286905,human,146
2141287685,human,255
2141288581,human,64
2141288765,human,142
2141289695,human,151
2235790172,same-system,272
2110841169,same-system,327
2143641792,human,24
2192904002,same-system,129
2180643469,same-system,133
2231706903,human,18
2167801702,human,145
2182842974,same-system,85
2170317311,same-system,74
2138540624,same-system,360
2178043623,human,696
2101582711,human,175
2100441460,same-system,206
2151230009,human,119
2205239384,same-system,165
2140027127,human,89
2140027357,human,92
2210062604,same-system,139
2145319353,same-system,167
2173531837,same-system,68
2192642394,human,184
2192643295,human,44
2169381256,same-system,41
2402733057,human,154
2402736427,human,107
2402739718,human,120
2106781172,same-system,437
2106781179,same-system,216
2106781191,same-system,1025
2143062094,same-system,233
2120527553,human,26
2194295075,same-system,229
2242911889,human,142
2104991334,same-system,321
2228890443,same-system,162
2101083139,same-system,163
2222875594,human,181
2214878805,human,84
2214881631,human,477
2214882941,human,117
2117953263,same-system,160
2182787056,human,153
2179309312,human,18
2203153999,same-system,359
2103377505,same-system,189
2223063268,same-system,119
2096541805,human,66
2173895709,human,10
2103568151,same-system,56
2179379300,human,47
2105186579,human,67
2105187190,human,33
2105191027,human,79
2172862343,same-system,185
2153398662,same-system,85
2121961547,human,148
2210689625,same-system,176
2130894613,same-system,108
2200598197,same-system,463
2198360208,human,60
2190994122,same-system,100
2096542586,same-system,95
2230606337,same-system,389
2096510659,human,53
2102686773,human,38
2116797916,same-system,99
2116796386,same-system,77
2174609546,same-system,231
2159381119,human,67
2119018395,human,81
2200555932,same-system,238
2464317331,same-system,84
2231524733,same-system,106
2201144299,same-system,160
2112272158,same-system,242
2228862132,human,70
2136908626,same-system,195
2183653708,same-system,121
2242619084,same-system,89
2124039183,same-system,92
2144441124,same-system,254
2124864621,human,84
2100918489,same-system,59
2157539031,same-system,222
2133639783,same-system,69
2137740205,same-system,80
2225632079,human,182
2139659973,human,15
2201431900,same-system,305
2103674161,same-system,244
2184454986,human,198
2209030073,same-system,113
2344259392,same-system,152
2171447982,same-system,184
2146112410,same-system,274
2236433836,human,23
2209061981,human,116
2209065386,human,100
2219004203,human,94
2148987547,same-system,266
2149993910,human,508
2149997851,human,167
2150007527,human,42
2150012176,human,108
2150015739,human,219
2150020817,human,364
2150022314,human,52
2274065296,human,196
2214902862,same-system,133
2220683192,same-system,163
2145672519,same-system,97
2172494375,human,83
2172494562,human,83
2193187696,same-system,829
2193187723,same-system,342
2139756629,human,47
2101189030,human,71
2168729122,human,46
2217943803,same-system,207
2126709720,human,87
2126711702,human,44
2126716716,human,231
2126723044,human,132
2104045616,same-system,328
2242188471,same-system,116
2101347292,same-system,252
2175717434,human,29
2152461128,human,261
2219140632,same-system,297
2218992102,human,182
2164262278,same-system,108
2177046572,same-system,255
2132898946,same-system,250
2210620685,same-system,58
2216080646,human,72
2182841143,human,403
2178900161,human,90
2104035196,human,88
2211903089,human,315
2211234371,same-system,83
2262281070,same-system,184
2198872038,same-system,321
2106049838,same-system,236
2110985045,same-system,181
2179865722,same-system,184
2120594867,human,60
2103606301,same-system,197
2467825754,human,97
2467827965,human,617
2467831778,human,754
2467834565,human,612
2098876631,human,125
2195440030,same-system,101
2102916011,same-system,82
2175716980,human,78
2160236420,human,125
2184118068,same-system,243
2155446695,same-system,129
2101600992,human,67
2103042690,human,58
2166103518,human,17
2203903495,human,55
2203903950,human,22
2203906517,human,130
2203906891,human,22
2203907042,human,22
2203907426,human,36
2203907550,human,22
2203907785,human,22
2203907866,human,22
2203908547,human,22
2203908705,human,22
2203909011,human,36
2203909164,human,22
2203909303,human,22
2203909481,human,22
2203909851,human,19
2203910033,human,22
2203910198,human,22
2203910324,human,22
2203910440,human,22
2203910665,human,22
2203910843,human,22
2203910942,human,22
2203911030,human,22
2203911151,human,22
2203911275,human,22
2203911363,human,22
2203911492,human,22
2203911618,human,22
2203911713,human,22
2189940405,same-system,85
2141360217,human,103
2141360737,human,30
2141361033,human,46
2198830333,same-system,265
2212055808,human,121
2121788352,same-system,640
2132234095,human,57
2132234570,human,45
2223422878,human,39
2102800003,same-system,65
2117406747,human,192
2103118613,same-system,182
2165152957,human,218
2208947980,same-system,169
2170318313,same-system,52
2162377186,same-system,140
2101260938,same-system,246
2183376282,human,54
2139478269,same-system,713
2179508445,same-system,259
2167808122,same-system,211
2104376650,human,185
2114399140,human,170
2143623074,same-system,89
2116707885,same-system,143
2103433439,same-system,66
2184635484,same-system,69
2099607771,human,96
2101291878,human,18
2160145830,same-system,118
2153877743,same-system,161
2139362938,same-system,197
2176666599,human,42
2136639619,human,79
2107825055,same-system,188
2103972257,same-system,50
2227339691,human,130
2190362215,human,118
2106524330,human,68
2145857687,human,59
2141258819,human,272
2200218966,same-system,117
2133080404,human,155
2175208445,same-system,174
2121715979,same-system,79
2178536027,same-system,68
2138571560,human,55
2161810869,same-system,182
2105502308,human,138
2105502822,human,88
2105503107,human,38
2105503347,human,37
2105504501,human,289
2104777602,human,21
2104133873,human,44
2210062549,same-system,97
2109697512,same-system,139
2139012579,human,76
2238916673,same-system,86
2132898549,same-system,137
2162875695,same-system,109
2188080769,same-system,195
2225093424,same-system,295
2178159709,same-system,177
2140835741,human,75
2140836057,human,18
2146078440,human,61
2146078636,human,61
2146082238,human,89
2151046112,same-system,252
2207865357,same-system,92
2194337617,same-system,130
2201515588,same-system,172
2125016598,human,390
2119733791,human,26
2201216195,same-system,93
2344968952,cross-system,2604
2344968963,cross-system,1895
2344968968,cross-system,2612
2344968977,cross-system,3525
2157334642,same-system,181
2162364502,human,156
2162367180,human,149
2162367977,human,81
2162369526,human,114
2162370639,human,59
2113675360,same-system,95
2142071353,human,109
2103151118,same-system,114
2166455193,human,60
2204738110,same-system,38
2168809351,same-system,130
2166043208,human,119
2193889828,same-system,71
2210946956,same-system,119
2207780901,human,124
2172350523,human,115
2192783517,human,64
2138480686,human,22
2138482876,human,134
2138485347,human,45
2138497956,human,43
2191255351,same-system,174
2150583709,human,67
2101057341,human,41
2241906361,human,69
2103666011,same-system,77
2151285816,human,100
2144584822,human,28
2241974273,same-system,215
2241943925,same-system,258
2119039839,same-system,104
2169215242,same-system,72
2106349018,same-system,102
2204740353,same-system,38
2099423545,same-system,366
2133682314,same-system,287
2114818997,human,181
2114819582,human,85
2114819787,human,23
2208317865,same-system,250
2180176939,same-system,67
2131057438,same-system,142
2203178378,human,20
2203178445,human,20
2203178502,human,40
2203178648,human,33
2243898659,same-system,178
2243160571,same-system,284
2227526327,human,167
2227526794,human,167
2227527102,human,167
2227527435,human,167
2241607269,same-system,218
2181732680,human,57
2097883467,human,223
2097888608,human,172
2201808712,same-system,255
2100898141,human,1696
2192571643,same-system,206
2183618104,same-system,290
2140761186,human,156
2231129833,human,57
2133076484,human,30
2141595092,same-system,43
2155266218,human,59
2159654241,same-system,154
2193951363,same-system,126
2213192812,same-system,205
2124110447,human,19
2109582651,human,45
2105166808,same-system,180
2143297314,human,18
2143298774,human,614
2103584935,same-system,290
2154088646,human,18
2101141684,same-system,66
2149986287,same-system,111
2151199447,human,27
2167092601,human,222
2192964700,same-system,95
2177616185,human,295
2153108185,same-system,78
2198122314,same-system,255
2318011776,same-system,188
2214780814,same-system,212
2100787637,same-system,153
2222668254,human,101
2175073994,human,392
2100959549,same-system,82
2116835251,human,85
2116842081,human,44
2193424888,same-system,237
2118881104,same-system,195
2183590129,human,121
2207166836,human,34
2207168853,human,362
2187928924,same-system,108
2145561357,human,135
2145563482,human,144
2172374946,human,254
2241316072,same-system,166
2100877128,same-system,229
2173968074,same-system,300
2212006523,human,176
2141533054,same-system,113
2108588769,human,114
2108590122,human,77
2108593813,human,105
2108595895,human,297
2192664284,human,232
2192673242,human,113
2176141155,same-system,144
2190465604,human,101
2202272312,human,21
2202272389,human,20
2103484121,same-system,260
2183654908,same-system,118
2213156082,same-system,68
2181790356,human,17
2114667099,same-system,187
2191255198,same-system,118
2138536751,same-system,101
2151801520,same-system,217
2145520143,human,706
2193574788,human,32
2205204629,same-system,213
2149720323,same-system,180
2208997991,human,54
2201965591,human,49
2213240583,human,137
2140450053,same-system,133
2111588619,human,3171
2154560851,same-system,73
2175668760,same-system,135
2114805661,same-system,85
2168936687,same-system,264
2116824533,same-system,116
2113640609,same-system,113
2167447267,same-system,207
2096646732,same-system,92
2218377874,same-system,348
2125957722,same-system,388
2228546624,human,31
2136868777,human,20
2105876252,human,111
2193875776,same-system,180
2210081371,same-system,104
2247654660,same-system,300
2196281269,human,62
2175789204,same-system,49
2117953187,same-system,91
2139612818,human,41
2225475652,human,32
2171696792,human,7
2233862199,human,92
2231788987,same-system,202
2101256611,human,122
2182690679,same-system,202
2143148106,same-system,156
2188503197,cross-system,663
2182689598,same-system,183
2124772632,same-system,273
2204687584,human,72
2172710582,same-system,39
2207898631,same-system,109
2232887043,same-system,168
2212287914,same-system,493
2225687403,same-system,549
2222624181,human,153
2141819386,human,30
2210164605,same-system,112
2193005312,human,19
2156664291,human,253
2156666859,human,278
2156668244,human,26
2156672572,human,96
2156677671,human,175
2141268103,same-system,74
2208102269,human,28
2113675042,same-system,148
2190219997,human,69
2104984538,human,545
2139149749,same-system,66
2143249595,human,44
2180677721,human,257
2219555983,human,107
2238916146,same-system,220
2234566460,same-system,443
2234566470,same-system,332
2203055809,human,101
2106348881,same-system,89
2151971976,same-system,484
2240797539,human,109
2225913826,same-system,78
2113770902,same-system,107
2150536382,human,18
2197837866,same-system,191
2146818027,same-system,253
2123230333,human,86
2123245324,human,68
2117357300,human,46
2117357625,human,112
2117358604,human,52
2117358662,human,58
2117358793,human,111
2178689406,human,181
2178287253,same-system,84
2201389768,same-system,297
2182573121,human,59
2210947079,same-system,85
2243101459,human,414
2217972596,same-system,225
2238875749,human,70
2183149895,same-system,150
2180643296,same-system,178
2133065789,human,18
2102833318,same-system,192
2120970428,human,78
2153415184,same-system,852
2175956939,same-system,88
2204861094,same-system,205
2113559301,same-system,289
2208535211,human,53
2274302332,human,465
2194258591,human,283
2237624082,same-system,409
2223713232,same-system,319
2254883693,human,1512
2191859518,human,23
2217503092,same-system,159
2167744182,human,393
2212844559,human,82
2141221833,same-system,160
2114826536,human,169
2218088407,human,188
2098243141,human,226
2098767335,same-system,66
2124464803,same-system,44
2127414027,same-system,212
2140610712,human,30
2153566957,same-system,68
2169082113,same-system,59
2179930688,human,58
2120557174,human,119
2121775024,human,98
2121784255,human,159
2101767551,same-system,108
2179910012,same-system,870
2123371091,same-system,132
2203229725,same-system,137
2209468680,same-system,168
2100975507,human,51
2124646168,same-system,101
2102254371,same-system,130
2180786937,same-system,151
2143117924,human,207
2205192908,same-system,208
2159635751,same-system,52
2203473782,same-system,146
2103013747,human,96
2161446618,same-system,109
2136865803,human,18
2233627319,human,7
2181021576,same-system,173
2126954169,same-system,116
2172246784,human,187
2176165355,human,18
2274666272,human,287
2192979685,same-system,82
2143099322,human,86
2172310286,same-system,156
2190887985,same-system,323
2216382798,human,27
2216383784,human,33
2216385484,human,26
2216386316,human,27
2216387770,human,27
2216388704,human,30
2216390064,human,27
2216390744,human,17
2122774009,same-system,175
2117572540,same-system,232
2203809301,human,67
2098573409,human,65
2098441914,human,72
2177502139,same-system,318
2293283476,same-system,107
2194287679,human,59
2108167926,human,33
2154716606,human,215
2154718195,human,42
2154718364,human,42
2154718532,human,42
2154718723,human,42
2154718898,human,42
2154725045,human,233
2164767793,human,81
2164768324,human,18
2164769578,human,69
2098781067,same-system,189
2130558351,human,16
2159366385,human,79
2121734302,same-system,200
2109424141,human,118
2103479243,human,111
2150496090,same-system,281
2178496363,same-system,247
2237550993,same-system,233
2138713714,human,530
2227890682,human,33
2124738242,same-system,80
2097698812,same-system,91
2096560647,human,218
2101165585,human,113
2101168044,human,87
2101169530,human,122
2101175542,human,448
2172977138,same-system,93
2159538566,same-system,215
2113770777,same-system,82
2169591399,human,13
2195150247,human,540
2102056569,same-system,113
2099223404,same-system,123
2178481899,human,134
2105199637,same-system,187
2149118005,human,341
2138964950,same-system,730
2202754920,same-system,113
2159141664,human,86
2210908489,same-system,213
2180643355,human,140
2122676215,human,23
2244135470,same-system,220
2244135473,same-system,271
2244135478,same-system,192
2238891434,human,34
2238892330,human,31
2238892870,human,32
2238894587,human,22
2210283792,human,70
2210315883,human,88
2210328487,human,99
2104224659,human,117
2173139330,human,88
2173139474,human,54
2201849211,human,209
2114529288,same-system,56
2143320270,human,88
2099098190,same-system,198
2136865318,human,101
2184631631,human,27
2154016002,human,24
2207510314,same-system,370
2183068133,human,106
2149789664,human,86
2121138465,same-system,183
2226074196,human,77
2112390544,same-system,134
2173529655,same-system,79
2116158635,human,226
2156596197,same-system,153
2105858118,human,139
2154732317,human,174
2124698990,same-system,545
2124699013,same-system,279
2124699030,same-system,195
2124699042,same-system,224
2172892470,human,40
2172892669,human,16
2172896046,human,286
2172896869,human,48
2172907077,human,123
2224665630,same-system,202
2150362192,human,179
2101365480,human,75
2208082120,human,225
2234596425,same-system,280
2330630406,same-system,236
2151863489,human,238
2224652752,human,653
2193028528,same-system,140
2180649520,same-system,108
2190829147,same-system,171
2124406527,same-system,190
2202742116,same-system,240
2229909181,same-system,233
2124308219,human,73
2172169288,same-system,257
2133631719,human,18
2132991784,same-system,103
2174908107,same-system,225
2159670316,same-system,148
2121710861,same-system,112
2156861092,human,117
2309074449,cross-system,9743
2172134479,same-system,203
2193591628,human,152
2214802656,same-system,1068
2214802661,same-system,1017
2214802667,same-system,1017
2214802671,same-system,1017
2214802675,same-system,1017
2114066729,same-system,127
2125468460,human,36
2155809243,human,24
2169229011,same-system,175
2169229024,same-system,277
2116024685,human,39
2116025865,human,119
2138177119,same-system,63
2169540720,human,104
2188041326,same-system,73
2168530751,human,301
2108409109,same-system,191
2108409120,same-system,158
2202862788,same-system,97
2183630203,human,94
2132930353,human,78
2102823405,same-system,130
2103967515,human,60
2211234112,same-system,80
2138599698,same-system,293
2181120446,same-system,267
2174958250,same-system,230
2210551790,same-system,63
2123369189,same-system,132
2103783277,same-system,110
2166306851,human,46
2463874396,same-system,75
2161620438,human,85
2167418509,same-system,79
2229969340,same-system,139
2110614956,same-system,112
2206444410,same-system,415
2214404019,human,35
2241974116,same-system,192
2226385010,same-system,216
2104680138,human,28
2096624226,human,57
2151248508,same-system,213
2138392223,same-system,181
2224545307,human,81
2213024043,human,114
2213026062,human,52
2213026245,human,52
2213026842,human,22
2190940292,human,18
2190940522,human,18
2098567862,human,128
2138293210,human,106
2160237934,same-system,219
2180576396,same-system,226
2222909201,human,18
2101696549,same-system,46
2223457803,human,14
2223686767,human,206
2116476448,same-system,231
2143049447,human,76
2213155291,same-system,84
2188265984,same-system,314
2102295266,human,113
2143793844,human,76
2141289426,same-system,279
2201513271,same-system,103
2180268079,human,59
2131896387,same-system,103
2152400158,same-system,119
2147590232,human,163
2220352172,same-system,164
2150744791,human,96
2144628544,same-system,135
2103421060,same-system,1244
2194438564,human,39
2194439539,human,107
2212750965,same-system,63
2211352544,same-system,72
2180944340,same-system,329
2180944349,same-system,235
2132368165,same-system,188
2198250171,same-system,293
2198250184,same-system,292
2150163467,same-system,642
2199941241,same-system,322
2109544416,human,20
2113600082,same-system,220
2125857839,same-system,105
2170430429,same-system,185
2162305798,same-system,79
2141521407,human,60
2141522793,human,55
2141524664,human,81
2242680262,cross-system,3060
2242680271,cross-system,1101
2242680279,cross-system,778
2242680285,cross-system,1581
2242680290,cross-system,3459
2242680296,cross-system,2665
2116234541,human,41
2190734681,same-system,42
2169365039,same-system,269
2228639244,human,158
2108817258,human,33
2108820939,human,92
2183039964,human,122
2157751293,same-system,138
2239707410,same-system,735
2108174644,human,59
2210967117,same-system,185
2118881125,same-system,148
2221524838,same-system,227
2142922765,same-system,77
2207402219,human,53
2207416432,human,119
2207418438,human,54
2207420436,human,93
2143085847,human,61
2179305540,human,38
2139138199,human,465
2207743587,same-system,115
2099218170,same-system,217
2146833139,human,17
2165213066,same-system,247
2158451175,human,52
2203277194,same-system,133
2203277197,same-system,133
2230015335,human,77
2124614002,human,81
2115162007,same-system,357
2118877383,same-system,106
2105071607,same-system,376
2195525473,human,299
2110088505,human,132
2110089090,human,23
2244876978,human,48
2202861752,same-system,98
2157718919,human,127
2157719438,human,103
2157720277,human,140
2122449643,same-system,93
2148925587,human,59
2148925727,human,11
2111078234,human,71
2113529899,human,145
2113531720,human,798
2280248125,human,124
2280250207,human,48
2110457774,same-system,334
2124872306,human,43
2242659861,same-system,66
2182142654,same-system,96
2100358883,human,287
2151825869,human,108
2124182772,same-system,190
2109396691,same-system,193
2173529774,same-system,59
2226030161,same-system,141
2108359013,same-system,336
2203673886,same-system,376
2209181586,same-system,375
2192118455,same-system,144
2125121370,human,74
2195946029,human,27
2200102447,human,49
2213859239,same-system,67
2150956498,human,421
2096638491,same-system,158
2156189951,same-system,506
2169511439,human,242
2175201617,human,143
2175203397,human,133
2243455863,human,42
2133698267,human,129
2154595818,same-system,147
2117953489,same-system,190
2190735461,same-system,42
2183677331,same-system,396
2102716616,human,69
2199225190,same-system,313
2178140009,human,43
2178142854,human,117
2178143966,human,115
2179982005,same-system,103
2141520574,same-system,275
2168060801,same-system,229
2134473356,same-system,121
2124646520,same-system,189
2239575536,same-system,252
2136908239,same-system,279
2207799624,human,193
2190839118,human,59
2180832960,same-system,568
2180832967,same-system,271
2180832974,same-system,272
2180832979,same-system,290
2160580877,same-system,230
2211085157,same-system,602
2164978609,human,64
2124708951,human,73
2193248128,same-system,117
2206783207,human,266
2116484460,same-system,74
2099331454,human,138
2132240984,same-system,156
2116380141,same-system,104
2101006764,same-system,395
2116328407,human,148
2223708272,human,147
2139792161,human,105
2203217261,same-system,94
2206417431,human,52
2188120242,human,9
2116476264,same-system,271
2228205847,human,35
2203803035,same-system,309
2190220749,human,69
2182764708,same-system,98
2101581477,same-system,77
2247990501,same-system,183
2272297224,same-system,164
2149957595,human,54
2149958350,human,55
2149958991,human,29
2149968534,human,180
2145893360,same-system,312
2196237685,human,71
2153398761,same-system,85
2123649157,same-system,287
2123649168,same-system,236
2123649177,same-system,264
2123649190,same-system,261
2197352561,human,85
2197357384,human,100
2123020400,same-system,211
2230963803,human,32
2179301269,same-system,50
2183761293,human,21
2225883002,same-system,218
2188519147,human,303
2114067356,same-system,179
2106106356,same-system,114
2200461721,human,67
2238930618,same-system,144
2185068181,same-system,214
2183315894,same-system,321
2237129313,same-system,471
2125123097,same-system,93
2108826660,same-system,110
2203098276,human,51
2293253029,human,45
2159345914,human,89
2123523670,same-system,229
2123523692,same-system,224
2145259273,same-system,149
2133673467,human,517
2125117725,human,10
2110983831,same-system,162
2136686191,human,76
2166045476,human,86
2180048928,human,30
2180050590,human,200
2180052096,human,224
2180056418,human,68
2180065556,human,60
2180066076,human,64
2136575701,human,156
2152057002,human,18
2175414017,same-system,42
2198693072,same-system,206
2101876156,same-system,195
2192065593,same-system,272
2202200635,human,130
2216908000,same-system,202
2234802672,human,18
2161446550,same-system,109
2141169513,same-system,203
2212320024,human,5
2126206427,same-system,128
2207560280,human,23
2207865209,same-system,73
2194186171,human,168
2202777769,human,9
2202779481,human,15
2202781093,human,211
2262372826,human,67
2236384679,human,16
2143424491,human,101
2464317363,same-system,59
2165266410,same-system,497
2163886217,human,100
2144572537,human,93
2144573737,human,133
2144574327,human,54
2140844899,same-system,141
2102454087,human,75
2102454912,human,22
2139115028,human,63
2139116797,human,17
2139116840,human,67
2224956604,human,655
2224957890,human,98
2224961068,human,254
2130902012,same-system,109
2198862079,human,280
2125108732,same-system,70
2182835110,human,147
2116879284,human,80
2207854135,same-system,298
2156049372,same-system,169
2157432928,same-system,135
2100854566,human,112
2210551530,same-system,63
2145477473,same-system,110
2183414405,same-system,205
2197752840,human,147
2224655163,human,101
2167023953,human,351
2199131458,same-system,387
2225109145,human,351
2207013852,human,360
2121729409,human,249
2136871520,same-system,395
2160936279,same-system,430
2114627256,human,114
2114644123,human,102
2157758368,same-system,233
2100949046,same-system,259
2133700535,same-system,66
2207270636,same-system,259
2210142881,human,17
2210143512,human,28
2210147596,human,55
2210150383,human,39
2175571151,same-system,138
2108977325,human,204
2108979566,human,94
2236451225,human,24
2139544598,same-system,116
2185543533,human,210
2100700887,human,22
2201185436,human,46
2179690952,human,93
2188039902,same-system,55
2159763133,human,86
2183224262,human,63
2116594595,same-system,944
2136698008,same-system,179
2112678975,same-system,111
2229876868,human,30
2130933446,human,209
2212883289,same-system,202
2173530360,human,18
2173530392,human,9
2173530528,human,48
2173530542,human,14
2173530647,human,9
2173530657,human,9
2121670042,human,52
2121672768,human,54
2121674310,human,117
2121675941,human,49
2121678209,human,80
2136221045,same-system,240
2174631015,human,193
2178022474,human,72
2172475877,human,10
2208569342,same-system,106
2124464984,same-system,170
2150832297,same-system,81
2104117164,human,52
2101600250,human,64
2228720301,same-system,173
2230256992,human,117
2157530532,human,57
2169960733,same-system,233
2212115152,same-system,299
2124997197,same-system,85
2153401357,same-system,48
2100668327,human,37
2178980936,human,58
2126798158,human,100
2100533387,human,149
2227549638,same-system,105
2128891395,human,54
2242708063,same-system,327
2132906243,same-system,72
2112033336,human,44
2096744724,same-system,88
2225039910,human,187
2152526356,human,149
2217802759,same-system,152
2239117585,human,30
2096534625,human,226
2096534822,human,52
2096535461,human,152
2096537519,human,427
2150538055,human,117
2138128266,same-system,670
2192184818,same-system,197
2157700671,same-system,115
2114103843,same-system,268
2160503211,human,232
2096548383,human,626
2173994775,human,178
2098945042,same-system,97
2179626615,human,53
2232845154,same-system,82
2110594862,human,116
2110594997,human,116
2110595135,human,116
2110595226,human,116
2110595314,human,116
2110595418,human,116
2110595468,human,116
2110595531,human,116
2110595576,human,116
2110595629,human,116
2110595679,human,116
2110597017,human,190
2110597241,human,192
2110597960,human,208
2110598761,human,204
2110599669,human,192
2125735111,same-system,82
2136586491,human,48
2193856245,human,18
2170422474,human,75
2219743090,human,87
2148938007,same-system,157
2152917721,human,415
2196804782,same-system,63
2134069434,same-system,68
2178337225,same-system,55
2116824402,same-system,117
2198661968,same-system,160
2116715745,human,238
2228204979,human,14
2121713080,same-system,124
2104316036,human,149
2124738511,same-system,127
2225093269,same-system,240
2172287186,human,71
2248053314,same-system,55
2098440660,same-system,397
2176080734,same-system,297
2138883720,same-system,755
2211279775,same-system,219
2228063844,same-system,262
2186468726,same-system,147
2192967053,human,155
2138126281,human,66
2101493572,same-system,337
2144594708,same-system,155
2185019264,human,50
2205362253,same-system,79
2193230798,same-system,151
2178759080,same-system,144
2146045644,same-system,186
2101018866,same-system,263
2114183449,same-system,125
2143130991,same-system,200
2125631322,same-system,74
2209626805,same-system,123
2105195713,same-system,103
2145592977,same-system,184
2100781832,human,79
2104764842,same-system,222
2178165203,same-system,85
2109579251,human,4
2182902248,human,102
2112379220,same-system,280
2110615612,same-system,84
2155400759,human,33
2125105073,human,16
2105661781,same-system,192
2101609876,same-system,182
2145904286,same-system,276
2096644346,same-system,50
2102807298,human,35
2164752099,same-system,81
2097119164,same-system,326
2163727108,same-system,200
2230636635,same-system,108
2141364419,same-system,36
2236966238,same-system,234
2218345270,same-system,147
2101214566,human,102
2183696665,same-system,108
2132612616,human,440
2201359102,human,185
2153551775,same-system,300
2101255084,human,100
2132569354,human,101
2114724760,human,108
2205806690,human,134
2157335802,human,128
2157336936,human,94
2128583686,same-system,719
2098906526,same-system,185
2202539945,same-system,52
2113699731,same-system,347
2186154669,human,81
2131880032,same-system,73
2215181925,same-system,135
2203945846,same-system,69
2178183907,same-system,447
2191255251,same-system,92
2105189147,same-system,179
2154717912,same-system,237
2109558790,same-system,48
2112746620,human,95
2138461725,same-system,97
2143125810,same-system,147
2096551800,human,129
2183624349,human,21
2144594200,same-system,150
2103669425,same-system,149
2224658493,human,227
2239607447,human,43
2209193823,same-system,473
2252408212,same-system,484
2463874394,same-system,85
2159720638,same-system,288
2232886914,same-system,137
2100003163,human,38
2123373150,same-system,94
2213564192,same-system,129
2151726589,same-system,204
2195364304,same-system,132
2138375734,same-system,108
2149451740,same-system,519
2139126016,human,113
2139126202,human,113
2139126222,human,113
2117976555,same-system,71
2143976819,human,41
2250558800,human,89
2133143482,same-system,99
2213040997,human,21
2193951465,same-system,92
2252390768,human,143
2169903925,same-system,147
2211916321,same-system,72
2096235569,human,61
2175628827,same-system,117
2114780086,same-system,107
2210530739,same-system,81
2150172298,human,50
2150172747,human,38
2125155334,human,588
2109562485,human,76
2173619301,human,216
2096245861,same-system,81
2182858395,same-system,81
2234088571,same-system,124
2241747347,human,13
2145920847,same-system,279
2202539900,same-system,92
2124968099,same-system,151
2193881853,same-system,83
2155449837,human,155
2107068826,same-system,385
2136933317,same-system,359
2176016096,human,218
2164286642,same-system,283
2175702581,same-system,78
2133040294,same-system,149
2157461067,same-system,88
2100917997,same-system,218
2117064173,human,44
2204695110,human,30
2204695357,human,167
2204695745,human,167
2204695969,human,54
2204696787,human,29
2204696915,human,29
2204697005,human,29
2204697075,human,29
2204704165,human,18
2204704408,human,18
2204704630,human,18
2127969039,same-system,191
2216780592,human,85
2216783841,human,87
2216785870,human,168
2169214968,same-system,75
2201431745,same-system,116
2116110326,same-system,61
2211233842,same-system,113
2184238893,human,229
2124607787,human,87
2101426103,human,101
2108990617,same-system,163
2191224506,same-system,306
2105876142,human,59
2188479143,same-system,185
2178920552,human,27
2103712856,human,71
2103712936,human,69
2136518706,same-system,180
2210854135,same-system,430
2210854157,same-system,244
2210854172,same-system,185
2210854188,same-system,213
2117953369,same-system,101
2154918631,same-system,257
2212856333,human,44
2212857399,human,44
2212857681,human,44
2212857976,human,44
2180516068,same-system,121
2228208044,human,22
2165117122,same-system,356
2196629838,human,87
2211090483,human,40
2129834644,human,153
2186028438,human,34
2138849485,same-system,60
2219657562,same-system,434
2159640344,same-system,126
2218093583,same-system,113
2164888067,same-system,220
2109743013,same-system,48
2123370296,same-system,94
2116109634,same-system,68
2224665428,same-system,337
2201900162,same-system,208
2222935051,human,90
2116887252,same-system,103
2225126566,same-system,276
2242169176,human,67
2131946866,same-system,259
2116269303,human,40
2180969105,human,57
2232283491,human,382
2144376896,human,106
2213972680,human,131
2165172232,human,92
2202767233,human,164
2218382719,human,91
2181131574,human,286
2124476583,human,68
2124479117,human,67
2124479937,human,53
2103468622,human,61
2103469896,human,107
2103603189,same-system,242
2118981125,same-system,56
2127480634,human,65
2198002659,human,146
2136107090,same-system,121
2223510977,same-system,107
2105184814,same-system,351
2118980364,same-system,62
2159397496,same-system,144
2100854341,human,188
2182931817,same-system,352
2156300215,human,308
2156300655,human,308
2148929353,human,142
2138960651,human,170
2196650660,same-system,72
2139588995,same-system,464
2133698433,human,18
2167436164,human,47
2167436515,human,36
2219755201,human,7
2114627071,human,38
2183188559,human,18
2203090965,same-system,157
2203090968,same-system,294
2102883011,human,20
2133669438,human,97
2164849746,same-system,597
2165059295,same-system,357
2165059304,same-system,191
2101424333,human,52
2150855756,human,100
2187713751,same-system,236
2136562831,same-system,104
2141593719,same-system,43
2208947947,same-system,118
2176140898,same-system,38
2132853744,same-system,127
2202949236,same-system,99
2208948017,same-system,181
2157390046,same-system,272
2102396244,same-system,114
2316345369,same-system,423
2213141305,same-system,163
2151204363,same-system,70
2138296073,same-system,79
2205442594,human,64
2169216180,same-system,68
2110614430,same-system,112
2108546273,same-system,115
2212343178,same-system,147
2173142005,same-system,221
2111238564,human,319
2239595903,human,14
2107707325,human,91
2107006545,human,342
2209165942,human,210
2209166641,human,173
2209167217,human,54
2203918082,same-system,154
2100824669,same-system,239
2244809540,human,262
2188508341,human,80
2154814543,same-system,41
2190710963,same-system,75
2100789014,same-system,244
2207835731,same-system,135
2319314230,same-system,184
2124024445,same-system,174
2183604526,human,203
2192877367,same-system,179
2207109691,same-system,225
2242161072,human,26
2152506070,human,137
2124718316,human,36
2192866390,same-system,180
2116871958,same-system,111
2127433117,same-system,110
2209461898,same-system,65
2167543350,same-system,126
2181082324,human,149
2184281807,human,292
2107047771,human,805
2107050515,human,111
2143613925,human,303
2178319820,same-system,100
2231527761,same-system,347
2143115537,human,29
2174908162,same-system,269
2155260207,same-system,267
2155260217,same-system,1589
2117953231,same-system,123
2103874109,human,71
2136586852,human,33
2225551045,human,104
2096245678,same-system,63
2104994563,same-system,277
2105252706,same-system,50
2145829788,human,145
2102931675,human,58
2172987972,same-system,221
2206402641,human,56
2100610969,human,126
2157263033,human,208
2195537865,human,16
2122381043,human,320
2104718243,human,75
2104719661,human,101
2104720388,human,103
2104722120,human,124
2104722823,human,132
2104723419,human,107
2104724401,human,146
2148006228,human,67
2233028527,same-system,582
2319421022,same-system,229
2172909246,same-system,77
2241627993,same-system,295
2464317361,same-system,64
2207200061,same-system,164
2123484426,human,227
2182142582,same-system,96
2196668991,human,322
2155842054,same-system,174
2173826871,same-system,135
2161790028,same-system,453
2122916536,same-system,64
2100884764,same-system,285
2117063794,human,41
2190378263,same-system,273
2244941135,same-system,186
2223045280,same-system,238
2223045297,same-system,216
2223045311,same-system,330
2223045323,same-system,193
2223045333,same-system,238
2223045347,same-system,221
2223045361,same-system,231
2223045376,same-system,206
2136517975,same-system,60
2104685513,same-system,292
2192127573,human,103
2150490622,human,102
2227351371,human,717
2216310362,human,112
2251769985,human,125
2251786833,human,105
2251814844,human,119
2212274441,human,78
2136908465,same-system,80
2133076464,human,30
2180075298,same-system,67
2113824287,same-system,243
2145305504,same-system,111
2343245784,human,88
2343258454,human,228
2343283761,human,722
2343290189,human,188
2203104244,human,106
2203105838,human,45
2168755460,human,92
2121761740,human,190
2135576837,human,62
2192447638,same-system,823
2193951238,same-system,91
2140449041,same-system,180
2174951506,same-system,290
2166307996,human,55
2115314445,human,35
2292637793,human,101
2150834825,human,17
2133698425,human,18
2132991505,same-system,102
2183200437,human,533
2136865878,human,90
2103782764,human,32
2185382075,human,42
2103134214,same-system,59
2143173634,same-system,454
2192788155,human,81
2132213960,human,73
2202205262,same-system,215
2105191012,same-system,226
2124410397,human,101
2210725878,human,167
2131427443,human,1090
2164274443,same-system,47
2133675564,human,53
2114305511,same-system,262
2132198283,same-system,128
2163011521,human,10
2142706009,same-system,134
2118686352,same-system,74
2193647463,human,80
2127268733,human,158
2228254418,same-system,148
2343726838,human,58
2343746981,human,408
2343747914,human,186
2343750970,human,155
2343754465,human,58
2343758039,human,213
2343761258,human,71
2343781484,human,81
2343786491,human,251
2104338653,same-system,159
2117953507,same-system,196
2151362856,same-system,253
2172976104,human,80
2169767541,same-system,141
2103456569,human,36
2147501686,human,40
2114870647,same-system,211
2228127010,human,89
2204697210,same-system,65
2125152195,same-system,146
2136243626,human,15
2136244453,human,83
2106104291,human,65
2101213493,human,143
2171703541,human,78
2213017438,human,79
2213018631,human,171
2213021392,human,68
2213022488,human,18
2162065661,human,46
2212322179,same-system,269
2212322188,same-system,216
2212322193,same-system,286
2096589781,same-system,44
2144377113,human,72
2174460672,human,107
2232842019,human,82
2232842046,human,69
2232842092,human,105
2103670890,same-system,132
2116708026,same-system,297
2203738425,same-system,296
2139118681,same-system,90
2116887959,same-system,50
2141297989,human,38
2141299333,human,267
2141299944,human,143
2141302000,human,32
2141303063,human,34
2141303713,human,18
2141303765,human,102
2112899259,same-system,137
2136864615,human,147
2144364801,human,176
2177603483,human,16
2102045074,human,39
2102048971,human,192
2102050580,human,126
2102050951,human,28
2102052762,human,85
2148002577,human,70
2104717721,human,235
2121713839,same-system,134
2268585124,same-system,423
2159764099,same-system,194
2190993979,same-system,102
2213821016,same-system,498
2203212538,human,33
2203214584,human,42
2203214927,human,58
2203215328,human,51
2203216140,human,35
2203216444,human,12
2203216619,human,24
2203216790,human,30
2203217709,human,46
2203218797,human,91
2203219331,human,108
2203219580,human,17
2159214953,same-system,297
2145242193,same-system,784
2207893568,same-system,577
2210551927,same-system,153
2247672460,human,285
2196343750,same-system,118
2197125852,human,34
2169291378,human,51
2133032122,same-system,129
2217863958,same-system,335
2096654277,human,453
2182916094,same-system,58
2111818185,same-system,267
2124560061,same-system,112
2464317366,same-system,87
2103146116,human,41
2165135646,same-system,125
2160235864,human,96
2167133389,same-system,399
2207636054,same-system,201
2113700018,same-system,274
2214193245,same-system,243
2118877485,same-system,106
2146083080,human,29
2146083272,human,29
2146083424,human,29
2146083448,human,29
2146083540,human,29
2146083597,human,29
2146083652,human,29
2146083741,human,29
2146083845,human,29
2146083917,human,29
2146083983,human,29
2146084036,human,29
2146084097,human,29
2101578410,human,48
2128276885,human,55
2200748279,same-system,81
2096542457,same-system,172
2143644570,human,71
2159260147,human,66
2238615249,same-system,287
2154523194,same-system,253
2216771790,same-system,87
2143114587,human,32
2123372282,same-system,94
2167164030,same-system,65
2203793340,same-system,235
2141259549,human,292
2144595379,same-system,107
2103108312,human,17
2102172820,same-system,306
2206444631,same-system,294
2178315306,human,270
2178315522,human,270
2102194399,same-system,85
2172094531,same-system,236
2180113756,same-system,54
2207865953,same-system,118
2212262247,human,59
2212262449,human,18
2323497806,human,77
2158424934,same-system,183
2129594543,human,569
2101343171,same-system,100
2210551662,same-system,63
2225059234,human,157
2236943151,human,369
2236944175,human,221
2236944900,human,282
2236946547,human,221
2194378160,human,44
2125435369,same-system,147
2180653267,same-system,128
2190969976,same-system,68
2109528515,same-system,46
2151324107,same-system,106
2183597754,same-system,149
2196342108,human,31
2125470782,same-system,169
2100153623,human,20
2132971181,human,189
2343822716,same-system,192
2148200125,human,52
2148208493,human,27
2103036140,human,42
2096545178,same-system,243
2128570253,human,49
2141358466,same-system,37
2172107780,human,65
2223063060,same-system,100
2099218239,same-system,326
2200023846,human,87
2213390510,same-system,295
2238907726,human,191
2212618428,human,12
2232554130,same-system,209
2213155071,same-system,68
2161446288,same-system,98
2193013180,human,107
2121601607,human,63
2192668881,same-system,163
2097670465,same-system,81
2221705760,human,393
2252871926,human,62
2112270766,same-system,305
2116681853,human,107
2116682980,human,259
2157625336,human,38
2173417278,same-system,122
2133711362,same-system,141
2154631978,human,100
2154632181,human,100
2105252878,same-system,139
2101192099,human,18
2133072755,same-system,173
2174710743,same-system,59
2213036684,human,508
2234603065,human,69
2158329000,same-system,35
2128337266,human,28
2231524391,same-system,109
2124275155,human,150
2151926568,same-system,202
2224470747,same-system,776
2224470760,same-system,453
2237550699,same-system,252
2216297557,human,70
2193745479,human,95
2143178462,human,16
2143178589,human,16
2143178722,human,16
2143178819,human,16
2143178994,human,16
2143179732,human,65
2150979177,human,1037
2280252757,same-system,233
2183769993,human,154
2178718996,same-system,302
2178719002,same-system,1689
2223500003,human,168
2143080056,human,42
2140978953,same-system,60
2194578385,human,23
2180012527,same-system,64
2145809769,same-system,136
2192118733,same-system,117
2203180232,same-system,83
2142620825,same-system,97
2226459088,same-system,459
2226459099,same-system,291
2232886983,same-system,97
2098484582,same-system,169
2154067188,same-system,192
2136577453,same-system,121
2202538008,human,88
2180570528,human,52
2110101891,human,111
2110103675,human,81
2147399599,human,115
2153472789,same-system,181
2178337146,same-system,95
2157706140,human,74
2157706188,human,74
2157706337,human,74
2157706440,human,74
2190887454,same-system,434
2227696879,same-system,227
2138263449,same-system,226
2101596223,same-system,188
2179087318,same-system,392
2133639928,same-system,77
2207934004,same-system,828
2146963232,same-system,349
2166073567,same-system,214
2293220434,human,38
2293221185,human,36
2230623750,human,14
2230624815,human,16
2230625390,human,22
2230626951,human,70
2114784191,human,254
2103377214,same-system,101
2210730187,human,37
2157674101,same-system,506
2221963032,human,127
2100049160,human,28
2198324593,human,39
2164943286,human,275
2225903787,human,477
2225909240,human,107
2169638395,same-system,134
2138862235,human,560
2230080478,same-system,350
2172880408,human,33
2247728381,human,83
2143668462,same-system,123
2210938039,human,102
2182992253,same-system,160
2140836076,human,21
2245204391,human,96
2178280983,human,121
2198545739,same-system,66
2161158503,human,67
2156237999,human,35
2156238681,human,35
2188879300,human,90
2107146121,same-system,74
2168739586,same-system,90
2104027602,same-system,336
2173462069,same-system,512
2103715179,same-system,91
2154496082,human,57
2154496990,human,74
2193684082,same-system,103
2238909170,human,287
2228594026,same-system,487
2146242437,same-system,422
2205469552,same-system,282
2205469561,same-system,194
2217985194,human,255
2178284529,human,159
2121293066,same-system,181
2213826209,human,80
2161427643,human,31
2199718320,same-system,287
2151295072,same-system,209
2169638287,same-system,101
2124707773,human,72
2175923481,human,58
2175925439,human,103
2106987198,human,135
2128560876,human,147
2467837886,cross-system,233
2142705675,same-system,421
2230963329,human,39
2230965885,human,145
2230968187,human,29
2230974512,human,69
2230975064,human,12
2230977201,human,104
2188039589,same-system,202
2102344676,human,92
2206370150,same-system,23
2215054379,same-system,242
2162376450,same-system,115
2128398313,same-system,64
2178048755,same-system,40
2173213587,human,151
2188753469,same-system,123
2161580982,human,116
2116797169,same-system,101
2146088312,same-system,92
2206424954,same-system,90
2170605950,human,16
2130841865,same-system,80
2115135086,same-system,140
2102993669,human,28
2102124995,same-system,281
2103343547,human,93
2103344066,human,88
2103353578,human,324
2103354286,human,146
2103357945,human,159
2103358409,human,87
2103364580,human,125
2103368609,human,124
2159654278,same-system,91
2194767023,human,320
2219613850,human,129
2235530051,same-system,99
2169317530,human,165
2185753257,human,414
2155265448,human,45
2096619691,same-system,273
2188039186,same-system,548
2188039187,same-system,215
2188039190,same-system,307
2159355713,same-system,162
2155106079,human,49
2155108713,human,141
2097948212,human,82
2162385829,same-system,128
2226509067,human,28
2183255546,same-system,170
2344259379,same-system,142
2168060766,same-system,76
2245513570,same-system,230
2224598264,same-system,156
2204299554,human,140
2138048426,human,148
2160231855,human,91
2343002755,human,46
2343005912,human,276
2146981584,same-system,139
2154079067,same-system,231
2123485391,human,227
2178545090,same-system,461
2098002577,same-system,167
2117953431,same-system,151
2147517489,human,38
2107036304,same-system,45
2174492376,human,196
2233862871,human,25
2149128077,same-system,392
2179616285,same-system,461
2241748128,human,37
2101581389,same-system,92
2127964127,human,133
2225633440,same-system,247
2203469916,human,47
2203470089,human,1847
2203470220,human,417
2203470508,human,320
2203471019,human,320
2151088940,same-system,399
2183771899,human,73
2143591144,human,179
2229875135,human,187
2157461816,same-system,178
2445457029,same-system,349
2445457041,same-system,399
2445457062,same-system,389
2097837359,human,345
2097838712,human,146
2097867362,human,380
2102440839,same-system,146
2100825191,same-system,265
2184284460,same-system,253
2227884519,human,33
2193013152,same-system,87
2216505761,same-system,208
2102945890,human,53
2146066720,human,238
2164442431,same-system,733
2217316601,same-system,83
2140307880,human,73
2181078311,human,124
2181078895,human,166
2181079572,human,176
2101613595,human,83
2101614391,human,82
2167092470,human,169
2167092542,human,131
2167095467,human,40
2247655655,same-system,300
2146098986,same-system,72
2146098128,same-system,223
2102178018,human,82
2102183039,human,153
2102184435,human,49
2118908943,human,41
2101008109,same-system,290
2184589254,human,119
2172075877,same-system,272
2138704051,human,20
2167105333,human,96
2218117513,human,252
2186468618,same-system,59
2204739344,same-system,38
2102907478,human,142
2139108486,human,12
2139108572,human,12
2139110540,human,248
2195284359,human,135
2128288604,same-system,149
2231476081,human,311
2148983634,human,77
2193469113,same-system,230
2224679649,same-system,361
2177465529,same-system,59
2272222378,same-system,349
2148915037,same-system,208
2169521377,human,83
2464317328,same-system,64
2151824662,human,263
2238140196,human,94
2099905602,same-system,225
2105062901,human,23
2167720651,same-system,229
2129683077,human,30
2213883012,same-system,323
2343822668,same-system,114
2097753182,human,170
2182619523,human,19
2182621220,human,22
2137355845,same-system,495
2202800987,same-system,90
2141302360,same-system,98
2102347373,same-system,313
2128583260,same-system,364
2179305559,human,39
2197825263,human,44
2237009866,human,129
2226970562,same-system,346
2204739090,same-system,38
2132662920,same-system,169
2182854526,same-system,106
2235563759,human,115
2104748485,same-system,78
2173852189,human,75
2173852328,human,66
2173852760,human,45
2173853270,human,27
2173853532,human,112
2173853726,human,99
2173853924,human,65
2173854009,human,22
2164682486,same-system,91
2101332422,same-system,334
2150491795,human,73
2145560112,human,112
2205491129,human,114
2207270430,same-system,199
2212871312,same-system,57
2216929462,same-system,269
2151331186,human,275
2151332252,human,81
2103728450,same-system,104
2190404093,same-system,133
2198748283,human,94
2203224571,human,86
2203224834,human,46
2203225250,human,26
2203226717,human,77
2203227289,human,721
2190867775,same-system,74
2204832809,same-system,160
2096218420,same-system,56
2114628198,same-system,382
2205152847,human,565
2147513838,human,139
2103992038,same-system,144
2182091494,same-system,998
2101050836,human,209
2173848330,human,97
2172983390,human,302
2190385228,human,235
2114865979,human,92
2211916233,same-system,105
2224253333,same-system,196
2184636588,same-system,123
2138960391,same-system,513
2214742676,human,24
2214743551,human,36
2214744206,human,17
2214744239,human,17
2214744502,human,20
2179233466,same-system,146
2142069471,human,104
2145382502,same-system,77
2100880387,same-system,76
2219940091,human,1201
2105778341,human,53
2117956122,human,38
2117956211,human,44
2117956371,human,58
2117956998,human,50
2117957888,human,75
2117961028,human,43
2117962052,human,35
2117963516,human,27
2117963746,human,47
2117963995,human,28
2117964024,human,33
2117964161,human,46
2117964489,human,28
2117964783,human,28
2117964901,human,35
2117965108,human,28
2117965464,human,60
2117966042,human,32
2117966697,human,33
2117971208,human,420
2117973200,human,32
2117973623,human,766
2117973716,human,34
2117974331,human,1168
2180163311,same-system,101
2209153730,human,136
2209156030,human,42
2209156274,human,57
2183624886,human,60
2182556596,human,25
2170377447,human,20
2170389199,human,265
2193874677,same-system,101
2212009895,same-system,282
2220053181,same-system,109
2203947952,same-system,61
2101078247,same-system,85
2201773635,human,127
2105452276,human,110
2201331998,human,144
2205544075,same-system,104
2127423274,human,119
2117953249,same-system,123
2096549522,same-system,145
2262985001,human,33
2097452155,same-system,85
2172124933,human,45
2167349807,same-system,334
2148892276,human,88
2148892815,human,57
2156606952,same-system,168
2102451472,human,9
2183770662,human,38
2149719166,same-system,128
2211904342,same-system,232
2217283083,same-system,183
2173957514,same-system,57
2103203698,same-system,236
2155042455,human,95
2155042776,human,95
2155042920,human,95
2174683488,same-system,287
2189461653,same-system,389
2189461667,same-system,189
2117953304,same-system,147
2216888806,same-system,235
2109401947,human,42
2181595675,same-system,143
2145533838,same-system,95
2180595967,human,27
2157720554,same-system,248
2151046026,same-system,400
2146074746,human,237
2125645951,same-system,197
2155431521,same-system,310
2097280515,same-system,54
2123188858,human,30
2101158885,human,71
2162743568,same-system,123
2132906318,same-system,313
2181968475,human,138
2125118304,human,10
2172501602,human,470
2198376630,same-system,319
2150451007,human,79
2217302001,same-system,128
2159688613,human,142
2207463147,same-system,86
2172901769,same-system,68
2106106521,same-system,172
2207917155,human,82
2180710050,same-system,126
2109315974,same-system,145
2131904201,human,160
2101185224,same-system,150
2216273434,same-system,490
2180930628,human,63
2184689201,human,56
2184689997,human,11
2184691889,human,26
2184706110,human,509
2184712802,human,57
2184714635,human,120
2184715658,human,45
2184718989,human,195
2184722345,human,70
2184729405,human,231
2189726653,human,21
2153392910,human,57
2183620509,same-system,182
2239651334,same-system,340
2239651350,same-system,258
2194326975,same-system,143
2116798548,same-system,100
2138537890,same-system,63
2108540502,human,36
2160935938,same-system,93
2330491819,human,150
2330499686,human,157
2136601827,same-system,82
2156927650,human,18
2228677336,same-system,117
2210235657,same-system,93
2141325230,same-system,191
2105259474,same-system,193
2221866746,same-system,81
2173957408,same-system,89
2215145180,human,31
2215152431,human,97
2215156025,human,95
2215158005,human,94
2215159489,human,19
2137089385,same-system,31
2103728766,same-system,80
2211900534,same-system,202
2143328488,same-system,225
2138770990,human,148
2236479037,human,39
2104033065,human,81
2104037042,human,72
2104038685,human,28
2182157260,human,253
2097671047,same-system,123
2124356771,same-system,219
2096655532,human,135
2193210049,human,45
2193211555,human,36
2193212245,human,54
2193214222,human,67
2104015685,same-system,236
2136869969,same-system,83
2207821441,same-system,176
2169548755,same-system,312
2100138524,human,96
2206425268,same-system,76
2138246611,human,387
2114083651,human,49
2222666517,human,209
2143112054,human,37
2143113405,human,95
2143115025,human,147
2143115501,human,20
2143115953,human,20
2143116918,human,67
2143118001,human,21
2143118600,human,26
2142155482,same-system,209
2221561527,same-system,866
2192190888,human,50
2192202694,human,886
2097981749,human,1049
2138624366,human,139
2144451468,human,37
2096246050,same-system,33
2225135434,same-system,658
2126794481,human,77
2132879100,human,40
2132901503,human,294
2176170995,same-system,103
2210947152,same-system,121
2223627919,human,52
2167703286,human,192
2193881818,same-system,52
2117060336,human,35
2202754938,same-system,107
2141368227,same-system,141
2201657183,same-system,336
2247246266,human,12
2231525251,same-system,106
2138735042,human,150
2151801782,same-system,252
2160253069,same-system,294
2130443656,same-system,562
2097682063,human,63
2097683419,human,54
2097684733,human,125
2097152350,same-system,411
2189924530,human,139
2189927113,human,181
2189927700,human,18
2189928740,human,75
2189932276,human,229
2149021057,human,325
2154813443,same-system,41
2146075532,same-system,378
2096412334,same-system,47
2110921850,same-system,71
2175139755,human,75
2464153075,human,15
2101211304,human,110
2115115509,human,196
2115115666,human,176
2115119728,human,344
2178337445,same-system,58
2123825516,same-system,107
2096644977,same-system,66
2219312049,same-system,212
2192861512,human,76
2181203328,human,50
2151077986,same-system,841
2110614656,same-system,112
2139140700,human,45
2182764440,same-system,98
2247107794,same-system,176
2121713563,same-system,66
2176139175,human,95
2212003887,human,431
2180652046,same-system,65
2146047498,same-system,199
2139151065,human,136
2201300790,same-system,49
2178339969,same-system,244
2116719969,human,39
2138139986,human,228
2138141437,human,35
2138144342,human,187
2138146531,human,122
2138148792,human,199
2138151624,human,215
2138156079,human,491
2138158504,human,221
2138160080,human,77
2138160709,human,102
2231565773,human,58
2100026411,human,63
2109618947,human,465
2116717948,same-system,236
2134153343,human,65
2134153394,human,16
2128569672,human,49
2225114561,human,119
2141269143,same-system,202
2145680257,human,98
2201656827,human,160
2145241766,same-system,483
2217992219,human,120
2217992329,human,151
2217992382,human,105
2217992444,human,198
2217992564,human,22
2173934125,human,48
2173937947,human,394
2173941457,human,597
2173941832,human,69
2139142254,human,267
2193206320,same-system,163
2169705254,human,639
2169706307,human,64
2169813762,human,360
2169815716,human,209
2169817795,human,119
2140749013,same-system,296
2190445435,human,17
2242936155,same-system,197
2160055595,same-system,223
2102989817,human,43
2223392337,same-system,317
2223392433,same-system,125
2223392454,same-system,242
2223392473,same-system,136
2223392482,same-system,174
2223392490,same-system,149
2223392505,same-system,148
2110922651,same-system,265
2113705654,human,328
2182949262,human,59
2133068072,human,55
2133068322,human,69
2169564158,human,44
2102956993,same-system,197
2225981783,human,82
2225981933,human,89
2212270013,same-system,244
2196872254,human,58
2204740082,same-system,38
2177987260,human,176
2178003009,human,151
2178005368,human,75
2101351937,same-system,80
2226861678,same-system,74
2140310933,same-system,195
2199447068,same-system,99
2237850517,human,44
2213984641,human,319
2143257855,human,91
2184643099,same-system,80
2157986205,same-system,131
2138869195,human,349
2234202731,same-system,124
2210174689,human,165
2101089673,human,249
2114521923,human,72
2162375798,same-system,155
2179226515,human,37
2179226859,human,19
2178296439,human,147
2178296892,human,52
2178298295,human,244
2287926268,human,206
2105202762,human,50
2237645443,same-system,295
2116082229,human,43
2116083501,human,59
2116088829,human,66
2116090663,human,131
2116096661,human,52
2116097168,human,28
2123813651,human,67
2123817462,human,203
2234210342,same-system,69
2151886232,same-system,189
2222067023,same-system,227
2110838389,human,70
2110615526,same-system,84
2188038641,human,22
2188038825,human,80
2188038931,human,59
2206668616,human,20
2207270516,same-system,155
2244849346,same-system,213
2231636581,human,25
2247958251,human,26
2247959591,human,24
2247960321,human,91
2130910808,same-system,57
2161426956,human,31
2172977641,same-system,237
2178022325,same-system,154
2139147240,same-system,550
2154002209,human,52
2191255326,same-system,200
2180094754,same-system,100
2113205829,same-system,233
2188379605,same-system,237
2188379611,same-system,356
2188379614,same-system,185
2172711130,same-system,143
2216507434,same-system,205
2105900559,same-system,140
2193151544,human,24
2172490786,same-system,379
2162305870,same-system,100
2139772967,human,230
2139776169,human,72
2139776812,human,72
2172876897,same-system,144
2180681309,human,135
2096646517,same-system,72
2126266631,same-system,127
2210063447,human,52
2210066779,human,194
2210071121,human,58
2210071338,human,58
2190476685,human,61
2143656325,same-system,122
2096546600,human,18
2144950700,human,379
2144953687,human,250
2140561710,human,4
2121716196,same-system,103
2105172356,human,110
2096581534,same-system,110
2103540888,human,102
2138184544,same-system,207
2226354848,human,178
2103055339,human,73
2182104668,same-system,157
2195646984,human,145
2121799465,human,39
2346816344,same-system,241
2096542739,human,90
2250394246,human,18
2103568400,same-system,113
2097618155,same-system,133
2218435793,human,302
2138381387,human,47
2168780470,same-system,262
2151141605,same-system,365
2242173595,human,41
2242179527,human,113
2242181191,human,54
2242181969,human,75
2117061181,human,128
2101076367,same-system,100
2190245578,same-system,130
2110965374,human,207
2207249753,same-system,240
2102187480,human,125
2155046338,same-system,136
2212750837,same-system,63
2224876931,human,46
2141309628,human,201
2141314798,human,338
2141319452,human,276
2138723127,same-system,328
2248907377,human,112
2123373700,same-system,94
2167719432,human,4
2132925017,human,217
2201342144,human,169
2201345482,human,164
2201348490,human,32
2201350288,human,118
2201361629,human,117
2201364051,human,41
2101640597,same-system,205
2122203758,human,74
2119158051,same-system,388
2180649733,same-system,95
2214342131,same-system,107
2172640951,human,1228
2096567582,same-system,276
2185921192,same-system,204
2230577394,human,94
2180651125,same-system,77
2220118303,human,709
2180978452,same-system,208
2216085871,same-system,150
2105791461,same-system,77
2102633276,human,32
2143037684,human,159
2213158144,human,96
2210947213,same-system,140
2192079370,same-system,58
2162875824,same-system,56
2141272726,same-system,282
2180949111,same-system,317
2145903877,same-system,116
2330503927,human,9
2102029075,same-system,276
2102029083,same-system,180
2132295501,same-system,111
2196790625,human,41
2196799025,human,63
2253353511,human,253
2253357562,human,152
2183744471,same-system,225
2105188980,same-system,240
2222861577,same-system,141
2150847274,same-system,61
2113599812,same-system,355
2209595254,human,56
2209598078,human,37
2209600184,human,117
2141219916,human,33
2103606233,same-system,181
2116224486,human,32
2218102298,human,1146
2165205140,same-system,197
2146412304,human,91
2103635671,human,17
2220937123,human,77
2096563380,human,61
2112102525,human,215
2101343044,same-system,171
2178286548,same-system,90
2140384679,same-system,54
2173599713,same-system,164
2167266367,same-system,167
2236334895,same-system,109
2124617116,human,106
2206416283,human,31
2205501550,human,168
2214950926,human,34
2168060720,same-system,64
2175935271,same-system,47
2116338844,human,323
2116339467,human,86
2100062023,same-system,182
2100062042,same-system,262
2128613291,same-system,315
2116887134,same-system,86
2228874685,human,90
2228875889,human,19
2133711590,same-system,162
2217988836,human,183
2113740688,same-system,503
2121743969,same-system,88
2121898319,same-system,80
2170316812,same-system,74
2238571835,human,247
2175242081,human,108
2175243412,human,84
2152390722,same-system,162
2179303892,same-system,207
2330503679,human,9
2205477471,same-system,369
2201659188,same-system,281
2103629938,human,78
2169091684,human,27
2169092811,human,32
2169094700,human,30
2169095151,human,27
2169095647,human,27
2169096027,human,26
2169096981,human,27
2169097563,human,24
2169099732,human,31
2169101035,human,31
2193521251,same-system,152
2173299691,human,55
2176443281,same-system,95
2171575829,same-system,127
2125106112,human,16
2107869493,same-system,296
2185538814,same-system,568
2292297378,human,57
2138678411,same-system,605
2098767060,same-system,95
2114779834,same-system,150
2148897789,same-system,455
2130425511,same-system,152
2186038582,same-system,195
2210675365,human,77
2210677470,human,24
2210678095,human,37
2210679158,human,37
2210679959,human,24
2210680150,human,24
2210680675,human,24
2210682856,human,44
2210685896,human,114
2210687264,human,24
2210688546,human,24
2101082962,same-system,299
2138389407,same-system,119
2141300796,same-system,218
2150317832,same-system,175
2125159481,human,128
2194510712,human,72
2194513577,human,67
2194514875,human,43
2104728006,human,64
2183620581,same-system,140
2132849807,human,34
2132853591,human,24
2098126161,same-system,201
2131907095,same-system,103
2141288625,human,27
2141289271,human,52
2141290137,human,99
2141290711,human,76
2141293103,human,335
2141293580,human,12
2228606057,human,71
2096619584,same-system,212
2142975815,human,109
2142976333,human,20
2142977802,human,149
2142980698,human,109
2142986254,human,54
2171158491,human,22
2171160714,human,38
2171161811,human,46
2171163823,human,91
2171170004,human,209
2189347601,human,105
2154921800,same-system,211
2118957576,same-system,294
2190948709,same-system,114
2114772055,same-system,293
2125104557,human,16
2110930377,human,34
2110930448,human,34
2110930541,human,34
2110930623,human,34
2110930712,human,34
2110930786,human,34
2110930877,human,34
2110930982,human,34
2110931259,human,34
2110931436,human,34
2110931753,human,34
2110932096,human,34
2110932982,human,59
2110935514,human,112
2110936501,human,75
2110941229,human,288
2110942181,human,50
2110945045,human,519
2110947146,human,281
2110948847,human,108
2110952309,human,482
2174723871,same-system,48
2160240298,same-system,496
2136705823,same-system,209
2156125161,human,212
2106537658,human,140
2157741096,same-system,260
2212750666,same-system,63
2225201844,same-system,207
2164804766,human,123
2134551061,human,69
2188504457,same-system,155
2103632052,human,95
2103632769,human,91
2103633260,human,54
2101137454,human,23
2137380092,human,56
2213129516,human,82
2213131191,human,48
2213132361,human,106
2213134682,human,58
2213135278,human,47
2213136001,human,43
2213136407,human,35
2213137493,human,94
2213138200,human,27
2213138853,human,46
2213139203,human,6
2213139345,human,6
2213139793,human,6
2213140054,human,11
2213141159,human,132
2213141376,human,6
2213141646,human,10
2213141945,human,11
2185927770,human,16
2117366468,same-system,84
2134344968,human,42
2154358077,same-system,172
2151335418,same-system,236
2117366416,same-system,199
2215537232,human,67
2101076627,same-system,68
2184910442,same-system,335
2183391828,same-system,152
2218620574,same-system,169
2220252251,human,18
2112298726,human,188
2103034236,same-system,204
2166207238,human,50
2222649455,same-system,163
2100004733,human,66
2175777326,human,67
2133682543,same-system,311
2122803977,human,186
2201665669,human,114
2116496084,human,495
2181156565,human,105
2242543680,human,127
2190299297,human,68
2196777954,human,17
2140505648,human,19
2245559351,human,12
2096548643,human,99
2099122734,human,346
2099123027,human,91
2138266015,human,59
2138269738,human,67
2138272307,human,92
2140890110,same-system,552
2117654435,same-system,96
2232554225,same-system,218
2098459502,same-system,626
2198082760,human,29
2167447199,same-system,192
2269480290,human,143
2154812176,human,89
2115844049,same-system,338
2155538611,human,35
2227634295,human,96
2227637315,human,42
2125108829,same-system,84
2143622945,same-system,89
2141366404,human,143
2101744128,human,18
2143587087,human,40
2138806812,same-system,46
2145880979,human,92
2179955685,same-system,115
2178037908,human,29
2133638657,human,293
2163557914,human,482
2163560012,human,493
2163563910,human,140
2226008405,human,49
2208100337,human,55
2180651356,same-system,83
2168715554,human,208
2173826423,same-system,99
2210164226,same-system,126
2104160527,same-system,71
2145154241,human,406
2145156952,human,157
2201102460,human,348
2167728606,human,469
2175672699,human,36
2126762740,same-system,191
2096288282,same-system,75
2181910993,human,49
2224680021,same-system,481
2164116893,human,140
2139389544,human,160
2234810157,human,5
2120681862,same-system,82
2212907865,human,195
2103377687,same-system,134
2144843896,same-system,123
2118971001,same-system,126
2133131796,same-system,126
2143457701,human,10
2101584760,human,18
2123239351,same-system,239
2195853728,same-system,178
2097655982,human,36
2152538309,human,94
2136727762,same-system,232
2109521427,human,108
2109521702,human,90
2109521927,human,56
2109522194,human,20
2109522485,human,20
2123372880,same-system,94
2214400553,human,356
2102920208,human,78
2102920769,human,90
2102921609,human,61
2151041576,human,374
2195565251,same-system,178
2157461027,same-system,252
2157432734,same-system,151
2100202493,human,202
2176337129,same-system,170
2114183191,same-system,109
2202863482,same-system,97
2238560166,human,81
2137965850,human,146
2182870752,human,29
2182871401,human,44
2191434377,human,27
2146412535,human,52
2157372823,same-system,299
2158299797,same-system,202
2167603909,same-system,131
2223631271,human,86
2162875765,same-system,75
2165263744,human,146
2190970034,same-system,166
2171438647,human,23
2211233274,same-system,200
2172820507,same-system,81
2141302409,same-system,58
2150692245,human,318
2194204393,same-system,138
2146094728,same-system,61
2214140376,human,117
2214141429,human,145
2181092290,same-system,168
2101547897,human,39
2193874962,same-system,69
2133132878,human,65
2133132946,human,65
2133132992,human,65
2133133040,human,65
2133133529,human,26
2104105849,same-system,93
2183899203,human,604
2138955195,same-system,215
2097020045,human,28
2323638272,same-system,213
2181925630,human,97
2156307801,same-system,166
2132989786,same-system,128
2232794998,same-system,117
2405657326,same-system,133
2211928851,same-system,69
2129189144,human,87
2144269853,human,16
2201378567,same-system,112
2193889269,same-system,702
2097276063,same-system,156
2097276075,same-system,145
2097276079,same-system,169
2097276085,same-system,212
2272257067,human,329
2210164349,same-system,90
2235529535,same-system,174
2104200966,same-system,378
2195126493,human,149
2195127480,human,73
2132193503,human,457
2214342040,same-system,149
2125188870,human,225
2231289281,human,29
2231289691,human,19
2231291542,human,89
2164676695,same-system,207
2228003194,human,12
2272194323,human,190
2213022118,human,83
2227725747,same-system,506
2163062541,same-system,139
2269981289,human,66
2203945607,same-system,67
2144695966,same-system,94
2234950696,same-system,306
2169117761,same-system,58
2102349783,same-system,189
2155116159,same-system,65
2111622482,same-system,36
2182764630,same-system,98
2188515191,same-system,69
2110614808,same-system,112
2154143033,same-system,130
2128389522,human,64
2098906732,same-system,207
2316291067,human,90
2116491570,same-system,58
2202210429,human,64
2146431666,same-system,253
2125460659,human,235
2153757625,same-system,176
2261000876,same-system,113
2103970378,human,85
2216390114,same-system,270
2187870611,same-system,233
2329084437,same-system,226
2112632601,human,60
2112422283,human,25
2112422539,human,20
2161094782,human,31
2141567714,same-system,33
2155811162,same-system,48
2127379423,same-system,130
2103508541,human,18
2172914710,human,1108
2113627434,human,132
2113628205,human,127
2113643611,human,17
2212273614,same-system,126
2192851681,same-system,388
2134069661,same-system,79
2097962309,same-system,78
2134458983,human,274
2124976030,same-system,67
2225664995,same-system,57
2225057871,human,72
2192800579,human,16
2098764367,same-system,132
2184189610,same-system,129
2126159156,same-system,221
2215174838,same-system,294
2136158041,human,60
2131884967,same-system,85
2244151899,human,455
2192877454,same-system,408
2117260591,human,307
2167740717,human,216
2194680495,same-system,45
2138690714,same-system,247
2118948584,same-system,221
2202539927,same-system,48
2102976996,same-system,119
2245219271,same-system,187
2174836824,human,170
2097750140,same-system,150
2237161250,human,67
2151324292,same-system,121
2207442880,same-system,117
2231747350,same-system,294
2231747366,same-system,306
2151901706,human,119
2136719910,same-system,92
2120546446,human,55
2154814181,same-system,41
2138563096,human,133
2191223422,same-system,252
2390311490,human,42
2390311612,human,42
2125602120,same-system,87
2145430912,human,252
2191996362,same-system,213
2223495570,human,316
2117111532,same-system,118
2117111567,same-system,112
2173797703,human,66
2117953461,same-system,121
2108385724,human,46
2253641701,human,111
2201494224,human,125
2224749778,human,35
2143125563,same-system,74
2105188637,human,217
2150833866,human,106
2150836882,human,442
2144919658,same-system,123
2137923017,human,45
2149882886,human,100
2149883672,human,56
2127259540,same-system,55
2172346002,human,51
2099343075,same-system,393
2147364123,same-system,185
2138853053,human,52
2241606220,same-system,159
2192672050,human,148
2132926157,same-system,245
2100372952,human,186
2153426032,human,413
2153426816,human,582
2153427601,human,351
2138851715,same-system,344
2190480075,human,62
2190867901,same-system,224
2199959353,human,39
2115166794,same-system,233
2106524659,human,9
2216889355,same-system,308
2101125929,same-system,306
2108361072,same-system,277
2210692066,same-system,102
2203464473,same-system,180
2172956062,same-system,292
2109527990,same-system,96
2175117623,human,299
2206418067,human,30
2143416472,human,55
2172710773,same-system,39
2188107313,human,193
2188108428,human,59
2188109163,human,53
2242620263,same-system,62
2170114449,same-system,172
2157885623,human,63
2143126298,same-system,54
2196790491,human,46
2196791469,human,45
2196797635,human,47
2196822625,human,691
2114873752,same-system,155
2145571237,same-system,86
2159399891,human,174
2193074766,human,137
2162875562,same-system,96
2157690199,same-system,89
2208142951,same-system,443
2154762085,same-system,117
2221499189,same-system,211
2097090192,human,83
2097894968,same-system,101
2120286998,human,35
2169214720,same-system,75
2207197793,same-system,462
2172260879,same-system,175
2172260890,same-system,175
2103648088,human,112
2178337294,same-system,53
2180656400,human,351
2192850373,human,296
2115319994,same-system,148
2161971430,same-system,288
2280252754,same-system,238
2210083230,same-system,178
2100689377,human,29
2100691161,human,111
2100692970,human,53
2146743210,same-system,230
2141308167,same-system,117
2102194793,human,9
2167491077,same-system,192
2209750909,human,21
2150686349,same-system,357
2202543965,human,15
2180617656,same-system,75
2207820170,human,76
2207821575,human,40
2207823778,human,68
2207825475,human,61
2207827798,human,48
2207828293,human,48
2207828952,human,48
2164826599,same-system,287
2116922831,human,61
2180163397,same-system,96
2225971026,human,158
2225979433,human,219
2225979918,human,17
2225988819,human,17
2225989163,human,17
2225989833,human,33
2225990080,human,17
2225991142,human,17
2225991613,human,17
2225992883,human,102
2225993168,human,32
2225993652,human,31
2225993978,human,17
2225994167,human,17
2225995152,human,10
2225997841,human,123
2225999468,human,78
2226006008,human,317
2226008696,human,171
2226011741,human,112
2115106240,human,104
2223925448,same-system,534
2192118597,same-system,249
2172965278,human,30
2167491116,same-system,189
2230460372,human,102
2141587313,human,28
2141587471,human,28
2141587679,human,28
2141587903,human,28
2141588142,human,28
2141588285,human,28
2256725723,human,162
2256727178,human,137
2101609706,same-system,186
2203902277,same-system,66
2167389836,same-system,346
2210667188,human,41
2172841226,same-system,86
2101346296,human,103
2141975742,same-system,77
2198191879,same-system,86
2184166671,same-system,285
2151342044,human,36
2224682192,human,103
2151470555,human,235
2206425095,same-system,52
2225022448,same-system,223
2214837873,human,120
2214838598,human,146
2199427543,human,135
2199428289,human,83
2136220809,same-system,97
2218375668,same-system,277
2114421357,same-system,219
2248953393,human,878
2218625786,same-system,483
2218625801,same-system,239
2191282819,same-system,270
2138552515,human,30
2101575507,human,24
2209002568,same-system,219
2208292898,human,59
2155458547,human,17
2150056265,same-system,148
2136154740,same-system,170
2199495480,same-system,173
2173852722,human,112
2343822658,same-system,384
2106339597,same-system,154
2096229862,human,58
2096907125,same-system,65
2138385624,same-system,137
2138385628,same-system,155
2231557054,same-system,389
2231557065,same-system,182
2192865800,human,28
2102141629,same-system,189
2109578157,human,31
2175942992,human,10
2164909280,same-system,57
2128572454,human,33
2164811355,human,86
2172694123,human,108
2172695029,human,115
2172697031,human,17
2238504907,same-system,843
2238504931,same-system,562
2136717637,human,87
2145477302,same-system,359
2102234315,human,65
2180653807,same-system,150
2190949501,same-system,248
2178759821,same-system,76
2128399558,same-system,64
2167262630,same-system,163
2190380147,same-system,74
2107905231,same-system,667
2242620862,same-system,57
2173529736,same-system,61
2173857321,same-system,117
2231136419,human,72
2202914498,human,105
2224598612,same-system,114
2175363459,human,33
2175363667,human,35
2175363806,human,33
2175364059,human,35
2175364225,human,35
2128781052,same-system,230
2160581274,same-system,230
2124435838,human,201
2162354503,same-system,61
2174535248,same-system,274
2164668076,same-system,81
2172348959,human,85
2185704670,same-system,125
2205340301,human,29
2205341347,human,25
2205342426,human,43
2175609759,same-system,270
2209030049,same-system,115
2223269175,same-system,322
2223269190,same-system,413
2223269201,same-system,200
2223269218,same-system,213
2223269228,same-system,154
2223269240,same-system,137
2176413471,same-system,224
2122916778,same-system,107
2107414854,same-system,157
2109686681,human,89
2099894732,human,242
2155562600,human,13
2242584097,human,7
2242584574,human,53
2242585305,human,16
2242585812,human,54
2242586095,human,54
2242586498,human,16
2242586901,human,20
2242587473,human,16
2242589312,human,16
2242592807,human,47
2164238854,human,72
2164241113,human,105
2164246963,human,91
2164247482,human,17
2164249374,human,69
2164250855,human,46
2164253773,human,86
2244612410,human,194
2132970461,same-system,222
2174848804,human,261
2174887611,human,409
2174888019,human,39
2214342205,same-system,103
2143267880,same-system,167
2111264274,same-system,636
2142072857,same-system,100
2125734794,same-system,108
2125735459,same-system,105
2242619925,same-system,99
2173112610,human,207
2242759544,same-system,332
2227188037,same-system,263
2158451095,same-system,202
2101649980,human,202
2244952704,same-system,91
2143668645,same-system,61
2164286233,same-system,100
2146927945,same-system,227
2243307151,same-system,280
2110615809,same-system,84
2175650981,human,59
2097117354,human,66
2126785764,human,234
2213512007,human,23
2164798518,human,114
2164802573,human,106
2173436346,human,46
2176149476,same-system,461
2096654421,same-system,92
2183409726,same-system,55
2138536596,same-system,63
2125640250,human,101
2182892191,human,319
2183964926,same-system,372
2103012496,human,41
2101006402,same-system,266
2121778862,human,242
2204585091,same-system,194
2214841210,human,134
2207016652,human,19
2230654045,same-system,185
2176318603,human,38
2176319586,human,33
2176319722,human,33
2176319891,human,33
2107718372,human,110
2107724253,human,204
2107724393,human,35
2107724486,human,40
2107726011,human,255
2107729340,human,83
2156397892,human,93
2156398614,human,81
2156399223,human,156
2121966128,same-system,160
2169068690,human,122
2169069250,human,122
2169069862,human,122
2169071057,human,122
2221288744,human,45
2109430753,human,170
2109433004,human,56
2107824602,same-system,223
2161924774,same-system,127
2203217256,same-system,96
2103490843,same-system,240
2203947792,same-system,68
2191011865,same-system,210
2191011871,same-system,200
2191011883,same-system,262
2185018298,human,578
2169315755,human,30
2180483435,same-system,250
2211904704,human,193
2211905202,human,61
2211905327,human,52
2211905767,human,83
2211908997,human,225
2176291672,human,125
2176294620,human,107
2150376874,human,104
2099936503,human,132
2143134875,same-system,138
2240940349,same-system,56
2204500364,human,315
2224717076,human,245
2224719079,human,262
2224731583,human,238
2224741728,human,616
2167765777,same-system,270
2127468031,same-system,163
2138856607,same-system,138
2125488311,human,108
2184588352,human,116
2154535694,same-system,316
2199104328,same-system,116
2176324186,human,28
2181163707,human,97
2195364195,same-system,56
2096532993,same-system,135
2230294905,human,130
2113605810,same-system,232
2097699799,same-system,147
2172962475,same-system,267
2226042869,human,6
2193951419,same-system,97
2114182687,same-system,109
2173189528,human,18
2123871695,human,73
2136457094,same-system,59
2192153077,human,70
2170533544,human,198
2193204344,same-system,114
2231001443,same-system,65
2206232786,same-system,136
2234026168,human,30
2175636412,same-system,344
2138700361,human,17
2114833494,same-system,241
2199379932,same-system,291
2241046213,same-system,863
2118968396,human,34
2192969863,human,21
2176342499,same-system,345
2202044587,human,77
2182907004,human,53
2231807051,same-system,72
2178462108,same-system,148
2143723510,human,66
2143723679,human,16
2174879619,human,667
2173529699,same-system,68
2124611495,human,106
2156399182,human,68
2141169666,same-system,100
2114180655,same-system,45
2183654875,same-system,118
2188038548,human,84
2188038640,human,49
2209112247,human,96
2150321363,human,69
2150326413,human,266
2150327860,human,119
2179304957,human,50
2191991232,human,59
2173823790,human,27
2173823930,human,28
2173824049,human,89
2145639618,human,105
2106408738,human,41
2100987995,same-system,202
2128390961,same-system,60
2159640411,same-system,132
2154544789,human,54
2241257739,human,131
2138390118,same-system,95
2124428440,same-system,176
2221440207,human,464
2223256778,human,89
2096625327,same-system,83
2102988569,human,82
2104852426,same-system,214
2234834291,human,293
2234835207,human,20
2234835665,human,20
2102956200,same-system,146
2178339866,same-system,132
2242660415,same-system,82
2139158436,human,95
2173826478,same-system,67
2138881923,same-system,180
2159134956,same-system,343
2105883030,same-system,218
2178339784,same-system,201
2215598845,human,45
2192860875,human,80
2127804412,human,298
2205611586,same-system,155
2120302677,same-system,287
2128570628,human,49
2225555877,same-system,214
2225555901,same-system,455
2225555908,same-system,231
2225555920,same-system,134
2122464110,same-system,305
2122464113,same-system,325
2122464117,same-system,342
2217992813,same-system,177
2204519994,human,93
2204625344,human,75
2200637798,human,91
2116126453,same-system,60
2167527181,same-system,54
2103133703,same-system,69
2194082171,human,124
2231525851,same-system,89
2124412801,same-system,383
2205008256,human,140
2136067488,human,118
2136071552,human,273
2217972570,same-system,297
2179037719,human,64
2100709105,human,33
2100711375,human,70
2163930225,same-system,317
2102439249,human,43
2210062662,same-system,123
2136445861,human,235
2098752180,human,37
2098754500,human,187
2398255019,same-system,241
2154969101,human,22
2238917709,human,262
2134442885,human,65
2182837600,human,54
2182838838,human,111
2182840019,human,49
2182840757,human,36
2182842151,human,56
2141304968,human,67
2203686213,human,18
2159397443,same-system,116
2116915130,same-system,159
2112334819,same-system,136
2215134196,human,193
2177514045,human,145
2210388154,same-system,96
2168810104,same-system,326
2143148765,same-system,51
2178433376,human,489
2136551644,same-system,260
2178538376,same-system,267
2216305396,same-system,139
2097837807,human,44
2097840941,human,167
2097845636,human,53
2097848641,human,128
2097850744,human,92
2097854315,human,181
2167719557,human,4
2167385188,human,109
2153559498,human,37
2153559648,human,37
2174527497,human,104
2096547987,same-system,197
2183539695,human,117
2126219301,human,50
2152940768,human,230
2180177041,same-system,67
2202784976,human,7
2202785034,human,21
2202791261,human,10
2202792161,human,35
2202792844,human,41
2136307560,same-system,263
2216378617,human,29
2227145365,human,142
2172965810,human,36
2138122046,human,139
2124952719,human,257
2104748714,same-system,95
2242558041,same-system,288
2138775312,same-system,284
2217143363,human,93
2217143756,human,353
2217143895,human,353
2190213564,human,101
2217997181,same-system,411
2101235926,same-system,245
2217992803,same-system,174
2178924389,same-system,35
2175376176,human,169
2175592347,human,168
2175605021,human,85
2175680995,human,412
2175685434,human,51
2207172187,human,105
2116483870,same-system,74
2213038627,same-system,91
2178058853,same-system,632
2196280527,human,5
2236484763,same-system,356
2236484804,same-system,500
2236484848,same-system,350
2173857289,same-system,34
2134855519,same-system,83
2193521293,same-system,115
2140705919,human,442
2238961623,same-system,84
2137197790,human,132
2153753678,human,103
2132067555,human,27
2169621842,human,138
2152445814,human,197
2096295093,human,69
2183190305,human,22
2102992659,same-system,370
2156261983,same-system,127
2136518514,same-system,124
2167417934,same-system,130
2123370057,same-system,94
2218599545,human,41
2230020723,same-system,183
2100668732,human,171
2150559375,human,97
2166316206,same-system,111
2144322051,same-system,87
2183607028,same-system,134
2190978671,human,187
2105913146,human,230
2096907245,same-system,61
2124612691,same-system,140
2232845111,same-system,77
2172310359,same-system,162
2162247510,human,89
2162248959,human,55
2162251937,human,78
2159718510,same-system,221
2201339389,human,99
2125123587,same-system,63
2101337351,human,54
2101337967,human,145
2101338122,human,12
2233288267,same-system,72
2113641803,same-system,230
2190994024,same-system,98
2178044372,human,659
2178759125,same-system,149
2116943728,same-system,253
2224743709,same-system,211
2110983512,same-system,111
2106498630,human,63
2213935568,human,218
2136562709,same-system,83
2099195667,human,68
2099202290,human,248
2099204128,human,133
2099204992,human,187
2117533702,same-system,160
2230293580,human,16
2136187698,human,157
2186011685,same-system,80
2210251095,human,68
2210265417,human,75
2210267016,human,46
2210269656,human,50
2180617924,same-system,117
2180717264,same-system,266
2132990292,same-system,150
2174710641,same-system,82
2202799888,same-system,124
2172710823,same-system,39
2106397659,same-system,276
2168995096,human,214
2151355842,human,28
2212268461,human,40
2139791888,same-system,74
2210120352,same-system,117
2123373414,same-system,94
2132663815,human,130
2226376059,same-system,127
2226376073,same-system,119
2117795221,same-system,37
2201378574,same-system,177
2157690258,same-system,233
2102936329,human,50
2102937484,human,57
2102939889,human,62
2102941267,human,35
2245968406,human,778
2226753457,same-system,192
2152379669,human,6
2112668290,human,36
2112671550,human,90
2188479163,same-system,236
2194290486,same-system,474
2150298470,human,5
2229720319,human,104
2129899085,same-system,194
2105510736,same-system,146
2141364532,same-system,60
2156376620,human,185
2156378569,human,140
2139010874,same-system,154
2225227818,same-system,446
2225227843,same-system,420
2225227868,same-system,260
2225227893,same-system,309
2225227914,same-system,249
2225227926,same-system,260
2198559116,same-system,212
2202759409,human,81
2202760806,human,19
2202765291,human,20
2202767952,human,149
2202772745,human,63
2218417384,same-system,214
2146098520,human,114
2191017067,human,16
2176099739,same-system,119
2213716053,same-system,159
2185492421,human,158
2185496532,human,115
2185499647,human,154
2128570778,human,49
2178761462,human,266
2222925716,human,16
2195364381,same-system,184
2238941398,same-system,122
2150947013,human,124
2143014799,same-system,99
2246411432,same-system,448
2139122092,same-system,149
2170616279,human,7
2114154636,same-system,193
2122411735,human,197
2179304066,human,196
2190452628,human,112
2150491143,same-system,95
2165092412,human,48
2165092541,human,48
2165092612,human,48
2201514604,same-system,168
2241316263,same-system,171
2210062397,same-system,109
2106256620,same-system,164
2172966886,same-system,143
2185929023,same-system,253
2181191789,human,39
2181192623,human,36
2173957794,same-system,116
2113708583,human,65
2185420348,human,57
2240897558,same-system,66
2202754926,same-system,110
2169573394,human,1912
2160227484,human,212
2160227836,human,1128
2136068149,same-system,61
2231105692,human,247
2231121216,human,81
2183151449,human,18
2176788054,same-system,488
2230965517,human,267
2132147068,same-system,334
2132147080,same-system,152
2183638635,same-system,109
2143236856,same-system,273
2182858386,same-system,165
2140803506,human,1226
2117645100,human,29
2173859599,same-system,201
2103134002,same-system,62
2137395728,same-system,54
2111817655,same-system,110
2122894729,human,30
2122896984,human,90
2104015911,human,115
2183409933,same-system,55
2157366923,human,194
2204952670,human,355
2136206001,same-system,101
2100829913,human,278
2114067153,same-system,46
2141308101,same-system,52
2174841746,same-system,165
2122349782,human,291
2114183716,same-system,111
2243210976,same-system,557
2176833711,same-system,169
2140641893,same-system,230
2180933778,human,97
2136911732,human,44
2190710764,same-system,84
2139576633,human,8
2249971186,same-system,522
2145867583,same-system,179
2179880572,human,20
2179884594,human,26
2104212023,same-system,261
2141001978,same-system,193
2398244955,human,72
2238457171,human,35
2138593596,same-system,99
2103309238,same-system,258
2173428587,human,125
2152037657,human,298
2175568985,same-system,391
2231542264,same-system,223
2114805986,same-system,146
2099207258,human,56
2099208239,human,61
2099209160,human,156
2099209618,human,49
2099212109,human,193
2099213468,human,64
2099213995,human,93
2201556241,same-system,222
2124266307,same-system,911
2162374787,same-system,47
2110984158,same-system,114
2140562433,human,5
2170332150,same-system,151
2173034923,same-system,164
2252722837,human,31
2211038383,human,408
2193934671,human,87
2193935255,human,120
2193935972,human,25
2193938023,human,205
2193938693,human,51
2193939303,human,105
2193942463,human,55
2193943248,human,217
2193943566,human,55
2163038244,human,207
2163039593,human,28
2163040504,human,128
2163041658,human,123
2212750049,same-system,81
2153573964,human,39
2213563975,same-system,173
2117094736,same-system,142
2129194671,same-system,384
2315173172,human,32
2166134904,same-system,196
2144314599,human,138
2206177284,human,9
2206183118,human,51
2207159516,human,15
2183410089,same-system,145
2230634252,same-system,141
2101214136,same-system,398
2161725160,same-system,66
2252671549,human,48
2224070276,human,145
2103494087,same-system,190
2102813990,human,38
2158334566,same-system,43
2146048016,same-system,192
2103964685,same-system,180
2149830393,same-system,290
2132288631,human,745
2132289015,human,55
2157933948,human,25
2112371325,same-system,130
2145375138,human,149
2123368872,same-system,94
2166211105,human,59
2096615784,human,153
2160678339,human,67
2222247067,human,245
2168014694,human,36
2196303388,same-system,161
2176420838,human,147
2203673906,same-system,149
2167060065,same-system,415
2181102417,human,356
2130911204,same-system,132
2183620636,same-system,163
2138162410,human,133
2138165212,human,82
2138180494,human,476
2138189631,human,231
2138190624,human,20
2138191715,human,10
2140195620,human,272
2140244606,human,699
2140285196,human,773
2140299638,human,274
2140338872,human,889
2140343838,human,112
2140346116,human,78
2140370575,human,139
2140376780,human,202
2140382750,human,286
2169591601,human,10
2206050556,same-system,354
2193668799,human,221
2127595575,same-system,333
2129205443,same-system,199
2467848149,same-system,459
2187713920,same-system,280
2222727976,human,47
2213796166,human,16
2250586501,human,73
2227887549,human,65
2098879178,same-system,374
2152395236,same-system,174
2098764171,same-system,219
2218408311,human,108
2232792465,human,51
2153574155,human,39
2255490009,human,994
2138172231,same-system,123
2464317355,same-system,87
2167543280,same-system,125
2216240801,human,1508
2096552294,same-system,127
2145532547,human,18
2227471743,same-system,198
2107227244,same-system,543
2209781262,same-system,304
2231538944,human,105
2231540022,human,52
2231901672,human,3757
2154817556,human,129
2136203413,same-system,85
2096533496,same-system,169
2231524548,same-system,106
2100626108,human,206
2100630120,human,252
2234908997,human,56
2180838055,same-system,713
2216059480,human,124
2216089731,human,2444
2216090828,human,127
2216120021,human,388
2216145112,human,104
2216149268,human,57
2216161273,human,60
2216166644,human,42
2216170668,human,211
2216171980,human,89
2216172251,human,89
2216172427,human,89
2216174500,human,179
2216180917,human,195
2216204209,human,89
2230676477,human,230
2125118010,human,10
2118948550,same-system,71
2211047921,same-system,199
2217988930,human,31
2217988976,human,25
2217989616,human,20
2217989712,human,51
2180075132,same-system,69
2097772629,same-system,266
2172259920,same-system,349
2100044661,human,27
2100047521,human,76
2100048041,human,84
2143668082,same-system,122
2116330364,human,675
2212117761,human,53
2102633791,same-system,450
2190382614,human,57
2173167115,human,560
2223788604,same-system,184
2223246863,human,307
2223250173,human,249
2223347096,human,626
2223361801,human,400
2223378821,human,123
2234571341,human,92
2157719748,same-system,262
2114779959,same-system,115
2199367100,same-system,305
2248053485,same-system,55
2203221645,same-system,30
2180645941,human,130
2098876687,same-system,423
2167543641,same-system,272
2104539116,same-system,310
2173772633,human,199
2236334902,same-system,43
2133076344,human,104
2164635335,human,86
2164637476,human,105
2164643015,human,50
2164660816,human,61
2164667337,human,53
2163671424,human,446
2228262327,cross-system,2686
2099437282,human,19
2135805522,same-system,403
2179035095,same-system,166
2257111452,human,23
2247399594,same-system,256
2247399607,same-system,236
2211613547,human,274
2138876458,same-system,169
2138876470,same-system,156
2199373404,human,286
2239655820,same-system,355
2169588818,same-system,347
2103269338,same-system,100
2213156270,same-system,76
2169595802,same-system,67
2123825007,same-system,76
2231886582,same-system,285
2249963959,human,273
2249966502,human,149
2249967141,human,173
2249967590,human,155
2203152992,human,242
2143822119,human,309
2128582919,same-system,364
2125369493,same-system,158
2112031889,human,113
2136522773,same-system,254
2108643060,human,317
2116572540,same-system,139
2112210003,human,86
2112210672,human,46
2112213148,human,220
2112229261,human,27
2180593052,human,21
2147361527,human,232
2136914926,same-system,217
2180041106,same-system,284
2224378934,same-system,348
2215545504,same-system,100
2190004801,same-system,117
2101466961,human,51
2323503966,same-system,186
2096805612,same-system,130
2114126393,same-system,138
2172100116,human,45
2174950084,human,63
2180594857,same-system,110
2118904425,human,282
2173529709,same-system,67
2464317342,same-system,119
2127426431,human,145
2184243617,same-system,399
2125954186,same-system,202
2106281768,same-system,47
2104046307,same-system,87
2209468213,same-system,296
2188934446,same-system,669
2140866087,human,70
2114735188,human,198
2242666939,same-system,372
2242666960,same-system,249
2242666965,same-system,293
2168918882,human,115
2168952274,human,213
2168952811,human,213
2168959040,human,226
2114785442,same-system,97
2117647846,same-system,348
2228642315,human,32
2185405711,same-system,200
2190379541,same-system,74
2207351324,same-system,331
2116917340,same-system,590
2230531442,same-system,357
2217986375,same-system,122
2223444952,same-system,172
2222724485,human,36
2240733994,same-system,320
2180199219,same-system,369
2128972815,same-system,127
2128972836,same-system,172
2161953921,human,88
2161957059,human,106
2122680885,same-system,149
2222965915,same-system,273
2181997625,human,10
2181997891,human,107
2197914263,human,89
2098780857,same-system,163
2201900090,same-system,165
2156684653,same-system,195
2169549918,human,40
2203327312,same-system,91
2147011985,human,35
2136882885,same-system,218
2210949997,same-system,64
2144674597,same-system,253
2217992117,human,123
2193204278,same-system,203
2114823257,same-system,168
2166985499,human,39
2192945306,human,44
2192946963,human,148
2102141985,same-system,277
2253374978,same-system,152
2100646928,human,325
2231330202,same-system,234
2141269224,same-system,147
2114181255,same-system,45
2128800082,human,450
2176420408,human,18
2160675111,same-system,317
2140035203,same-system,125
2118720185,human,45
2167543413,same-system,121
2178159628,same-system,108
2129379583,same-system,132
2099122635,same-system,209
2192152673,human,63
2211669596,human,228
2211684135,human,53
2211756574,human,37
2211759869,human,92
2096611396,human,249
2096612868,human,192
2096613474,human,142
2096613581,human,139
2164761599,human,82
2153454604,human,23
2138873406,same-system,960
2104998531,human,180
2166389564,human,426
2138341927,human,188
2164898184,human,5
2179631782,same-system,122
2175414130,same-system,42
2124715574,human,63
2153331804,same-system,55
2141302209,same-system,75
2183149762,same-system,150
2101184599,human,582
2100045612,same-system,464
2136879785,human,89
2103495493,human,58
2103499645,human,49
2103511235,human,169
2103513191,human,50
2103519089,human,52
2097277146,same-system,128
2097869492,same-system,105
2132248156,same-system,178
2138284577,human,203
2175956879,same-system,104
2164831788,human,61
2215186318,same-system,116
2178337372,same-system,98
2185525962,human,194
2210620828,same-system,63
2101155407,human,218
2202446545,same-system,161
2164274361,same-system,77
2209134228,human,564
2209134826,human,60
2209137450,human,259
2212730261,same-system,98
2101591329,same-system,92
2112691947,same-system,187
2152380319,human,286
2213241377,human,137
2155842144,same-system,182
2098945168,same-system,140
2182796250,human,294
2222862301,same-system,149
2174908220,same-system,128
2127811814,same-system,261
2193079589,same-system,131
2163570137,same-system,76
2195439610,same-system,197
2172841364,same-system,222
2212273533,same-system,260
2125463915,human,197
2101155889,human,649
2152636753,same-system,370
2124647253,same-system,67
2206367419,human,16
2100029079,same-system,65
2175571349,same-system,147
2232416458,same-system,191
2182075813,human,53
2173524848,human,151
2173524994,human,47
2173525060,human,9
2173526691,human,13
2173526790,human,76
2173527157,human,42
2173527192,human,20
2173527211,human,18
2173527232,human,31
2173527282,human,9
2173527347,human,12
2215993751,human,220
2215998734,human,359
2137089713,same-system,57
2169107105,same-system,114
2195954105,same-system,129
2142156097,same-system,263
2176055512,human,421
2138536151,same-system,59
2196780946,human,116
2166135037,same-system,195
2116830234,human,156
2110105631,same-system,280
2139217607,human,185
2155155658,human,267
2123371994,same-system,94
2153457262,human,52
2190215730,human,70
2143087108,human,51
2179298329,human,28
2220120558,same-system,291
2241901496,human,29
2241902592,human,28
2241905571,human,163
2146099111,same-system,72
2168778586,human,71
2168783244,human,200
2168788306,human,76
2168791418,human,195
2216401687,same-system,53
2098032666,human,32
2180516207,same-system,204
2180489055,human,41
2138568596,human,91
2140448104,same-system,239
2139908503,human,84
2172841483,same-system,158
2191161661,human,36
2161919450,human,169
2159407802,human,443
2106256672,same-system,88
2157424981,human,89
2157425670,human,251
2157426335,human,233
2157427525,human,60
2157428567,human,324
2159412733,same-system,84
2234197424,human,207
2234197681,human,55
2234199767,human,127
2234200230,human,92
2167826579,same-system,204
2167826588,same-system,1687
2143425204,human,91
2230953171,same-system,329
2101115732,human,379
2104831940,human,95
2136866864,human,58
2203945178,same-system,76
2180516137,same-system,135
2169181269,human,136
2169182694,human,93
2169183124,human,39
2169183597,human,65
2169186371,human,398
2169188625,human,59
2169192461,human,236
2169193952,human,140
2169196035,human,138
2169197174,human,39
2169198786,human,113
2207798140,same-system,174
2213563771,same-system,89
2217497600,human,63
2139154406,same-system,230
2218122449,same-system,314
2191263104,same-system,74
2127417402,same-system,45
2116712474,human,123
2102063017,same-system,98
2153567210,same-system,170
2101076738,same-system,102
2139361278,same-system,116
2105060512,human,122
2247217498,human,53
2104750660,same-system,71
2204303662,same-system,288
2165107398,human,317
2110984554,same-system,99
2116739216,human,7
2146046246,same-system,130
2105900362,same-system,111
2116253554,human,84
2159651838,human,96
2124804548,human,162
2136870277,same-system,133
2201162976,same-system,449
2098781214,same-system,148
2201714041,human,419
2179293574,human,1
2225151513,human,141
2190005015,same-system,155
2182615934,same-system,75
2114771781,same-system,163
2106045817,human,147
2106046862,human,235
2106047776,human,128
2106048430,human,697
2214892162,same-system,77
2183384357,human,32
2183384983,human,29
2183385850,human,43
2183386792,human,33
2183392480,human,196
2174888280,human,86
2143680426,same-system,308
2190963267,human,73
2204657039,same-system,140
2096225503,human,30
2237550863,same-system,196
2185681346,human,290
2125118093,human,10
2121712943,same-system,79
2124420799,human,1237
2234210385,same-system,55
2274271673,human,134
2153374600,human,30
2144926655,human,102
2144928484,human,67
2173736369,same-system,129
2113059297,same-system,61
2141258544,same-system,77
2153392635,human,33
2176147271,human,34
2112899561,human,336
2201119686,same-system,485
2136652394,same-system,99
2163570069,same-system,239
2118968066,human,34
2192119097,same-system,155
2194056395,human,258
2103602420,human,18
2167734566,same-system,284
2234574723,human,234
2136630158,human,56
2112522034,human,34
2172909380,same-system,161
2192952610,human,53
2192953409,human,6
2209155409,same-system,202
2122038629,same-system,188
2245698475,same-system,332
2245698490,same-system,168
2140562245,human,4
2138262084,same-system,549
2129363863,human,46
2201335927,human,133
2151854110,same-system,523
2124063225,human,262
2124064949,human,34
2124070445,human,142
2124081779,human,101
2124084878,human,69
2124087394,human,35
2145270689,human,42
2145271642,human,74
2145272144,human,28
2145272987,human,37
2145276472,human,211
2110870301,human,335
2172301057,human,55
2172302977,human,50
2183617284,human,34
2159538604,same-system,197
2196736531,same-system,234
2226841670,human,24
2113718849,human,68
2113720416,human,145
2101103438,same-system,109
2188504992,human,877
2103972501,same-system,61
2099043602,same-system,134
2173673158,human,19
2173673453,human,19
2106348929,same-system,199
2097651121,same-system,284
2100931125,same-system,394
2232827532,human,125
2104371672,human,126
2103921515,same-system,374
2104008795,same-system,143
2104389540,same-system,241
2196225389,same-system,233
2169082305,same-system,54
2191024416,human,17
2185692017,human,70
2183255862,same-system,191
2194214786,same-system,106
2106421997,same-system,145
2209251036,human,195
2127590349,same-system,239
2226347664,human,141
2217175343,same-system,60
2142156604,same-system,231
2200775836,same-system,109
2198677446,human,53
2209048026,human,19
2209048781,human,41
2168489704,same-system,75
2214929834,same-system,331
2145532570,same-system,127
2209758852,human,55
2097919962,same-system,233
2116923541,same-system,227
2105030016,human,204
2125105966,human,16
2101584317,same-system,245
2123371705,same-system,132
2136728079,same-system,495
2140319974,same-system,172
2148915073,same-system,96
2100771145,human,95
2153331680,same-system,55
2262255255,human,29
2168780765,same-system,193
2138615376,same-system,45
2242505129,human,179
2102964928,human,25
2183160915,same-system,350
2173957619,same-system,115
2181727068,human,10
2118877417,same-system,106
2182765094,same-system,162
2228871068,human,14
2191065089,same-system,214
2191065095,same-system,165
2252713017,human,207
2252714473,human,231
2128366956,same-system,118
2141155001,human,58
2140479320,same-system,84
2099119455,same-system,146
2103540148,same-system,84
2154813925,same-system,41
2274903426,same-system,329
2132958722,same-system,253
2207887312,same-system,173
2145867440,same-system,180
2106339759,same-system,231
2211075279,human,157
2203465673,same-system,102
2179154108,same-system,282
2207865711,same-system,151
2231706419,human,234
2229969255,same-system,209
2103965079,human,77
2230080226,same-system,161
2105900229,same-system,135
2232146900,human,96
2232164308,human,200
2180728539,same-system,721
2180669748,human,67
2102955851,same-system,172
2161668226,same-system,212
2110922193,same-system,286
2136156489,human,61
2136164220,human,106
2136191817,human,254
2136206600,human,317
2177481814,same-system,144
2138991858,human,308
2253118183,same-system,206
2253118205,same-system,198
2253118216,same-system,206
2173609105,human,86
2147012601,human,84
2136584559,human,62
2166108515,same-system,173
2136921380,same-system,221
2180437693,human,232
2180442775,human,8
2180443712,human,16
2180444615,human,13
2180446598,human,18
2180448702,human,26
2180452654,human,186
2165109943,same-system,70
2228146137,human,131
2183979205,same-system,192
2202762572,human,46
2136194596,human,151
2210215337,same-system,172
2148935052,human,14
2148935649,human,103
2138448475,human,21
2145572344,human,241
2233300032,same-system,223
2149181603,same-system,270
2223031941,human,129
2123437366,human,33
2245438930,human,1692
2164261762,same-system,112
2184263555,same-system,326
2221997573,human,60
2222005697,human,191
2222010307,human,66
2201900207,same-system,189
2164817546,human,109
2156233124,same-system,83
2187376415,human,1426
2141379399,human,17
2141379959,human,16
2141381564,human,28
2096235178,same-system,95
2226718331,human,97
2183410857,same-system,162
2137291379,same-system,120
2233631195,human,6
2139767763,human,154
2139768982,human,86
2139769589,human,44
2245933967,human,862
2159158448,human,63
2111779588,same-system,274
2111779610,same-system,185
2203789621,human,279
2100979289,human,124
2143642375,human,184
2103302510,same-system,104
2234498757,same-system,250
2172261096,same-system,102
2150146104,human,57
2169214172,same-system,116
2196634071,same-system,152
2155070267,human,38
2124716985,human,44
2184736682,same-system,339
2178536114,same-system,193
2174167610,same-system,145
2201333130,human,256
2124560872,same-system,132
2201162822,same-system,333
2139326193,human,122
2180784356,same-system,124
2124038664,same-system,104
2178296868,human,22
2110922449,same-system,327
2196262619,human,69
2103054196,same-system,72
2103973020,human,38
2141363391,human,181
2182130686,human,144
2129159526,human,492
2154013385,human,45
2280825520,same-system,289
2280825524,same-system,281
2280825526,same-system,224
2280825531,same-system,237
2107704774,same-system,384
2174951694,same-system,199
2143271650,human,603
2127468888,same-system,78
2140721019,human,236
2103159414,human,20
2133636262,human,80
2139802981,human,64
2398232778,human,61
2224597601,same-system,130
2179301321,same-system,226
2144388046,human,505
2242550266,human,123
2218390671,same-system,65
2207188404,same-system,212
2138879693,human,23
2182823591,human,41
2157345489,same-system,140
2154813178,same-system,159
2201255359,human,130
2126885252,human,57
2180650377,same-system,125
2173133542,same-system,246
2203407700,human,23
2098579367,same-system,230
2215710908,same-system,242
2203473806,same-system,153
2096357578,human,78
2209626884,same-system,266
2097086812,human,50
2143654916,same-system,83
2289791555,human,81
2208333139,human,154
2141307962,same-system,81
2145591751,same-system,284
2202946670,human,148
2202947785,human,136
2202948259,human,109
2110615201,same-system,112
2203138109,same-system,109
2203257004,same-system,171
2202862927,same-system,98
2186157134,same-system,236
2149122566,human,254
2213517547,same-system,58
2104744982,human,85
2184636505,same-system,211
2102833117,same-system,133
2151259762,human,49
2126454602,same-system,452
2149153270,same-system,203
2148205748,human,530
2178313504,same-system,174
2103401070,same-system,404
2105201723,human,31
2243254364,human,126
2157390852,same-system,101
2185575940,human,55
2113723264,same-system,322
2252647971,same-system,1408
2112096080,human,103
2167452182,same-system,117
2107824934,same-system,288
2210557287,same-system,145
2169594369,same-system,128
2102814818,same-system,251
2109679227,human,438
2109681462,human,48
2109686515,human,236
2468122484,cross-system,1158
2468122489,cross-system,1411
2468122493,cross-system,2331
2252669335,same-system,114
2191145713,human,73
2191169113,human,160
2191216988,human,37
2191218612,human,34
2191222844,human,171
2191231073,human,117
2191232053,human,78
2191238487,human,89
2190126613,same-system,165
2210084313,same-system,178
2223855219,human,98
2211094991,human,358
2211096731,human,21
2211097785,human,20
2167418294,same-system,135
2319724115,human,5
2174230450,human,27
2183028042,same-system,91
2103664700,human,102
2118948537,same-system,71
2127409218,same-system,160
2176168777,human,52
2108573317,same-system,80
2179605885,same-system,213
2181092468,same-system,117
2154524131,same-system,145
2182847823,same-system,197
2191439088,human,154
2109932953,same-system,167
2154770819,same-system,118
2195594186,same-system,123
2148928032,same-system,76
2102957989,same-system,203
2179981807,same-system,75
2209052446,same-system,144
2105773110,same-system,286
2221605761,same-system,261
2213605331,same-system,436
2134459089,human,20
2098041435,same-system,231
2098275455,same-system,307
2136186287,same-system,295
2210062342,same-system,92
2154724171,same-system,206
2230072743,same-system,239
2105012343,same-system,286
2248964855,same-system,725
2107563231,human,48
2116886549,same-system,62
2121198102,human,61
2121199697,human,94
2121204431,human,154
2121206314,human,128
2114625715,human,123
2252761311,same-system,305
2211819711,human,135
2262191482,same-system,274
2262191498,same-system,405
2112676680,human,160
2112677469,human,86
2167527420,same-system,256
2138392641,same-system,159
2170622027,same-system,129
2178420764,same-system,265
2128538528,human,809
2169310410,same-system,245
2181138837,human,307
2183553917,same-system,250
2217420659,same-system,191
2210949811,same-system,64
2225883527,same-system,277
2101032236,same-system,178
2153436226,same-system,99
2210180136,same-system,110
2245960245,same-system,346
2113675841,human,34
2141288089,human,63
2220692823,human,74
2241783549,same-system,143
2188515019,same-system,105
2144082484,human,14
2144094595,human,576
2144102184,human,305
2116720242,human,1118
2116723013,human,1006
2183028140,same-system,78
2196798291,human,123
2190459782,same-system,220
2242634241,human,41
2242634964,human,41
2242636377,human,41
2174071489,same-system,141
2101191711,same-system,207
2240872006,human,29
2165212144,same-system,336
2121254326,human,175
2112372421,same-system,139
2241960783,same-system,216
2231674850,same-system,226
2135125239,human,159
2137383276,human,127
2211894291,human,90
2100681785,same-system,223
2225553085,human,521
2230184572,same-system,211
2121853569,human,743
2172899357,human,129
2167716001,same-system,206
2175699667,same-system,119
2103126416,human,39
2196341054,same-system,53
2146098878,same-system,72
2144368221,same-system,139
2132992131,same-system,237
2105472292,same-system,119
2144273121,same-system,294
2156655844,human,18
2156660565,human,111
2096542701,same-system,167
2193014831,human,84
2178444252,human,77
2176152671,human,268
2216929528,same-system,262
2172110471,same-system,145
2098689603,human,112
2132282926,same-system,175
2132282946,same-system,605
2228641059,human,36
2176165238,human,18
2195959258,same-system,73
2146098320,same-system,72
2382881024,human,118
2240958523,human,168
2136864701,human,101
2127740207,same-system,201
2179368049,same-system,376
2163570019,same-system,226
2217286054,human,53
2227992378,human,48
2109698188,same-system,182
2103258869,human,145
2103261156,human,85
2114785741,same-system,134
2164857243,human,116
2211236903,same-system,71
2205589413,same-system,206
2118586307,same-system,293
2150293792,human,76
2150295684,human,145
2150299369,human,118
2144026661,human,11
2144027364,human,63
2144027883,human,75
2144028133,human,18
2144029484,human,31
2144029662,human,22
2127417067,same-system,117
2195364065,same-system,101
2096310631,same-system,85
2101765713,human,18
2228639931,same-system,166
2236334905,same-system,113
2209469059,same-system,97
2098715754,same-system,188
2101797538,human,18
2101797925,human,18
2101798500,human,18
2101799437,human,113
2156165573,human,224
2101255595,human,82
2173574722,human,12
2222914365,human,169
2198403410,human,251
2245629662,same-system,215
2210081693,same-system,104
2198852874,human,67
2198853552,human,15
2198854575,human,27
2198856658,human,32
2198858773,human,111
2198859773,human,68
2096550433,same-system,77
2161597182,human,306
2181200202,same-system,150
2173417410,same-system,187
2227376659,human,53
2227378356,human,101
2227379799,human,50
2227381532,human,98
2207724593,human,14
2182615996,same-system,69
2154918101,same-system,239
2125296877,human,377
2274808846,human,99
2183525887,human,69
2117280374,human,83
2240879306,human,86
2126762378,same-system,63
2103494207,same-system,234
2159765279,same-system,827
2098693170,human,75
2178039527,human,25
2164682541,same-system,94
2100826514,same-system,251
2109385161,human,54
2217802055,human,412
2242331339,same-system,81
2101325029,human,512
2193655006,human,133
2175935226,same-system,86
2217987090,same-system,264
2140451115,human,139
2156190091,same-system,531
2453728449,human,18
2138704436,human,8
2171656179,same-system,163
2143148469,same-system,153
2170409363,human,921
2117094775,same-system,159
2211078574,human,9
2101583874,human,47
2172909349,same-system,77
2150338072,human,239
2156168329,human,74
2175152827,same-system,316
2155180412,human,44
2181169969,same-system,144
2108366122,same-system,72
2215382984,same-system,49
2190867836,same-system,141
2182142496,same-system,96
2225931476,same-system,201
2232128687,same-system,269
2184450406,human,57
2234614625,same-system,120
2203461501,human,61
2203461583,human,22
2203461732,human,19
2203461831,human,39
2121797872,human,97
2151265483,same-system,228
2101069356,human,186
2101070442,human,45
2181121989,human,59
2323630740,human,129
2244204869,same-system,688
2133703275,human,145
2133704604,human,271
2133704980,human,41
2133705569,human,217
2099019033,human,161
2216868484,human,61
2203380610,human,24
2189622992,human,20
2117533657,same-system,99
2173968210,same-system,64
2232357450,human,180
2200200571,human,247
2098225029,human,42
2192088621,same-system,227
2152877387,same-system,195
2152877396,same-system,329
2104041330,human,16
2143258177,human,154
2234572181,human,151
2180786983,same-system,224
2223412861,same-system,159
2241057213,same-system,194
2169685928,same-system,89
2201378583,same-system,84
2210920597,human,186
2171681001,human,9
2107053102,same-system,423
2114601263,same-system,66
2238535086,human,23
2142913458,human,39
2105900268,same-system,108
2151499358,same-system,260
2243510407,same-system,103
2174947973,human,83
2123668969,human,300
2231118406,same-system,345
2210230251,human,92
2210233775,human,74
2210238358,human,66
2170749722,human,95
2162316347,same-system,184
2137386403,same-system,145
2182903894,human,70
2120543235,same-system,142
2210517578,human,41
2126799860,human,78
2152650454,human,243
2182916217,same-system,82
2207172182,same-system,156
2224639267,human,188
2196819820,same-system,99
2198323424,human,80
2102485106,same-system,225
2124997821,same-system,92
2105171572,human,164
2105172840,human,111
2115166702,same-system,217
2157173628,human,33
2157177350,human,107
2157179573,human,89
2157183180,human,48
2157183911,human,43
2157200293,human,190
2148618080,human,69
2148621413,human,18
2148623186,human,72
2148624645,human,125
2148627271,human,113
2148629323,human,37
2148630537,human,118
2148633098,human,133
2148634004,human,48
2148635337,human,109
2148635917,human,36
2148637508,human,20
2188039905,same-system,94
2139238868,same-system,385
2100891991,human,134
2100897556,human,422
2248912512,same-system,314
2102111599,human,211
2108560913,same-system,657
2149719642,same-system,124
2167527334,same-system,128
2116887626,same-system,88
2224635494,human,95
2234692647,human,18
2154439741,human,116
2138374504,human,73
2138378018,human,147
2138380202,human,123
2138382199,human,29
2178310746,same-system,255
2232886930,same-system,108
2136870908,same-system,346
2177482567,human,73
2101140464,same-system,290
2223361624,human,325
2124182656,same-system,533
2170015568,same-system,170
2169183826,human,32
2217915359,human,149
2105134775,same-system,497
2137396022,same-system,54
2146281753,same-system,115
2220274184,human,35
2220292467,human,50
2220293905,human,48
2101152473,human,190
2141259524,human,1048
2296458679,same-system,135
2178042988,same-system,382
2231874221,human,48
2230890434,same-system,278
2161725250,same-system,192
2145570925,same-system,111
2103498112,human,535
2202863591,same-system,95
2114222440,human,65
2097087690,human,7
2114785604,same-system,118
2121314436,human,96
2121316329,human,72
2121317342,human,40
2173774219,same-system,440
2103376802,same-system,158
2207500434,human,230
2244728310,same-system,277
2176281063,human,140
2203252503,human,128
2147518390,same-system,379
2110976710,human,25
2110979848,human,28
2159457679,same-system,131
2179865325,same-system,167
2143076795,same-system,54
2216471760,human,51
2216478052,human,221
2216483136,human,62
2162395208,human,16
2162396350,human,145
2162398943,human,33
2162404563,human,127
2162405767,human,111
2097869563,same-system,64
2164877397,same-system,334
2178253192,human,78
2178254472,human,78
2173531843,same-system,55
2115899777,human,23
2183654956,same-system,118
2132495021,human,211
2143276900,human,74
2224597939,same-system,111
2138310757,same-system,201
2125202828,human,240
2152059376,human,49
2224378856,same-system,174
2287922670,human,158
2113804965,human,341
2113806653,human,199
2190945108,same-system,31
2212434389,human,269
2109280522,human,17
2172265802,same-system,121
2103715034,same-system,87
2124997480,same-system,110
2134844516,same-system,169
2097870252,same-system,64
2141950366,human,50
2141951041,human,50
2141952531,human,50
2141955892,human,137
2145531360,human,44
2146712033,human,127
2146712137,human,95
2146712247,human,49
2127582519,human,228
2127583166,human,182
2150115450,same-system,431
2129137910,human,39
2232796816,human,46
2144695658,same-system,146
2343317847,same-system,231
2176337139,same-system,192
2208290172,human,467
2208293289,human,80
2208295654,human,37
2208299664,human,240
2099923579,same-system,187
2216242656,same-system,268
2241509843,same-system,289
2241509848,same-system,243
2241509850,same-system,429
2141208831,same-system,328
2136265566,same-system,192
2194483947,same-system,242
2174637035,same-system,359
2154349919,human,52
2170237978,same-system,66
2174637671,same-system,115
2114824090,human,79
2234498623,same-system,171
2248969661,human,365
2204486446,human,22
2204487286,human,25
2204497081,human,142
2176166030,human,80
2118985894,same-system,208
2164320664,human,170
2178022223,same-system,205
2249253842,human,69
2171656065,same-system,155
2220121330,same-system,459
2118968522,human,34
2232841170,same-system,128
2211922751,human,65
2211923029,human,111
2211923255,human,156
2211923927,human,320
2464317365,same-system,70
2134826722,human,38
2103592687,human,82
2191457835,human,380
2150457360,human,39
2130336376,human,110
2130351162,human,403
2222919416,human,124
2127742156,same-system,142
2159404219,same-system,229
2205471454,human,63
2124667989,same-system,59
2108176771,same-system,307
2206425035,same-system,68
2100110909,human,162
2132672005,same-system,193
2167088469,human,517
2219540963,same-system,203
2209592231,human,574
2101285754,same-system,537
2211916190,same-system,72
2154500331,human,61
2154501496,human,31
2154505199,human,49
2154506830,human,49
2154508606,human,144
2154509549,human,36
2154510974,human,49
2188125507,human,57
2169356232,human,15
2183619010,human,118
2180493950,human,119
2100988325,same-system,218
2207880585,human,1030
2207881458,human,72
2139541138,human,97
2096558237,human,70
2203944660,same-system,69
2182691960,human,86
2182695262,human,143
2182696326,human,50
2182696500,human,50
2182696866,human,50
2182697399,human,50
2182697559,human,50
2182697686,human,50
2182698010,human,50
2182698177,human,50
2182699391,human,111
2163062485,same-system,79
2143652558,human,68
2099223311,same-system,78
2179626505,human,53
2213789227,same-system,259
2109557857,same-system,46
2126206804,same-system,81
2180653528,same-system,72
2232343066,human,18
2224883551,human,84
2180664651,human,124
2096516078,human,144
2096520837,human,299
2096522307,human,128
2096524134,human,203
2096524991,human,196
2096525406,human,196
2096525727,human,196
2096527177,human,113
2096527488,human,19
2125152100,same-system,153
2138253989,human,60
2138951211,human,221
2138951882,human,105
2103545132,same-system,323
2101135354,same-system,420
2325609069,human,96
2191447223,human,17
2144690262,same-system,105
2202989005,same-system,207
2193666140,same-system,130
2102364870,human,156
2136538069,human,1978
2136538258,human,6
2100953585,human,155
2155164044,human,61
2192880125,human,52
2122408920,human,59
2116166105,same-system,65
2113549943,same-system,217
2156406564,same-system,44
2165086731,human,49
2129370215,human,491
2122612021,human,857
2173857307,same-system,118
2136096373,human,207
2183382279,same-system,103
2190144632,human,199
2232387722,same-system,89
2197457605,human,37
2215710961,same-system,206
2169117505,same-system,67
2210957845,same-system,276
2149719904,same-system,170
2128345705,same-system,138
2168809865,same-system,165
2132387302,human,1261
2144317666,same-system,182
2286887861,human,171
2175571098,human,63
2116257799,same-system,170
2213154847,same-system,105
2209295576,human,101
2179335821,human,14
2144695184,same-system,94
2190735306,same-system,299
2243194417,human,74
2211925311,human,48
2195441392,same-system,97
2156233275,same-system,83
2174697151,human,33
2207854792,human,158
2117953332,same-system,140
2230562267,human,45
2230590304,human,123
2230620603,human,540
2230623109,human,56
2101432324,same-system,282
2101271263,human,92
2242162810,human,296
2098029714,human,77
2156307996,same-system,166
2099090900,human,214
2182104403,same-system,136
2147480795,human,26
2136516994,same-system,39
2177581781,human,183
2150382014,human,61
2151324185,same-system,106
2227549475,same-system,105
2207865547,same-system,91
2101347984,human,59
2101348119,human,16
2101348867,human,170
2123264178,same-system,91
2238558818,human,81
2104750880,same-system,74
2164879036,human,49
2202709758,human,17
2216809999,same-system,217
2210179926,same-system,160
2167527242,same-system,45
2204666408,human,125
2118129061,human,1418
2116889165,human,12
2123371427,same-system,132
2223429503,same-system,221
2139561741,same-system,1001
2248997814,same-system,226
2203154389,same-system,326
2232887005,same-system,100
2101462515,human,64
2171216586,same-system,210
2218799402,same-system,75
2185917149,human,51
2154007943,human,216
2101808435,same-system,39
2195477918,human,294
2196650702,same-system,104
2126143037,human,113
2320945822,human,12
2196062944,same-system,94
2167419155,same-system,120
2115909469,same-system,116
2148994268,human,87
2203152705,human,288
2289788899,human,128
2145868187,same-system,245
2136702458,human,149
2102626034,human,37
2140374589,human,61
2153889660,human,108
2180074987,same-system,79
2175896091,same-system,138
2102688616,human,190
2102691476,human,100
2102693246,human,162
2132996280,human,56
2167804206,human,104
2136593729,same-system,71
2153331322,same-system,86
2137224353,same-system,415
2126470547,same-system,644
2173826467,same-system,159
2247638505,same-system,341
2116630582,human,68
2096547421,human,78
2203252308,human,188
2202318827,same-system,226
2100825004,same-system,210
2210530052,human,48
2116126913,same-system,60
2211279508,same-system,196
2231507459,same-system,406
2184108336,human,95
2159266515,same-system,179
2135128556,same-system,195
2101919825,same-system,354
2102451930,same-system,171
2124823039,same-system,177
2116852072,same-system,158
2101075670,same-system,88
2122420683,same-system,328
2116058740,human,532
2262256873,human,18
2173384650,human,82
2103370929,same-system,395
2236546877,human,432
2212693976,same-system,249
2115135319,same-system,215
2180784191,human,23
2159542325,same-system,462
2242365631,same-system,90
2146089248,same-system,235
2178159776,same-system,207
2118148545,same-system,257
2119143105,human,167
2158450816,human,53
2127981949,human,212
2234924002,same-system,135
2116884523,same-system,119
2179937255,human,27
2114888926,same-system,130
2162829603,same-system,79
2201301041,same-system,220
2179407964,same-system,259
2151042216,human,1115
2244118831,same-system,259
2244118840,same-system,1633
2244118847,same-system,248
2244118849,same-system,236
2113606042,same-system,202
2241837131,same-system,140
2188506567,same-system,63
2100946744,same-system,208
2230654035,same-system,106
2107146389,same-system,68
2150486858,human,69
2188079689,human,154
2133659872,same-system,294
2182911130,human,104
2178759839,same-system,275
2242708710,same-system,268
2157822874,same-system,134
2203269080,same-system,216
2111677857,human,84
2111678338,human,53
2133080843,same-system,58
2145298211,human,73
2167168242,human,202
2143086754,human,471
2175682508,human,37
2204335305,human,194
2141568644,same-system,33
2220707059,same-system,143
2203221527,same-system,52
2103539707,same-system,87
2112184955,same-system,245
2238577830,same-system,205
2096581686,same-system,140
2108622593,same-system,116
2180258006,same-system,261
2243121564,same-system,176
2176177152,same-system,173
2132503131,same-system,420
2132241161,same-system,142
2146098633,same-system,72
2171853512,human,138
2216771914,same-system,155
2190004859,same-system,248
2098798456,human,83
2211237614,same-system,101
2169213860,same-system,74
2172862276,same-system,76
2172866998,human,139
2172868831,human,184
2172869801,human,65
2103632886,human,92
2153331915,same-system,55
2157822772,same-system,92
2344259429,same-system,297
2146426675,same-system,261
2128571854,human,32
2180470954,same-system,151
2110984567,same-system,176
2097962600,same-system,112
2122349072,human,7
2219082016,human,130
2201370375,same-system,243
2183654614,human,203
2162261967,human,279
2180075205,same-system,67
2192079502,same-system,70
2184251147,human,90
2203304137,human,163
2203307091,human,163
2203310667,human,179
2203312494,human,169
2203313389,human,170
2216790018,human,201
2216798221,human,284
2123211333,human,119
2123213347,human,133
2150969839,same-system,224
2099098359,same-system,170
2207942711,same-system,390
2103539213,same-system,219
2118573699,same-system,340
2156144262,same-system,656
2178199053,human,128
2146274288,same-system,79
2268633719,same-system,254
2268633734,same-system,226
2268633738,same-system,349
2268633742,same-system,386
2268633746,same-system,1920
2200871503,human,182
2255491560,human,401
2169910795,human,258
2172684040,human,41
2172686121,human,16
2172686348,human,16
2172686600,human,16
2172686824,human,16
2172687223,human,16
2172689805,human,57
2172690861,human,156
2101351794,same-system,177
2116886761,same-system,97
2153866258,human,80
2191022284,same-system,235
2148945731,human,68
2140634618,same-system,77
2099117993,same-system,193
2114440357,human,688
2113672669,same-system,135
2113483082,same-system,273
2214365003,human,31
2214365607,human,29
2214366036,human,31
2214377670,human,139
2214378738,human,218
2238008602,same-system,297
2238008609,same-system,297
2238008618,same-system,297
2175934462,human,148
2175941076,human,112
2116736345,same-system,79
2136576060,human,314
2136577397,human,108
2136580943,human,130
2143668221,same-system,47
2117907538,human,45
2102184505,human,50
2116888152,same-system,56
2104198967,same-system,126
2148927966,same-system,82
2336663871,same-system,266
2201497447,same-system,90
2203059258,same-system,281
2102971086,same-system,315
2143458928,human,75
2143480144,human,559
2207030349,same-system,54
2213456435,same-system,1152
2181813495,same-system,277
2181813506,same-system,188
2164875147,human,183
2382508668,human,54
2169590881,human,66
2140478307,same-system,62
2195844965,human,44
2155569084,same-system,114
2164426660,human,31
2143651035,human,234
2207889950,human,17
2097962886,same-system,159
2190089506,human,48
2163854896,same-system,189
2178290257,human,128
2173096756,same-system,95
2112414700,same-system,296
2176148520,human,46
2139611328,human,145
2225905461,human,55
2165241317,human,34
2174596926,same-system,257
2215152403,human,507
2199111747,human,61
2180668156,human,100
2212003919,human,776
2166233622,same-system,237
2222926808,same-system,98
2116219536,human,178
2219313476,same-system,258
2138952541,human,57
2178535921,same-system,203
2201378573,same-system,151
2247045626,human,56
2247049590,human,31
2247062901,human,1000
2247067231,human,40
2102061219,same-system,61
2220011288,human,17
2220015886,human,33
2220016286,human,39
2220018704,human,170
2220020702,human,52
2220021072,human,27
2113050050,same-system,63
2190994263,same-system,99
2172075387,human,37
2178251793,same-system,129
2178759809,same-system,150
2106283864,same-system,267
2139139511,human,289
2114614462,same-system,148
2114614478,same-system,363
2125601829,same-system,109
2238942600,same-system,94
2212730386,same-system,87
2136883524,same-system,200
2168015270,human,112
2234582919,same-system,165
2226021628,human,59
2186468679,same-system,179
2236487331,human,104
2210028268,human,103
2228690769,human,38
2153961625,same-system,207
2203629193,human,126
2246430119,human,805
2143129102,human,48
2198578453,human,207
2198578828,human,118
2198581993,human,181
2198585494,human,56
2193874923,same-system,78
2160240268,human,99
2215835923,human,220
2106392036,human,373
2106394366,human,154
2125467733,human,19
2120833987,same-system,152
2175730124,same-system,119
2145150990,human,86
2145999337,human,106
2146000053,human,90
2146000431,human,93
2146008729,human,158
2146014654,human,285
2179858266,human,51
2148918365,same-system,59
2192095784,human,18
2096891903,human,56
2096893240,human,103
2096895104,human,45
2217283115,same-system,153
2200218929,same-system,104
2241749682,human,51
2180775604,human,35
2101280418,human,86
2159690973,same-system,207
2138461454,same-system,99
2230572106,same-system,335
2226954867,human,125
2105064109,human,23
2174951582,same-system,175
2233631176,human,6
2184537289,human,90
2203179831,same-system,55
2172909191,human,35
2172910226,human,210
2181001222,human,91
2209155307,same-system,40
2203217701,human,44
2138290806,human,108
2156588516,human,130
2174723704,same-system,48
2193874643,same-system,77
2176320005,same-system,271
2158108198,same-system,399
2109559333,same-system,46
2100669075,same-system,45
2197833259,human,47
2198565308,human,82
2242818038,same-system,99
2231330520,same-system,48
2145344171,human,4
2114886274,same-system,155
2104733871,human,89
2175252760,same-system,135
2170238256,same-system,74
2179238017,human,18
2105900461,same-system,96
2103429054,human,69
2103429646,human,59
2103429945,human,28
2188120251,same-system,73
2188122033,same-system,287
2178265834,same-system,136
2124039793,same-system,108
2239738027,human,293
2181818490,same-system,243
2181818523,same-system,199
2159249561,same-system,300
2159249591,same-system,186
2159249604,same-system,989
2192118659,same-system,116
2118985831,same-system,81
2118024140,same-system,278
2180675495,human,81
2180676502,human,34
2180680607,human,78
2196292148,same-system,219
2103376958,human,77
2098715603,same-system,58
2216480847,same-system,319
2216480863,same-system,268
2121573895,human,103
2125601982,same-system,137
2130337152,human,122
2130346031,human,226
2130347931,human,26
2130356732,human,163
2208349559,human,75
2118881155,same-system,253
2241927336,human,146
2138873050,human,145
2173924141,human,54
2173924406,human,42
2173924862,human,31
2173924914,human,28
2173924961,human,96
2173925054,human,89
2173941926,human,11
2173942184,human,99
2173942332,human,85
2115802570,human,151
2203946428,same-system,95
2238817616,human,17
2254904936,same-system,263
2136727125,same-system,296
2100621378,same-system,338
2099580178,same-system,961
2245313341,same-system,230
2124839685,same-system,1066
2178923537,same-system,228
2114451724,same-system,575
2101307595,same-system,67
2235485035,human,417
2235489751,human,93
2235583618,human,208
2235588180,human,954
2235674694,human,894
2235719873,human,864
2235723009,human,98
2184472358,human,32
2104230564,same-system,278
2140820240,same-system,290
2141480653,human,151
2141491935,human,28
2138293498,human,129
2178778985,same-system,101
2152380314,human,169
2152380983,human,16
2202539974,same-system,57
2152058707,human,27
2097735213,human,69
2102061667,same-system,111
2234781116,human,29
2182027494,same-system,399
2180053728,human,115
2140479855,human,179
2161428947,same-system,106
2179989097,human,209
2203946355,same-system,73
2138334947,human,19
2096455320,same-system,492
2183005736,same-system,223
2138899041,same-system,540
2103642516,same-system,264
2101299085,same-system,156
2166938864,human,128
2102343802,human,29
2206467033,same-system,113
2203465667,same-system,85
2101751595,human,43
2104709759,human,98
2161987774,same-system,377
2140302554,human,215
2227781028,human,98
2211816901,human,306
2101017635,same-system,336
2175550168,human,155
2101295973,human,376
2144130496,same-system,213
2143647275,human,101
2157934456,human,29
2116847662,same-system,151
2230629921,human,95
2150780343,same-system,1265
2205465678,same-system,96
2179981670,same-system,129
2178613469,human,129
2108414646,human,44
2132991070,same-system,91
2117953354,same-system,106
2188541858,same-system,118
2176157979,same-system,71
2123865072,human,49
2169395785,same-system,64
2241948827,human,28
2241951607,human,16
2159490140,human,383
2184461835,same-system,299
2183767218,same-system,279
2154560190,same-system,73
2096225939,human,39
2100663519,human,21
2210552102,same-system,153
2198673940,human,81
2198676306,human,81
2344457731,human,30
2190476296,same-system,187
2139347379,human,120
2174495842,same-system,294
2215054426,same-system,158
2169496844,human,442
2205284638,same-system,58
2145393662,human,59
2172901789,same-system,80
2293283045,same-system,41
2161248796,human,73
2159693551,same-system,189
2140454680,human,56
2140456219,human,154
2140456879,human,101
2140460835,human,222
2140467023,human,173
2102188244,human,130
2227471725,same-system,158
2173826879,same-system,170
2165441984,human,155
2209644492,same-system,231
2169888003,human,159
2169888919,human,33
2169889727,human,56
2132367700,human,72
2101246391,human,101
2155171713,human,80
2101078005,same-system,59
2252688251,same-system,138
2169865807,same-system,114
2138281221,human,129
2099926428,human,38
2167527504,same-system,130
2226092395,human,31
2226093548,human,28
2231175156,same-system,242
2135752363,human,119
2230965095,human,29
2117596511,human,40
2215710858,same-system,182
2155089506,same-system,141
2100991400,human,97
2138579753,human,531
2138190724,same-system,202
2107069160,same-system,260
2107863549,human,259
2121606527,same-system,96
2127417585,same-system,155
2143138676,same-system,244
2231152231,same-system,201
2179139197,human,68
2179139488,human,68
2402742880,human,119
2215034646,human,123
2215037861,human,121
2231725993,same-system,103
2102358900,same-system,75
2175585053,human,367
2143126776,same-system,69
2190710831,human,176
2140733718,human,78
2203946662,same-system,55
2130899268,human,301
2152533937,same-system,255
2157696660,human,67
2192967221,same-system,87
2098715405,same-system,65
2138995703,human,81
2138996386,human,195
2138999189,human,349
2139000347,human,18
2101075980,same-system,96
2182765000,same-system,98
2205362338,same-system,127
2184172043,human,312
2155562255,human,244
2192862628,human,60
2230606867,human,130
2167741028,human,131
2101498105,human,117
2108859050,same-system,99
2141129630,human,40
2159226765,human,95
2103362205,same-system,303
2240818602,human,325
2212639031,same-system,340
2211237088,same-system,71
2176091030,human,205
2100112993,human,112
2100114290,human,101
2100847051,human,12
2100847265,human,12
2222958344,human,109
2173599702,same-system,112
2124701851,human,71
2217972546,same-system,93
2127345049,human,18
2127345397,human,18
2127345514,human,18
2127346324,human,114
2127347271,human,18
2133072810,same-system,89
2203221553,same-system,42
2244664245,human,96
2244666808,human,116
2210081527,same-system,104
2234202715,same-system,136
2112185265,same-system,167
2154814854,same-system,110
2143125999,same-system,173
2244493877,same-system,115
2240798642,human,89
2225054294,same-system,623
2231802147,human,69
2236411029,human,464
2216579314,same-system,207
2117573951,human,61
2168060846,same-system,154
2102926114,same-system,112
2146412785,human,94
2136453533,human,16
2220244367,same-system,132
2140728128,human,27
2157376189,same-system,228
2183250480,same-system,237
2144745782,same-system,89
2128569322,human,49
2125123454,same-system,72
2243331379,same-system,219
2114443924,human,179
2104545683,same-system,336
2207911903,same-system,58
2183779272,same-system,245
2132990081,same-system,186
2151356084,human,37
2143337603,same-system,224
2167104389,same-system,841
2124772105,same-system,166
2176177196,same-system,173
2102814416,human,55
2216506862,same-system,264
2215179267,same-system,402
2185732544,human,22
2113537798,human,215
2113540716,human,200
2195540528,human,157
2138279727,human,33
2138280078,human,34
2138280284,human,25
2146059358,same-system,531
2173529718,same-system,62
2235789628,same-system,259
2180649058,same-system,54
2174539322,same-system,204
2096231733,human,76
2191709768,human,93
2159761293,human,35
2099230160,human,514
2136167738,human,106
2137145484,human,24
2141308032,same-system,67
2176169316,human,48
2114751008,human,14
2114751269,human,27
2114752363,human,52
2114756215,human,36
2114756458,human,36
2114757292,human,195
2134559243,same-system,209
2210620437,same-system,63
2138616015,same-system,45
2109724776,human,408
2116475442,human,45
2116476063,human,43
2116476435,human,45
2116478011,human,37
2247989797,same-system,224
2137738770,same-system,71
2228917603,same-system,119
2106370526,same-system,1277
2105065904,human,48
2102698552,human,123
2151067158,human,850
2190711084,same-system,235
2124740642,same-system,224
2151290983,same-system,361
2343822667,same-system,119
2104151107,human,125
2099223201,same-system,98
2178759107,same-system,212
2172862310,same-system,74
2159990459,human,62
2217344826,human,221
2153314469,human,253
2153314659,human,268
2153314844,human,245
2153315055,human,260
2153316313,human,190
2153316800,human,136
2153317372,human,37
2153317751,human,80
2153318611,human,46
2153321166,human,76
2153321913,human,59
2153322219,human,59
2153322981,human,74
2153323663,human,203
2225030384,human,121
2213117982,same-system,205
2209030184,same-system,95
2178732524,same-system,405
2146961131,human,86
2221581651,same-system,266
2130506326,human,818
2230493018,human,122
2210388606,same-system,124
2132906129,same-system,321
2146743743,same-system,362
2103410513,same-system,595
2114107977,human,105
2114110929,human,153
2202861499,same-system,97
2145305779,same-system,95
2162232344,human,21
2180758833,human,69
2198602463,same-system,230
2129207007,same-system,252
2111703536,human,100
2111705687,human,162
2170359368,same-system,175
2205835465,same-system,190
2161446135,same-system,97
2203221629,same-system,46
2135722590,human,163
2113550366,same-system,348
2159297071,same-system,133
2201162453,same-system,393
2234202797,same-system,130
2203074077,same-system,457
2141533155,same-system,153
2144938683,same-system,198
2124299263,human,341
2159544861,same-system,396
2105155811,same-system,411
2144378677,human,94
2183490140,same-system,60
2103971718,same-system,225
2200648403,same-system,233
2230636603,same-system,95
2145339387,human,135
2145340348,human,48
2104326175,same-system,277
2197460634,same-system,214
2223755135,human,135
2121477817,human,94
2218088597,human,64
2218089031,human,323
2218091402,human,194
2209147204,human,245
2134061902,human,99
2134062948,human,10
2134063079,human,27
2134063107,human,84
2116053290,same-system,244
2116053302,same-system,261
2116053312,same-system,154
2180593166,human,39
2097870626,same-system,64
2153384422,human,916
2140938586,human,48
2120604015,same-system,45
2096495258,same-system,161
2096495261,same-system,161
2175644668,same-system,283
2155046816,same-system,136
2097099301,human,64
2288435036,human,41
2138464466,same-system,337
2138464481,same-system,266
2138464488,same-system,442
2139164958,same-system,370
2108897602,same-system,526
2108897628,same-system,201
2108897635,same-system,262
2108897646,same-system,284
2175942180,human,10
2183956298,human,18
2183959179,human,612
2228204479,human,48
2210031739,same-system,258
2222942335,human,43
2140447158,same-system,70
2150112749,human,38
2143088492,human,17
2143089454,human,50
2143090047,human,18
2143090534,human,50
2143091677,human,23
2183182326,human,138
2103353351,human,104
2173585943,same-system,357
2175628778,same-system,92
2145992107,human,136
2222959428,human,160
2097291362,human,112
2182940209,human,30
2182940463,human,56
2233626045,same-system,172
2233626047,same-system,651
2233626048,same-system,208
2233626049,same-system,737
2105252306,same-system,90
2196793049,human,17
2216196186,human,134
2133696453,same-system,372
2190719640,same-system,112
2167266468,same-system,96
2247216350,human,90
2213675639,same-system,224
2125193667,same-system,177
2205239129,same-system,54
2133036888,human,173
2185495883,human,136
2190908204,human,86
2137380928,human,20
2099218458,same-system,308
2232554116,same-system,169
2202863218,same-system,95
2106514641,human,137
2123466347,same-system,183
2123466355,same-system,189
2169214479,same-system,45
2097880990,same-system,71
2151296100,human,73
2151296174,human,58
2151303454,human,41
2151303647,human,41
2151307729,human,109
2205488709,human,248
2194721032,human,39
2114789049,same-system,182
2107264810,same-system,278
2243479040,same-system,129
2109789565,same-system,166
2128928813,same-system,92
2231534450,human,141
2161971672,same-system,215
2173857283,same-system,66
2194036306,same-system,240
2141381022,same-system,176
2159635783,same-system,102
2151324043,same-system,189
2220029630,same-system,52
2178320946,human,141
2125612314,same-system,164
2125612318,same-system,195
2125612322,same-system,227
2113564009,human,3901
2113565957,human,209
2151366942,same-system,287
2161126466,same-system,333
2227726590,same-system,46
2228647373,human,43
2138389951,same-system,97
2193079316,same-system,78
2397398611,same-system,275
2233025412,human,443
2202429875,human,141
2166088709,same-system,223
2112692484,same-system,147
2198191820,same-system,138
2218105132,human,23
2210263221,same-system,115
2223422082,same-system,307
2124962675,human,25
2183630415,human,43
2162741569,human,69
2175414064,same-system,43
2215530413,same-system,50
2195494266,same-system,335
2141260553,same-system,442
2150989212,human,43
2150991256,human,151
2213002816,same-system,16
2202799862,same-system,93
2207610975,human,72
2116867607,human,91
2167398523,human,198
2167398852,human,609
2167399039,human,86
2167399169,human,91
2167400869,human,179
2167401911,human,386
2167402242,human,58
2167402492,human,302
2167404632,human,105
2167406051,human,84
2167407161,human,195
2236569904,same-system,604
2116923208,same-system,175
2153029266,human,124
2153030327,human,72
2153043501,human,248
2136059504,same-system,97
2202333663,same-system,110
2190712157,human,237
2175696935,human,78
2141568420,same-system,16
2165013150,human,224
2326309990,same-system,147
2210873147,human,79
2210873574,human,122
2210875860,human,172
2193020944,same-system,107
2121215939,same-system,235
2101054543,human,468
2101101239,same-system,118
2144481064,same-system,75
2213716436,same-system,265
2241081940,same-system,143
2101132648,human,87
2096663352,same-system,69
2190699522,human,157
2211237983,same-system,86
2130395155,human,63
2141532913,same-system,73
2236438262,same-system,156
2183206233,same-system,205
2215188002,same-system,178
2139402101,same-system,190
2104032912,human,76
2166470719,same-system,209
2210087712,human,257
2198811825,same-system,176
2167787490,same-system,113
2169837659,same-system,154
2096533766,same-system,106
2183932691,same-system,333
2102359177,same-system,98
2143833349,human,61
2155823453,human,105
2155824765,human,69
2155832408,human,121
2178222164,human,165
2114776249,human,79
2211916277,same-system,72
2143646944,human,139
2101032486,human,43
2101033095,human,112
2101033941,human,117
2101037509,human,70
2101037718,human,103
2101037955,human,68
2101038122,human,118
2180470774,same-system,177
2114182263,same-system,103
2136684462,human,74
2323632374,human,29
2241057347,same-system,89
2169598881,human,18
2096621403,same-system,167
2141302011,same-system,129
2140739066,same-system,102
2195439448,same-system,117
2096646313,same-system,65
2230811009,human,63
2185008100,same-system,128
2145305452,human,47
2145310254,human,44
2096645256,same-system,77
2217307172,human,113
2157347042,same-system,240
2190140940,human,297
2159165325,human,470
2159168087,human,232
2159170806,human,395
2159171929,human,43
2166986140,human,105
2097443558,same-system,65
2212685444,same-system,135
2141300875,human,101
2205471750,same-system,292
2183410252,same-system,171
2123874781,human,103
2316333969,human,82
2176320052,same-system,290
2139802334,same-system,135
2100966950,same-system,480
2214730791,same-system,49
2162014424,human,80
2143165215,human,108
2162896917,same-system,251
2179308628,human,14
2105790439,human,27
2213155449,same-system,71
2238918650,human,87
2122007712,same-system,140
2104693928,human,137
2121712369,same-system,196
2127379681,same-system,202
2207646000,human,38
2207648581,human,59
2207656650,human,276
2131876527,human,67
2128388626,human,64
2180650887,same-system,250
2146068172,human,68
2146068367,human,31
2146069604,human,69
2146070286,human,30
2146070358,human,30
2146070411,human,30
2146070795,human,50
2169117313,same-system,68
2097814937,human,1480
2214749208,same-system,81
2179866341,same-system,105
2125237308,human,18
2138966186,same-system,119
2145514369,human,134
2222675635,same-system,214
2151199999,human,2
2198865230,same-system,72
2168978841,same-system,134
2101618141,same-system,70
2181161305,human,145
2181162683,human,137
2098944888,same-system,127
2209008974,human,65
2216850247,human,137
2102975995,human,19
2127198339,human,89
2204892447,same-system,231
2188515082,same-system,115
2097961476,same-system,64
2097427493,same-system,41
2109789585,human,24
2136867032,human,55
2196279804,human,120
2140937591,human,158
2174621404,human,126
2230654762,human,41
2230766012,human,234
2221587994,same-system,341
2121334843,same-system,257
2194058128,same-system,434
2183120540,human,149
2199113041,same-system,181
2105771957,human,157
2105772098,human,211
2105772246,human,191
2105772360,human,85
2211824490,human,166
2141251806,human,99
2316373075,same-system,87
2106256595,same-system,116
2146088136,same-system,95
2194334786,human,262
2194336875,human,254
2155941090,human,23
2155941203,human,23
2173958017,same-system,106
2343317851,same-system,191
2202861110,same-system,98
2157714478,human,102
2211263204,same-system,191
2216662562,same-system,240
2118721717,same-system,143
2154066949,same-system,175
2164523215,same-system,88
2224483543,human,94
2241023631,human,70
2109808548,same-system,268
2195889957,human,54
2171336965,same-system,168
2190222382,same-system,120
2101150793,human,123
2274845713,human,143
2100053671,same-system,163
2133143516,same-system,105
2222022041,same-system,179
2227882865,human,63
2138842918,human,237
2138843560,human,22
2138844034,human,57
2138844388,human,92
2138844911,human,58
2146818038,same-system,241
2193412262,human,222
2100047613,same-system,122
2136865395,human,251
2162723066,same-system,155
2236791065,human,124
2236878218,human,52
2105884004,same-system,203
2141381400,same-system,159
2139285929,same-system,194
2165123666,human,230
2165124527,human,61
2165127624,human,398
2172972435,human,208
2176062907,same-system,371
2172074260,human,27
2121973970,same-system,499
2167323586,human,109
2183709029,human,128
2183720154,human,59
2124399975,same-system,69
2102925982,human,50
2143015005,same-system,47
2178179026,human,64
2183414190,same-system,89
2213716300,same-system,124
2201936519,human,77
2201941795,human,219
2241048399,human,19
2241048558,human,19
2241049222,human,19
2176317954,human,243
2132990520,same-system,127
2241590435,human,82
2241591534,human,36
2241592049,human,31
2210530844,same-system,97
2208049915,same-system,402
2234085042,human,122
2234085281,human,85
2234085689,human,139
2150922352,human,26
2225138897,same-system,438
2219283982,human,131
2154647672,same-system,143
2103433082,same-system,55
2233034091,same-system,275
2244123222,same-system,481
2233322809,same-system,97
2103539866,same-system,171
2136558555,human,78
2136558958,human,280
2136559323,human,81
2231525634,same-system,106
2166064992,human,43
2199541668,same-system,118
2170238551,same-system,89
2143809717,same-system,176
2103779608,human,25
2201215853,same-system,101
2204697421,same-system,57
2133603299,same-system,402
2133603328,same-system,214
2118980659,same-system,126
2159232741,same-system,72
2193521340,same-system,421
2145908309,human,202
2101440653,same-system,194
2119526007,same-system,126
2119526024,same-system,181
2119526038,same-system,96
2119526049,same-system,177
2119526059,same-system,165
2119526068,same-system,138
2119526074,same-system,222
2319440732,human,16
2193684089,same-system,79
2157670859,same-system,219
2121698904,human,77
2136883247,same-system,142
2268647572,human,58
2164952478,same-system,289
2097958388,same-system,162
2121898949,same-system,77
2213155139,same-system,84
2191224480,same-system,124
2152481203,same-system,430
2109549220,same-system,60
2110115673,same-system,105
2104732066,same-system,148
2136811323,human,75
2124738019,same-system,94
2210908182,same-system,143
2237353256,same-system,565
2164262201,same-system,79
2182764808,same-system,98
2138849762,same-system,99
2193665060,same-system,345
2233276852,human,45
2226043598,same-system,82
2203464615,same-system,192
2107246645,human,127
2107248761,human,122
2157628450,same-system,63
2128892860,human,82
2141596720,same-system,43
2198656727,same-system,130
2210138006,same-system,184
2119190845,human,228
2180515963,same-system,124
2227169916,human,112
2193812886,same-system,243
2169606158,same-system,158
2203946509,same-system,86
2224250807,human,56
2234951392,same-system,41
2104531439,human,242
2162076646,same-system,201
2210677118,human,107
2192145527,same-system,146
2124397459,human,90
2205532447,human,87
2184110388,same-system,157
2143137403,human,38
2098488581,same-system,313
2210213831,human,47
2209125524,human,33
2103371122,human,195
2125922583,human,84
2181958656,same-system,850
2132404930,human,131
2136704216,human,80
2175099241,same-system,336
2181092374,same-system,114
2164232457,same-system,62
2242566700,same-system,151
2242566717,same-system,542
2242566753,same-system,352
2242566769,same-system,519
2242566795,same-system,218
2242566822,same-system,201
2242566837,same-system,216
2242566850,same-system,203
2240734546,same-system,234
2154559837,same-system,73
2336645662,human,75
2116252406,human,52
2179940093,human,106
2112442880,same-system,78
2142083337,human,9
2142104163,human,146
2142117128,human,129
2142128085,human,93
2142137635,human,184
2096475565,human,89
2208951985,human,26
2203271515,same-system,46
2231175374,same-system,122
2192973241,same-system,104
2151335303,same-system,67
2183076436,human,66
2183095686,human,75
2183098636,human,82
2150827810,same-system,390
2164261923,same-system,112
2150299032,human,22
2127404019,human,67
2213038800,same-system,66
2223079182,same-system,258
2223079192,same-system,338
2223079208,same-system,437
2223079219,same-system,164
2223079229,same-system,164
2223079247,same-system,327
2100825576,same-system,272
2173927483,human,163
2182858405,same-system,84
2167045091,same-system,198
2167045117,same-system,335
2103126102,human,38
2149720125,same-system,204
2147503707,same-system,332
2128583594,same-system,364
2154151776,human,198
2141257692,human,81
2141258400,human,160
2141258858,human,52
2141261940,human,93
2141262138,human,42
2169216502,same-system,70
2212871115,same-system,57
2128342570,human,49
2164310247,human,239
2164315729,human,292
2164315999,human,32
2167247337,human,260
2167254778,human,52
2167255855,human,90
2167256021,human,33
2167258418,human,258
2137395014,same-system,45
2178337508,same-system,56
2210766117,same-system,207
2145525980,human,160
2145527125,human,254
2123279383,same-system,156
2185928296,human,18
2144110291,human,128
2209467794,same-system,168
2181735156,same-system,269
2102881800,human,78
2176670749,human,17
2181133547,human,179
2229081778,human,191
2212250649,same-system,205
2238930611,same-system,127
2127974794,human,74
2127975755,human,541
2110986946,human,75
2141355415,human,28
2141355833,human,28
2209696038,human,110
2209706331,human,48
2209714996,human,120
2209717980,human,193
2129684938,human,136
2103483532,same-system,276
2246635930,same-system,186
2174963124,same-system,196
2109543902,human,20
2246079159,same-system,131
2228212938,human,136
2124782100,human,1019
2212009451,human,169
2202729478,human,77
2202736609,human,50
2202739684,human,20
2202740075,human,24
2202742028,human,10
2202742625,human,21
2202745581,human,13
2202747627,human,78
2187418380,same-system,312
2100671692,same-system,83
2141166053,same-system,411
2183638677,same-system,178
2199353184,human,283
2194294861,same-system,267
2215691935,human,54
2215694256,human,27
2215696512,human,35
2215701118,human,19
2224712973,same-system,477
2140561917,human,10
2198683904,human,104
2138864230,same-system,489
2140610151,human,30
2096532661,same-system,102
2113672390,same-system,129
2104984720,human,186
2201659474,same-system,313
2145946560,same-system,235
2124886289,same-system,187
2217986397,same-system,102
2167961333,same-system,285
2243157293,human,259
2182916002,same-system,58
2158772039,human,79
2233862531,human,13
2216376005,human,222
2097652435,human,109
2097653928,human,76
2097654655,human,25
2155283686,human,32
2156712633,same-system,292
2231501427,human,76
2231502163,human,79
2231502853,human,76
2231503066,human,76
2231503759,human,79
2231503912,human,76
2231504105,human,76
2231504711,human,79
2231504915,human,76
2231505520,human,19
2231507057,human,117
2157579231,same-system,184
2176178172,same-system,146
2188258750,human,886
2167302917,human,101
2102815339,same-system,228
2241923845,same-system,260
2105900508,same-system,102
2105024532,human,115
2195952220,human,18
2229477727,same-system,190
2101076305,same-system,80
2145559481,human,67
2180655509,human,38
2099288694,same-system,254
2097880733,same-system,113
2161424964,human,35
2169351749,human,14
2118951099,human,325
2100825764,same-system,198
2137163234,same-system,82
2099903757,human,100
2127429208,same-system,148
2205448923,human,67
2165180294,same-system,690
2180902755,human,160
2097671635,same-system,84
2179448595,same-system,154
2167765704,same-system,250
2101584961,human,18
2156685177,same-system,227
2139027520,human,46
2158496877,same-system,313
2180470140,same-system,320
2201515338,same-system,107
2125117889,human,10
2114771890,same-system,163
2220024597,human,53
2189113290,same-system,84
2185751309,same-system,192
2203464659,same-system,230
2246735607,human,333
2180602733,human,97
2159533311,human,115
2159537957,human,347
2153757091,human,102
2233297927,human,52
2201378579,same-system,133
2199501060,human,31
2199502943,human,167
2199505678,human,17
2199506756,human,63
2215327824,human,152
2190502523,same-system,119
2149736742,same-system,323
2262376016,human,367
2376804386,human,130
2127595662,same-system,180
2246063202,human,95
2246065188,human,45
2173968113,same-system,258
2097382489,human,96
2169587012,human,133
2169587988,human,138
2169588719,human,90
2169588944,human,95
2182564455,same-system,66
2196253794,same-system,357
2172862369,same-system,105
2125167304,same-system,549
2127161457,same-system,178
2127161469,same-system,180
2127161474,same-system,138
2239282548,human,52
2239283498,human,52
2239284191,human,52
2239284649,human,52
2239285379,human,52
2223474464,same-system,286
2191002712,same-system,250
2114421560,same-system,265
2114694736,human,14
2280516037,same-system,197
2176053505,same-system,148
2203327309,same-system,96
2172846700,same-system,200
2138924563,human,11
2125159387,same-system,228
2241208360,human,53
2241208749,human,53
2097279605,same-system,43
2098715210,same-system,125
2125160120,human,58
2101057486,human,41
2153614954,same-system,252
2218116705,human,103
2164769580,same-system,104
2151253109,human,52
2138768273,same-system,169
2198191751,same-system,179
2110613425,same-system,112
2102952441,human,79
2110997120,same-system,61
2211345436,same-system,143
2211352730,same-system,111
2164678851,same-system,527
2103568005,same-system,198
2240803553,same-system,146
2231456002,same-system,129
2242176697,same-system,187
2170110798,same-system,51
2132933635,human,161
2136127012,same-system,201
2125520444,same-system,141
2261115977,human,369
2100625867,same-system,268
2174820680,human,201
2464317338,same-system,90
2238961866,same-system,81
2133681635,same-system,150
2213002601,same-system,16
2213258141,same-system,146
2137395268,same-system,45
2133011721,human,5
2132686014,human,285
2132689246,human,46
2132694273,human,7
2132712937,human,34
2132737887,human,65
2132747913,human,466
2132750532,human,539
2132751847,human,203
2132794012,human,1252
2132821404,human,233
2132823853,human,128
2132824499,human,285
2132830707,human,26
2132834238,human,570
2132835811,human,19
2132847091,human,1017
2132861599,human,3106
2132870385,human,621
2132871882,human,6
2132873101,human,33
2132873624,human,6
2132874415,human,32
2132877816,human,17
2132878660,human,166
2132880103,human,75
2132885835,human,64
2132887333,human,11
2132888848,human,61
2362191107,human,72
2362192300,human,50
2362192611,human,15
2362197439,human,114
2193836640,human,143
2158251116,human,657
2164736152,same-system,190
2176692836,same-system,204
2156900083,same-system,325
2136716931,human,79
2179314105,same-system,253
2185097345,same-system,268
2121223987,human,357
2185007881,same-system,274
2102201702,same-system,220
2098761675,human,5
2239316351,same-system,100
2145538978,same-system,251
2288427517,human,46
2175252648,same-system,159
2180834727,same-system,201
2180834740,same-system,192
2391082311,same-system,222
2150734996,human,285
2103667974,human,43
2154839058,same-system,81
2223528209,same-system,580
2150130304,human,33
2150135716,human,96
2150139659,human,176
2150140426,human,32
2139351665,human,50
2099120186,same-system,174
2136867326,same-system,204
2186166125,same-system,302
2105880531,same-system,298
2105880553,same-system,577
2184911946,human,89
2103519085,same-system,252
2101580135,human,46
2136263764,same-system,126
2152942762,same-system,395
2111618890,human,18
2099682420,same-system,645
2141307727,same-system,88
2173798143,human,199
2231875109,human,45
2100483242,same-system,335
2101628209,human,424
2203252975,same-system,155
2192118794,same-system,132
2230128223,human,21
2230128629,human,52
2230129149,human,34
2230129381,human,33
2230129587,human,33
2230129761,human,33
2234584247,human,33
2173417334,same-system,133
2105179571,same-system,186
2155069216,human,132
2192595500,human,811
2124455990,human,33
2124456864,human,83
2155066073,human,265
2161446469,same-system,109
2117953320,same-system,125
2182719323,same-system,289
2128521829,same-system,217
2166203093,human,27
2207031496,same-system,179
2209461815,same-system,235
2187856656,same-system,276
2124655015,human,30
2150354074,same-system,191
2176123662,same-system,145
2119345191,same-system,228
2183410914,same-system,157
2103489602,same-system,381
2136728696,same-system,291
2231241428,same-system,197
2169837310,same-system,178
2218345367,same-system,103
2125627513,human,106
2209746983,same-system,112
2209961819,human,555
2157822853,same-system,139
2117366609,same-system,278
2098694306,human,95
2207479618,human,79
2346813978,human,1593
2162232759,human,21
2237624928,same-system,271
2211352670,same-system,96
2128389053,human,64
2138845571,human,48
2138869900,human,169
2138893018,human,77
2180897022,same-system,205
2185762632,human,568
2184246096,same-system,328
2140439869,same-system,287
2123226424,same-system,264
2134099233,human,147
2103378176,human,77
2180579362,human,62
2180580505,human,339
2180583430,human,120
2103252920,human,217
2202778504,same-system,79
2176123684,same-system,159
2141155375,human,18
2124414800,human,95
2107141918,human,41
2107142729,human,39
2170549087,same-system,90
2159216286,same-system,212
2121692085,same-system,156
2219320656,human,98
2187965892,human,306
2188515032,same-system,101
2147013706,same-system,209
2199319818,same-system,251
2167266186,same-system,109
2227892992,human,22
2104034195,same-system,114
2204361786,same-system,369
2165174318,same-system,481
2141169782,human,56
2117605634,same-system,183
2106049812,same-system,153
2105141843,human,182
2213064463,same-system,60
2106049766,same-system,174
2162875334,same-system,104
2128916555,same-system,382
2097845572,same-system,238
2097845607,same-system,260
2097845627,same-system,243
2097845644,same-system,363
2097845663,same-system,264
2097845674,same-system,354
2100054177,same-system,211
2178286101,same-system,146
2116100738,same-system,113
2110092844,human,387
2201339013,same-system,220
2153567297,same-system,158
2140704390,human,107
2195841911,human,20
2164580462,human,100
2157571680,same-system,292
2252623780,human,344
2189101734,same-system,167
2320946031,human,12
2151569624,human,2029
2222605120,human,35
2120651415,same-system,241
2235010503,human,38
2235013772,human,64
2235016763,human,65
2210387758,same-system,102
2121712113,same-system,56
2181457658,human,170
2218397607,human,157
2218398850,human,56
2218401123,human,164
2218402734,human,59
2177701421,same-system,59
2203221650,same-system,45
2196341141,same-system,90
2230831879,human,228
2224493816,same-system,561
2101386462,human,101
2102955432,same-system,137
2136191919,same-system,84
2238860589,same-system,67
2102241578,same-system,119
2181128147,human,129
2132937237,human,26
2206551681,human,49
2143173337,same-system,97
2193189967,human,81
2124712033,human,55
2228633025,same-system,341
2228633043,same-system,291
2211346660,human,52
2164661948,human,21
2198918266,human,294
2139396368,human,18
2247190626,same-system,157
2167876649,human,136
2128229271,human,57
2107264578,same-system,255
2157465571,same-system,180
2197073723,same-system,505
2159761617,human,84
2211901444,human,114
2234210505,same-system,185
2129822701,human,331
2165243579,human,28
2100664325,human,63
2216929370,same-system,199
2253375205,same-system,144
2226083268,same-system,101
2232345706,human,61
2182828406,human,139
2159167826,same-system,92
2178898107,human,216
2174724106,same-system,48
2100996993,human,70
2238540470,same-system,51
2177539150,same-system,274
2108510082,human,158
2103490941,same-system,70
2150898512,same-system,76
2173399075,same-system,299
2122807272,same-system,151
2210530933,same-system,114
2235792038,same-system,405
2099223507,same-system,67
2160514590,same-system,225
2204892443,same-system,190
2242177143,same-system,230
2143737776,same-system,263
2216384468,same-system,338
2203902097,same-system,70
2181155008,human,138
2245557094,human,176
2235468356,human,156
2235470032,human,102
2235477034,human,267
2165206011,same-system,653
2145716141,human,170
2145856039,human,1262
2101077434,same-system,106
2104749439,same-system,74
2114847891,human,73
2165079707,same-system,121
2188518826,human,168
2165267167,same-system,47
2151199042,human,22
2105173051,human,129
2198777600,human,70
2206028257,human,205
2187096911,human,366
2187099172,human,496
2156889178,human,141
2193387780,human,120
2213846478,human,9
2213846771,human,11
2213848225,human,186
2246000029,human,361
2101747602,human,45
2101690232,human,30
2101690844,human,477
2131884793,same-system,73
2209223576,human,1295
2205467057,human,45
2176141087,same-system,119
2153389508,same-system,135
2205239484,same-system,111
2143260941,human,211
2108990842,same-system,284
2230139271,same-system,191
2104201458,same-system,301
2102798252,human,81
2220799617,human,87
2138950345,same-system,399
2138540403,same-system,84
2096646158,same-system,39
2140766889,same-system,120
2167527122,same-system,231
2184631368,human,27
2178925545,same-system,175
2116104699,human,32
2116110127,human,15
2116110334,human,15
2116110596,human,15
2116113538,human,15
2125340211,same-system,224
2139802137,same-system,152
2156684887,same-system,263
2193586293,human,302
2142663060,human,47
2142673883,human,193
2096411906,same-system,98
2109245727,human,241
2139573868,human,119
2192911716,human,91
2155538393,human,202
2155539724,human,191
2242619427,same-system,67
2237020455,human,63
2138768854,same-system,405
2231525028,human,208
2131104482,same-system,272
2198191678,same-system,137
2121216264,same-system,160
2221992560,human,43
2213134854,same-system,151
2101696743,same-system,385
2103385757,same-system,223
2231885800,same-system,161
2107700606,same-system,333
2162902937,human,117
2162904343,human,77
2232834742,human,105
2110987272,human,39
2108360461,same-system,342
2193148908,human,110
2154138329,human,125
2124439579,same-system,142
2164197766,human,71
2193874833,same-system,96
2142616999,human,32
2157561273,human,206
2132332976,human,75
2193874808,same-system,57
2344176987,human,115
2344181178,human,158
2344229863,human,71
2344233310,human,75
2344239849,human,102
2138949232,human,210
2252669451,same-system,251
2211077232,human,154
2171575548,same-system,204
2129185741,same-system,280
2124114974,same-system,66
2180535111,human,104
2191030226,same-system,282
2196338516,human,28
2175613698,human,73
2175614216,human,42
2102926647,same-system,92
2103648222,human,112
2173997779,same-system,313
2140945949,human,50
2140946816,human,115
2140948984,human,215
2105112883,same-system,518
2151167115,same-system,97
2202274469,same-system,134
2245361178,human,98
2143437547,same-system,212
2112368662,same-system,56
2100872170,human,53
2100873706,human,38
2139107916,human,123
2157433258,same-system,208
2101621565,human,30
2180913779,same-system,166
2217026048,same-system,173
2203630106,same-system,186
2210180013,same-system,161
2181633575,human,50
2216396463,human,115
2207823854,human,17
2190994214,same-system,93
2180124227,human,198
2180125570,human,20
2180133737,human,103
2180138077,human,81
2113712090,same-system,236
2169599145,human,18
2181726013,same-system,313
2101342947,same-system,126
2162063487,same-system,256
2127259379,same-system,65
2138172522,same-system,103
2152893269,human,21
2153771959,same-system,194
2113068984,same-system,310
2203221533,same-system,86
2141282986,human,18
2225586426,human,47
2225587547,human,81
2225588173,human,139
2225588604,human,17
2225592021,human,82
2225596861,human,98
2225600416,human,152
2225612090,human,337
2204363163,same-system,534
2101021087,same-system,243
2165934663,same-system,474
2147523567,same-system,804
2153435988,same-system,99
2105900641,same-system,110
2141370660,human,149
2141371627,human,154
2105197084,same-system,180
2133080883,same-system,58
2096657190,same-system,191
2122905495,same-system,90
2121805657,same-system,155
2106418874,same-system,80
2242601094,human,136
2242614912,human,118
2139125042,human,156
2196718595,same-system,226
2158334635,same-system,73
2097962020,same-system,92
2190978834,human,57
2190978974,human,57
2190979125,human,57
2190979283,human,57
2190979467,human,57
2190979835,human,57
2190980378,human,46
2190981418,human,57
2190982221,human,46
2190982365,human,46
2190983390,human,43
2136262280,human,172
2112329080,human,51
2209166518,same-system,110
2116065475,same-system,209
2164851223,human,23
2205581363,human,92
2205582589,human,74
2143311718,human,20
2096399510,human,26
2096400276,human,30
2096400948,human,37
2096401862,human,40
2463886756,human,64
2463887128,human,70
2463887496,human,54
2463888447,human,67
2463889111,human,155
2464276984,human,135
2464278466,human,45
2464279575,human,52
2464281155,human,119
2464284869,human,125
2464287355,human,130
2464288760,human,125
2464292431,human,207
2464294548,human,111
2464296557,human,160
2464297422,human,71
2464299905,human,240
2464300663,human,52
2464302023,human,122
2464305286,human,157
2464306189,human,105
2464307215,human,130
2464310454,human,280
2184341963,human,647
2230654047,same-system,172
2215849345,same-system,139
2237331430,human,108
2117953292,same-system,137
2113046146,human,18
2209258408,human,195
2239315200,same-system,100
2183638709,same-system,181
2175555211,same-system,190
2182142445,same-system,129
2211645383,human,23
2174067176,human,38
2230870768,same-system,215
2126763063,same-system,179
2159333271,human,41
2234593383,same-system,331
2100010661,human,83
2215329538,human,14
2215330745,human,35
2215337660,human,158
2215338321,human,30
2203650698,human,331
2144721883,human,37
2200209409,same-system,116
2144674979,human,41
2144676168,human,43
2144677394,human,35
2144679040,human,42
2144680962,human,111
2144681820,human,46
2144683194,human,36
2144683997,human,34
2144684460,human,41
2151244908,human,116
2096621069,same-system,171
2202861081,same-system,98
2121791678,same-system,861
2203238897,human,44
2234582681,same-system,106
2206403222,human,74
2138461926,same-system,100
2193143281,same-system,286
2162896967,same-system,153
2102109588,human,97
2102112385,human,188
2180784402,same-system,117
2099994523,human,265
2155084405,human,64
2099025796,human,24
2099026110,human,42
2238903039,human,148
2140979169,same-system,101
2323493284,human,77
2167714506,human,120
2167714825,human,17
2188131854,human,24
2202861906,same-system,95
2182909629,same-system,394
2108561286,human,21
2193148521,human,378
2109390627,same-system,188
2241393839,human,209
2198732685,human,43
2138251918,human,171
2154087535,human,93
2194673054,same-system,149
2210084478,same-system,178
2245098622,same-system,247
2162741851,human,72
2179631705,same-system,216
2180633548,human,202
2186012820,same-system,194
2173407324,human,51
2173408323,human,24
2173411131,human,81
2096644079,same-system,41
2199663961,human,122
2104204953,same-system,163
2125118531,human,10
2100871236,same-system,234
2147843159,human,205
2217312123,same-system,288
2143313984,human,50
2178294883,human,108
2167543587,same-system,210
2207712548,same-system,132
2125112557,same-system,56
2151591741,same-system,67
2203073697,same-system,331
2212750226,same-system,55
2157887351,same-system,118
2347741121,human,142
2096803966,human,93
2116886977,same-system,138
2139004506,human,83
2139004828,human,18
2139006238,human,446
2139006729,human,199
2227229905,same-system,219
2146818072,same-system,228
2166323446,same-system,99
2155569186,same-system,90
2132963562,human,51
2162585282,same-system,64
2140608562,human,10
2228205107,human,14
2158299872,same-system,186
2193951268,same-system,122
2104158584,human,53
2141266730,human,97
2259727960,human,48
2242667685,same-system,92
2116873598,same-system,134
2141131909,same-system,82
2157441911,human,83
2110921682,same-system,236
2102069546,same-system,403
2192820310,same-system,295
2150057445,same-system,265
2223463674,same-system,171
2116799253,same-system,238
2137383586,human,140
2116225718,same-system,210
2116225733,same-system,315
2104726333,human,365
2136587266,same-system,122
2175272240,human,52
2175275559,human,8
2175277421,human,8
2175279639,human,8
2175285182,human,53
2175287346,human,59
2175300292,human,50
2175303401,human,33
2175304739,human,8
2176581551,human,8
2176582773,human,8
2176582958,human,8
2176583165,human,8
2176583331,human,8
2176583472,human,8
2176583946,human,8
2176588187,human,158
2176591199,human,8
2199446950,same-system,64
2161425789,human,28
2126951035,human,26
2173613558,human,92
2149115205,same-system,320
2179779175,human,236
2114792031,same-system,249
2157775309,human,182
2157776281,human,93
2225184692,human,191
2218069596,human,138
2173531854,same-system,64
2216650388,human,27
2216651176,human,54
2166400596,same-system,379
2212551603,human,40
2185929927,same-system,211
2130709773,same-system,171
2130709799,same-system,194
2107414133,same-system,189
2124863494,same-system,293
2207195633,human,220
2207209594,human,148
2207216149,human,40
2207249741,human,328
2159653211,human,63
2159654463,human,393
2176169196,human,48
2210096228,human,112
2210103335,human,54
2210110813,human,44
2190994384,same-system,105
2178251864,same-system,130
2160253734,same-system,276
2210932921,human,96
2156705942,same-system,252
2180650293,human,32
2193930838,human,295
2178022146,same-system,152
2136708460,same-system,158
2127730046,human,83
2097463912,human,22
2241217503,same-system,213
2155439986,human,73
2140448717,same-system,170
2161973782,human,61
2099261945,same-system,564
2141269800,human,448
2230663699,same-system,433
2103412500,human,45
2205239288,same-system,61
2180602348,human,53
2134425802,human,141
2182126125,human,128
2132498169,human,206
2108408619,same-system,144
2203902186,same-system,81
2143728529,human,38
2143729052,human,94
2240752920,human,358
2103388915,same-system,309
2175743014,human,259
2151316350,same-system,229
2209963061,same-system,223
2234202768,same-system,92
2129160781,human,437
2129162201,human,262
2229811040,human,209
2229814009,human,392
2233599227,human,356
2233600053,human,994
2233601261,human,372
2233601576,human,100
2233601879,human,165
2233604089,human,155
2233615660,human,124
2233617258,human,321
2233621331,human,99
2233624725,human,234
2208214429,same-system,385
2103125077,human,55
2097838560,same-system,283
2109557345,same-system,46
2098552390,human,13
2126206616,same-system,77
2201423491,human,64
2103603249,same-system,186
2134550932,human,40
2210947025,same-system,85
2193889743,same-system,77
2213064216,same-system,100
2108257637,human,60
2109745868,human,107
2109747056,human,107
2109750669,human,73
2183795323,same-system,168
2103383362,human,16
2138882671,human,180
2212269737,same-system,244
2153340542,human,272
2172079349,human,81
2232125370,human,35
2138374333,same-system,389
2160216926,same-system,495
2179310456,same-system,322
2140379789,human,35
2136887360,human,18
2136888016,human,78
2136894399,human,605
2136895241,human,94
2136895943,human,57
2136896419,human,107
2157220199,human,151
2097900982,same-system,705
2203057671,human,68
2203058232,human,67
2203059156,human,496
2228677567,same-system,131
2188921010,human,197
2112880735,human,102
2136375390,human,43
2178661633,same-system,271
2201685972,same-system,267
2118985778,same-system,113
2144269960,human,25
2125104011,human,55
2136921219,human,80
2167055491,same-system,204
2143121666,same-system,288
2167266428,same-system,111
2207838683,human,146
2199096832,human,10
2140362390,same-system,130
2100727101,same-system,90
2136093530,same-system,259
2124406247,human,24
2100824485,same-system,148
2200631750,same-system,292
2155830549,same-system,307
2097888447,human,712
2191368706,human,48
2217943981,same-system,47
2096907534,same-system,191
2096250185,human,600
2203247390,human,45
2203250900,human,31
2203251755,human,57
2203251906,human,34
2203252226,human,72
2102102737,same-system,326
2114182916,same-system,107
2144391776,same-system,93
2191417167,human,132
2127232988,human,125
2134454967,same-system,254
2221499340,same-system,251
2241783068,same-system,151
2141255088,same-system,325
2110832313,human,68
2192604681,same-system,146
2212893193,human,184
2105196846,same-system,213
2207813146,human,66
2209938820,human,112
2316373736,same-system,497
2102645976,same-system,289
2195600430,human,34
2222647440,same-system,238
2136287379,human,121
2099437035,human,9
2159762609,human,169
2151576291,human,37
2138794607,same-system,361
2241887021,same-system,271
2178047170,same-system,209
2116126683,same-system,57
2101587983,human,98
2207447394,same-system,112
2212533473,same-system,216
2160935873,same-system,77
2147484284,same-system,345
2130427271,same-system,275
2104136662,same-system,360
2219869958,human,106
2109409238,human,24
2127831762,same-system,364
2144833559,human,24
2193889349,same-system,70
2153399347,human,90
2201515123,same-system,140
2165066479,human,60
2104750395,same-system,74
2155174237,human,14
2104216493,human,76
2164767185,human,224
2152492743,human,60
2104488347,human,9
2179931808,human,18
2216929280,same-system,171
2181136925,human,51
2185775275,human,237
2235788544,same-system,141
2218376447,same-system,261
2106352515,same-system,46
2167391945,same-system,116
2166991166,same-system,63
2169253991,human,985
2157937563,same-system,490
2128337729,human,28
2138289636,human,118
2101433853,human,89
2159569935,same-system,99
2125105846,human,16
2183767211,same-system,190
2114823402,same-system,95
2097782815,human,134
2191044035,human,33
2180624616,human,392
2211234573,same-system,119
2175745366,same-system,100
2114181731,same-system,45
2124397145,same-system,69
2213911754,same-system,229
2192293504,same-system,200
2101747726,human,45
2219016571,same-system,113
2163953164,same-system,106
2152395704,same-system,56
2096543759,human,69
2100824849,same-system,118
2157315258,same-system,121
2157315265,same-system,276
2157315273,same-system,248
2190735219,same-system,168
2114771443,same-system,44
2190929397,same-system,302
2178500400,same-system,193
2180162017,same-system,145
2159137680,same-system,332
2138637136,same-system,135
2162334974,human,81
2162336037,human,121
2162336460,human,17
2162337628,human,96
2217991931,human,153
2170318521,same-system,88
2103398359,human,69
2172292330,same-system,222
2146046731,same-system,113
2114282347,human,95
2159505641,human,170
2220813647,same-system,122
2249254922,same-system,223
2112679363,same-system,125
2181880479,human,32
2181884160,human,80
2114182465,same-system,103
2200377912,human,17
2129900039,same-system,194
2464317354,same-system,72
2124385929,same-system,42
2150554525,same-system,288
2101352054,same-system,238
2162884188,human,117
2162886816,human,244
2162890548,human,94
2109630192,same-system,485
2176420191,human,47
2180012464,same-system,84
2165056372,same-system,71
2209757987,same-system,89
2190363496,human,22
2190364225,human,22
2190364550,human,22
2190364830,human,22
2190365182,human,22
2176051941,human,63
2138705410,human,72
2133633288,human,127
2187854886,human,556
2187855403,human,461
2187855546,human,187
2178766653,same-system,262
2203407046,same-system,198
2203221656,same-system,53
2101983586,human,157
2101985049,human,99
2101989470,human,162
2101995878,human,59
2102001568,human,553
2102004053,human,153
2102011738,human,41
2179830835,human,20
2179831535,human,42
2179833642,human,99
2179834153,human,20
2179834516,human,20
2179834712,human,20
2180040997,human,42
2180080691,human,19
2180088651,human,133
2115828042,human,95
2191004702,human,83
2255371243,human,87
2102064842,same-system,269
2192129500,human,117
2223018858,human,245
2106282491,human,136
2138325936,same-system,271
2172876988,same-system,125
2138287546,human,106
2218799510,same-system,53
2211233580,same-system,124
2102935300,same-system,72
2145539009,human,138
2210055590,same-system,197
2153399012,same-system,83
2137395515,same-system,54
2124638627,same-system,102
2096581360,same-system,156
2211102120,same-system,294
2161975966,human,35
2156153493,human,663
2139881822,same-system,277
2172352946,same-system,219
2177482522,same-system,276
2203221544,same-system,42
2227321077,human,141
2143669019,same-system,54
2158299914,same-system,221
2198003921,human,54
2116848233,human,86
2128569856,human,49
2210084756,same-system,178
2193676032,same-system,348
2105661743,same-system,134
2103608535,same-system,165
2183786954,same-system,289
2096253576,same-system,126
2121690970,same-system,53
2204681898,human,214
2167122384,human,23
2167156229,human,110
2114835043,human,105
2191434473,same-system,167
2127250071,human,18
2127250358,human,25
2127250703,human,25
2207270581,same-system,106
2116837346,same-system,558
2203271335,same-system,43
2244786914,human,67
2244789351,human,283
2244793641,human,298
2244795055,human,73
2244795987,human,73
2096955508,same-system,533
2096955519,same-system,1264
2096955524,same-system,1798
2211250243,human,73
2159715690,human,58
2159716014,human,81
2182122738,human,38
2214902965,same-system,170
2105509440,same-system,109
2241675172,human,24
2121874536,human,6
2121879502,human,6
2121881073,human,6
2206466208,same-system,147
2206466216,same-system,204
2206466222,same-system,171
2206466230,same-system,256
2206466242,same-system,224
2206466250,same-system,268
2143247281,human,75
2215383193,same-system,152
2143975896,human,43
2180649947,same-system,98
2146818085,same-system,228
2097245574,human,86
2097246857,human,50
2097248523,human,156
2097249823,human,83
2097251100,human,84
2097251833,human,74
2097255701,human,189
2097258105,human,100
2110494778,same-system,347
2096449356,human,58
2096449604,human,54
2146115353,same-system,275
2245291152,human,97
2219505626,human,129
2196763765,same-system,178
2177974636,same-system,229
2224378769,same-system,294
2246705849,human,307
2152949794,same-system,248
2193874698,same-system,109
2232887120,same-system,150
2194055378,same-system,321
2101051499,human,41
2103665938,same-system,49
2218770881,human,41
2218772687,human,86
2218774111,human,189
2100730388,same-system,143
2391075126,human,104
2199233744,human,893
2138720237,same-system,133
2140835088,human,81
2140518446,same-system,275
2102884415,human,134
2201113461,human,83
2201116429,human,89
2201120092,human,137
2134467882,human,21
2329079202,human,225
2329079548,human,89
2329080153,human,119
2100640502,same-system,246
2228687855,human,161
2123805753,human,120
2230925876,human,97
2230926035,human,11
2230927510,human,20
2230932003,human,11
2149175808,human,275
2101327423,human,23
2202915672,same-system,299
2190969934,same-system,68
2185702405,human,34
2131318956,human,165
2164830938,human,122
2143131090,same-system,229
2228712277,same-system,162
2103376606,same-system,129
2136523509,human,414
2241441979,same-system,554
2230148867,same-system,79
2156387207,same-system,275
2178286915,same-system,128
2172862413,same-system,255
2213390949,same-system,202
2160670072,human,92
2121335400,same-system,61
2096526292,human,80
2223880500,human,18
2213837501,same-system,155
2101052981,human,30
2141501277,same-system,48
2178516667,human,238
2145251338,same-system,67
2153575526,human,46
2141532091,human,62
2222418053,human,56
2173531858,same-system,53
2123554590,human,154
2209626734,same-system,115
2109449808,same-system,51
2203465696,same-system,122
2141258355,same-system,114
2219705274,same-system,884
2183201687,human,37
2124932317,same-system,620
2124932324,same-system,533
2124932335,same-system,426
2463874392,same-system,72
2202239145,same-system,202
2157340516,same-system,206
2453726106,human,145
2154921064,same-system,283
2151280008,human,172
2143270787,same-system,325
2178322134,same-system,124
2216154829,same-system,200
2183358891,same-system,64
2232876591,human,40
2184572451,same-system,252
2104745788,same-system,261
2134458967,human,293
2124961701,human,99
2103612297,same-system,126
2125425551,human,88
2194214720,same-system,61
2148916670,human,28
2148916776,human,28
2102923726,same-system,87
2182553079,human,57
2274775110,human,150
2199885177,human,95
2158260754,human,228
2186765571,same-system,207
2146078674,same-system,367
2133669374,human,54
2146088623,same-system,65
2121671504,same-system,90
2200726313,human,40
2246804351,same-system,267
2172533870,human,154
2172246484,same-system,272
2124773102,same-system,218
2136669284,same-system,260
2099905280,same-system,245
2175545963,same-system,236
2242580080,human,174
2242586207,human,536
2196774673,human,17
2156336851,human,80
2180471157,same-system,179
2180654000,same-system,71
2274891543,same-system,777
2106055127,human,146
2173997638,same-system,282
2143658391,same-system,231
2210620581,same-system,64
2110112289,same-system,113
2152896691,human,212
2143119456,human,100
2159493522,human,298
2110615916,same-system,84
2162739944,same-system,124
2190923199,human,16
2190923527,human,19
2190925569,human,16
2190927881,human,27
2190930448,human,119
2190933800,human,247
2190934136,human,11
2213530557,human,49
2213534452,human,151
2213536256,human,25
2213537525,human,57
2213539080,human,101
2173601164,same-system,191
2343822656,same-system,168
2203947359,same-system,78
2113030468,same-system,148
2183420788,human,24
2183424631,human,24
2106090880,human,27
2187407868,human,83
2194726724,human,121
2138681710,human,116
2123321762,human,118
2123323701,human,100
2123324306,human,100
2123324900,human,118
2123325080,human,118
2123325238,human,118
2123325492,human,118
2123326071,human,100
2123327039,human,100
2123327178,human,100
2123327356,human,100
2123329361,human,65
2123329613,human,65
2123330064,human,65
2123330397,human,65
2123330651,human,65
2123330818,human,65
2123333357,human,118
2123333793,human,118
2123334331,human,118
2123334578,human,118
2110921330,same-system,201
2228917601,same-system,122
2173928773,same-system,85
2167527558,same-system,205
2132946992,human,32
2180667211,human,79
2183757543,human,43
2101604829,same-system,156
2173142009,same-system,228
2193537856,same-system,80
2131589247,human,56
2198160521,human,45
2198161579,human,92
2198164413,human,91
2198164902,human,9
2196272719,same-system,364
2154408550,same-system,89
2201378582,same-system,222
2137662022,same-system,523
2137662031,same-system,359
2137662034,same-system,618
2173254758,same-system,570
2104697604,same-system,216
2204738336,same-system,177
2253127476,same-system,382
2193468979,same-system,230
2153546786,human,293
2106408621,human,41
2291404186,human,18
2176082793,human,182
2099958337,same-system,205
2222083827,same-system,105
2097663025,human,267
2180483096,human,25
2180486276,human,30
2180487652,human,16
2180489261,human,7
2180492928,human,28
2180494647,human,2126
2141254743,human,66
2222861385,same-system,176
2210647144,same-system,500
2097681033,same-system,446
2190735133,same-system,145
2102417250,human,55
2238921711,human,18
2147480239,human,68
2150151942,human,43
2136882747,same-system,181
2136220604,same-system,89
2464317344,same-system,87
2160215834,human,160
2136706588,human,57
2245413514,same-system,214
2182004365,same-system,76
2100146854,human,64
2145232008,human,21
2145232313,human,21
2138608261,human,43
2138608358,human,41
2138608450,human,41
2138608670,human,41
2138608761,human,41
2138608839,human,41
2138609006,human,41
2146055042,human,50
2146926046,human,117
2181123214,same-system,52
2139122791,same-system,85
2289790634,human,232
2219286877,human,55
2102195148,human,9
2117366365,same-system,77
2110615314,same-system,112
2216984144,same-system,203
2203473792,same-system,142
2291388341,human,46
2104002974,human,106
2203918252,same-system,327
2171655920,same-system,125
2118149279,same-system,237
2232845184,same-system,82
2240745979,same-system,377
2120677356,human,19
2110922024,same-system,72
2119016375,human,92
2203947256,same-system,53
2210804101,human,82
2214400725,human,64
2106883147,human,49
2178339726,same-system,250
2201654979,human,35
2201785869,same-system,351
2228546008,human,35
2201357052,same-system,117
2217872139,same-system,524
2207373162,human,30
2098429137,human,72
2120536478,same-system,218
2150504985,same-system,180
2201740849,human,45
2103980390,same-system,265
2203271423,same-system,43
2193087062,same-system,39
2170607429,human,22
2231137165,human,40
2220053351,same-system,192
2173826448,same-system,87
2161428315,human,32
2126208693,human,14
2137396278,same-system,54
2123485017,human,85
2140952450,human,40
2169828231,human,1937
2169841679,human,173
2146431395,human,103
2174592940,human,109
2159750774,human,46
2111642585,human,176
2166056511,human,17
2096287787,same-system,81
2202862990,same-system,98
2194924243,human,90
2165274224,same-system,351
2139820307,human,99
2164261832,same-system,101
2172073423,human,70
2172075627,human,80
2121263350,human,37
2103017200,same-system,137
2243053522,human,892
2243056445,human,289
2178746974,human,54
2178748005,human,100
2178748646,human,216
2178748889,human,41
2178749500,human,265
2166996425,same-system,352
2146055472,human,21
2127379910,same-system,131
2343317858,same-system,462
2132774888,same-system,84
2152595014,same-system,176
2207771071,human,66
2149719757,human,248
2157883188,human,58
2213155582,same-system,75
2231001901,same-system,74
2101158985,human,533
2203404579,human,46
2136172750,same-system,88
2212707801,same-system,171
2157466815,same-system,67
2180576571,same-system,245
2224661891,human,161
2169846163,human,121
2175736016,same-system,100
2152531036,human,82
2166068999,human,93
2114764488,human,193
2114766234,human,134
2114769630,human,141
2117073623,same-system,260
2109450125,same-system,98
2136404698,same-system,282
2202861140,same-system,97
2202862053,same-system,98
2129068427,human,66
2124647035,same-system,64
2211237427,same-system,112
2203327296,same-system,78
2144137076,human,20
2130883039,human,79
2205473929,same-system,148
2201256959,human,51
2101215137,human,17
2109907127,human,74
2167766799,same-system,405
2105682666,human,92
2105119093,human,105
2202799874,same-system,76
2141566822,same-system,16
2203947179,same-system,54
2127424671,human,116
2199098674,human,32
2239368340,human,167
2101257945,same-system,242
2189095985,human,110
2147862049,same-system,409
2142155096,same-system,264
2234088546,same-system,128
2097869893,same-system,64
2198052663,same-system,80
2117803093,same-system,167
2226003888,same-system,148
2203756996,same-system,195
2203757002,same-system,208
2203757010,same-system,386
2203757015,same-system,462
2203757022,same-system,200
2098934008,human,132
2098934543,human,98
2098937179,human,76
2122764166,human,229
2152559785,human,115
2138201229,same-system,164
2181120242,same-system,53
2195364136,same-system,66
2118683770,human,44
2118683787,human,44
2100726754,same-system,67
2183664257,same-system,101
2104008125,human,50
2101808802,same-system,39
2185151299,human,181
2226384881,same-system,193
2117654486,same-system,74
2098416385,same-system,671
2252745896,human,57
2099444978,same-system,268
2189898460,human,46
2189906747,human,82
2097294368,human,110
2181638865,same-system,203
2180690686,human,251
2171295968,human,14
2171301920,human,171
2192118842,same-system,100
2096412199,same-system,98
2246391262,human,873
2174913455,same-system,590
2162305713,same-system,189
2213064292,same-system,107
2175840182,human,54
2205362162,same-system,83
2184110324,human,120
2116782219,human,573
2140509830,human,37
2180185209,same-system,127
2114886220,human,59
2196177645,human,135
2188123031,human,91
2139228464,same-system,296
2114725489,human,87
2173071226,human,3
2167487461,human,237
2167488855,human,118
2167489135,human,86
2167489395,human,384
2167494262,human,111
2167498047,human,39
2167498321,human,267
2167500563,human,122
2167502771,human,124
2167511152,human,225
2140562899,human,4
2199302986,human,126
2101933539,human,62
2216138443,human,59
2210937175,human,71
2150827797,human,54
2174884556,human,26
2102205208,same-system,106
2118100657,human,194
2219525533,same-system,217
2219787758,same-system,434
2219787801,same-system,429
2219787823,same-system,449
2156595752,same-system,133
2190710570,same-system,84
2143126999,same-system,78
2178262526,human,64
2178273767,human,64
2178274832,human,62
2178276005,human,33
2155767846,same-system,90
2176165752,human,65
2121231021,same-system,256
2139006902,same-system,177
2097661214,same-system,165
2145678595,human,18
2173226475,human,62
2143138863,human,16
2143139420,human,34
2143140137,human,78
2143141658,human,120
2143142032,human,42
2143142386,human,42
2143143582,human,94
2207169826,human,104
2141237005,human,32
2124874601,human,35
2184159686,human,7508
2101222740,same-system,135
2188120244,same-system,71
2164879157,human,49
2145395832,human,81
2145396399,human,61
2116893673,human,76
2223445561,human,144
2096572839,human,74
2096574182,human,79
2096574356,human,46
2096574888,human,79
2096575523,human,99
2112313046,human,59
2202425890,human,278
2228427388,same-system,169
2228427406,same-system,160
2177548819,same-system,194
2136666303,human,268
2136667361,human,16
2217173570,human,144
2141300545,same-system,200
2241838188,same-system,162
2230731775,human,404
2179255053,same-system,52
2276384992,human,127
2203256954,same-system,240
2127733755,human,42
2208454222,human,47
2195364485,same-system,171
2175529446,human,338
2125243802,same-system,84
2239400837,same-system,254
2232400939,same-system,231
2255365979,same-system,383
2179981895,same-system,99
2241800494,same-system,186
2172882222,same-system,133
2139115835,same-system,26
2204955623,human,121
2096246381,same-system,110
2173931730,same-system,316
2212899402,same-system,70
2154808925,human,30
2232177757,same-system,251
2138876254,human,65
2243222704,human,34
2123370796,same-system,132
2113210624,human,77
2138293340,human,203
2181132341,same-system,88
2209079795,same-system,144
2193951321,same-system,83
2238916135,same-system,307
2100989294,human,57
2222255413,human,228
2246023958,same-system,257
2116544477,same-system,286
2099272278,human,119
2099273515,human,140
2223496701,same-system,336
2223496718,same-system,475
2223496734,same-system,376
2223496752,same-system,831
2223496764,same-system,192
2223496781,same-system,320
2195954321,same-system,78
2104215384,same-system,515
2283921879,human,258
2283922173,human,172
2286829389,human,599
2286830710,human,243
2239167834,human,113
2239174590,human,67
2239184097,human,74
2239191646,human,74
2463870981,human,56
2463871417,human,82
2236692909,human,80
2236707668,human,58
2236936086,human,114
2236958129,human,47
2236971536,human,254
2237132698,human,776
2237563716,human,97
2139362019,same-system,390
2106339670,same-system,202
2124105048,human,45
2233630273,same-system,144
2233630276,same-system,179
2160508535,human,1319
2178513465,human,41
2178516663,human,68
2178519221,human,12
2178524599,human,57
2178526436,human,48
2182101148,same-system,398
2188126792,same-system,87
2138419278,human,46
2138420859,human,38
2138428614,human,46
2138435460,human,22
2138442594,human,217
2138446440,human,14
2138450395,human,19
2138452194,human,44
2110984434,same-system,45
2143210216,human,120
2176106108,human,86
2176108872,human,121
2176111550,human,75
2096617559,same-system,346
2212070043,human,240
2185782190,human,288
2179289573,human,15
2210180359,same-system,146
2101077059,same-system,80
2123301150,same-system,237
2209478072,same-system,352
2141302153,same-system,63
2225988869,human,26
2225990475,human,59
2344259387,same-system,202
2146427923,human,219
2218139315,human,100
2181896430,same-system,595
2104328089,human,64
2211822011,same-system,331
2204739593,same-system,38
2181200103,same-system,27
2216302505,human,125
2176050732,human,61
2170348915,human,75
2143428805,same-system,224
2125146256,human,73
2230649402,human,39
2153026288,human,172
2144696131,same-system,133
2100235484,human,238
2212750398,same-system,100
2132321168,human,36
2100539114,human,31
2100543079,human,216
2167787412,same-system,180
2192118357,same-system,162
2210672430,human,129
2096300297,same-system,111
2100019937,same-system,289
2343822673,same-system,107
2202231995,human,159
2209186974,human,74
2104710239,same-system,149
2158413634,human,111
2164424223,human,214
2202354326,human,88
2183641471,same-system,80
2216931323,human,31
2169596616,human,18
2190949521,same-system,142
2114771638,same-system,132
2122027442,human,103
2262374208,human,13
2155539882,human,155
2124443805,same-system,83
2113678737,human,594
2178923694,human,59
2097870461,same-system,132
2146835806,human,133
2244849136,same-system,69
2228724972,same-system,299
2262255414,human,29
2133082331,same-system,164
2118931659,human,66
2118931735,human,66
2118945063,human,47
2238930616,same-system,96
2153330991,same-system,86
2134565460,human,257
2153559951,human,37
2153559998,human,37
2210388401,same-system,102
2176094026,same-system,307
2194544706,same-system,134
2230074197,human,123
2230076575,human,241
2109226406,human,60
2157822788,same-system,137
2196248325,human,57
2191273933,human,85
2096533931,same-system,103
2139119193,human,102
2116126168,same-system,67
2143135772,human,75
2143141930,human,181
2132676184,same-system,238
2181580015,human,97
2202857131,human,103
2202857205,human,77
2202857228,human,77
2202857299,human,66
2202857345,human,66
2202857388,human,77
2202857416,human,77
2202857470,human,66
2202857599,human,61
2202857612,human,66
2202857624,human,66
2202857672,human,61
2202857805,human,57
2202857888,human,57
2202858095,human,68
2202858130,human,64
2202858237,human,61
2202858269,human,61
2202858375,human,93
2202858420,human,14
2202858485,human,55
2098232727,same-system,202
2096978877,human,253
2102910024,human,19
2209977323,human,80
2168554543,human,428
2181002494,human,22
2174723814,same-system,48
2188081607,human,192
2188081694,human,32
2099415591,human,594
2109723690,human,38
2125238039,human,87
2224029387,same-system,381
2132862872,same-system,232
2096560750,same-system,237
2138294881,same-system,103
2179753741,same-system,325
2213992280,human,160
2177514505,human,19
2164885641,same-system,86
2180654480,same-system,77
2140450876,same-system,98
2146088469,same-system,105
2114783266,human,197
2114783452,human,17
2114790234,human,21
2114790669,human,62
2223246825,human,108
2205459891,same-system,80
2189110661,human,31
2178297449,same-system,206
2203221613,same-system,54
2179929014,human,29
2232886968,same-system,105
2097280064,same-system,87
2114698667,same-system,672
2198923971,same-system,282
2128734455,human,91
2164682605,same-system,121
2140448425,same-system,114
2200866271,human,39
2165054123,human,60
2116110548,same-system,61
2107567019,same-system,134
2123328720,human,32
2122371432,human,990
2183393307,human,74
2183394731,human,57
2133067642,same-system,53
2103066363,same-system,204
2179890320,same-system,74
2164806032,same-system,110
2169836870,same-system,108
2208998295,human,78
2169590393,human,107
2169432042,human,69
2113198202,human,107
2224645938,human,167
2108622996,same-system,105
2232546923,human,32
2232548512,human,26
2232549989,human,175
2141566246,same-system,16
2143112518,human,222
2142282401,human,17
2188468531,human,62
2188469612,human,96
2188470090,human,100
2236643763,same-system,153
2107907211,human,159
2112383885,same-system,246
2225664799,same-system,62
2121898759,same-system,60
2103674045,same-system,154
2207729685,human,14
2176338342,human,217
2098588756,same-system,346
2172452827,human,641
2144071486,human,61
2241808224,human,45
2241809026,human,335
2241809327,human,586
2134108037,same-system,353
2116926273,human,192
2098054105,same-system,279
2097427154,same-system,98
2238918577,same-system,276
2152555036,human,69
2103570228,human,606
2103580927,human,360
2143666953,same-system,350
2216662513,same-system,196
2224752869,human,126
2241960779,same-system,200
2150396940,human,271
2203073277,same-system,75
2207712839,same-system,276
2097279229,same-system,89
2164849431,same-system,70
2199541791,same-system,94
2167425842,human,80
2167428043,human,144
2108383301,human,18
2182770946,same-system,93
2145383158,same-system,117
2190004876,same-system,82
2231135931,human,504
2153662216,human,18
2126141899,human,46
2111395127,human,74
2226058803,human,278
2124507949,same-system,341
2179154398,same-system,244
2169381175,same-system,171
2125243599,same-system,60
2153763330,same-system,157
2136401973,human,48
2223426370,human,47
2223427400,human,35
2213085517,same-system,100
2110463002,human,35
2174702568,same-system,78
2169989075,human,55
2237606926,human,624
2217268040,human,25
2217275425,human,26
2210892493,human,42
2210893451,human,43
2103974958,human,50
2144391945,same-system,93
2106248711,human,87
2106248922,human,143
2106249365,human,68
2106249643,human,16
2144075805,human,178
2107562023,human,11
2138404649,same-system,57
2106352565,same-system,46
2165135684,same-system,230
2106097125,same-system,133
2143148337,same-system,60
2201011118,human,293
2201011398,human,293
2201011627,human,293
2201022972,human,369
2180133728,human,191
2238569467,human,98
2184260733,human,64
2116709365,human,163
2116709595,human,26
2116709662,human,163
2116709770,human,163
2116710129,human,163
2116710844,human,105
2182584964,same-system,143
2212695570,human,72
2144004781,same-system,84
2101890609,human,86
2173085683,human,67
2164267438,human,67
2164270588,human,204
2246793207,human,84
2153957461,human,471
2405630244,human,116
2405635929,human,36
2405637104,human,83
2103019191,human,190
2123696609,same-system,283
2167639344,same-system,182
2210076013,same-system,111
2146093545,human,178
2103049850,same-system,372
2121740285,human,73
2213805759,same-system,125
2150058129,same-system,130
2179309536,human,18
2185942990,same-system,131
2140450301,same-system,55
2098571568,human,71
2139233160,human,296
2213848253,same-system,201
2176112900,human,188
2224022497,human,100
2181787531,same-system,219
2181787548,same-system,178
2181787559,same-system,209
2223290024,same-system,255
2176132726,human,17
2176132852,human,17
2176133387,human,71
2176135104,human,165
2127852202,human,67
2127853701,human,110
2127854696,human,65
2128340353,human,103
2194068467,human,314
2162908729,same-system,220
2172374183,human,64
2210939813,human,147
2143654707,same-system,117
2096357945,same-system,351
2096357956,same-system,121
2104750140,same-system,77
2097401342,same-system,116
2107734339,same-system,318
2114438189,human,168
2224665790,same-system,119
2098759532,human,5
2207812324,human,22
2124621121,human,71
2124621779,human,11
2124622217,human,11
2124627108,human,12
2208948083,same-system,205
2175413959,same-system,43
2210263084,same-system,124
2180654270,human,1
2123370514,same-system,94
2132603641,human,528
2226043809,same-system,141
2116146517,human,207
2149132958,same-system,735
2177514203,human,42
2182856690,same-system,290
2155167133,human,33
2164930570,human,250
2210208527,same-system,345
2096230862,human,29
2135016482,same-system,97
2129175731,human,62
2216315888,same-system,154
2219967798,human,186
2220026146,human,825
2220041923,human,140
2220060076,human,119
2197370719,same-system,127
2103147265,human,63
2192163124,human,66
2180654926,same-system,84
2160251177,human,147
2110614216,same-system,112
2193881069,human,195
2193881570,human,45
2193883076,human,53
2193883289,human,40
2193883531,human,19
2193884217,human,59
2193884620,human,49
2117059646,human,163
2102073019,human,109
2102080723,human,178
2161894482,human,299
2192638525,same-system,197
2191054363,same-system,152
2105176509,same-system,213
2238916908,same-system,88
2101808038,same-system,39
2180075051,same-system,81
2201529937,human,82
2096283983,human,78
2183974428,human,58
2220052714,same-system,64
2127468588,same-system,48
2145658017,same-system,188
2203238944,human,17
2242620572,same-system,61
2184243018,human,156
2203092680,human,63
2128367314,same-system,167
2159282432,human,40
2159284484,human,67
2134998502,same-system,106
2196854634,same-system,62
2185500640,same-system,419
2201300914,same-system,67
2096246203,same-system,99
2164876341,same-system,312
2220052915,same-system,234
2134997914,same-system,57
2162272107,same-system,246
2162896940,same-system,217
2106335040,human,47
2106335329,human,104
2106336378,human,148
2106336644,human,162
2183108702,same-system,451
2196347068,human,31
2237258905,human,34
2178339917,same-system,198
2184558750,same-system,296
2184558761,same-system,146
2184558769,same-system,320
2099043766,same-system,153
2146088923,same-system,76
2213127599,human,110
2213129073,human,80
2161984186,same-system,225
2159657690,same-system,143
2103630292,human,87
2177762395,human,40
2190994326,same-system,91
2224507412,human,112
2224509064,human,87
2224510990,human,62
2224521063,human,142
2223541515,same-system,293
2223094105,human,18
2103948856,human,32
2113049513,human,91
2113049915,human,148
2144460073,same-system,56
2201062772,human,270
2101222593,same-system,100
2250575183,human,479
2139142592,human,62
2210104163,human,48
2098438115,human,222
2175545877,human,33
2141325329,same-system,186
2159676495,same-system,387
2238729301,human,79
2242618733,same-system,88
2222185921,human,59
2138310977,same-system,239
2167419035,same-system,117
2101269767,human,45
2167418917,same-system,132
2200665753,human,38
2145561502,same-system,449
2209747967,same-system,116
2116348144,same-system,168
2178535817,same-system,152
2143121008,human,82
2244484470,human,60
2115912841,same-system,106
2182602789,same-system,190
2143737664,same-system,286
2132607059,same-system,154
2157734439,same-system,247
2132387606,human,113
2116454301,same-system,299
2121219198,human,42
2096279044,human,27
2096279440,human,43
2142281909,human,114
2154523880,same-system,204
2274026239,human,127
2198852549,same-system,400
2101314274,same-system,160
2100837817,same-system,352
2103405010,same-system,262
2229670697,same-system,285
2229670704,same-system,278
2201968597,same-system,152
2213846686,human,64
2157455717,same-system,160
2116969125,same-system,577
2125237712,human,18
2211237288,same-system,112
2175625650,human,203
2096728250,human,34
2132907142,same-system,136
2201263070,human,270
2170907698,human,104
2204738815,same-system,72
2197708764,human,221
2138528678,human,160
2138532428,human,273
2233276808,human,45
2102947907,same-system,86
2217500782,same-system,87
2099913433,same-system,238
2104990048,human,195
2182131222,same-system,357
2139144140,human,206
2239836858,human,305
2173992465,human,251
2154688666,human,54
2181939658,human,16
2103044868,human,239
2178308698,human,181
2099120955,same-system,263
2121813299,same-system,181
2125638391,human,18
2141994768,human,43
2098696688,human,41
2251905771,same-system,152
2146281610,same-system,108
2114393781,human,46
2109609714,same-system,416
2126444421,human,267
2201657673,same-system,327
2217943888,same-system,280
2207990365,human,22
2210084987,same-system,178
2199062314,human,317
2210010513,human,54
2104156270,same-system,592
2116129086,same-system,89
2183371019,human,119
2215521325,human,156
2170512144,same-system,102
2131877892,human,43
2143127216,same-system,129
2233032853,human,86
2117914570,same-system,247
2132845217,human,34
2146098234,same-system,67
2204652795,human,125
2176147090,human,74
2464317351,same-system,64
2180516141,same-system,101
2213987035,human,131
2101070111,human,54
2240682780,human,111
2240690599,human,41
2240700509,human,144
2240705583,human,55
2240709396,human,16
2146974200,human,48
2191055340,same-system,304
2142001594,same-system,169
2145386441,same-system,171
2097677684,human,37
2178251716,same-system,79
2239316062,same-system,100
2121690489,same-system,64
2183296583,human,28
2143139315,same-system,148
2141006264,human,34
2183135079,same-system,46
2143122062,human,33
2194260158,human,52
2194260903,human,81
2194261745,human,50
2140809919,human,413
2215582843,human,38
2145592661,same-system,252
2101194073,same-system,278
2101050078,human,102
2154818656,human,135
2167418795,same-system,104
2141649071,human,80
2144938490,same-system,223
2155120568,same-system,489
2101146771,human,191
2126250031,human,16
2145998797,human,19
2177760487,same-system,64
2157983712,human,26
2139128179,same-system,102
2246155524,human,63
2143752444,same-system,64
2157741070,same-system,109
2169699948,same-system,134
2183108633,human,22
2183115529,human,69
2183116144,human,69
2183118289,human,85
2183124225,human,379
2180596594,human,118
2144675087,same-system,163
2139625892,same-system,88
2185529095,human,93
2107584383,human,40
2237506723,human,16
2160923639,human,267
2160925904,human,39
2160926620,human,71
2191436690,human,103
2176148670,human,34
2213859326,same-system,81
2105078064,human,425
2190379684,same-system,74
2104200184,same-system,232
2099085705,human,147
2099086838,human,98
2099087280,human,129
2118145361,same-system,45
2164752752,human,82
2251906156,same-system,152
2216907922,same-system,72
2123226838,same-system,231
2112897684,human,100
2099055048,human,92
2162537644,same-system,38
2112185585,same-system,304
2329084435,same-system,750
2101465856,human,37
2127583435,human,184
2228899480,same-system,69
2190381682,human,76
2244849522,same-system,246
2201356919,same-system,92
2172821048,same-system,70
2245358038,human,18
2222939492,same-system,116
2159390267,human,40
2159392342,human,32
2103473855,same-system,70
2138294631,same-system,162
2198855513,human,1222
2202754927,same-system,85
2201389001,same-system,291
2223248430,human,122
2164607486,human,190
2162087133,same-system,66
2204510171,same-system,52
2192347704,same-system,1047
2201109998,same-system,211
2132991314,same-system,105
2124308965,human,112
2124311067,human,85
2124314718,human,82
2232886937,same-system,128
2177548666,same-system,92
2211110832,same-system,84
2196280094,human,5
2150995158,same-system,46
2203727349,human,201
2160669803,human,20
2200730494,human,94
2213544765,human,152
2150138222,same-system,487
2159552517,human,74
2159553301,human,29
2159557440,human,412
2180004429,human,14
2102702845,same-system,168
2097642689,human,211
2207197245,same-system,160
2207241295,human,254
2246440732,same-system,538
2136908352,same-system,96
2230072794,same-system,167
2207222818,human,100
2172866492,human,215
2173595376,human,68
2173595588,human,74
2173595838,human,58
2173596032,human,159
2150704560,same-system,308
2114322250,human,4
2106078400,human,116
2220874037,human,230
2183606959,same-system,146
2162826978,human,186
2162827275,human,41
2098119598,human,277
2103667799,human,43
2178322224,same-system,274
2136517282,same-system,42
2154919071,same-system,225
2221502698,human,579
2191865989,same-system,72
2124872323,same-system,172
2242366142,same-system,370
2147651015,same-system,292
2130426954,same-system,186
2182928024,human,94
2220351838,same-system,175
2103119320,same-system,88
2155553614,human,236
2141595459,same-system,43
2207859536,human,34
2209053932,human,80
2201228613,human,142
2153804712,human,39
2149610272,human,276
2149620580,human,314
2149623429,human,36
2149634964,human,357
2149638500,human,142
2149645478,human,396
2149648795,human,248
2149651934,human,128
2149657987,human,208
2149662822,human,211
2149669761,human,350
2149672577,human,101
2149673860,human,90
2149676464,human,111
2149681889,human,299
2149685856,human,55
2149688158,human,111
2149696770,human,501
2215618223,human,126
2192960716,same-system,139
2105038188,same-system,368
2100941616,human,158
2117366515,same-system,82
2210164491,same-system,121
2102922688,same-system,242
2204686897,same-system,501
2156390048,human,101
2101936240,human,865
2204821231,human,263
2256817983,human,124
2207971823,human,143
2121578138,same-system,189
2172236661,human,54
2096569095,same-system,127
2156406489,same-system,108
2097843069,human,266
2198681072,same-system,66
2144506169,same-system,165
2147010500,human,30
2145415518,human,208
2114733629,same-system,117
2101102819,same-system,209
2164805938,same-system,60
2228780894,human,263
2161671646,human,271
2140450603,same-system,214
2236965953,same-system,188
2137955774,same-system,261
2390469233,human,43
2390605972,human,46
2390629683,human,103
2390644397,human,59
2390649839,human,64
2390671838,human,267
2390715086,human,76
2390718481,human,25
2390725888,human,335
2390745417,human,51
2390754846,human,22
2390755473,human,30
2390756522,human,21
2390758308,human,30
2390909932,human,365
2159666335,human,116
2116349331,same-system,211
2172704678,same-system,174
2138796332,same-system,186
2341942205,human,20
2196650549,same-system,58
2238916143,same-system,51
2102204284,same-system,105
2237622939,same-system,214
2201464854,same-system,182
2169707227,human,40
2117976453,same-system,65
2166590228,human,71
2125117791,human,10
2128600018,human,99
2174624634,same-system,269
2205586111,same-system,111
2207172137,same-system,109
2096294233,human,39
2207930811,human,25
2152455688,same-system,242
2214780783,same-system,152
2146242360,same-system,133
2216655803,human,95
2216661517,human,76
2216713323,human,23
2121681598,human,73
2121682314,human,73
2121684909,human,50
2185878781,same-system,379
2185878795,same-system,909
2146047208,same-system,115
2103674632,same-system,354
2180886149,human,75
2180891453,human,198
2180892283,human,122
2151204489,same-system,106
2102395739,same-system,67
2202862203,same-system,98
2190993873,same-system,87
2101767753,same-system,160
2183391760,same-system,110
2125118472,human,10
2236447861,human,67
2145345250,same-system,51
2132909398,human,120
2125516744,same-system,104
2118572016,human,79
2159267150,same-system,153
2098759784,human,36
2098760587,human,137
2098761138,human,287
2098762532,human,253
2132580336,same-system,219
2134514949,human,62
2239132940,same-system,187
2316094925,same-system,95
2145400353,human,143
2227850526,same-system,91
2213564088,same-system,126
2100669841,human,72
2193131369,human,91
2207887477,same-system,217
2103309975,same-system,83
2172810689,human,49
2172810848,human,19
2172812746,human,62
2172813558,human,45
2172813921,human,45
2172814031,human,43
2172814088,human,43
2176085721,same-system,271
2190948581,same-system,138
2196804412,same-system,77
2101157334,same-system,475
2101349426,same-system,186
2129610918,human,111
2129626431,human,411
2129652331,human,150
2129754723,human,291
2241611367,human,105
2141171707,same-system,151
2104723398,human,32
2138725147,same-system,622
2171216736,same-system,221
2106348834,same-system,62
2244763191,human,262
2244782840,human,174
2244787488,human,203
2244787819,human,26
2244807567,human,108
2245698480,human,19
2190762814,same-system,390
2179736668,human,243
2211078282,human,197
2165869770,same-system,479
2180649282,same-system,112
2199821847,same-system,198
2203945678,same-system,66
2177864105,human,53
2208569366,same-system,167
2097126540,same-system,271
2210039996,human,84
2210040162,human,84
2210040699,human,84
2210040881,human,84
2210041251,human,84
2210042687,human,43
2210043289,human,84
2210043722,human,84
2210044292,human,44
2210044583,human,84
2210044991,human,43
2210045474,human,84
2210045689,human,84
2210045857,human,84
2210046300,human,84
2210046633,human,84
2216378493,same-system,332
2173927194,human,44
2172564327,same-system,96
2136870034,same-system,68
2134827481,human,237
2145662415,human,40
2155387132,human,29
2110437744,human,73
2102300452,human,443
2125508067,same-system,64
2219620182,human,261
2201658333,same-system,319
2157718544,same-system,217
2096806874,human,74
2238574966,human,30
2225608948,human,86
2148918329,same-system,66
2211928909,same-system,156
2150679319,human,162
2234582775,same-system,138
2157891588,same-system,189
2141300450,same-system,193
2125140759,same-system,212
2159215375,same-system,256
2198661872,same-system,263
2207865839,same-system,122
2193951488,same-system,153
2138552633,same-system,101
2227549317,same-system,105
2102062589,same-system,77
2152040172,human,112
2148222224,same-system,259
2106281701,same-system,77
2101287409,same-system,121
2196238895,human,34
2145904125,same-system,152
2113672541,same-system,163
2180113547,same-system,54
2163953299,same-system,159
2127417255,same-system,96
2243322822,same-system,190
2167266518,same-system,97
2222136100,human,277
2182652011,human,99
2182669195,human,77
2182672598,human,53
2182673447,human,36
2182674778,human,19
2116506102,same-system,597
2170577257,human,100
2210086468,same-system,178
2159455288,human,143
2184944348,same-system,255
2140562306,same-system,302
2156705554,same-system,205
2151162149,same-system,174
2173240632,human,83
2179322259,human,26
2169117119,same-system,58
2157441300,human,22
2133667630,human,74
2103433301,same-system,55
2210131974,human,43
2172504491,same-system,155
2130707406,human,16
2205600369,human,378
2176337112,same-system,220
2202765448,same-system,309
2180643392,same-system,175
2223697639,human,128
2223700968,human,68
2202740078,human,189
2169667263,same-system,196
2097998181,same-system,501
2096460003,same-system,242
2200199508,human,267
2099098296,same-system,53
2280800829,human,65
2109590165,same-system,245
2116380604,same-system,117
2201110302,same-system,289
2234802505,human,18
2117953475,same-system,117
2159650462,same-system,96
2103968133,human,18
2231510343,human,85
2125344495,human,51
2193129891,human,56
2252669398,same-system,300
2152893574,human,95
2205176047,human,326
2167765724,same-system,190
2181185888,same-system,218
2098837852,same-system,222
2251006734,same-system,363
2159771079,same-system,463
2118908351,human,57
2118615068,same-system,222
2211357772,same-system,773
2139915014,same-system,125
2126800253,human,92
2114771541,same-system,44
2097464512,human,29
2213559470,same-system,328
2144132618,human,244
2165031244,same-system,361
2171926885,same-system,193
2171926929,same-system,456
2174958064,human,213
2103636524,same-system,88
2193192269,human,63
2145248292,human,34
2167491039,same-system,191
2183135249,same-system,91
2145412524,same-system,172
2112272633,same-system,301
2213002658,same-system,16
2167399320,same-system,249
2118969041,human,35
2169990612,same-system,385
2208460004,same-system,218
2158787818,same-system,214
2191206204,human,91
2136728143,same-system,320
2151956594,human,23
2199089006,same-system,371
2097225044,same-system,153
2099218335,same-system,238
2228870432,human,57
2204093971,human,21
2222903677,human,151
2143802411,human,966
2124961897,human,16
2167108276,same-system,51
2103728955,same-system,55
2241264186,same-system,249
2180776076,human,62
2181135283,human,315
2187459238,human,33
2132338521,human,136
2132338907,human,134
2132339909,human,85
2132348518,human,48
2181010085,human,84
2164167796,human,43
2164169878,human,21
2128591196,same-system,117
2098875645,human,160
2138389602,same-system,120
2215194369,same-system,208
2199338859,same-system,320
2180178115,human,370
2106397750,same-system,394
2098714852,same-system,125
2217023575,human,160
2126182033,human,24
2126182802,human,6
2126184729,human,39
2126186733,human,26
2158099794,human,41
2107710882,same-system,329
2226012410,human,396
2125243706,same-system,74
2183687964,human,13
2211232890,same-system,112
2225156339,human,89
2223166009,same-system,287
2223166077,same-system,166
2223166117,same-system,146
2223166144,same-system,760
2223166197,same-system,279
2223166233,same-system,154
2223166250,same-system,290
2223166267,same-system,439
2467848136,same-system,542
2161662030,human,222
2126266783,same-system,143
2100977521,human,159
2151201496,same-system,162
2098914233,same-system,379
2136882830,same-system,215
2125122854,same-system,65
2173614208,same-system,148
2140013749,human,84
2202282242,human,28
2117785031,human,117
2117270253,same-system,211
2213859408,same-system,96
2173096748,same-system,64
2096569151,human,148
2129056135,human,27
2168978913,same-system,115
2150926573,human,56
2213069393,human,49
2164851731,same-system,126
2157643858,human,81
2195421695,human,54
2195426959,human,112
2104197208,human,265
2206391951,human,208
2206393589,human,188
2127584351,human,48
2167343909,same-system,176
2223303268,same-system,208
2148909877,human,1994
2148910024,human,75
2209255463,same-system,337
2135016411,same-system,158
2244631648,same-system,158
2099903196,human,223
2175697878,human,90
2154814853,human,107
2211932531,same-system,279
2103384246,same-system,164
2185916569,human,10
2096251248,same-system,110
2125516547,same-system,107
2167266583,same-system,166
2167529186,human,56
2167532715,human,56
2167533145,human,56
2167534203,human,56
2167534933,human,23
2167535189,human,65
2116120976,human,65
2209071206,human,369
2133055303,same-system,340
2180114026,same-system,67
2151360355,same-system,196
2201976503,human,86
2207877061,same-system,273
2138255191,human,137
2192842612,same-system,681
2326309991,same-system,140
2096585489,human,53
2096585636,human,21
2096585688,human,21
2157380944,human,46
2099055239,human,139
2099056059,human,269
2099057742,human,158
2099058297,human,105
2099058613,human,103
2099059028,human,121
2099059665,human,140
2099060496,human,862
2099061889,human,241
2205536071,human,190
2218237924,human,422
2228869102,human,18
2239612872,human,52
2145774423,human,87
2137087871,same-system,239
2176154151,same-system,263
2138782515,human,62
2116187390,human,48
2116192684,human,45
2116373026,human,143
2173236288,same-system,289
2180599914,human,82
2213141363,same-system,118
2200879573,same-system,135
2114066921,same-system,97
2156949848,same-system,174
2288429421,human,42
2190993926,same-system,95
2222763363,same-system,111
2226078149,same-system,118
2193518249,human,166
2193657921,human,1112
2114826137,human,72
2114826271,human,18
2114826907,human,130
2114827578,human,154
2104198498,human,56
2193429925,human,124
2193436783,human,69
2193438410,human,189
2173958230,same-system,130
2232845954,same-system,325
2232845956,same-system,219
2143098615,same-system,246
2229096825,human,79
2151467047,human,294
2103376452,same-system,173
2206461529,same-system,124
2193951383,same-system,80
2201087643,human,83
2096644203,same-system,34
2179945767,human,108
2143081584,human,104
2202274829,same-system,110
2159297128,same-system,173
2159135282,same-system,337
2103721617,human,74
2103722217,human,73
2103722492,human,60
2103722791,human,51
2101597484,human,121
2101599158,human,127
2101599365,human,127
2241065958,same-system,400
2150196246,human,241
2154524481,same-system,244
2100930415,same-system,328
2173298789,same-system,328
2169555128,same-system,136
2212403870,human,18
2247991114,same-system,309
2183688905,human,21
2163953481,same-system,56
2390325560,human,9
2097391523,human,122
2097395569,human,31
2097098988,same-system,122
2210063275,human,53
2210065511,human,26
2159667218,same-system,192
2103953760,human,57
2217943943,same-system,47
2138337225,human,72
2100238738,same-system,305
2234055634,same-system,323
2136698127,same-system,204
2244849668,same-system,102
2123484161,human,85
2176158028,same-system,75
2101005637,same-system,153
2133030751,human,211
2174066948,human,50
2464317356,same-system,52
2169491090,same-system,182
2146274409,same-system,251
2176213524,human,110
2222960948,human,82
2141919396,same-system,223
2231951258,same-system,139
2238930628,same-system,159
2190734414,same-system,107
2153436125,same-system,99
2172656158,same-system,1166
2173923183,human,9
2116892486,same-system,121
2176309555,human,132
2176311942,human,141
2176315793,human,220
2178655956,human,60
2236418492,human,32
2172710709,same-system,39
2244169045,human,50
2125506202,human,92
2098452037,human,74
2141295671,human,36
2141296134,human,45
2141296487,human,36
2141296984,human,53
2141297680,human,75
2141298401,human,35
2177869024,same-system,242
2159233854,human,62
2179608847,human,42
2117584015,same-system,61
2172258418,same-system,46
2210872771,human,35
2224363365,human,327
2224364176,human,56
2224365406,human,236
2224366264,human,188
2100826710,same-system,56
2239619048,same-system,185
2102629736,human,43
2118881181,same-system,233
2190718842,human,151
2246710043,human,228
2191387701,human,298
2192904104,same-system,148
2178759792,same-system,213
2233026621,human,202
2141358330,same-system,49
2180074907,same-system,176
2128561440,same-system,92
2143284810,same-system,214
2163932039,human,87
2163938598,human,284
2163943305,human,243
2163944769,human,48
2163945865,human,47
2224559137,same-system,369
2100980810,human,63
2245364915,human,198
2172832019,same-system,118
2180093069,human,60
2180094173,human,415
2168044073,human,38
2168045059,human,44
2168045689,human,50
2168048744,human,119
2168051827,human,84
2144124949,same-system,300
2116901608,same-system,94
2127468437,same-system,39
2139874655,human,43
2107766202,same-system,63
2183641388,same-system,80
2183627500,same-system,128
2145591252,same-system,424
2232472733,same-system,752
2232472786,same-system,545
2230148866,same-system,157
2192386784,human,182
2099923999,same-system,201
2104156968,same-system,166
2236285401,human,18
2236287213,human,41
2236288272,human,32
2236293192,human,24
2236297250,human,16
2138262708,same-system,222
2099248408,human,342
2203465718,same-system,162
2106056375,same-system,466
2203658693,same-system,339
2197884153,human,176
2110098513,human,112
2110098784,human,112
2110100600,human,102
2110100700,human,102
2110101245,human,102
2213155877,same-system,77
2164746695,human,114
2169082402,same-system,56
2168827531,human,34
2168828737,human,73
2171605345,human,122
2171608616,human,69
2103104343,human,71
2103104594,human,36
2103104944,human,82
2159853510,human,6
2154561209,same-system,73
2136883133,same-system,106
2130368240,same-system,249
2159527709,same-system,217
2143115108,human,24
2116889234,human,30
2115687858,same-system,160
2115687884,same-system,106
2115687895,same-system,174
2115687906,same-system,152
2115687918,same-system,181
2115687928,same-system,156
2115687941,same-system,232
2115687953,same-system,147
2115687960,same-system,156
2115687972,same-system,140
2156170176,same-system,575
2217992786,same-system,121
2208947904,same-system,146
2244834316,same-system,399
2143643561,human,73
2160054023,human,102
2160054047,human,28
2210060547,human,73
2210313978,human,15
2210314366,human,6
2210315101,human,22
2210315979,human,22
2210317670,human,46
2210319735,human,62
2203465662,same-system,114
2101196249,human,18
2118991238,human,198
2099934442,same-system,289
2131878740,human,60
2116334414,human,190
2116334730,human,181
2185007996,same-system,219
2279568477,human,539
2100288931,same-system,158
2215711465,same-system,331
2100730687,same-system,269
2164848384,human,19
2096670524,human,168
2203218317,same-system,92
2178251939,same-system,80
2231239110,human,121
2143202228,human,212
2205823427,human,28
2175699996,same-system,85
2169846593,same-system,139
2105199632,same-system,64
2156167374,same-system,306
2183776533,human,87
2172566055,human,418
2146844008,same-system,225
2157741081,same-system,86
2101602078,human,39
2163062598,same-system,221
2224686364,same-system,393
2173857271,same-system,54
2176147626,human,39
2133711825,same-system,209
2176963104,human,21
2130552432,same-system,204
2120618410,human,234
2245924010,human,43
2164950150,same-system,849
2210180207,human,159
2210086129,same-system,178
2096543143,same-system,288
2114886370,same-system,75
2190887650,same-system,224
2320944824,same-system,519
2320944841,same-system,307
2320944850,same-system,307
2320944855,same-system,193
2320944861,same-system,193
2211352848,same-system,117
2231780696,human,9
2203112950,same-system,139
2236461908,same-system,104
2178724670,human,458
2106371055,human,114
2237788198,same-system,35
2150938577,same-system,294
2212750518,same-system,63
2198545746,same-system,69
2167333994,human,223
2203793311,same-system,280
2178378748,same-system,65
2231220709,human,113
2097868475,same-system,85
2101148240,human,187
2191360486,human,55
2143014279,same-system,26
2157690329,same-system,255
2190557041,human,61
2190564913,human,87
2190577540,human,685
2160230464,same-system,523
2219465420,same-system,163
2219465458,same-system,147
2193175153,same-system,153
2179493451,human,38
2232384188,human,108
2125118369,human,10
2292303446,same-system,124
2242309057,human,37
2242312770,human,80
2172899756,same-system,85
2191211331,human,124
2191219483,human,1036
2138238593,human,270
2150951741,human,139
2272222249,same-system,86
2222175744,same-system,205
2222175765,same-system,160
2222175777,same-system,160
2222175783,same-system,518
2202754913,same-system,147
2178476724,same-system,138
2096660447,same-system,87
2214043543,same-system,280
2104721460,same-system,171
2267442546,human,115
2178456688,human,101
2178457346,human,53
2143666972,human,253
2125148460,same-system,98
2224754154,same-system,176
2172822289,human,27
2172823181,human,95
2172824143,human,64
2172824736,human,27
2244123526,human,986
2244123741,human,178
2244123985,human,593
2143237739,human,287
2143246993,human,221
2125723249,human,3
2125723852,human,16
2125725271,human,6
2125726911,human,95
2125728212,human,54
2242621603,same-system,115
2168015699,same-system,108
2136201127,human,17
2222979078,human,128
2159556379,same-system,44
2113053581,same-system,147
2241837604,same-system,191
2132162092,human,151
2239665931,human,272
2136882922,same-system,172
2199795877,human,86
2221349338,same-system,257
2221349346,same-system,233
2221349350,same-system,241
2221349355,same-system,365
2221349363,same-system,553
2101126686,human,55
2173773436,same-system,177
2217138554,same-system,324
2217138559,same-system,845
2217138564,same-system,301
2217138569,same-system,402
2206413115,human,87
2109528200,same-system,46
2182269407,human,39
2143014552,same-system,128
2188668675,cross-system,568
2166600431,same-system,428
2116889518,human,56
2200224697,same-system,169
2463874393,same-system,76
2145557292,human,42
2245036971,human,137
2132990747,same-system,124
2177754668,human,23
2193168997,same-system,450
2174500196,human,77
2316083638,human,83
2213038567,same-system,102
2210760587,same-system,450
2210760612,same-system,450
2210760636,same-system,450
2210760658,same-system,450
2210760678,same-system,450
2210760696,same-system,163
2210760709,same-system,558
2107035721,same-system,45
2105683308,same-system,419
2181896460,same-system,130
2106748193,human,177
2154560517,same-system,96
2239541634,human,94
2167543511,same-system,130
2188131049,same-system,205
2117784274,same-system,67
2154826233,same-system,274
2216870269,human,26
2216871597,human,109
2167527290,same-system,94
2097869981,same-system,133
2141364337,same-system,56
2230054780,same-system,555
2138616391,same-system,45
2344259368,same-system,75
2192903915,same-system,103
2181007276,same-system,70
2154408838,same-system,125
2146428682,human,149
2243224309,human,47
2236334900,same-system,94
2124852175,human,46
2116150138,human,21
2138885468,human,37
2185782935,human,137
2172072094,human,30
2174710699,same-system,59
2140925109,human,34
2145416886,same-system,35
2192051318,human,78
2106337585,human,123
2107936453,human,417
2117269813,human,150
2214081213,human,94
2190953107,same-system,51
2122348467,human,147
2136406286,same-system,197
2210512533,human,97
2210516193,human,70
2210518732,human,87
2131428060,human,145
2170613141,same-system,149
2180999257,human,23
2216984089,same-system,173
2100251745,human,274
2096810744,same-system,114
2172820763,same-system,80
2157935633,same-system,88
2183759678,human,384
2101655295,same-system,258
2128590973,same-system,89
2173529724,same-system,52
2159635818,same-system,164
2184780493,human,171
2195775660,same-system,136
2130889189,human,61
2178144818,same-system,248
2183973882,human,36
2207019817,same-system,781
2203254320,same-system,225
2109710756,same-system,41
2222633614,human,195
2151204234,same-system,65
2343023141,same-system,365
2105036934,human,23
2109727751,human,144
2114877769,human,43
2114877909,human,42
2114184021,same-system,107
2134505626,human,86
2143102727,same-system,79
2193653344,human,46
2193653486,human,25
2192669000,same-system,154
2104797668,human,301
2183624600,human,65
2101761185,same-system,605
2142147087,same-system,253
2125365252,human,88
2464317345,same-system,86
2103886480,same-system,995
2114666986,same-system,227
2102359406,same-system,51
2155046554,same-system,161
2167041822,human,38
2183128241,human,103
2183129580,human,83
2183138851,human,118
2191928522,human,96
2218901738,human,181
2218919009,human,36
2218924418,human,73
2216567793,human,55
2104754014,same-system,199
2171689697,same-system,275
2104979330,human,30
2097224860,same-system,155
2116097634,human,108
2194030023,human,138
2196650618,same-system,112
2102947596,same-system,76
2212473579,human,144
2193834304,same-system,162
2143859667,same-system,196
2252711785,same-system,242
2252711790,same-system,242
2252711794,same-system,242
2252711801,same-system,242
2252711804,same-system,242
2159457767,same-system,637
2172152426,human,110
2175699519,same-system,107
2102254049,same-system,150
2141913089,human,35
2157377622,human,19
2157451266,human,43
2102330062,human,456
2140881739,same-system,758
2142971059,human,195
2183624994,human,60
2128577751,same-system,427
2213576958,human,168
2196282467,human,67
2172531870,human,117
2201854330,human,142
2201855393,human,142
2201857444,human,142
2096533168,same-system,154
2154516895,same-system,167
2175134019,human,207
2210215457,same-system,225
2141251258,human,236
2237656086,same-system,254
2210363201,same-system,205
2225665409,same-system,296
2099288204,same-system,277
2107414689,same-system,165
2199971991,same-system,194
2097642215,human,96
2105457568,same-system,258
2152073310,same-system,149
2103190784,human,135
2173903915,human,173
2114751627,human,236
2224655951,same-system,169
2096214659,human,84
2096214931,human,42
2110114852,same-system,105
2109696814,same-system,298
2132326241,same-system,51
2238694158,same-system,295
2143669186,same-system,61
2183124001,human,83
2210129217,same-system,224
2185920591,same-system,863
2180104245,same-system,182
2118867122,human,58
2118867405,human,61
2118867509,human,61
2118867637,human,61
2118867694,human,61
2178134114,human,116
2203673824,same-system,295
2124373476,human,85
2159459482,same-system,64
2183620471,same-system,79
2198354682,same-system,344
2144121828,human,213
2181448600,same-system,59
2098131981,human,287
2102454124,human,95
2116337278,same-system,468
2274783038,cross-system,5123
2274783046,cross-system,4823
2274783049,cross-system,3601
2274783052,cross-system,2770
2274783056,cross-system,3012
2159645110,human,152
2175562664,human,73
2175563088,human,47
2102646667,human,138
2133646512,same-system,464
2105234844,human,65
2222793027,same-system,928
2228697681,same-system,239
2216929141,same-system,273
2182216967,human,54
2100635393,same-system,75
2193204208,same-system,175
2181134736,same-system,71
2223434658,human,38
2258584636,human,8
2150352624,same-system,431
2101661307,same-system,278
2101661315,same-system,296
2330867179,human,47
2217315358,human,50
2117917257,human,33
2117918497,human,33
2117918633,human,89
2117918692,human,89
2117923363,human,107
2117929656,human,115
2117932860,human,80
2117935024,human,103
2117935282,human,51
2117935400,human,29
2117935506,human,46
2117936051,human,40
2117937853,human,109
2117939217,human,60
2117940496,human,63
2117942334,human,40
2117942670,human,24
2117944035,human,89
2117944671,human,24
2138392410,same-system,177
2210508169,human,82
2210510021,human,86
2210511302,human,159
2210511913,human,164
2210512317,human,81
2248997974,same-system,213
2101175313,human,137
2101242124,human,80
2133635175,human,127
2101479028,human,123
2164916261,human,202
2103629389,human,188
2223440543,same-system,172
2180837767,same-system,622
2209166537,same-system,82
2141513979,human,238
2158075996,human,61
2118945534,human,127
2164661762,human,30
2224379001,same-system,219
2216828211,same-system,146
2159339511,same-system,115
2227528769,same-system,189
2173133505,same-system,210
2169838027,same-system,243
2101390526,same-system,386
2163635112,human,22
2163644643,human,33
2163646696,human,88
2153398441,same-system,85
2160679996,same-system,85
2127254097,human,16
2206623704,human,163
2164856023,same-system,43
2225882421,same-system,235
2178326761,human,198
2178327321,human,107
2178327950,human,104
2178329541,human,197
2178330683,human,109
2178331571,human,98
2159130780,human,144
2157715403,same-system,122
2099245194,same-system,507
2202790445,same-system,2722
2202790450,same-system,427
2202790453,same-system,265
2222085525,same-system,150
2174167656,same-system,185
2138615837,same-system,45
2202862433,same-system,95
2220024094,human,19
2105891882,human,784
2105892592,human,381
2105892924,human,306
2105893791,human,171
2105898071,human,287
2105898294,human,105
2105898632,human,76
2105899054,human,148
2105899219,human,114
2209138365,same-system,241
2204287592,human,99
2112158652,same-system,260
2184887786,human,73
2172986334,same-system,120
2196650584,same-system,112
2139561139,same-system,174
2211080398,human,109
2108826407,same-system,79
2204678301,same-system,380
2198264471,same-system,213
2199541638,same-system,41
2146818135,same-system,319
2468138867,human,14
2105179882,human,109
2137741613,same-system,897
2166064403,human,74
2180550449,human,49
2180552050,human,21
2180554548,human,21
2180562707,human,135
2141325427,same-system,230
2144389581,human,265
2193149781,same-system,164
2101076786,same-system,62
2210362960,same-system,161
2179233498,same-system,138
2107947751,human,25
2103539468,same-system,140
2109138968,human,50
2116795723,same-system,97
2218087721,same-system,231
2114126097,same-system,120
2186006214,human,35
2213468816,human,913
2117420145,same-system,585
2131886220,human,60
2101152661,same-system,135
2204353276,human,58
2105192583,human,20
2234951962,same-system,41
2228254724,same-system,178
2155385456,human,147
2238759260,same-system,233
2097092301,human,48
2121370707,same-system,149
2168978958,same-system,124
2190390154,same-system,147
2206456310,human,37
2203229733,same-system,109
2280400900,same-system,331
2280400905,same-system,288
2280400907,same-system,218
2280400909,same-system,338
2138265835,same-system,392
2119025650,same-system,245
2182764365,same-system,98
2179290669,human,15
2130896880,human,18
2337146278,human,151
2253655736,human,154
2180025447,same-system,116
2125193590,same-system,148
2175208363,same-system,157
2153898271,same-system,98
2125129904,same-system,178
2104798640,human,50
2140675838,human,595
2140940255,same-system,154
2237638698,human,322
2225536382,same-system,310
2173438860,same-system,278
2112908706,same-system,271
2100037093,same-system,374
2143984105,same-system,122
2198693076,same-system,165
2100825371,same-system,99
2115108633,same-system,113
2177482279,same-system,200
2117779975,human,31
2223259638,human,82
2223268874,human,16
2230654040,same-system,112
2209747706,same-system,103
2114620341,human,120
2183161061,same-system,211
2112056734,same-system,293
2138644674,same-system,434
2131347689,same-system,59
2190948660,same-system,164
2207889465,human,16
2238166726,same-system,811
2226015682,same-system,92
2165110015,same-system,70
2240862911,same-system,410
2176779462,human,299
2192723185,human,83
2103127933,human,34
2178339825,same-system,140
2109732706,same-system,264
2104200559,same-system,232
2184271137,same-system,262
2124791963,same-system,201
2100640983,same-system,312
2100826327,same-system,213
2139006824,same-system,128
2141508395,same-system,43
2167471429,human,188
2167471831,human,52
2167472708,human,137
2167473104,human,28
2152468724,same-system,234
2137284322,human,126
2159751493,human,50
2170424822,same-system,191
2216407712,same-system,178
2157433414,same-system,132
2138615658,same-system,45
2212871232,same-system,57
2131094745,human,218
2172548393,human,107
2172549273,human,117
2146098749,same-system,72
2139099524,human,26
2139100947,human,254
2139101412,human,160
2167084940,same-system,228
2169591356,human,10
2241416005,same-system,950
2099223559,same-system,149
2120693677,human,51
2193875716,same-system,88
2231512665,human,180
2139341308,same-system,338
2181898342,same-system,179
2205447555,same-system,142
2103112207,human,146
2222094215,human,184
2201099249,human,39
2201103598,human,60
2201104725,human,60
2201110610,human,39
2201116468,human,18
2144036562,same-system,88
2105509251,same-system,104
2201350961,human,152
2161446224,same-system,98
2156050978,same-system,248
2156355438,same-system,190
2180460454,human,346
2106347966,human,413
2138838646,same-system,302
2193248005,same-system,157
2210746981,same-system,277
2151448650,human,248
2103380415,same-system,246
2156406388,same-system,74
2165171022,human,165
2106339834,same-system,226
2154181685,same-system,307
2467837897,cross-system,233
2110128904,same-system,195
2117976464,same-system,72
2143380541,human,106
2231051436,human,170
2146817992,same-system,70
2101616073,human,45
2187677602,human,82
2170609583,human,105
2226960644,same-system,1444
2100909339,same-system,253
2100909352,same-system,221
2205450037,human,71
2144450769,human,16
2230605233,same-system,295
2203234281,human,61
2149718946,same-system,217
2150492059,human,251
2150495127,human,173
2150496873,human,169
2159523209,same-system,193
2238942025,same-system,122
2231001227,same-system,102
2159553167,human,99
2238940716,same-system,145
2247412130,same-system,214
2181165436,human,99
2223267578,same-system,304
2201660122,same-system,272
2188518914,cross-system,1223
2221431853,human,69
2221437806,human,450
2122905108,same-system,66
2145257092,human,78
2320946157,human,12
2202326746,human,58
2202326793,human,48
2183135206,same-system,82
2153589234,same-system,133
2153589240,same-system,271
2153589244,same-system,195
2166054743,same-system,393
2096532838,same-system,191
2121613905,human,38
2202968001,human,77
2138534784,same-system,80
2107577673,same-system,57
2201340649,human,73
2185378931,human,45
2181169902,same-system,194
2169661145,human,16
2178461876,same-system,147
2138944069,human,71
2221971366,same-system,233
2228674554,same-system,185
2127954624,human,718
2194544707,same-system,201
2229105542,same-system,51
2140785643,same-system,243
2209442034,human,56
2180652792,same-system,164
2211592812,human,7
2160511008,same-system,212
2138935278,human,396
2134468758,same-system,253
2241960652,same-system,57
2105005999,human,360
2160215708,human,65
2230563755,same-system,567
2150938753,same-system,260
2183856004,human,69
2203180106,same-system,82
2143144729,human,42
2141258462,same-system,85
2136262315,human,143
2103606506,same-system,314
2156684441,same-system,281
2141544182,same-system,301
2098476032,human,42
2193874878,same-system,102
2102038209,human,140
2102042687,human,200
2221508191,human,24
2184362315,same-system,368
2153104784,human,27
2127614850,same-system,311
2103648248,same-system,47
2250403899,human,283
2212382668,same-system,329
2197921887,same-system,141
2103780129,human,49
2102366145,human,161
2128288292,same-system,237
2117792222,human,111
2105166124,same-system,84
2104160872,same-system,88
2203464567,same-system,141
2200198860,human,267
2163953384,same-system,104
2330567242,same-system,298
2096550517,same-system,133
2169846551,same-system,129
2162820617,same-system,310
2224212198,same-system,325
2210082978,same-system,178
2139642487,same-system,234
2183410399,same-system,255
2113093179,same-system,129
2174232789,same-system,60
2103423169,human,83
2126206184,same-system,123
2140804829,same-system,224
2138670570,human,752
2098472672,same-system,383
2100029128,same-system,316
2096532412,same-system,210
2096514994,human,403
2109290171,same-system,269
2222763397,same-system,117
2218135093,human,366
2225579571,human,38
2213276705,same-system,149
2194623111,human,64
2109710952,same-system,65
2470536169,human,37
2165243738,human,27
2157822897,same-system,141
2114617693,human,150
2113639936,human,56
2113640368,human,56
2113681749,human,4402
2150980447,human,55
2155152398,human,257
2183372164,human,73
2143149178,same-system,105
2202959508,human,234
2202959611,human,94
2202960889,human,86
2202963293,human,116
2202964002,human,40
2202964341,human,405
2202967262,human,230
2148993169,human,112
2150056988,same-system,166
2157344721,human,147
2099903854,human,204
2232868240,human,62
2164951984,same-system,240
2213716128,same-system,129
2117953216,same-system,79
2155034984,human,217
2155036168,human,32
2127990826,same-system,846
2142984169,same-system,216
2103602268,human,35
2159439671,human,221
2130431288,same-system,104
2235349378,same-system,274
2235349407,same-system,149
2235349421,same-system,162
2108851512,human,33
2118148055,same-system,192
2157449161,same-system,446
2214176596,same-system,139
2190994156,same-system,91
2178148891,same-system,128
2169852750,human,231
2169853213,human,208
2169853458,human,18
2202861062,same-system,97
2103402189,human,50
2145833234,human,62
2116034518,same-system,220
2209233468,human,278
2199487715,human,17
2132892123,human,27
2132892282,human,30
2132892481,human,21
2171655988,same-system,106
2215182703,human,567
2139118365,same-system,62
2139011010,same-system,106
2101215332,human,21
2210556933,same-system,128
2232840229,human,116
2150318085,same-system,206
2183779653,same-system,454
2103122359,same-system,64
2215653132,same-system,112
2122999088,human,270
2246738607,same-system,361
2141283809,human,164
2177974513,same-system,148
2203113034,same-system,90
2203461757,human,13
2203462018,human,4
2203462113,human,6
2203463785,human,58
2203463944,human,53
2203464092,human,56
2134432826,same-system,721
2178489057,human,163
2224681158,human,213
2227850296,same-system,73
2194656859,human,51
2174790160,same-system,247
2200448466,human,33
2114823510,same-system,142
2230148851,same-system,79
2157346879,same-system,195
2182684052,same-system,73
2106281730,same-system,47
2209093265,same-system,270
2178288147,human,84
2194484139,same-system,124
2189065802,same-system,68
2217978963,human,69
2217979164,human,143
2217979343,human,55
2217979513,human,224
2217302013,same-system,134
2188479180,same-system,211
2114736026,same-system,157
2096645396,same-system,65
2141300367,same-system,162
2106070057,same-system,347
2116717994,human,305
2182417519,human,17
2195704199,same-system,209
2195704212,same-system,258
2195704220,same-system,394
2195704229,same-system,228
2139130815,same-system,248
2193983912,human,725
2194035968,human,363
2193748463,human,164
2100027980,human,129
2208002160,same-system,167
2175626088,human,119
2098585619,same-system,630
2211920999,same-system,160
2149719449,same-system,212
2230872512,human,151
2102253613,same-system,123
2157350165,same-system,269
2176138704,human,117
2165217046,same-system,416
2235057432,same-system,50
2213362859,human,119
2213363914,human,41
2105204861,human,327
2101193671,human,144
2143160725,same-system,156
2242177154,human,31
2143124255,human,27
2143124765,human,27
2143126045,human,48
2180088899,human,80
2115172584,human,20
2241304080,human,59
2241304601,human,58
2241308512,human,87
2232355001,same-system,196
2191027250,human,120
2210387613,same-system,209
2194742774,same-system,100
2210957917,same-system,203
2140380456,human,79
2126153002,same-system,124
2154802123,human,32
2241212363,human,34
2206007414,human,142
2133698355,human,128
2188503194,cross-system,605
2138859828,human,73
2153332174,same-system,55
2103032777,same-system,207
2164461924,same-system,139
2154468263,same-system,236
2187892885,human,17
2101424157,human,81
2116882535,human,27
2172341943,human,126
2189065659,same-system,71
2180606196,human,74
2180606521,human,18
2104319536,human,102
2198092891,same-system,123
2116887445,same-system,106
2107902414,human,92
2138520874,human,34
2138521931,human,21
2138523044,human,31
2138524221,human,80
2138524614,human,20
2138526338,human,67
2138526759,human,28
2138530372,human,45
2463874398,same-system,76
2222861777,same-system,141
2204998367,same-system,47
2165514800,human,93
2262291356,same-system,151
2121717101,same-system,120
2232887101,same-system,126
2102941539,same-system,257
2136883602,same-system,124
2190004931,same-system,75
2136587506,same-system,139
2172832224,human,124
2121999924,human,184
2179399249,same-system,382
2180104137,same-system,70
2120562230,human,117
2101335428,same-system,44
2172339071,human,107
2232383059,human,58
2180780173,same-system,223
2096360361,same-system,92
2143131507,human,156
2097445056,same-system,120
2167535279,human,80
2227450995,human,39
2191431091,same-system,92
2192769761,same-system,240
2209079662,same-system,125
2143315720,same-system,94
2242176194,same-system,262
2180180508,human,149
2180182257,human,65
2174605782,human,78
2157533100,human,182
2197055177,human,359
2157290748,same-system,134
2179385152,same-system,57
2147482298,same-system,212
2138485085,human,114
2213636987,human,81
2116888892,human,331
2230020648,same-system,58
2136596324,same-system,165
2217302006,same-system,114
2205464966,human,138
2160231240,same-system,259
2098497988,human,34
2098498442,human,53
2098498839,human,61
2098499136,human,77
2211238245,same-system,83
2101024870,same-system,451
2190641946,human,6
2190642975,human,127
2190643848,human,52
2190647235,human,206
2225069133,same-system,484
2188519192,cross-system,1918
2167353301,human,138
2170280460,human,76
2170281416,human,73
2170282720,human,73
2170283724,human,21
2170284366,human,21
2170285182,human,21
2170286965,human,49
2220034204,same-system,52
2204894407,human,82
2121805824,same-system,256
2188039904,same-system,87
2199950145,human,61
2183798021,same-system,276
2193149161,human,117
2153212852,human,147
2143650125,same-system,192
2105778459,human,24
2159233549,human,62
2228207763,human,22
2132954791,human,106
2209184095,human,207
2191367130,same-system,224
2241592857,same-system,221
2154647398,same-system,134
2241854006,human,129
2241856128,human,52
2206564729,same-system,254
2129073261,same-system,761
2105657750,human,91
2105658485,human,158
2096531020,same-system,396
2192079630,same-system,58
2155542319,human,117
2102062116,same-system,77
2143288709,same-system,406
2176288162,same-system,161
2104115931,same-system,241
2209030240,same-system,164
2126762034,same-system,81
2144036748,same-system,84
2121998235,human,39
2121999538,human,89
2138389776,same-system,125
2196631052,human,38
2196631448,human,61
2196631620,human,97
2196631857,human,98
2196632125,human,44
2223440677,same-system,112
2209459357,human,332
2190005755,same-system,488
2140035437,same-system,106
2116900129,human,22
2218334017,human,46
2218337728,human,69
2218338597,human,67
2170322904,human,96
2196280290,human,5
2167810186,human,166
2167527375,same-system,40
2103528823,same-system,71
2192856042,human,28
2139802483,same-system,76
2234525219,same-system,376
2100243837,same-system,129
2146242305,same-system,147
2207910358,same-system,247
2144695501,same-system,145
2143752358,same-system,81
2143743657,human,68
2143743960,human,108
2109382807,same-system,151
2145027839,human,115
2145034866,human,324
2132295187,same-system,226
2099120525,same-system,305
2104199305,same-system,122
2157286673,human,353
2123243114,human,143
2198695327,same-system,320
2197452062,human,84
2141252401,human,79
2177517250,human,123
2107413899,same-system,57
2129842727,human,16
2106109616,same-system,330
2131876790,human,67
2102394901,same-system,484
2101785568,same-system,181
2227549843,same-system,105
2123590937,human,80
2213900603,human,98
2162268391,human,45
2144496819,human,81
2190379813,same-system,74
2218443843,human,88
2214854210,same-system,235
2157342644,human,61
2161602950,same-system,190
2123374446,same-system,94
2136139477,human,66
2141300641,same-system,234
2125335705,human,208
2167700275,human,1657
2213925685,human,58
2174696761,human,33
2213716370,same-system,293
2116886437,same-system,117
2136391746,human,98
2207462927,same-system,205
2210834036,same-system,289
2154819974,human,39
2213602698,same-system,93
2212730537,same-system,105
2145306004,same-system,173
2157750637,human,357
2130534033,human,107
2293282589,same-system,43
2100012200,human,38
2231330726,same-system,240
2098398184,human,234
2343317846,same-system,536
2176171074,same-system,103
2183073141,same-system,315
2127870585,same-system,124
2144636503,same-system,108
2096545166,human,214
2112383491,same-system,302
2149774288,human,192
2149774919,human,187
2149778304,human,143
2149780745,human,139
2149785963,human,153
2100726237,same-system,69
2124847074,human,605
2172159798,human,496
2114181957,same-system,45
2193940415,human,108
2230133643,human,779
2199272328,human,252
2169216777,same-system,134
2103972818,same-system,258
2149985988,same-system,121
2235790685,same-system,186
2157570446,human,375
2147408810,human,186
2147409213,human,240
2102597811,human,409
2268571685,human,106
2096412052,same-system,132
2207447486,same-system,50
2182890224,same-system,129
2159771164,same-system,373
2135359632,same-system,159
2135359651,same-system,269
2135359663,same-system,327
2196232436,human,32
2138697468,human,178
2183620518,same-system,102
2128893525,human,48
2174687979,human,71
2174695908,human,99
2218799692,same-system,84
2241081653,same-system,135
2190404208,same-system,273
2180948519,same-system,266
2096444524,same-system,274
2096444577,same-system,298
2109788983,same-system,151
2129358846,same-system,132
2235057619,same-system,146
2148932158,same-system,187
2096734467,same-system,180
2207737277,human,85
2224686929,human,34
2132946476,human,42
2182904516,human,70
2100623114,human,301
2134920418,human,36
2099665168,human,86
2146089058,same-system,189
2169567219,human,44
2098001395,same-system,273
2149409874,same-system,157
2203814135,same-system,206
2230636618,same-system,101
2096814448,same-system,194
2096814455,same-system,146
2096814457,same-system,146
2104130863,human,40
2138536301,same-system,73
2329084434,same-system,66
2190708191,human,82
2169960635,same-system,52
2141282639,human,316
2138909840,human,74
2213602788,same-system,90
2180654279,same-system,99
2190673455,human,315
2190674375,human,160
2190674844,human,163
2190676611,human,180
2190688485,human,250
2190688958,human,180
2190689954,human,319
2190694940,human,350
2207109818,same-system,255
2138715869,human,321
2128582719,same-system,364
2120865552,same-system,267
2136882987,same-system,73
2107577921,same-system,71
2165171475,human,125
2214052771,human,47
2214063408,human,113
2214064082,human,125
2214068678,human,138
2138289798,same-system,285
2117952662,human,115
2191255279,same-system,82
2138534072,human,80
2138534890,human,42
2196341092,same-system,74
2180617596,same-system,91
2193875683,same-system,69
2141269289,same-system,338
2101076149,same-system,82
2234196151,human,143
2234196464,human,131
2234200683,human,102
2234201057,human,73
2110615713,same-system,84
2110615414,same-system,112
2138688412,human,246
2168850160,human,59
2204105567,same-system,194
2238903743,human,150
2259517105,human,51
2103150944,same-system,355
2211331536,human,48
2169486043,human,95
2222656724,human,230
2138263437,same-system,159
2224327494,human,54
2207109760,same-system,245
2138915203,human,223
2161907228,same-system,437
2227626385,same-system,1153
2227626394,same-system,258
2108058042,same-system,314
2202836504,human,40
2102404352,same-system,367
2184263592,same-system,208
2116871885,human,88
2191427845,same-system,254
2174723882,same-system,96
2172711182,same-system,180
2148897697,same-system,325
2181794990,human,439
2159650780,human,69
2122414958,human,870
2202784490,human,37
2181579089,human,102
2217298036,human,23
2217298215,human,13
2217299540,human,16
2195146809,same-system,175
2159408347,human,110
2114956188,human,249
2141977195,same-system,192
2204390925,same-system,442
2285732880,same-system,431
2180664496,human,20
2222281581,same-system,391
2227726729,same-system,46
2101012252,human,227
2173529744,same-system,61
2176123703,same-system,69
2173992822,human,23
2152575774,human,172
2100911857,human,27
2178489442,human,178
2212246545,human,100
2212246861,human,25
2116845136,same-system,54
2207013820,human,65
2230046555,human,33
2230618554,human,7
2230618930,human,7
2230619709,human,7
2200671896,same-system,16
2125507326,human,84
2155418102,same-system,310
2230546526,human,161
2103669712,human,56
2130425960,same-system,214
2152572792,same-system,189
2185581305,same-system,600
2105057126,human,106
2131906907,same-system,102
2148996600,same-system,254
2181728996,human,69
2146039247,same-system,466
2100555971,same-system,55
2178447210,same-system,328
2226004067,same-system,215
2207086186,human,114
2207088574,human,196
2207090768,human,96
2151802006,same-system,213
2139128276,same-system,153
2136870128,same-system,87
2250397734,human,58
2180594920,same-system,156
2243255320,human,71
2190710900,same-system,90
2241581762,human,146
2237550524,same-system,199
2160679040,same-system,189
2239293997,human,513
2201240946,human,78
2138950494,same-system,432
2202317717,human,47
2220213902,human,87
2124646817,same-system,67
2231779479,human,9
2139796117,same-system,169
2225034968,human,147
2213838604,same-system,281
2191045090,human,120
2203097624,human,68
2180644575,human,256
2180709838,same-system,98
2203284378,same-system,481
2203284381,same-system,621
2176073606,same-system,288
2167360368,human,154
2202043003,human,207
2193247945,same-system,89
2102055867,same-system,89
2201316422,human,129
2201317043,human,129
2201318754,human,62
2201322796,human,89
2119015469,human,134
2199635882,same-system,442
2155946038,same-system,62
2112705172,human,162
2143798219,human,44
2180604809,human,277
2156568752,human,67
2156570999,human,83
2156572320,human,85
2176443235,same-system,109
2235786472,human,167
2193248065,same-system,91
2233013834,human,336
2193070307,human,124
2179616696,same-system,328
2192828579,human,379
2201659795,same-system,211
2209747332,same-system,98
2139795362,human,84
2201388572,same-system,230
2185929689,same-system,129
2174602699,same-system,353
2211238478,same-system,285
2103736797,same-system,235
2124646578,same-system,55
2137380334,human,20
2177877918,human,173
2177914289,human,368
2177924450,human,50
2101765553,human,18
2130469894,human,25
2130470915,human,22
2142149679,human,146
2203902243,same-system,83
2193230539,same-system,141
2150317565,same-system,84
2211110693,same-system,82
2183378961,human,50
2155842256,same-system,187
2101217506,same-system,191
2214854321,same-system,215
2104162777,same-system,233
2103287816,human,125
2103288861,human,197
2103290116,human,220
2150300565,same-system,255
2125121160,human,83
2172909282,same-system,83
2147011405,same-system,109
2193195745,human,98
2193196952,human,175
2193197953,human,209
2175124363,same-system,210
2184497174,human,306
2103367366,human,146
2169117224,same-system,58
2144035549,same-system,63
2211254029,human,161
2162051886,human,77
2229008958,human,57
2097025184,same-system,206
2247110918,same-system,324
2159247639,same-system,294
2153959902,human,10
2100456287,same-system,360
2165117239,same-system,249
2096581926,same-system,115
2201934009,same-system,289
2100483533,same-system,211
2228154495,same-system,332
2191047475,same-system,189
2195853659,same-system,103
2150850582,same-system,411
2223290485,same-system,280
2157078308,same-system,313
2117650099,human,52
2117650958,human,79
2195443516,same-system,160
2130426337,same-system,89
2201439034,human,196
2201439701,human,144
2201440148,human,49
2103364928,human,92
2211901249,human,38
2211901738,human,94
2176073575,same-system,242
2100687476,human,210
2103790395,same-system,135
2172838448,human,165
2172841231,human,126
2172844946,human,535
2172845387,human,133
2172847442,human,404
2141569569,same-system,16
2167040069,human,159
2157070152,human,150
2105460556,human,19
2105460805,human,33
2105463215,human,32
2099102884,human,286
2241057091,same-system,194
2237856741,same-system,69
2117517087,human,46
2117517931,human,189
2117518082,human,118
2117521424,human,105
2180516214,same-system,129
2138826479,human,332
2206467115,same-system,99
2219753507,human,3
2117665081,human,65
2201933816,same-system,289
2118613128,human,73
2242496203,same-system,137
2173994300,human,188
2172310415,same-system,248
2210947278,same-system,95
2116892368,same-system,79
2208025935,human,133
2138325758,same-system,190
2180655156,same-system,145
2127404932,human,178
2114119704,same-system,76
2216396450,human,41
2207937358,human,55
2207953158,human,107
2146628256,human,62
2208065248,human,30
2145475938,same-system,453
2203406183,human,79
2112163979,same-system,814
2111407524,same-system,151
2183785785,same-system,301
2191951162,same-system,203
2105194753,human,147
2169215885,same-system,70
2125357802,human,82
2241887458,same-system,153
2132964135,same-system,262
2132992742,human,588
2145592305,same-system,493
2180576498,same-system,143
2241431100,human,96
2155057163,same-system,88
2118872784,human,116
2118873919,human,52
2118875185,human,203
2118876685,human,88
2118876865,human,42
2168728867,human,46
2106348972,same-system,81
2102418219,human,43
2229893522,human,53
2127378948,same-system,54
2112073126,same-system,194
2188517373,cross-system,136
2188517392,cross-system,487
2188517394,cross-system,305
2188517397,cross-system,128
2188517398,cross-system,132
2212937688,same-system,328
2162875305,same-system,74
2101893475,human,451
2225679109,human,34
2140680651,same-system,189
2230723969,human,149
2230919854,same-system,840
2230919877,same-system,294
2250982080,human,74
2211240995,human,198
2164729773,human,195
2129206793,same-system,435
2182690076,same-system,196
2316084245,human,6
2320527631,human,28
2198865344,same-system,95
2195446799,same-system,161
2204341550,human,273
2137666809,human,13
2157726249,human,114
2231266648,same-system,311
2200467352,same-system,418
2238535908,human,71
2228899454,same-system,180
2184982805,human,101
2184985276,human,157
2184987736,human,61
2155057558,same-system,88
2116166367,same-system,71
2179447609,human,134
2203408506,same-system,168
2141474842,human,28
2181658198,same-system,206
2231665144,same-system,317
2102812338,human,62
2152546098,human,51
2107766735,same-system,48
2252867049,same-system,295
2252867053,same-system,228
2252867056,same-system,283
2252867058,same-system,257
2252867064,same-system,273
2237622169,same-system,205
2203163801,human,185
2160958987,same-system,500
2143647036,human,101
2183924992,same-system,297
2183924994,same-system,237
2103016952,same-system,52
2112347353,human,56
2112350977,human,293
2112353382,human,290
2112355259,human,151
2112359853,human,439
2112360545,human,111
2112361437,human,88
2112363625,human,236
2112364730,human,83
2213937248,human,299
2176075949,human,41
2143204841,same-system,133
2246079300,same-system,99
2248039274,human,49
2248039467,human,49
2248040709,human,46
2155574867,human,71
2103666116,same-system,157
2122371051,human,679
2134556287,same-system,277
2195329809,human,39
2195331041,human,53
2195332657,human,36
2195333215,human,39
2195344903,human,105
2195349901,human,466
2195354762,human,361
2145526076,same-system,433
2205589458,same-system,139
2115909275,same-system,143
2235529827,same-system,171
2127870508,same-system,209
2157386774,human,113
2106516376,same-system,337
2144653307,human,115
2144653969,human,54
2178759153,same-system,75
2202861044,same-system,97
2109395125,human,218
2165906998,human,329
2145548012,same-system,272
2397373621,human,124
2185694329,same-system,108
2309071445,human,40
2178269577,human,152
2195360053,human,133
2195362282,human,39
2195362802,human,38
2195365199,human,46
2195411458,human,117
2195413027,human,42
2195416807,human,129
2195420272,human,16
2195420973,human,16
2195422318,human,29
2195423674,human,80
2103981342,human,60
2194337542,same-system,37
2123374132,same-system,94
2242330901,same-system,57
2134826679,human,281
2253675551,human,92
2180653028,same-system,120
2182423688,same-system,298
2145696883,human,24
2210085193,same-system,178
2221559215,human,342
2103631394,same-system,226
2180587899,same-system,229
2237623497,same-system,234
2212248699,human,111
2136814666,same-system,278
2150568282,human,129
2150570582,human,129
2150571131,human,129
2150571612,human,129
2150571732,human,129
2247212329,human,84
2243063032,same-system,210
2177482046,same-system,259
2172246540,human,130
2172249319,human,95
2172252049,human,82
2172252374,human,6
2172253464,human,18
2138704757,same-system,59
2127374579,human,208
2202545257,same-system,180
2222471088,human,65
2222479862,human,108
2222486262,human,99
2222487267,human,34
2222492987,human,119
2222498968,human,132
2222501355,human,60
2222505351,human,181
2222553308,human,69
2222565858,human,73
2222572684,human,65
2226523338,same-system,179
2179866138,same-system,147
2102915464,same-system,93
2217146418,same-system,429
2252714251,human,275
2225515210,human,133
2098911710,human,554
2219010212,same-system,122
2236518102,same-system,298
2106275628,human,6
2106275700,human,6
2106278709,human,16
2106278779,human,16
2097975441,human,214
2136796277,same-system,243
2150963415,human,160
2467848159,same-system,325
2153359603,same-system,208
2182004409,same-system,127
2140656904,human,222
2140657481,human,67
2173957886,same-system,93
2241081743,same-system,143
2185783553,human,150
2116109161,same-system,48
2230148855,same-system,78
2181444231,human,16
2183302212,human,30
2213716191,same-system,151
2103070554,same-system,155
2230062558,human,249
2230063496,human,96
2140956736,human,40
2140958565,human,89
2256823349,human,22
2106352472,same-system,44
2178154379,human,24
2101077299,same-system,56
2100238599,human,22
2159752646,same-system,48
2161675470,human,179
2201851149,human,504
2209940468,human,49
2209945422,human,42
2132895443,human,249
2114324761,same-system,189
2194639066,human,88
2193650863,human,56
2145305260,same-system,69
2104100838,human,13
2221518776,human,367
2108624069,same-system,242
2149986584,same-system,218
2182011942,human,69
2127442462,human,161
2127444832,human,39
2127444979,human,39
2127451254,human,75
2127453112,human,125
2127454270,human,105
2212625902,same-system,94
2216401837,same-system,59
2234582825,same-system,138
2184183485,same-system,169
2199541704,same-system,76
2182835683,same-system,254
2097255018,human,28
2176443203,same-system,118
2230955951,human,155
2225674805,same-system,149
2200489667,human,29
2200491252,human,66
2105053512,human,88
2109545118,human,35
2121335145,same-system,94
2128368014,same-system,103
2129165092,same-system,324
2191255377,same-system,215
2105878429,same-system,298
2184475563,same-system,116
2152432272,human,349
2152435675,human,108
2172969128,human,111
2166104295,human,97
2227804711,same-system,200
2241960938,same-system,248
2099189726,human,46
2175592089,same-system,95
2121604629,human,70
2118024174,same-system,274
2134465628,same-system,187
2209198226,human,386
2213929842,same-system,217
2114067597,same-system,189
2194956751,same-system,202
2192839001,human,143
2188120262,same-system,64
2128400107,same-system,64
2182324255,human,127
2150178134,human,3
2189388814,same-system,231
2118279728,same-system,429
2223495808,human,46
2211128337,human,125
2211145265,human,363
2211148264,human,201
2211149392,human,30
2211153540,human,341
2211155731,human,68
2211157317,human,23
2211159072,human,161
2211160418,human,142
2211163152,human,18
2211164510,human,18
2211166331,human,152
2211169805,human,136
2211171717,human,212
2211173376,human,121
2211174528,human,32
2211175562,human,32
2211176496,human,123
2211186450,human,111
2116110004,same-system,80
2173968021,same-system,102
2132903028,human,70
2132903648,human,67
2132904253,human,47
2132905436,human,16
2132906453,human,109
2132915247,human,1148
2132915959,human,19
2132916619,human,19
2132916907,human,19
2132917309,human,6
2132920075,human,410
2132922735,human,178
2232886926,same-system,156
2098448977,human,46
2098475205,human,248
2098487810,human,174
2098496267,human,99
2103054483,same-system,98
2180001261,human,14
2213987492,same-system,253
2097871480,same-system,129
2167417665,same-system,130
2143603077,same-system,97
2204978143,human,21
2154408337,same-system,72
2180611118,same-system,170
2206461667,human,102
2194800947,same-system,331
2143668819,same-system,52
2106999917,human,49
2107002553,human,151
2107004350,human,203
2107006086,human,50
2232369088,same-system,472
2101785281,same-system,177
2144631259,human,84
2172704708,same-system,257
2182764265,same-system,159
2130825621,human,37
2096645759,same-system,65
2212367920,human,172
2105224740,same-system,83
2174167679,same-system,153
2159374307,same-system,197
2172985010,human,24
2172985202,human,24
2135003034,human,49
2135010996,human,33
2258602518,same-system,375
2143832557,human,24
2137739779,same-system,52
2216964403,human,239
2216965972,human,227
2181129339,human,92
2210024608,human,46
2210029696,human,26
2210031839,human,35
2210037657,human,106
2210039632,human,54
2210049752,human,45
2111217689,same-system,180
2124395312,human,90
2194437048,human,926
2140449723,same-system,232
2202785195,same-system,120
2133129965,human,69
2140406683,human,29
2186453303,human,100
2186455272,human,37
2186456503,human,11
2186459473,human,239
2186460997,human,119
2191335066,human,144
2213038710,same-system,91
2138856495,same-system,90
2154992644,same-system,73
2182764918,same-system,98
2100918584,same-system,331
2176110362,same-system,368
2164800277,human,89
2114066543,same-system,49
2114595573,human,109
2188124118,same-system,301
2154081701,same-system,225
2136093367,same-system,248
2138573476,human,70
2191223327,same-system,287
2103377025,same-system,101
2172310224,same-system,279
2137383794,human,132
2097897403,human,351
2154523527,same-system,210
2223462957,same-system,277
2119327606,human,64
2198014623,same-system,113
2164851684,same-system,130
2183856322,human,38
2235789317,same-system,327
2203945766,same-system,68
2149004509,same-system,123
2190710830,same-system,85
2169117394,same-system,68
2218345470,same-system,107
2128367702,same-system,73
2203327370,same-system,87
2222862146,same-system,211
2107561789,human,40
2180606662,same-system,242
2143663618,same-system,105
2169910051,human,28
2203899870,human,29
2203903708,human,198
2149718460,same-system,219
2153566974,same-system,68
2220122067,same-system,379
2181109157,human,136
2181109164,human,695
2132221951,same-system,147
2157459507,human,118
2203229751,same-system,139
2157822930,same-system,130
2193666165,same-system,142
2216809756,same-system,256
2120808030,human,124
2120811599,human,115
2120812706,human,58
2132510716,human,570
2237551088,same-system,189
2162701751,human,193
2229100850,human,73
2236462089,same-system,191
2159162959,same-system,392
2098386558,same-system,203
2192969146,human,58
2213802362,human,244
2213802895,human,216
2213803641,human,186
2213804298,human,508
2213804909,human,139
2213805541,human,354
2213805900,human,337
2138182177,same-system,139
2116469821,human,75
2116475440,human,247
2116478335,human,71
2116479664,human,249
2125502407,human,81
2211906480,same-system,131
2143175965,same-system,254
2109378725,human,89
2216038343,same-system,796
2174884985,human,26
2151254357,same-system,147
2143138675,same-system,112
2128276190,human,1167
2127596462,same-system,65
2190760076,human,48
2204348596,human,137
2127870423,same-system,113
2104749169,same-system,71
2116491715,same-system,144
2124877402,human,37
2169554586,same-system,273
2103477333,human,113
2201658768,same-system,225
2227219786,human,105
2156164992,human,221
2211828888,same-system,220
2217288742,same-system,247
2191060903,same-system,137
2206424983,same-system,95
2153141516,same-system,97
2145426893,same-system,446
2207911638,same-system,58
2134461617,same-system,230
2201851387,human,205
2201851650,human,205
2159779238,same-system,210
2169596385,human,18
2217867029,human,264
2169515146,same-system,272
2209962963,same-system,120
2222955307,human,107
2193720472,human,141
2207172229,same-system,125
2214137217,same-system,190
2228033373,same-system,322
2159235638,human,80
2128384807,human,23
2147520867,human,320
2116268236,same-system,277
2162908768,same-system,122
2173230090,human,295
2221962574,human,17
2189983672,human,52
2180576444,same-system,104
2104196192,human,47
2187352815,human,330
2464317334,same-system,66
2172710655,same-system,39
2132174631,same-system,197
2467478153,human,87
2219930180,same-system,121
2225188077,same-system,157
2143597173,human,202
2143598144,human,199
2143600179,human,68
2143601393,human,68
2134573916,same-system,192
2166063001,human,170
2213126483,human,104
2139117254,human,23
2101170061,same-system,450
2177021541,human,21
2170317736,same-system,52
2128570473,human,49
2142297424,same-system,55
2164682444,same-system,95
2180642510,human,97
2224712874,same-system,136
2174716058,human,41
2196836294,human,41
2173092017,human,29
2173095663,human,19
2127205773,human,64
2183188956,human,21
2133083155,same-system,300
2125507967,same-system,108
2178274098,human,64
2242917945,human,20
2180627397,human,222
2181793369,human,9
2203945242,same-system,75
2221929596,human,202
2199960414,same-system,371
2228611270,same-system,131
2241316383,same-system,209
2182997467,human,62
2158466964,same-system,379
2164750758,human,38
2178378858,same-system,101
2213155666,same-system,75
2209199415,human,34
2203229745,same-system,158
2169696590,human,109
2169862010,human,123
2103634050,same-system,145
2212610273,human,100
2167805070,human,70
2114181056,same-system,45
2183433257,same-system,84
2176168709,human,52
2175104153,human,339
2183615006,human,284
2183615546,human,126
2183616518,human,135
2204091587,human,24
2204091784,human,5
2172240380,human,269
2173835699,same-system,410
2098715957,same-system,244
2183258486,same-system,219
2141301771,same-system,115
2175699837,same-system,114
2203945917,same-system,79
2103604630,human,98
2210955656,human,47
2184948436,human,69
2192821588,human,235
2107924773,same-system,511
2150057768,same-system,207
2137740776,same-system,109
2230015915,human,6
2244135934,same-system,263
2207321669,human,153
2181168589,human,74
2181169093,human,74
2181176353,human,168
2207866069,same-system,118
2143138961,same-system,115
2229884956,same-system,223
2137380630,human,20
2103109429,human,68
2225881806,same-system,285
2240788008,human,59
2240792194,human,27
2160055601,same-system,122
2180896945,same-system,224
2101075371,same-system,99
2150556511,human,242
2132898788,same-system,63
2231001759,same-system,99
2167570671,human,120
2234571556,human,105
2139115754,same-system,26
2182084828,human,53
2117379120,human,100
2103486109,human,689
2103486280,human,27
2160234037,same-system,91
2193417616,human,221
2173268710,human,577
2134468885,same-system,99
2163711968,human,36
2188499965,human,119
2188501190,human,17
2188501475,human,66
2188502013,human,149
2188502340,human,121
2191261090,human,43
2127468751,same-system,203
2180617165,human,55
2180618655,human,68
2124172856,human,59
2203793464,human,28
2119016253,human,34
2138616187,same-system,45
2183256184,same-system,542
2179936635,human,56
2144407783,human,168
2178299623,human,99
2153224648,same-system,247
2203465680,same-system,158
2201387343,same-system,230
2146428214,same-system,167
2097031537,same-system,262
2244927884,same-system,430
2157340483,same-system,211
2096556999,human,112
2179865893,same-system,157
2199477760,same-system,99
2397894822,human,45
2138720384,same-system,134
2173856769,human,36
2143148114,same-system,49
2238547000,same-system,40
2173994165,human,119
2144696267,same-system,145
2219620959,human,78
2141261053,same-system,250
2198538294,human,9
2198539057,human,59
2201326010,human,232
2151204144,same-system,65
2150493922,human,60
2203250777,same-system,349
2131050737,human,115
2211237814,same-system,83
2138326539,human,364
2148998973,same-system,179
2106105860,human,71
2219764114,same-system,116
2116233462,same-system,176
2159763442,human,29
2194956866,same-system,151
2248920502,same-system,626
2140627092,same-system,342
2208185559,human,75
2201144371,same-system,180
2150968929,human,320
2108550778,human,438
2243049481,human,463
2243053409,human,478
2098766529,same-system,109
2096653509,human,108
2117948954,same-system,297
2193875739,same-system,122
2202048814,same-system,318
2234571985,human,188
2138051652,human,179
2128805966,same-system,79
2103117842,same-system,53
2201216034,same-system,85
2110113874,same-system,105
2184263649,same-system,340
2205266358,human,21
2146971744,same-system,356
2180695432,human,328
2143261263,same-system,745
2210262881,same-system,165
2127259232,human,68
2192118537,same-system,154
2162789214,human,237
2197083156,human,33
2141565678,same-system,16
2113646074,human,153
2113649765,human,141
2113662908,human,599
2113665650,human,99
2122443296,human,34
2107577476,same-system,150
2110921512,same-system,66
2109609279,same-system,188
2183323672,human,30
2183324028,human,23
2192967305,same-system,87
2228254259,same-system,151
2190735257,same-system,226
2195262401,human,177
2146814690,human,57
2146814807,human,58
2146815050,human,131
2146815613,human,95
2146815678,human,39
2146815828,human,67
2206628858,same-system,149
2192119025,same-system,141
2097110196,human,178
2138806866,human,541
2176319808,same-system,223
2173008856,human,156
2238920121,human,125
2169107207,same-system,115
2136880892,human,39
2164262130,same-system,120
2199271258,same-system,1062
2108627193,same-system,357
2103659578,human,6
2103660208,human,67
2103662097,human,156
2203097629,human,92
2175626415,human,33
2143151693,human,121
2209990350,same-system,362
2158262915,same-system,104
2210878879,human,100
2114180869,same-system,45
2110613891,same-system,112
2206791947,cross-system,15729
2123373904,same-system,94
2237107733,human,177
2237109899,human,55
2169926981,same-system,60
2145568801,same-system,65
2330566638,same-system,126
2159756080,human,1025
2109543662,human,39
2139010667,same-system,76
2138826139,same-system,368
2117953415,same-system,86
2125112406,same-system,53
2170488832,human,157
2180006714,human,37
2274898036,human,29
2132654482,human,100
2288437843,human,61
2152426679,human,157
2202754940,same-system,168
2145593719,same-system,470
2169082208,same-system,59
2156705747,same-system,224
2131331405,human,149
2100902431,human,307
2100904843,human,101
2109291096,same-system,156
2146960821,human,55
2242605118,same-system,321
2165217323,human,97
2097463373,human,32
2225881093,same-system,341
2180654722,same-system,165
2241081834,same-system,135
2179377939,human,11
2098481660,human,152
2242519192,same-system,254
2096589678,same-system,44
2207178056,same-system,155
2191429102,human,42
2214903021,same-system,195
2125123310,same-system,94
2152527341,human,31
2195531820,same-system,263
2172710870,same-system,39
2151136581,human,62
2188104808,same-system,64
2100879671,same-system,84
2177548735,same-system,64
2178764823,human,121
2203946573,same-system,94
2101429608,same-system,294
2147010926,same-system,412
2103309624,same-system,79
2160242209,same-system,284
2204903965,same-system,454
2115157310,human,497
2115157799,human,96
2202863347,same-system,95
2131885161,same-system,73
2207889714,human,16
2201337680,human,125
2141569838,same-system,47
2138366591,human,94
2097277641,same-system,30
2154823789,human,30
2117976565,same-system,58
2143013996,same-system,164
2121249918,same-system,212
2219556439,same-system,243
2219556457,same-system,1225
2244728720,same-system,345
2123865734,human,44
2183892896,human,226
2149002294,human,120
2150894396,human,169
2109385582,human,56
2233864836,human,15
2135790184,human,146
2116879076,human,80
2167372625,same-system,316
2183744435,same-system,181
2107731322,human,197
2129176395,human,69
2138768425,same-system,169
2106076116,human,193
2181033153,same-system,163
2101261072,same-system,260
2138299744,same-system,68
2183381718,human,33
2183382836,human,58
2152893797,human,21
2207835621,same-system,135
2117242915,human,54
2194374383,human,240
2174938837,human,84
2159232544,human,188
2140986619,human,34
2117533712,same-system,79
2200059395,same-system,114
2138588622,human,74
2182605250,human,108
2182606443,human,37
2195146795,same-system,138
2209469450,same-system,205
2170238686,same-system,123
2226044009,same-system,168
2100857452,human,167
2183964819,same-system,65
2164849662,same-system,79
2174588293,human,111
2099060145,same-system,130
2203792712,human,108
2173857302,same-system,156
2173856020,same-system,59
2136883351,same-system,188
2176355865,same-system,414
2220351989,same-system,361
2097426741,same-system,33
2141302304,same-system,55
2183329433,same-system,110
2176693581,same-system,229
2101077127,same-system,86
2153330663,same-system,86
2105770288,human,73
2212260364,human,232
2195772381,human,52
2137931358,human,2
2172175828,same-system,316
2222778568,human,50
2116148546,human,64
2244652542,same-system,232
2106344518,human,106
2106344706,human,165
2106345111,human,125
2106346951,human,80
2106347174,human,18
2123369499,same-system,132
2127968182,same-system,345
2183076562,human,29
2229969297,same-system,139
2157372798,human,264
2116873589,human,45
2116875027,human,92
2116875212,human,34
2116877083,human,90
2116877423,human,128
2116878447,human,88
2116878570,human,83
2116878649,human,50
2116878857,human,61
2116878916,human,27
2116878958,human,16
2116879005,human,20
2116879168,human,107
2116879250,human,107
2320945905,human,12
2104487838,human,66
2096645106,same-system,95
2124706785,human,50
2143140666,same-system,80
2198816407,human,264
2185427088,same-system,603
2103041150,same-system,188
2184244340,human,196
2289842112,human,7
2176057618,human,18
2176059009,human,50
2170067278,same-system,281
2232886954,same-system,115
2103298642,human,48
2231751452,human,43
2207712684,same-system,126
2187800629,same-system,235
2147408011,human,163
2143116212,same-system,275
2209002591,same-system,136
2143120434,human,94
2225811669,human,145
2225818308,human,206
2225824942,human,163
2225825265,human,9
2225827738,human,138
2134461368,same-system,254
2128204846,same-system,632
2150496107,same-system,117
2213117937,same-system,182
2124125638,same-system,65
2242931995,same-system,68
2134514374,human,77
2104198580,same-system,165
2107036656,same-system,106
2147517858,human,50
2147518740,human,232
2097800226,same-system,246
2213829584,human,141
2242899185,same-system,305
2133070901,same-system,297
2154817146,human,77
2164816207,human,64
2164835173,human,602
2193684087,same-system,68
2112271485,same-system,68
2239315437,same-system,100
2175631198,human,30
2175632174,human,127
2125319338,same-system,87
2144919835,same-system,299
2154813688,same-system,41
2209992254,human,13
2213154909,same-system,93
2105501433,human,21
2105501495,human,20
2105501543,human,18
2105505952,human,136
2190404330,human,60
2157227495,same-system,173
2212674404,human,56
2102154872,human,9
2153819078,same-system,221
2158299694,same-system,96
2159215791,same-system,295
2176084807,human,87
2244133531,human,960
2180614736,human,45
2180620932,human,1407
2180622115,human,36
2182765616,human,179
2102950831,human,134
2229645702,same-system,274
2229645715,same-system,310
2101040654,human,314
2139118943,same-system,80
2192065621,human,63
2178059746,same-system,185
2140767600,same-system,346
2204794826,human,21
2182690387,same-system,168
2140416193,same-system,692
2140923725,human,23
2100035030,human,87
2104122338,human,39
2197371275,same-system,188
2136883446,same-system,85
2184498444,same-system,198
2169866090,same-system,59
2116887748,same-system,85
2190245798,same-system,135
2203154174,human,111
2153946305,human,22
2104340611,same-system,164
2228254079,same-system,193
2148222066,same-system,93
2180166902,human,73
2180170231,human,276
2165861512,human,540
2152624786,human,65
2100698081,human,18
2138368248,human,230
2138368780,human,32
2138370297,human,109
2138370802,human,67
2138372480,human,37
2228894407,same-system,239
2154552883,human,431
2100769876,human,138
2217994167,human,250
2100884988,same-system,255
2219744160,human,61
2230665759,same-system,195
2156757157,human,217
2100854548,human,187
2223063682,same-system,110
2154540823,same-system,161
2180598985,same-system,50
2207852796,human,60
2207857965,human,24
2207931590,human,96
2207939529,human,39
2207947605,human,38
2134854867,human,53
2202219461,same-system,191
2145850839,human,114
2145852072,human,125
2166124223,same-system,357
2134069235,same-system,82
2100726831,same-system,155
2125567199,human,70
2125569444,human,27
2125574254,human,91
2125579827,human,51
2125584940,human,92
2125587459,human,105
2099999938,human,37
2164668850,same-system,258
2178275474,human,23
2201165889,same-system,142
2145526883,human,134
2103108715,human,44
2123247926,human,18
2123254370,human,88
2106492708,human,262
2175699293,same-system,64
2136866879,same-system,113
2213716596,same-system,112
2343822664,same-system,252
2228253883,same-system,137
2149392301,human,65
2216303771,human,8
2231556999,same-system,389
2119734644,human,130
2240834520,human,128
2143328227,same-system,51
2123450245,same-system,245
2139831020,same-system,346
2172913794,same-system,149
2200474718,same-system,220
2133019002,human,87
2237129800,human,46
2173529730,same-system,50
2104703911,human,60
2215611068,same-system,268
2194669984,same-system,690
2212507128,human,90
2212510499,human,145
2180673769,same-system,340
2194337680,same-system,71
2206613690,human,193
2169750452,human,117
2140478672,same-system,62
2196736766,same-system,223
2176146572,human,35
2209257028,same-system,278
2225932063,same-system,162
2097436595,human,174
2097438139,human,107
2097438681,human,46
2179439333,human,93
2242470425,human,51
2107414486,same-system,131
2114785166,same-system,103
2128614554,same-system,190
2252663482,same-system,213
2143742837,human,112
2103371152,same-system,388
2116349182,same-system,365
2202860988,same-system,97
2176106012,human,54
2180125637,human,465
2170238404,same-system,90
2154517006,same-system,134
2218417730,same-system,155
2149985599,same-system,105
2103668582,human,54
2102887593,same-system,155
2102457910,human,88
2231162429,same-system,210
2145755343,same-system,93
2181525387,human,75
2117252257,human,75
2226018574,same-system,119
2242660112,same-system,82
2203167351,human,131
2100972984,human,13
2154557682,same-system,101
2180548274,same-system,158
2125735967,same-system,131
2289834824,human,253
2163469006,same-system,201
2163469034,same-system,230
2163469048,same-system,193
2157462302,human,65
2157462465,human,65
2247653707,same-system,486
2150994229,same-system,58
2128583803,same-system,364
1997121568,human,37
2123007139,human,341
2250391387,cross-system,1073
2186229572,human,113
2186234738,human,367
2186239363,human,164
2241477737,human,77
2018783269,human,152
2111418663,human,27
2094454788,cross-system,1114
2094454789,cross-system,923
2058026617,human,105
2058034066,human,485
2058051332,human,22
2000506375,human,200
2000528668,human,114
2000530093,human,135
2000532275,human,168
2000538734,human,139
2169010879,human,19
2026109047,human,45
2162157028,human,208
2098531569,human,32
2026661128,human,189
2103166466,human,84
2042765668,human,16
2042765768,human,16
2083613732,human,70
2185761716,human,288
2220896771,cross-system,385
2033010796,cross-system,227
2033010810,cross-system,271
1904206923,human,72
1904207886,human,81
1904211907,human,83
1904218817,human,82
1904223845,human,392
2062770159,human,25
2062770262,human,23
2062770473,human,15
2062770702,human,64
2062771476,human,51
2190414450,human,95
2064848657,human,129
2124907383,human,108
2185766122,human,231
2081648580,human,85
2173578887,cross-system,185
2173578888,cross-system,289
2173578889,cross-system,174
2107864979,human,203
2180131882,human,190
2180143877,human,532
2180149734,human,216
2180155785,human,49
2185771474,human,362
2184231587,human,117
1929907281,human,6
2150362939,human,61
1945775280,human,78
1945783457,human,28
1949678251,human,159
1949680299,human,31
1949680574,human,31
1982803169,cross-system,320
2082269723,human,24
2202171362,human,31
2236930304,human,90
2217771625,human,38
2019967179,human,65
2019967200,human,18
2019967213,human,18
2019967277,human,18
2082254483,human,55
2082268177,human,158
2133227570,human,64
1896254024,cross-system,592
1970584154,human,11
1974594145,human,34
2201074595,cross-system,196
2201074608,cross-system,253
2201074620,cross-system,324
2015386777,human,153
2193690729,cross-system,72
1935088169,human,348
2220894911,human,38
2226972651,cross-system,2400
2067631821,cross-system,133
2067631829,cross-system,167
2067631839,cross-system,113
2067631896,cross-system,434
2067631903,cross-system,124
2067632070,cross-system,111
2067632199,cross-system,148
2067632206,cross-system,89
2040723256,human,7
2093649098,human,47
1906070249,human,155
2221900382,human,873
2092786369,human,81
2093457732,human,71
2093458130,human,45
2093459300,human,94
2093461241,human,85
2093466722,human,34
2093467724,human,48
2025200257,human,165
2244060728,human,30
2106175545,human,45
2035289566,human,64
2171812506,human,86
1937968938,human,333
2060141821,human,30
2236095254,human,121
2093178817,human,261
1991972643,human,53
1923307999,human,53
1994494971,human,43
2150547858,human,99
1975129194,cross-system,458
2029517400,human,88
2047995227,human,675
2047995750,human,545
2028027452,human,25
2028027543,human,17
2028027721,human,22
2150645633,human,112
2093541775,human,98
2093543051,human,164
2093543747,human,29
2159754024,human,139
2025203122,human,295
2018438430,human,49
2018438876,human,49
2018461035,human,70
2036848080,human,43
2167973103,human,47
1914568291,human,312
1914570156,human,187
2122608492,human,152
2095955229,human,191
2102058165,cross-system,366
2180888858,human,114
2244124118,human,177
2153392985,human,22
2038716339,human,82
2129134301,human,37
1904844781,human,144
2011367640,human,18
2231839768,cross-system,2433
2048785212,human,14
2230644652,human,114
2117739677,human,77
2099030582,cross-system,604
2067837505,human,114
2239121423,cross-system,95
2239121459,cross-system,128
2239121494,cross-system,231
1991869560,human,57
1968613321,human,35
2199176997,human,9
2170380670,cross-system,1724
1913870501,human,48
2110106309,human,113
2244169256,human,27
2153439699,cross-system,1225
2180952168,human,202
1970776919,human,44
2178461152,cross-system,74
2042593365,human,787
1964470806,human,18
1962202131,human,35
2129188720,human,123
1929908126,human,10
1929907592,human,23
2003241668,human,234
2073252432,human,15
2168791755,human,26
2074725318,human,63
2135349342,cross-system,1929
2081808749,cross-system,394
2113360804,human,25
2113364241,human,23
2113365116,human,32
2085864988,cross-system,751
2085864992,cross-system,145
1931277471,human,157
2153994772,human,89
2141256316,human,138
1934750811,human,94
1934754770,human,43
2244318554,cross-system,1757
2122736958,human,32
2100596238,human,413
2100596945,human,45
2087489866,human,6
2109458808,human,71
2133649834,human,158
1977144908,human,23
2030912173,human,121
2152862209,human,65
2049949766,human,152
1976507107,human,7
1976507122,human,7
2013348154,human,296
2217616929,human,164
1929905667,human,99
1936135655,human,141
1936136959,human,65
2216346080,human,159
2146113750,cross-system,1092
2229148078,cross-system,2363
2009440675,human,112
2137260200,human,32
2137276750,human,176
2164736681,human,81
2040127949,human,37
2051737593,human,99
2057584257,human,168
2239382895,human,106
2027844047,human,52
2236290433,cross-system,2766
2129238173,human,8
2245641381,human,54
1972658886,human,31
2174668282,human,86
2182818771,cross-system,746
2223771213,human,184
2002075233,human,154
2002076440,human,98
2033391108,human,119
1972681243,human,65
2233829370,human,88
2244122682,human,145
1968604794,human,55
1966632355,human,65
1972660478,human,79
2173576279,cross-system,621
2173576280,cross-system,364
2173576281,cross-system,356
1974554009,human,46
2041903589,human,78
2168740465,human,119
2214715303,human,94
2168151759,cross-system,1822
2060356176,human,303
2241584726,cross-system,346
2005522517,human,212
2071554190,human,79
2118318986,human,81
1991888739,human,5
2093535004,human,6
2020694425,human,58
2020695034,human,66
2215956236,human,197
1896235610,cross-system,551
2107873361,human,57
2093546849,human,145
2019051853,human,26
2019052488,human,92
2040648942,human,45
2042249311,human,147
2064300522,human,58
2048323370,human,108
2146988491,cross-system,1445
1901975913,human,239
2087580090,human,36
1948272319,human,99
1964827745,human,53
1995727977,human,31
2098658762,human,101
2015515362,human,105
2015528234,human,56
2142751659,human,424
2019025907,human,16
2005651746,human,60
2244694693,human,165
1970597678,human,37
2085193271,human,63
2121426808,human,43
2121427759,human,20
1899130047,human,199
2060453158,human,54
1912619757,human,254
2107734129,cross-system,1727
2158991386,cross-system,185
2158991398,cross-system,520
2060015732,human,305
1896232576,cross-system,1708
2040686278,cross-system,1302
2092999574,human,3
1947278366,human,42
2187350157,cross-system,496
2187350163,cross-system,269
2187350164,cross-system,672
2187350167,cross-system,516
2187350170,cross-system,634
2063172974,human,297
2060442154,human,59
2101896937,cross-system,355
2101896950,cross-system,359
1896229469,cross-system,1262
2173578961,cross-system,676
2173578962,cross-system,512
2173578963,cross-system,1227
2194777683,human,33
2214572802,human,258
2105876548,cross-system,648
2105876549,cross-system,287
2105876551,cross-system,420
2105876552,cross-system,611
2105876553,cross-system,466
2178656395,human,164
2178669207,human,128
2178672524,human,123
2178676765,human,125
2178689539,human,545
2178693599,human,95
2178694887,human,158
2178695574,human,61
1896234786,cross-system,565
2138794634,cross-system,664
2025307624,human,45
1968449577,human,30
1986046690,cross-system,563
1923114505,human,55
1936391768,human,81
2235916109,cross-system,3074
2235916128,cross-system,2434
2022064682,human,35
2183958587,human,55
2073620698,human,102
2231766809,human,87
2100297773,human,120
1934563464,human,49
1934564470,human,117
1934565448,human,99
2035096307,human,76
2035096670,human,53
2082577506,human,371
2194914264,human,39
2194915733,human,114
2194918517,human,116
2194920553,human,121
2142744026,human,149
2062701122,human,177
2029220928,human,68
2029224691,human,859
2029226334,human,496
2027849139,human,21
2027851706,human,74
2027852533,human,70
2027853468,human,97
2164118520,human,54
1972656264,human,310
2009308775,human,49
2146236757,human,214
2162880553,cross-system,415
2150151259,human,49
2168739592,human,350
2117743483,human,109
2199078386,cross-system,160
2199078464,cross-system,534
2199078479,cross-system,136
2199078482,cross-system,134
2199078487,cross-system,128
2199078491,cross-system,267
2199078506,cross-system,71
2199078526,cross-system,682
2199078536,cross-system,113
2199078544,cross-system,337
2060434394,human,56
2223066787,human,59
2048366549,human,28
1994562691,human,195
2068540282,human,11
2070393312,human,57
2070395135,human,74
2070400184,human,188
2181603792,human,165
2089462811,human,30
2117747306,human,126
1980707112,cross-system,359
1980707114,cross-system,1596
1980707116,cross-system,1680
1980707118,cross-system,1622
1974570392,human,46
2011503675,human,145
2003223617,human,170
2058476016,human,241
1931642719,cross-system,1941
1984244155,human,297
1972220263,human,59
2070945332,human,31
1978068281,human,35
1980471996,human,264
2094125807,cross-system,500
2094125809,cross-system,1109
2030787013,human,56
2036074363,cross-system,82
2036074371,cross-system,51
2036074378,cross-system,51
2036074383,cross-system,127
2036074389,cross-system,160
2036074394,cross-system,83
2036074401,cross-system,91
2036074410,cross-system,81
2036074416,cross-system,63
2036074421,cross-system,88
2036074422,cross-system,42
2036074426,cross-system,61
2036074431,cross-system,122
2036074437,cross-system,109
2036074444,cross-system,66
2036074447,cross-system,157
1925931042,human,619
1925934229,human,412
2019054200,human,22
2019054480,human,32
1959738757,cross-system,1005
2074130604,human,31
2000165001,human,136
1974640099,human,264
2026220300,human,103
2129133250,human,6
1943442014,human,33
2169039389,human,188
2184300818,human,85
2184305222,human,17
2184306438,human,17
2184360430,human,62
2184361116,human,58
2184362041,human,116
2184362394,human,105
2184425162,human,67
2109237085,cross-system,971
2070404397,human,80
2070405506,human,125
2070406873,human,127
2070411739,human,232
2069254181,human,155
1938002852,cross-system,169
1938002871,cross-system,105
1938003225,cross-system,144
1938003308,cross-system,75
2165921333,human,320
2100622896,human,203
2237850129,cross-system,2938
2241503943,human,21
1929904596,human,14
2172038664,human,33
1936391180,human,55
2232028145,cross-system,193
2232031101,cross-system,131
2133929537,human,152
2312492573,human,94
2027836363,human,39
2027837630,human,137
2137842970,human,40
1972658997,human,31
2191833434,human,90
1908982110,human,60
2033365182,human,35
1948323875,human,47
1970269230,human,90
1970270144,human,79
1970271519,human,79
1970271818,human,34
1970272164,human,50
1970272448,human,52
2251940526,human,9
2200176477,human,54
2132370643,human,152
2194928980,human,78
2162167871,human,47
2044730545,human,73
2051263660,cross-system,199
2198817729,cross-system,1262
2198817745,cross-system,971
2002461482,cross-system,157
2173270070,cross-system,296
2173270073,cross-system,252
2173270076,cross-system,326
2231697156,human,30
2199107872,human,6
2074345237,human,78
2107902335,human,80
1972736558,human,146
2060451049,human,244
2096595714,human,156
2093650218,human,107
2127902393,human,41
2127911680,human,107
2127913882,human,108
2127916533,human,91
2127918773,human,193
2127921075,human,169
2127922205,human,124
2127923331,human,122
2127926083,human,106
2127927441,human,25
2127928425,human,117
2127928953,human,24
2043273862,human,29
2050926502,human,265
2185796001,human,185
1903734978,cross-system,2184
1939051476,human,132
1982672566,human,63
2061624448,human,48
2166329086,cross-system,6726
2155875449,human,17
1936248731,human,100
2082623198,human,63
2110623471,cross-system,411
2110623473,cross-system,434
2050187605,human,40
2033388901,human,335
1942195612,human,22
2017031347,human,15
2063351028,human,225
2119858397,cross-system,1285
1947086333,human,55
2032157929,human,57
2032158236,human,14
2032160808,human,70
2032160977,human,17
2032161318,human,43
2032161649,human,59
2032162467,human,115
2032164587,human,87
2032165622,human,129
2032167001,human,18
1965974551,human,161
1984000822,human,65
2109241062,cross-system,581
2084991716,human,4
2214713894,human,146
2217618738,human,155
2110795763,human,83
2201724807,human,180
2099851954,cross-system,817
2029998553,human,77
2025201778,human,362
2312494254,human,362
2046657402,human,29
2157648143,human,13
2157648343,human,13
2157648918,human,20
1934872483,human,56
2004460766,human,22
2074977205,human,116
2074979566,human,65
2074980258,human,86
2137415767,human,27
2047516325,human,371
2062680009,human,72
1995860106,human,68
2019496845,human,281
1968449947,human,29
2214571320,human,102
2098258692,human,74
2156233010,human,43
1935011871,human,208
2117791485,human,12
2057531458,human,34
2171041425,human,57
2196466010,cross-system,122
2039940974,human,28
1982693388,human,74
2071552865,human,70
2093537557,human,6
2029158399,human,132
1975087556,cross-system,366
2205485256,human,39
2205485556,human,49
2205485939,human,29
2205486275,human,39
2205486440,human,39
2205486639,human,39
2205486953,human,39
2205487227,human,39
2035785112,human,60
2035787675,human,136
2217692563,human,117
2234754678,cross-system,420
2234754684,cross-system,319
1983199314,human,602
1932613443,human,18
2032293571,human,75
2160431065,human,5
2096574005,cross-system,572
2173080320,cross-system,65
2173080337,cross-system,135
2229358534,human,85
2227528141,cross-system,1122
2100980948,human,34
2002077336,human,85
1984695978,human,24
2039253230,human,187
2039257977,human,482
2039262966,human,68
2039263884,human,58
2039266511,human,114
1972529100,human,56
1972530603,human,8
2080515605,human,70
1938582419,cross-system,452
1938582422,cross-system,98
2143436630,human,87
2023105529,human,17
2023106021,human,22
2023106451,human,37
2191809899,human,416
1909107053,human,103
1909343268,human,39
2187443349,cross-system,1144
2057249192,human,265
2242677042,cross-system,2218
2242677054,cross-system,2084
2242677059,cross-system,2786
2137253877,human,249
2171306506,human,96
2040665943,cross-system,1610
2014079734,human,45
2050703271,cross-system,166
1995647565,human,108
2103792476,cross-system,458
2103792478,cross-system,309
2103792480,cross-system,247
2103792481,cross-system,175
2103792483,cross-system,187
2103792484,cross-system,189
2103792485,cross-system,164
2103792486,cross-system,177
2103792487,cross-system,138
2103792488,cross-system,172
1937748578,human,279
2092998460,human,114
1936874230,human,180
2022037530,human,65
1935094023,human,630
1991948336,human,116
1948273359,human,137
1978479891,human,20
1978482542,human,20
1978483249,human,18
1978483890,human,17
2192748429,human,163
2192749932,human,78
2023533519,human,366
1991759331,human,72
2105181102,human,189
2105181942,human,137
2105183019,human,102
2079891134,human,156
1948013963,human,154
2117774848,human,332
2083417386,human,90
1911874586,human,37
1929903654,human,32
1921172553,human,386
2117828927,human,87
2222294944,human,108
2229217946,cross-system,2566
2089366705,human,21
2043265995,human,13
1980573697,human,14
1980573775,human,14
1912843386,human,13
1929942670,human,18
2039185621,human,68
2018754729,human,56
2018756412,human,73
2239109128,human,75
2239111500,human,62
2185767538,human,322
1904195616,human,74
2093133543,human,73
1943564320,human,31
1943566180,human,117
1948279585,human,252
2184103804,human,125
1925191236,human,126
2093165505,human,85
2093166298,human,94
2228573087,human,230
1899130016,human,228
2120138539,human,116
1929907678,human,2
2087489548,human,104
1921171597,human,150
2198716503,cross-system,117
2232064408,human,55
2175080002,human,143
2116561080,human,90
2027834680,human,16
2027835526,human,190
2092795293,human,52
2029154963,human,95
2145230136,human,84
2048321662,human,40
1966631952,human,49
2117754398,human,45
2110799794,human,127
2009308708,human,51
2102875633,human,69
2019117844,human,61
2100995393,human,184
2185933126,human,214
2216081586,human,352
2216084762,human,203
2216086957,human,330
2060078250,human,338
2033408898,human,57
2042315415,human,22
2033104637,human,181
1986029398,cross-system,1014
2084982000,human,74
1903725165,human,214
2214579792,human,110
2093366784,human,288
2153351239,human,63
2223886704,human,125
2011853811,human,20
2011854434,human,20
2011854874,human,20
2011855077,human,20
2153393299,human,22
1896245251,cross-system,1202
2173635755,cross-system,92
2173635756,cross-system,180
2173635758,cross-system,142
2173635760,cross-system,355
2173635761,cross-system,209
2173635762,cross-system,188
2173635764,cross-system,136
2173635767,cross-system,118
2173635768,cross-system,193
2173635771,cross-system,316
2173635774,cross-system,143
2173635775,cross-system,61
2173635777,cross-system,152
2173635778,cross-system,376
2173635779,cross-system,133
2173635781,cross-system,93
2173635783,cross-system,364
2173635785,cross-system,182
2173635787,cross-system,283
2173635788,cross-system,109
2173635789,cross-system,181
2173635790,cross-system,148
2173635792,cross-system,116
2173635794,cross-system,166
2173635796,cross-system,100
2173635798,cross-system,140
2173635799,cross-system,93
2173635800,cross-system,264
2173635804,cross-system,61
2173635808,cross-system,430
2231138125,cross-system,154
2037158402,cross-system,277
2074129284,human,230
2170805804,human,49
2170806457,human,56
2170807500,human,82
2170808649,human,87
1991947663,human,61
2124489612,human,31
2128484290,human,271
2134440694,cross-system,208
2134440696,cross-system,247
2137295308,human,4
1972788209,human,75
2063291876,human,25
1991946591,human,61
2250008620,human,35
2250009005,human,41
2250010299,human,70
2250010674,human,67
2250012969,human,183
2134356207,human,33
2134356229,human,44
2134356269,human,48
2134356313,human,15
2105870439,human,30
2124722979,human,100
1966638423,human,51
1986028303,cross-system,1051
1986041598,cross-system,902
2212327993,human,89
2212333321,human,480
2212333945,human,106
1970408565,human,82
2139855281,human,44
2061411572,human,27
2061411908,human,14
2235949682,cross-system,2538
2235949690,cross-system,2433
1929907320,human,29
2093657879,human,112
1962813870,human,175
2247989361,cross-system,2849
2095538188,human,35
2132081830,human,85
2132083657,human,103
2132084204,human,61
2132084692,human,65
2139715338,human,58
2139719634,human,188
2139726044,human,194
2139727770,human,136
2139730498,human,122
2139731785,human,78
2022703183,human,18
2081506087,human,126
2107874925,human,106
2223453509,human,53
2223454813,human,24
2067757664,human,30
2191690609,cross-system,320
2191690620,cross-system,361
2035360051,human,14
2025308682,human,289
1919337941,human,134
1919338574,human,98
1919338826,human,41
1919338950,human,42
1919339008,human,42
1919339097,human,42
1919339146,human,42
1919339237,human,42
1919339374,human,42
1919339410,human,42
2166029980,human,78
1936293431,human,22
2093825804,human,91
2229432509,human,244
2118933603,human,18
2229001069,cross-system,2671
2229001077,cross-system,2896
1995258399,human,80
2055920507,cross-system,273
2245813813,human,223
2245827142,human,138
2185799597,human,80
1929904651,human,25
1972798346,human,130
2029054028,human,16
2029054223,human,16
2117829461,human,54
2028959867,human,32
2028960066,human,4
2028960147,human,4
2028960466,human,4
2028960558,human,4
2028960643,human,4
2028960867,human,25
2028961108,human,25
1965173803,human,433
1970638911,human,40
2179478892,human,88
2030787272,human,54
2153043677,human,23
2153072356,human,8
2071614764,human,50
2173268872,cross-system,465
2173268873,cross-system,190
1909392938,human,4
2043273688,human,31
2181100761,human,88
2094964120,human,949
2123749092,human,75
2184469124,human,17
2153349943,human,54
2093032056,human,16
2044727496,human,73
2226140278,human,211
1929943712,human,18
1980444518,cross-system,634
1921175213,cross-system,777
2089091489,cross-system,173
2145221262,human,303
2221896155,human,45
2032740339,human,52
2195452292,human,441
2218856130,human,556
1980642975,human,96
2084476391,human,121
2223965926,human,99
2033567950,human,80
2000707784,human,85
2199183981,human,138
2098647709,human,108
1947315558,human,33
1981750471,cross-system,596
2123375121,human,10
1936315466,human,76
2047419605,human,44
2112810864,human,33
2127554197,human,243
2127554538,human,69
2028437157,human,104
2028188176,human,11
2028188285,human,11
2028188595,human,11
2028190158,human,147
2028191119,human,14
2028192496,human,48
2028193625,human,140
1991873679,human,33
2058557132,human,156
2074344178,human,70
2082629845,human,53
1904727556,human,81
2093648402,human,68
2074649258,human,35
2004246113,human,249
2171919229,human,592
2023538470,human,59
2071614042,human,163
1995343204,human,95
2174928318,human,41
2051737678,human,93
2146233288,human,772
2064378290,human,139
2064378548,human,139
2064378842,human,139
2064379330,human,139
2064379780,human,139
2064380116,human,139
2239765385,human,32
2035216306,human,24
2076033345,human,21
2248885510,cross-system,2934
2028685280,human,8
1929907418,human,2
2184157607,human,73
2123407108,human,360
2123408395,human,130
2123410051,human,114
2123411358,human,209
2123412366,human,45
2123415187,human,60
2033351848,human,29
2028214751,human,21
2017240637,human,31
2146224221,human,64
1995590839,human,265
2019615330,human,47
2199058976,cross-system,213
2049977331,human,104
2037032735,human,98
2037041592,human,764
2037045889,human,129
2165941338,cross-system,1287
2181818600,cross-system,577
2177101385,cross-system,797
2177101418,cross-system,650
2112945749,human,107
1903722591,cross-system,1282
2081284041,cross-system,145
2081284162,cross-system,84
2081284181,cross-system,90
2081284209,cross-system,128
2081284212,cross-system,80
2081284233,cross-system,93
2081284294,cross-system,96
2081284985,cross-system,102
2081285004,cross-system,103
2081285044,cross-system,193
2081285386,cross-system,88
2081285443,cross-system,76
2081285916,cross-system,164
2081286120,cross-system,133
2081287229,cross-system,120
2081287314,cross-system,106
2081288809,cross-system,125
2081288839,cross-system,129
2081289326,cross-system,188
2081289348,cross-system,155
2081289546,cross-system,122
2081290048,cross-system,132
2081290179,cross-system,130
2081290817,cross-system,95
2081292644,cross-system,111
2081293396,cross-system,121
2081293412,cross-system,163
2081295350,cross-system,79
2081295397,cross-system,88
2081296584,cross-system,119
2030574910,human,101
2030576382,human,61
2030577418,human,31
2163155284,cross-system,342
2020189107,human,57
2008131471,human,346
2234198609,cross-system,642
2159754347,human,45
2210097666,human,146
2210101252,human,59
2210140425,human,180
2210164521,human,50
2241477268,human,87
1972673114,human,31
2031718844,human,18
2059633153,human,116
1906169436,human,231
2180121051,cross-system,965
2070658721,human,178
2236026313,human,300
2236054562,human,211
2236057221,human,18
2231381033,human,46
2210041343,human,33
2239174859,human,28
1925605153,human,94
1925609877,human,52
1925610578,human,65
1925611107,human,42
1925611642,human,48
1925612560,human,75
1925612981,human,63
1925613854,human,88
1925617598,human,38
2102478507,human,35
1943433709,human,888
1937711154,human,90
1929942461,human,18
2122877007,human,60
2172287496,human,38
2117786336,human,77
2273009025,human,6
1974552995,human,52
2028171769,human,63
2221574660,cross-system,132
2221574672,cross-system,149
1981292310,cross-system,1641
2188825760,human,53
2028425152,human,127
1898857070,human,313
2091386697,human,40
2185384364,human,112
2069798802,human,43
2069799079,human,18
2069800310,human,18
2069801138,human,113
2153392810,human,25
2005513331,human,88
2100156179,human,49
2100156904,human,34
2100160040,human,37
1996476712,human,121
2185201888,human,101
2136906533,human,262
1903746907,human,388
2093575412,human,53
2019162149,human,42
2019163508,human,71
2019165177,human,163
1949788598,human,16
1927121360,human,73
2030006790,human,75
1974627044,cross-system,289
2140641731,human,101
1915944400,human,50
1966734568,human,59
2205859346,human,386
2205860962,human,105
2040648148,human,121
2040648358,human,63
1910742579,human,28
1972653652,human,47
2029157947,human,6
1904732144,human,32
2170392945,human,40
2109676371,human,98
1904832549,human,250
2133567899,cross-system,2089
2104694366,human,468
1960618756,human,11
1925403905,human,94
2137846284,human,46
2085277752,human,39
2156285688,human,33
2086976163,human,327
2192404982,human,83
1947348343,human,213
2231451083,human,267
2234757026,human,52
1972678221,human,105
2239770228,human,42
2239770355,human,54
2163869042,human,133
2032459602,human,191
2032461180,human,220
2032463157,human,25
2237340193,human,152
1903734956,cross-system,1972
2194776926,human,39
2231482545,human,559
1978223600,cross-system,288
2072044687,human,75
2242241300,cross-system,1238
2242241306,cross-system,1249
2242241312,cross-system,2861
2242241316,cross-system,2689
2242241322,cross-system,2943
2242241327,cross-system,1452
2242241332,cross-system,1583
1925083330,human,121
2240327851,human,43
2240329785,human,124
2240332675,human,21
2240333820,human,123
2240341229,human,35
1982698270,human,42
1982698599,human,36
1982699030,human,43
1982699251,human,39
1995591215,human,126
2241476596,human,67
2156234204,human,24
2187442639,human,20
2019029749,human,32
2060178408,human,141
2071110808,human,77
2166021435,human,29
2071984652,human,51
2114758525,cross-system,1961
1973554625,human,195
2042081652,human,192
2003480046,human,272
2185251388,human,18
1976997968,human,45
1977001594,human,79
1977009874,human,96
2020266881,human,37
2241480315,human,133
2128329927,human,93
1908358729,human,21
2042279558,human,139
2042281817,human,32
2042303841,human,135
2049627189,human,29
2212317444,human,102
2070674760,human,21
2070674850,human,62
2070674933,human,62
2070674998,human,62
2146997172,human,26
2146997342,human,111
2146997980,human,73
1929905363,human,22
2094316394,cross-system,509
2228035435,human,331
1968765988,human,116
2037072164,human,240
2070945641,human,37
2241398002,human,1
1903117418,human,47
1903117432,human,31
1903117461,human,15
1903117520,human,80
1903117567,human,55
2141289637,human,28
1970596841,human,22
1972672226,human,41
2221680511,cross-system,350
2159770458,human,153
2244735083,human,323
2249400284,cross-system,973
2249400285,cross-system,2432
2249400286,cross-system,1525
2159334046,human,18
2229681336,cross-system,2761
2229681338,cross-system,2418
2229681342,cross-system,2426
2106175585,human,46
2220903835,cross-system,263
1966663259,human,155
2236808091,cross-system,2541
1964657817,human,109
2118397705,human,123
2204102904,human,50
2204104493,human,115
2204112164,human,75
2204179045,human,71
2177226263,cross-system,1138
1982735270,cross-system,3087
2084991346,human,24
2093167236,human,163
2093614881,human,49
1995400172,human,412
1929905418,human,4
1923315466,human,115
2146224504,human,64
1919343565,human,61
1919343728,human,61
1919344063,human,74
1919344511,human,93
1936290829,human,28
2244629705,cross-system,347
2244629718,cross-system,279
1970382376,human,60
1970384262,human,207
1970388659,human,32
1970395074,human,386
1970398907,human,98
2107879687,human,18
1903026236,human,175
1903026341,human,175
2250021209,cross-system,2008
2250021213,cross-system,1498
2250021214,cross-system,1377
2157822546,human,104
2157823020,human,146
2067258838,cross-system,127
2067258845,cross-system,122
2067258846,cross-system,131
2159052210,human,56
2125620726,human,42
1980651895,human,18
2100982256,human,40
2171362942,human,20
1896254004,cross-system,2947
2089870453,human,31
2089871072,human,73
2089871720,human,64
1976437719,human,70
2152878000,human,110
1970448495,human,32
2029153595,human,114
1960910126,human,140
2126004906,human,141
2030690447,human,19
2185768307,human,664
2028035774,human,96
2028036331,human,16
1912619959,human,82
1933947832,human,273
2107695081,human,58
2107695260,human,40
2029710895,human,33
2076405910,human,4
2234133997,cross-system,2477
2234133998,cross-system,2568
2234134000,cross-system,2354
2234134001,cross-system,2382
2114141599,human,46
2114141833,human,30
2069096640,human,119
2034585721,human,55
2024491181,human,150
2022064344,human,25
1970585385,human,23
2093172221,human,15
2221941068,human,28
2221943853,human,145
2221945004,human,28
2221948509,human,168
2199107774,human,6
2069053031,human,63
2122518111,human,26
2211446333,human,107
2241385673,human,367
1945243207,human,106
2125615788,human,16
2125616014,human,16
2133648934,human,267
2146091359,cross-system,947
1970609640,human,45
1929905700,human,8
2244868510,human,131
2162141548,human,57
1922262008,human,35
2081370821,human,93
2231176403,cross-system,2766
2199181384,human,130
2124617399,human,120
2124618448,human,103
2124619073,human,47
2100686659,human,169
1972763676,human,123
2062698494,human,182
1978387537,human,25
1978387832,human,88
1978388271,human,48
1978428435,human,81
1978428999,human,129
2117737831,human,100
1972672972,human,31
2182487668,human,43
1925375547,human,13
1929903876,human,2
2071546982,human,87
2070944966,human,74
1899121416,human,163
2048321193,human,18
2153389190,human,45
1980482523,cross-system,822
1971784943,cross-system,1095
1929942603,human,18
2211179487,human,78
2211191239,human,21
2211194851,human,49
2211197318,human,77
2100942648,human,18
2028143927,human,225
2028733025,human,182
1972125052,human,63
2172524534,human,302
2052134507,human,298
2136653111,human,512
2136656262,human,530
2136661728,human,26
1908446431,human,111
2142752415,human,58
1903639925,human,122
2030173751,human,112
2198985155,human,11
2183766388,cross-system,915
2022547580,human,203
2230487555,cross-system,2435
2117826694,human,416
2133638885,human,81
2133638956,human,82
2133639003,human,45
2133639055,human,39
2133639211,human,65
2191443376,cross-system,158
2137843244,human,46
2028410875,human,19
2093565099,human,79
2241475769,human,196
2041485625,human,139
2041516611,human,63
2041523095,human,191
2041538601,human,156
2041539971,human,96
1896250081,cross-system,537
1985031750,cross-system,604
2094311638,cross-system,204
2072082231,human,58
2153360181,human,202
2133582109,human,54
2133585368,human,247
2133586617,human,84
2193040469,cross-system,1248
2193040484,cross-system,1710
2193040490,cross-system,1722
2193040502,cross-system,1726
2193040512,cross-system,1866
2193040524,cross-system,1554
2193040531,cross-system,1496
2193040539,cross-system,2237
1929905578,human,67
1983226723,human,60
2248894745,cross-system,2908
1899121272,human,175
2027821919,human,90
2117819690,human,274
2082995085,human,50
2236078049,human,201
2237114490,human,98
2093593701,human,70
1975087600,cross-system,370
1964467299,human,29
2042077485,human,26
2075147609,human,43
2075149556,human,196
2214628256,cross-system,1022
1966534617,human,27
2145926283,human,45
2069244932,human,69
2071069099,human,44
2160679512,cross-system,170
2051788002,human,21
2244234988,human,81
2019139341,human,27
2231243689,cross-system,2827
1958656756,human,105
2196119264,cross-system,125
1916795292,human,58
2063811741,human,76
2033041425,human,161
2033043449,human,94
2033079071,human,56
2033118803,human,104
1990118917,human,24
1902860334,human,266
1902872118,human,22
1902875526,human,128
1902876020,human,55
1896254057,cross-system,1405
1925379801,human,36
2125888056,human,98
2155384671,human,205
2155387893,human,46
2237329032,cross-system,108
2004512604,cross-system,346
1984696750,human,12
2037467082,human,59
1896253993,cross-system,2584
2244316077,cross-system,362
2244316089,cross-system,551
2114761746,cross-system,897
2114761775,cross-system,1047
2198721676,cross-system,495
2136287171,human,47
2075078331,human,63
2028214723,human,47
2104974878,human,80
2035379121,human,25
1903749059,cross-system,1490
2123008858,human,26
2209957208,human,149
2031632193,human,86
2159735599,human,21
2020266757,human,266
1929904921,human,11
2146227602,human,54
2072023282,human,155
2095496821,human,39
2032062380,human,60
2032063437,human,43
2032065323,human,64
2032067136,human,134
2032069816,human,47
2032070821,human,106
2032073455,human,21
2032073617,human,43
2032074885,human,50
2032075131,human,47
2032079135,human,249
2032079844,human,99
1997142833,human,167
2214710516,human,72
2199077841,human,18
2060451880,human,182
2150566786,human,25
2117829281,human,79
2202130321,cross-system,107
1904235721,human,67
2117977424,human,10
2117977520,human,15
2034389771,human,7
2193656361,human,99
2244125317,human,280
1993329717,human,64
1993330779,human,27
1993331798,human,69
1993332845,human,77
2119858119,cross-system,225
2089285247,human,262
2019937778,human,18
2098591994,human,79
2224966269,human,583
2071545886,human,71
2229724623,human,19
2229725193,human,16
2230322243,cross-system,2372
2035381062,human,37
1970777133,human,36
2028046421,human,161
2075083943,human,114
1972690776,human,47
2185276891,human,257
2239101800,human,55
2107907060,human,82
2142767646,human,71
2180949341,human,57
1936294048,human,45
1975361354,human,334
2162160786,human,138
2214566638,human,122
1983923004,human,49
1983702165,human,113
2051262654,human,220
1994728358,human,63
2034716612,human,105
2241370968,human,41
2029334413,human,232
2110110727,human,6
2190874587,human,76
2125608793,human,39
2125609396,human,36
2125609607,human,22
2125610505,human,104
2164081890,human,75
1937974249,human,198
2137565840,human,91
2035639047,cross-system,118
2035639050,cross-system,155
2035639056,cross-system,127
2035639061,cross-system,150
2035639064,cross-system,150
2035639071,cross-system,80
2035639078,cross-system,83
2035639081,cross-system,70
2035639085,cross-system,116
2035639087,cross-system,145
2035639092,cross-system,108
2035639096,cross-system,132
2035639101,cross-system,95
2035639107,cross-system,182
2035639111,cross-system,120
2035639115,cross-system,77
2035639120,cross-system,107
2035639121,cross-system,97
2035639125,cross-system,136
2035639129,cross-system,299
1976530463,human,42
2020151501,human,37
2108989762,human,19
1992065373,human,77
1961748245,human,37
1943554596,cross-system,890
1943554618,cross-system,138
1943554629,cross-system,169
1943554632,cross-system,103
2240178880,cross-system,3067
2210811877,human,206
2030781053,human,20
2005592216,human,17
2218862208,cross-system,114
2171856582,human,592
1970578466,human,22
2216573509,human,223
1970577946,human,28
2242952615,human,4
2231185176,human,76
2058137782,human,157
2214608978,human,245
2137072014,human,109
2137073071,human,25
2137087652,human,314
2244214354,human,21
1970641197,human,9
2164528510,human,51
1929904530,human,272
2028225071,human,23
1983601296,human,70
1983602219,human,52
1983603587,human,62
1983606191,human,78
1983606784,human,34
1983607271,human,39
1983607947,human,81
1992936678,cross-system,125
1992936691,cross-system,116
1992936790,cross-system,235
1992936803,cross-system,236
1992936932,cross-system,146
1992937389,cross-system,157
1992937400,cross-system,163
1992937413,cross-system,165
1992937500,cross-system,170
1992937529,cross-system,246
1992938056,cross-system,115
1992938064,cross-system,210
1992938079,cross-system,222
1992938080,cross-system,116
1992938096,cross-system,93
1992938365,cross-system,151
1992938381,cross-system,133
1992938406,cross-system,105
1992938671,cross-system,136
1992938739,cross-system,120
1992938742,cross-system,126
1992938757,cross-system,382
1992938766,cross-system,236
1992938780,cross-system,84
1992939155,cross-system,176
1992939383,cross-system,94
1992939394,cross-system,272
1992939399,cross-system,132
1992939428,cross-system,108
1992939438,cross-system,73
2117828416,human,167
2018928881,human,50
2018930122,human,34
2037087706,human,133
1903743353,cross-system,1108
2214576624,human,292
2124985257,human,74
2187295921,cross-system,269
2187296063,cross-system,487
2187296228,cross-system,672
2187296426,cross-system,344
2187296515,cross-system,481
2187296605,cross-system,516
2187296759,cross-system,634
2187296944,cross-system,407
1983191909,human,149
1983192860,human,22
2037083230,human,22
1947058325,human,60
2098017309,human,97
2042104675,human,961
1929905521,human,28
2092782557,human,180
2173521788,human,80
2124588211,human,99
1896232593,cross-system,735
2154425856,human,71
2154426862,human,32
2034590329,human,73
2060177846,human,74
1972794671,human,27
2243304747,human,121
2025303565,human,24
2025303946,human,47
2025304353,human,36
1978223469,cross-system,288
2096084905,cross-system,829
1994434987,human,43
1948031233,cross-system,208
1948031244,cross-system,160
1948031268,cross-system,536
2232048437,human,53
2019150126,human,306
1928217973,human,51
2084987338,human,45
2026787716,human,91
2028289226,human,22
2081630128,human,238
2069661122,human,18
2069661393,human,18
2051737817,human,145
2093604789,human,111
2237836058,human,40
1901976248,human,176
2133587803,cross-system,1392
1986463682,human,23
1986464706,human,48
2084990377,human,8
1986041590,cross-system,645
2134356414,human,39
1978068652,human,56
2231126326,human,42
2214425342,cross-system,701
2030174137,human,17
2085808803,human,56
2085808879,human,18
2085809038,human,130
2095416263,human,29
2095448529,human,119
2095456791,human,202
2062694406,human,100
2191821285,human,147
2186254328,cross-system,2180
2074653373,human,66
2035242765,human,32
2190405972,human,40
2051096077,human,154
1997123489,human,74
1997125685,human,49
1997126567,human,292
1997126594,human,216
1997126787,human,219
1997128681,human,276
1997129750,human,175
1997130065,human,304
1997131138,human,148
2162706405,cross-system,274
2123797959,human,53
2055899206,human,90
2153432853,human,378
2017031028,human,120
1972795242,human,40
1919923106,human,52
2153393175,human,32
2135232920,human,122
2135242679,human,179
2135244417,human,178
1970640996,human,207
1974695864,cross-system,424
2073341667,human,75
2159767975,human,42
1956757856,human,173
1948273466,human,98
1956956905,human,82
2026659825,human,49
2241399480,human,142
2026228145,human,112
2026228632,human,70
2049629480,human,100
2049631877,human,73
2049635109,human,268
2049635394,human,135
2025277776,human,239
1929907646,human,2
1947833645,human,62
1976441113,human,28
2063299610,human,60
2247911910,cross-system,295
2247911934,cross-system,242
2247911944,cross-system,199
2025213088,human,29
2078284664,human,44
2032688469,human,97
2036578392,cross-system,267
2070944606,human,16
2233175944,cross-system,2527
2070674578,human,62
2020196038,human,55
1896235606,cross-system,598
2005439295,human,98
1984333346,human,556
1984334235,human,702
2075066702,human,92
2028852360,human,192
2030590297,human,209
2044784534,human,212
2027854282,human,32
1927098820,human,159
2155008494,human,223
1896245261,cross-system,430
2154874293,human,61
2154875074,human,48
2150644427,human,23
2222774260,human,90
2222776477,human,193
2222794072,human,1017
2096107934,human,430
2041172916,human,20
2028125755,human,135
2138793611,cross-system,778
2110796316,human,111
1904732964,human,11
1904733047,human,11
1904733243,human,27
1904733628,human,20
1904734001,human,15
2028143431,human,124
2028143631,human,17
2028149902,human,16
2028152831,human,16
2028153585,human,16
2028154689,human,67
2151426697,cross-system,539
2230458825,cross-system,2554
2251990707,cross-system,543
2251990744,cross-system,521
2241478642,cross-system,1157
2241478646,cross-system,388
2241478649,cross-system,259
2110160981,human,320
2115485327,human,138
2141224414,human,134
2020229513,human,35
2020229626,human,82
2072470173,human,165
2072470338,human,190
1970637300,human,17
2249914753,cross-system,1702
1913869257,human,54
2162144683,human,67
2231892213,human,69
2125985117,human,10
2173577464,cross-system,476
2173577465,cross-system,455
2117776895,human,38
2199105686,human,148
2044733285,human,73
1972791893,human,30
2100373632,human,33
2081582443,human,105
2162148839,human,43
2136297861,human,132
2185764463,human,318
1995579425,human,36
2105670169,cross-system,296
1903066567,human,77
1903078140,human,41
1903078413,human,40
1903078416,human,40
1903078440,human,40
1903078445,human,40
1903078462,human,40
1903078638,human,307
1903078759,human,59
1903078776,human,59
1903078852,human,307
1903078929,human,186
1903078961,human,182
1903079128,human,120
1903079133,human,120
2044734663,human,73
2025228534,human,97
2030591606,human,29
2026645134,human,140
1925586061,human,152
2131570177,human,39
2131570687,human,66
2131571023,human,41
2131571152,human,65
1903725003,human,327
2231462402,human,53
1923583054,human,26
2167188813,human,72
2019936956,human,751
2019937221,human,22
2019937691,human,99
1922664082,human,177
2152830919,human,524
2152831964,human,208
2152832826,human,18
2152839714,human,18
2152843435,human,18
2167762967,cross-system,1835
2035079976,human,109
1970579563,human,358
2062993067,human,334
2054973743,human,430
1946906728,human,25
1946906842,human,25
1946907049,human,25
1946907246,human,22
1946907624,human,22
1946907805,human,25
1946907994,human,25
1946908269,human,22
1995705214,human,56
2074649135,human,16
1996475507,human,114
1921172342,human,388
2183957653,human,38
1902945300,human,39
1902948633,human,49
1902960335,human,50
1902963307,human,83
1902964584,human,46
1902965796,human,13
1902966453,human,46
1902966717,human,13
1902966867,human,46
2244622922,cross-system,9698
2108991043,human,23
2184229527,cross-system,310
2067789535,human,101
2077126369,human,79
2077127381,human,51
2077128506,human,52
2077129147,human,17
2077131712,human,195
2077135090,human,59
2077136548,human,51
2077138070,human,64
2077140518,human,78
2173577616,cross-system,817
2173577617,cross-system,413
2173577618,cross-system,919
2165506467,cross-system,1119
2165506501,cross-system,590
2058518820,human,73
2165955808,human,92
2028755311,human,36
2201890159,cross-system,102
2140881751,cross-system,742
1903743340,cross-system,1535
2126244572,human,38
2220895221,human,38
1980652329,human,108
1970578258,human,22
2038716318,human,103
2162151822,human,42
2019026995,human,21
2008387872,human,81
2101866573,human,22
2242914692,human,62
1982677991,human,39
2159070279,human,44
1948277432,human,65
2110037076,human,7
2096361376,cross-system,878
1945443690,cross-system,201
1945444019,cross-system,129
1945444041,cross-system,106
1945444081,cross-system,136
2029430158,human,684
2162875093,human,14
2050532988,cross-system,372
2185254068,human,335
2074983117,human,61
2074983798,human,55
2075031980,human,27
2075032419,human,46
1986046684,cross-system,871
1986030529,cross-system,1125
2109510044,human,166
2109538740,human,68
2109542977,human,122
2109548657,human,89
2109552507,human,14
2109567023,human,53
2109577428,human,124
2109583950,human,52
2222254038,human,24
2222804726,human,116
2096539867,human,446
2165883094,human,95
2165892291,human,107
2165893367,human,79
2165896877,human,251
1948278674,human,419
2110489013,human,281
2028588554,human,71
2073739474,human,89
2159060215,human,294
1983119600,human,229
2192621368,human,35
2217915953,cross-system,562
2063302405,human,66
2003226633,human,439
1964472513,human,38
1994410233,human,65
1947387498,human,76
2110438294,cross-system,688
2019917992,human,788
2023532105,human,276
2026232384,human,66
2105331922,human,402
2231676709,human,76
2050230297,human,65
2084989747,human,24
2178465934,human,60
2178466169,human,62
2178469345,human,21
2178472366,human,288
2084629126,human,95
2153978477,human,76
2184234785,cross-system,1171
1928413689,human,15
2129133851,human,37
2092001599,human,18
2153725221,human,18
1948013915,human,111
2244384512,cross-system,194
1978403472,human,37
2154424522,human,67
1976373170,human,5
2137558147,human,44
1904834616,human,2339
2019023979,human,23
2019024619,human,68
2082465470,human,214
2244690669,human,174
2146410126,cross-system,1322
2146410155,cross-system,1242
2093132597,human,77
2005593526,human,37
1966779039,human,47
2153432056,cross-system,155
2153432068,cross-system,214
2153432075,cross-system,117
2041588662,human,150
2041593720,human,152
2133558107,human,190
2133559120,human,36
2133559908,human,65
2133564521,human,126
2133566342,human,60
1991947208,human,131
2237012261,cross-system,2983
1896256468,cross-system,1274
2185781967,human,93
2062679638,human,100
1929903860,human,91
2084474821,human,126
2071592992,human,42
2231186683,cross-system,2479
2117798035,human,73
1929907511,human,23
2175134394,human,53
2237706078,cross-system,3649
2237479250,cross-system,3077
1972664857,human,207
2136293760,human,129
2204006391,human,75
2204007170,human,129
2204008136,human,151
2204009162,human,118
2204009756,human,57
2204010021,human,44
2204011013,human,74
2204012641,human,45
1984481081,human,42
1929904790,human,24
2133643199,cross-system,235
2244859332,cross-system,184
2244859355,cross-system,320
2244859368,cross-system,267
2244859380,cross-system,359
1966294721,human,4
2019915981,human,432
2166089164,cross-system,220
2166089180,cross-system,392
2108983682,human,51
2098621755,human,28
1980471473,cross-system,1138
2208147972,human,71
2208162391,human,43
2018786999,human,201
1995596083,human,34
2212769195,human,107
1956965203,human,80
2143930836,human,210
2143931907,human,69
2143932627,human,45
2052146569,human,130
2030780871,human,20
2145919058,human,385
2006629592,human,98
1973603202,cross-system,869
2134918867,human,38
2134919964,human,156
2035392440,human,20
2035393091,human,22
2035393505,human,22
2035396241,human,70
2035396844,human,22
2035397412,human,22
2035407569,human,113
2035408020,human,18
2035408331,human,18
2035408558,human,23
2035409103,human,35
2035409822,human,18
2035411521,human,111
2035411854,human,24
2035413320,human,14
1918737423,human,126
2184470333,human,53
2067593874,human,50
2067595344,human,50
2067596228,human,50
2067596710,human,50
2067596914,human,50
2067597040,human,50
2067598028,human,87
2067598138,human,50
2067598288,human,50
2067598792,human,88
2067599009,human,49
2217742652,human,555
2041505852,human,226
1948273115,human,68
2029232662,human,37
2029232957,human,41
2029233504,human,36
1904193988,human,79
2093356673,cross-system,178
2163089542,cross-system,134
2163089550,cross-system,129
2053278410,human,23
1985928384,cross-system,135
1985928387,cross-system,416
1985928389,cross-system,135
1985928395,cross-system,218
1985928400,cross-system,111
1985928403,cross-system,98
1985928405,cross-system,97
1995592390,human,178
2105370050,human,21
2229764037,human,25
2059916760,human,184
2014341754,human,584
2040069506,human,38
2114742240,cross-system,826
2074648886,human,162
2057897739,human,197
2057927179,human,291
2057927864,human,123
2165990554,cross-system,1383
2133229418,human,119
1956750280,human,27
2125593979,human,70
1904117281,cross-system,1681
1996476274,human,257
1983233497,human,110
2051350613,human,889
1901976030,human,242
2033714558,human,56
2089875793,human,55
2093606585,human,65
2093606844,human,92
2093606994,human,67
2121416754,human,132
1912463843,human,34
2124799717,human,23
1908571299,human,82
1908573142,human,27
1908573593,human,26
2072458088,human,63
2072458166,human,320
2114053565,human,85
2114060001,human,56
2114060379,human,52
2167195394,human,146
2022558983,human,219
2183804525,human,60
2094123147,cross-system,434
2094123149,cross-system,167
2094123152,cross-system,115
2137614322,human,118
2142757377,human,41
1929908083,human,10
2113343097,human,14
2113343645,human,17
2113344755,human,52
2113347277,human,17
2113347903,human,23
2113349985,human,43
2227033933,cross-system,2347
1914209752,human,88
1914210323,human,83
1914210714,human,124
2094454386,cross-system,286
2028145375,human,38
2048304208,human,21
2043274330,human,29
2073432319,human,938
2070946867,human,70
1971507053,human,84
2162885137,human,39
1903724884,human,438
2018910864,human,84
2003217127,human,255
2035378463,human,18
2073502943,human,143
2017244645,human,23
1986462294,cross-system,464
2150656811,human,120
2014060558,human,127
2150580550,human,39
2028435008,human,38
2232587168,cross-system,717
2232587173,cross-system,956
2156576482,human,18
2132371339,human,154
2156209602,human,175
2156210497,human,69
1978356209,human,36
1978357201,human,62
1978358262,human,20
1923749467,human,196
2014270875,human,204
1972709419,human,152
1921146895,human,27
1921146898,human,27
1921146912,human,27
1921147015,human,43
1929908201,human,10
2125856184,human,95
1980582378,human,14
2071555633,human,109
2073530135,human,238
2092796878,human,113
2131212898,human,38
1927326072,human,2
1927328996,human,319
2050662884,human,80
2183957363,human,111
2011529326,human,15
2011529455,human,34
2011529752,human,39
2100972997,human,110
2124746027,human,30
1945345576,human,754
1945345878,human,59
2061123580,human,66
1986031409,cross-system,1162
2019932212,human,49
2142742470,human,25
1966662704,human,38
2199017468,human,19
2030423209,human,136
2152925946,human,248
1970586411,human,22
2144727450,human,108
2312492174,human,43
2008385818,human,82
2093576451,cross-system,394
2093576464,cross-system,141
2093576480,cross-system,148
2166022556,cross-system,907
2058139386,human,102
2137861036,human,145
2073504043,human,20
2017032777,human,121
1927120032,human,61
2199230705,human,15
2044733529,human,73
2043463439,human,55
2166913156,human,24
1939050124,human,27
2239082385,human,78
1980471455,cross-system,549
2059631446,human,119
2035075432,human,116
1948734440,human,8
1970653953,human,84
2035359708,human,18
2160194470,cross-system,593
2160194502,cross-system,325
2106924445,human,120
1974695903,cross-system,294
1976522923,human,19
1982151896,human,61
2100982892,human,50
2041686352,human,97
2128257668,human,60
2030783645,human,53
1976977545,human,179
2186254267,cross-system,221
2186254268,cross-system,290
2248493347,cross-system,563
2063818916,human,134
1929942520,human,18
2039275956,human,119
2024492345,human,145
2105892746,human,69
2038363129,human,37
1977181204,human,93
2208880618,human,58
2208880734,human,58
2208880837,human,58
2208881127,human,58
2208881627,human,25
2082617369,human,55
2082619040,human,67
2117785212,human,74
2037472625,human,67
2063243328,human,144
1943437527,human,22
2049166855,human,50
2206697417,human,124
2153434994,cross-system,1644
2159052740,human,50
2022064190,human,25
2166742987,human,60
2173574782,cross-system,1008
2173577288,human,19
2225912531,human,45
2225913434,human,37
2225920260,human,28
2185423379,human,37
2093647594,human,34
2172847634,human,281
2138982311,human,73
2244315292,human,43
2125629536,human,15
2148238093,human,29
2148238926,human,66
2148246101,human,91
2148247356,human,85
2148249160,human,66
2148251241,human,93
2125850511,human,435
1994462508,human,33
2041184733,human,27
2041184813,human,104
1942115789,cross-system,99
1942115795,cross-system,98
1942115798,cross-system,86
1942115803,cross-system,105
1942115809,cross-system,140
2243371595,human,178
1978915432,cross-system,899
1923581656,human,29
2070299007,human,45
2070301917,human,99
1926551086,human,54
2228882652,cross-system,2551
2215993327,human,33
2215997621,human,121
2215997962,human,121
2216000804,human,154
2216001168,human,121
2216001482,human,121
2216002116,human,151
2206048667,human,55
2039901923,human,98
2080156303,human,181
2036842172,human,69
2003591121,human,134
2003591342,human,147
2003592927,human,66
2003600039,human,94
2003605300,human,121
2003608396,human,63
2003615456,human,22
2003617819,human,172
2003622602,human,125
2034368598,human,36
2237403603,cross-system,2976
2218399783,human,198
2105830322,human,23
1937881115,human,43
1937881462,human,37
1937884085,human,140
2238060375,cross-system,246
1929905105,human,23
2245156428,cross-system,3282
1937522348,human,72
2198713949,cross-system,550
2042106517,human,85
1968447366,human,91
1968448073,human,45
1896234759,cross-system,525
2011367368,human,125
2173574849,cross-system,231
2190972392,human,28
2109040280,human,98
2109040978,human,73
2027813904,human,96
2095495568,human,51
2076319008,human,3
2242535620,human,131
2117772710,human,204
2033702459,human,73
1929908216,human,2
1999919533,human,27
2244407470,cross-system,216
1903742908,human,269
2093647359,human,34
1908235261,human,82
2035082205,human,32
1968251640,human,17
1968255365,human,17
1968293358,human,59
1968296882,human,147
1968299128,human,21
1968299381,human,25
1968304105,human,482
1968307573,human,104
1968312431,human,62
1968313065,human,48
1968314252,human,17
1968314446,human,17
1968314884,human,16
1968315144,human,22
1968323812,human,16
1968325522,human,99
1968325822,human,60
2223326325,cross-system,233
1980473773,human,49
1980473871,human,274
2029054822,human,16
2029054998,human,16
2172050222,human,275
2067644212,human,238
2067649330,human,101
2067651811,human,129
2231552406,human,71
2244717283,human,73
2050186159,human,87
2044732661,human,73
1984617875,human,36
1984620107,human,69
1984632007,human,1814
1984634254,human,73
1984636586,human,95
1984638468,human,2
1984640034,human,31
1984642339,human,12
1984643768,human,196
1984645713,human,112
1984646644,human,13
2191819121,human,185
2137848268,human,24
2238008452,cross-system,3222
2238008453,cross-system,3010
2238008456,cross-system,3205
2100412769,human,87
2100414120,human,106
2100414780,human,53
2117739383,human,270
1979159090,human,9
2166038623,human,390
1967101776,human,278
2152987199,cross-system,137
2152987309,cross-system,146
2152987328,cross-system,118
2152987433,cross-system,97
2085904667,human,40
1984165369,human,70
2022081601,human,57
2122903366,human,98
2183856397,human,209
2037471936,human,127
2183804147,human,94
2107880684,human,54
2191834052,human,12
2237570589,human,192
1973573705,cross-system,941
2028284264,human,154
1977842500,human,25
2107873509,human,75
2187314306,cross-system,496
2187314357,cross-system,269
2187314397,cross-system,672
2187314447,cross-system,516
2187314730,cross-system,344
2187315040,cross-system,634
2187315206,cross-system,407
2125154061,human,34
2180560063,human,204
2132969459,human,68
2041172850,human,72
2152877341,human,248
2092794281,human,94
2040665462,cross-system,1239
2101898672,human,16
2110797710,human,56
2072038135,human,130
2018781040,human,374
2009312430,human,46
1929907442,human,2
1972583409,human,72
1905748101,human,90
2087604419,cross-system,134
2087604426,cross-system,118
2087604620,cross-system,152
2087604640,cross-system,215
2087604659,cross-system,80
2087604665,cross-system,51
2029835826,human,84
1999775399,human,217
2167302573,human,310
2208839478,human,123
2084162136,human,136
1976373637,human,48
1948720154,human,305
2044726720,human,73
2047082525,human,49
2047083205,human,50
1939049214,human,102
2116558374,human,88
2161627792,human,17
1912409029,human,89
1968614628,human,32
1929907604,human,2
2107947170,human,151
2188813254,human,99
1920533950,human,20
1920534062,human,17
1920534437,human,71
1920535662,human,34
1920551807,human,78
1920551872,human,20
1920552079,human,36
2183707473,human,272
2183708603,human,127
2183709488,human,76
2183711116,human,95
2183723809,human,588
2183733075,human,298
2183742010,human,423
2183743111,human,114
2183747986,human,243
2121668194,human,76
2117819882,human,77
1972789470,human,53
1972680387,human,174
1972680819,human,88
2074344704,human,96
2127537760,human,204
2127538047,human,51
2127538693,human,86
2070945110,human,23
2044369857,human,246
1929907568,human,23
2133644263,human,120
2033713925,human,19
2026676021,human,21
2026696586,human,59
2114554405,human,43
2165201573,human,98
2117797863,human,295
2173086491,human,38
2058060960,human,185
2178244523,human,156
2178249264,human,173
2178251152,human,150
2178251741,human,24
2107907972,human,22
1986462259,cross-system,464
2067668295,human,123
2067675625,human,11
2067676107,human,87
2087774223,human,249
2087776891,human,357
1904732338,human,67
2190907373,human,24
2153389925,human,45
2033711795,human,94
2073315217,human,14
2211354567,human,152
1919084850,human,47
1919087248,human,40
1919088646,human,198
1919089404,human,71
1919091870,human,125
2092182420,cross-system,759
1971784915,cross-system,1112
2060410129,human,64
2226100652,human,49
2226101084,human,42
2226106929,human,128
2226109207,human,110
2226112721,human,39
2226114374,human,116
2226115473,human,30
2107725944,human,111
1991508350,human,225
2041400345,human,54
1915192994,human,236
2057551741,human,65
1929942568,human,18
2109073446,human,204
2022014604,human,108
2022015341,human,107
2022018711,human,26
2067693769,human,74
2156233565,human,23
2248966791,human,46
1896235628,cross-system,512
2197922959,human,21
2032727515,human,97
1903757376,cross-system,694
2062679708,human,100
2114827086,human,220
1932695873,human,84
1914250931,human,62
2231770008,human,131
2005457119,human,158
2180517398,cross-system,1034
2006488934,cross-system,412
2137301819,human,27
2132064603,human,344
2100559403,human,27
2131567128,human,87
1955626898,human,27
1994488462,human,52
2212654598,human,382
1936374229,human,76
1936599511,human,63
2153430963,human,195
1896230346,cross-system,1240
1991459943,cross-system,231
2227153045,human,1531
1984562016,human,24
1921196816,cross-system,1063
1983550767,human,59
1929904966,human,10
2033354625,human,54
2093606197,human,85
2107825008,human,128
2058136633,human,175
2099330851,human,98
2099334235,human,18
2099337474,human,63
2099347927,human,76
2099380175,human,76
2099383481,human,76
2099384439,human,76
2099385605,human,152
2099388044,human,152
2099391205,human,152
2099392933,human,71
2099393591,human,71
2019966687,human,79
2081485835,human,94
2081487055,human,61
2201015015,cross-system,164
2088695873,human,12
2088696537,human,11
2088696687,human,11
2088696821,human,11
2088697052,human,18
2093013437,human,89
2093014180,human,38
2168016012,human,98
2018801985,human,674
2151022174,human,103
2044733037,human,73
2042116790,human,70
2237299772,human,45
2237304205,human,100
1983218100,human,66
1983218946,human,29
1983220085,human,235
2089616615,human,30
2188806657,cross-system,1643
2093173551,human,19
2028042664,human,123
1967205857,human,48
2037680243,human,21
2107879541,human,18
2067815795,human,63
2094316391,cross-system,447
2222664119,human,236
2044729506,human,73
1935090310,human,205
2103791784,cross-system,174
1966445231,human,52
1921175224,cross-system,1023
2162545038,human,70
2164724099,human,54
2116559283,human,39
1978403580,human,34
2035070912,human,108
2107874024,human,68
1932612859,human,18
2166044511,cross-system,176
1901082611,cross-system,513
1901082623,cross-system,447
1960904779,human,244
2135019849,human,34
2063108199,human,395
2226128852,human,41
1966532040,human,37
1966532052,human,11
1966532081,human,46
1966532193,human,41
1966532233,human,54
1966532275,human,21
1966532310,human,28
1980641775,human,74
2194233282,human,168
2187432220,cross-system,496
2187432259,cross-system,269
2187432295,cross-system,672
2187432490,cross-system,516
2187432586,cross-system,634
2033557762,human,18
2165939997,human,99
2019976755,human,80
1999761213,human,150
1999763753,human,68
1999765565,human,171
2070865831,human,4
2070868210,human,198
2070868442,human,84
2091394344,human,63
2017421762,human,55
2167347840,human,32
2117823083,human,262
2241291624,cross-system,616
2241291627,cross-system,530
1896245255,cross-system,600
2029155539,human,99
1903223001,human,61
2185773226,human,183
2137295130,human,45
2041373528,human,54
2117777859,human,69
1904728276,human,189
2193488781,human,22
2190319830,human,26
2100939742,human,18
2133647906,human,84
1929904572,human,57
2075682847,human,134
1966662630,human,103
2022036816,human,17
2022036999,human,43
2097489474,human,87
2132684829,human,74
2117829699,human,38
1970633903,human,190
2040218119,human,386
2058983881,human,118
2039122872,cross-system,1899
2039122883,cross-system,1135
2039122887,cross-system,2001
2039122891,cross-system,2945
2039122898,cross-system,1378
1973554925,human,126
2005940303,human,50
2005942142,human,55
2005944297,human,107
2005944883,human,33
2005946115,human,15
2005949080,human,53
2005951630,human,83
2005954562,human,14
2103165810,human,95
1974888486,human,50
2244689511,human,170
2225237603,human,229
2214602621,human,57
2141257151,human,21
2069807372,human,23
1991872921,human,57
2096583627,human,396
2096585134,human,123
2038636301,human,43
2038637962,human,185
2154000068,human,45
2041757914,human,36
2039303365,human,25
2039304120,human,238
2039306132,human,243
2107874096,cross-system,113
2107874136,cross-system,534
2019153107,human,66
2003222587,human,91
1919926464,human,43
2044097156,human,91
2118929970,human,44
2027993932,human,160
2040286874,human,47
2060067127,human,29
2185758538,human,193
2159649415,cross-system,111
2159649420,cross-system,97
2159649552,cross-system,151
2159649561,cross-system,121
2159649616,cross-system,206
2250312594,human,50
1956754904,human,129
2107879995,human,18
2234522329,cross-system,248
1995266098,human,92
2071554874,human,65
1948277351,human,122
2029430437,human,21
1923582069,human,126
2191144675,cross-system,1168
2241784401,cross-system,1813
1966497879,human,171
2098328439,human,76
2029994113,human,212
2173577998,human,8
1972800147,human,105
1974251352,human,55
2049936097,human,597
1982700989,human,109
1982701605,human,101
1921196749,cross-system,858
2061059142,human,243
2199228876,cross-system,327
2199228930,cross-system,90
2199228981,cross-system,143
2136403673,human,96
2114835416,human,98
2071706099,human,289
2152853533,human,77
2025229875,human,360
2062678859,human,122
2134355967,human,30
2134355988,human,36
2232588649,cross-system,522
2026229081,human,36
2107885950,human,52
1948038628,cross-system,151
2093031051,human,10
2133929046,human,46
2239724491,human,104
2096537197,human,127
1993474720,human,95
1993475520,human,82
2173518632,human,52
2188825608,human,96
1968410440,human,194
1968411634,human,135
1968414774,human,28
1968415377,human,41
1968416691,human,80
1968419490,human,92
1968425800,human,28
1968426521,human,72
1968430513,human,77
1968430823,human,27
1968432428,human,93
1968433365,human,152
1968434088,human,107
2134777383,human,123
2238588918,human,37
2185765168,human,183
2033345750,human,65
1982681180,human,195
2184588624,human,25
2243134603,human,97
1970640361,human,13
2074138397,human,10
2170395193,cross-system,1014
2103807487,cross-system,993
2103807491,cross-system,760
2093412381,human,93
2101340584,human,62
2100996570,human,53
1964379012,human,31
2173086609,human,188
2093180215,human,111
2029428660,human,107
1896254032,cross-system,1205
2028569164,human,270
2063304419,human,116
2165867739,cross-system,1245
2159050193,human,44
2072120167,human,4
2100212467,human,252
2019209468,human,82
2142746427,human,156
2117827436,human,110
2095926786,human,89
1945241481,human,47
2102969976,human,133
2039299055,human,494
2063281121,human,165
1985031223,cross-system,151
2159651383,cross-system,454
2226984116,cross-system,2604
1986506848,cross-system,813
1986506849,cross-system,964
2002107439,human,15
2002107490,human,15
1902978976,human,23
1902983605,human,42
1902986707,human,95
1902988804,human,65
1902990611,human,44
1902993415,human,86
1902994486,human,59
2117798105,human,71
2087569191,human,247
1948277658,human,239
2172043114,human,142
2093929954,cross-system,737
2093929965,cross-system,1155
2137859505,human,68
2180813025,human,82
2166050033,human,76
2105513328,human,122
1995705412,human,56
2072646735,human,76
2085609785,human,28
2183849936,human,58
2096576353,human,157
2096577229,human,82
2073549937,human,46
1968238805,human,16
2015423971,human,112
2015424640,human,75
2015425037,human,30
2027504435,human,171
2067746973,human,18
2114948686,cross-system,277
2112590004,human,97
1971270415,human,74
2011595352,human,135
2011597134,human,320
2011615312,human,20
2011642852,human,164
2011643347,human,18
2011643923,human,18
2011644614,human,45
2011649275,human,172
2011653805,human,141
2011661848,human,100
2005431260,human,134
2101109197,human,48
1922434421,human,102
2216347782,human,241
2074261701,cross-system,1550
2074261702,cross-system,1651
2199108073,human,6
2022527319,human,38
2117810940,human,214
2187442235,human,27
2245717460,human,128
1896232580,cross-system,1404
1947387606,human,59
2169007310,human,50
2039925904,human,75
2096232342,human,54
2096456103,human,43
2013038638,human,22
1935860222,human,70
1929903903,human,2
2142765420,human,127
2146224724,human,64
1976530674,human,44
2220600442,human,81
2084896244,human,316
2199108228,human,6
2166678788,cross-system,289
2166678809,cross-system,137
2166678825,cross-system,200
2241386300,human,35
2018779452,human,36
2115372259,human,93
2231221666,cross-system,2651
2231221684,cross-system,2335
2005436779,human,64
2108098763,human,76
2050926545,human,296
1961774902,human,26
1974695924,cross-system,321
2196661211,cross-system,672
2196661251,cross-system,592
2034404457,human,173
2117827094,human,166
2043274237,human,63
2159973173,human,124
2159973351,human,164
2233118606,human,23
2233118977,human,37
2233122435,human,41
2233122535,human,59
2233123106,human,165
1964469837,human,27
1908499339,human,30
2184541127,cross-system,559
2008112378,human,43
2008113072,human,121
2008113793,human,97
2008114531,human,52
2106029822,human,104
1984207976,human,52
2062702067,human,185
2019046998,human,13
2019047266,human,26
2109292359,cross-system,848
2101713872,human,55
2062700847,human,80
2043267337,human,16
2043268095,human,30
2043268986,human,76
1929903581,human,25
1898857035,human,422
2202512308,human,138
1921172465,human,441
2033413579,human,437
1993488242,human,35
1993488634,human,5
2031883651,human,215
2124832036,human,23
2124833427,human,23
2132680880,human,120
2104685078,human,252
2030033032,human,54
1995377926,human,291
2047747247,human,78
1981859549,cross-system,623
2060355776,human,314
2062807485,human,137
2237404240,cross-system,3008
1972764180,human,37
1920553633,human,43
1919956078,human,79
1919968025,human,38
1919968955,human,38
1919983771,human,235
1919989840,human,76
1920012475,human,103
2012885203,human,76
2012886221,human,7
2188815579,human,41
2050719233,cross-system,447
2203178531,human,116
2104944061,human,55
1995402210,human,58
2017815064,human,1204
2151446703,human,1
2151447899,human,1
2005631634,human,25
2087496148,human,264
2076558542,human,24
2244376177,cross-system,235
2237052835,cross-system,2393
2237052856,cross-system,2382
2039274948,human,104
2227509250,cross-system,1240
2151392338,human,1
2151392857,human,1
1990366559,human,105
2108092054,human,99
2107880595,human,54
2139054164,human,5
2109829359,human,40
2037090999,human,198
1976823248,human,35
2186222909,human,98
2187442473,cross-system,1431
2236222177,cross-system,2552
2236222191,cross-system,2422
2124196727,human,77
2019962053,human,120
2028045186,human,11
2028046132,human,28
2231189317,human,16
2155040946,cross-system,369
2131477171,human,17
2131477555,human,181
2223466314,human,148
2122881163,human,41
2202161146,human,78
2003646314,human,164
2003652515,human,139
1898736649,human,141
2138854223,human,18
2088751234,human,62
2038714937,human,272
2141248127,human,75
2109055014,human,138
1972786874,human,73
1929904862,human,27
2239086199,cross-system,280
2239086224,cross-system,342
2105923278,human,287
1970658500,human,98
2028056125,human,20
2028056169,human,17
2028056800,human,59
2028057166,human,71
2087334855,human,94
1960725995,human,127
1976552373,human,25
2238072385,human,141
2219315095,human,69
1929907356,human,3
1992059817,human,101
1908067558,human,45
2178717551,human,122
2178718563,human,203
2087305679,human,57
2244121097,cross-system,3196
2051737623,human,145
1947060332,human,35
2145921879,human,92
2105205156,cross-system,664
1966786372,human,52
2076309158,human,105
2076310359,human,24
2029057242,human,83
2172308219,human,39
2100173587,human,59
1997151721,human,439
2156232301,human,31
2026785779,human,240
1901976144,human,176
2185933911,human,203
2048337604,human,171
2180895360,human,94
2165929333,human,202
2084977583,human,33
2162931631,cross-system,137
2162931637,cross-system,151
2103315495,human,44
2126560019,cross-system,352
2037078713,human,125
2060119991,human,132
1984696572,human,7
2087123597,human,123
2074654607,human,18
1935014333,human,212
2093027751,human,7
2171333071,human,78
2063819971,human,29
2250904286,human,173
2069908284,human,23
1960728250,human,63
2237861525,human,89
2029717968,human,81
2029720916,human,18
1971943003,human,400
2166327628,human,318
1947013204,human,73
2244673944,cross-system,2201
2244673951,cross-system,2493
2094414739,cross-system,284
2094414742,cross-system,161
2094414745,cross-system,220
1968772763,human,77
1944016120,cross-system,118
1944016128,cross-system,116
1944016179,cross-system,136
1944016184,cross-system,292
1944016197,cross-system,126
2125030812,human,54
2125032183,human,110
1915282748,human,92
1995344522,human,74
2033683684,human,383
1995072709,human,81
1995080854,human,148
1995081861,human,75
1995083001,human,128
1995083929,human,160
1995087922,human,137
1995096469,human,169
2181604555,human,95
2154088612,human,129
2154095438,human,186
2185415241,human,85
2122421727,cross-system,964
1929255616,human,55
1929255884,human,55
2135665955,human,83
2103186527,human,155
1957079211,human,14
2236464832,cross-system,196
1968151327,human,284
1968183724,human,23
1968185739,human,59
1968223862,human,207
1968235150,human,44
1968236707,human,104
2231636491,cross-system,2402
2231636501,cross-system,2235
2231636508,cross-system,2705
2231636518,cross-system,2200
1937972989,human,99
2117739943,human,552
2036753363,human,945
2026185028,cross-system,94
2027842207,human,310
2027842839,human,72
1964472327,human,40
2156221452,human,74
2155006761,human,18
2229415320,human,107
2229415898,human,65
2229416500,human,40
1974569065,human,18
1929907883,human,21
1976528818,human,32
1976528871,human,30
2039315754,human,425
2054975138,human,440
2092134063,human,60
2093533541,human,5
2174599190,human,17
2226973687,cross-system,2382
2226973690,cross-system,2739
2226973695,cross-system,2397
2226973700,cross-system,2768
2237869773,human,221
2154464657,human,25
2011513876,human,192
2026945233,human,16
2089489650,human,13
2089489950,human,13
2244462710,cross-system,283
2244462727,cross-system,271
2244462738,cross-system,292
2244462748,cross-system,404
2150806605,human,41
1908847697,cross-system,1627
2051737651,human,101
2121881600,human,55
2062683105,human,74
1902928692,human,248
1902930671,human,114
1896256463,cross-system,526
1972739618,human,90
1972739844,human,99
2173572412,cross-system,454
2173572415,cross-system,291
2029375356,cross-system,369
1938634237,cross-system,114
2165857290,human,135
2192849979,human,168
2139307891,human,1
2185269089,human,42
2124777847,human,17
2124778969,human,22
2124783186,human,17
2124784159,human,17
2217635635,human,158
2039222738,human,30
2008384241,human,185
2063235023,human,310
2063025969,human,286
2095531964,human,81
2237571446,human,101
1979655209,human,551
1962292410,human,95
1962292835,human,60
1962294325,human,233
1962295928,human,73
1962296369,human,96
1962296713,human,103
1962298186,human,100
1899121394,human,291
2219085829,human,23
2223481495,human,403
1972683582,cross-system,348
2102481232,human,72
2144134593,human,31
2067604050,human,231
1970460859,human,247
1970462341,human,60
1970467188,human,37
1970471874,human,146
2163477535,human,25
2163478234,human,25
2163487282,human,139
1900736260,human,29
2173518802,human,43
2201222601,human,172
2241398931,human,33
1903112033,human,137
1903112116,human,87
1903112188,human,22
1903112388,human,115
1903112421,human,57
1903112671,human,95
2168151182,human,318
2199108354,human,6
1929907692,human,2
2209137473,human,18
2191201720,cross-system,120
2035244925,human,97
2100999828,human,93
2027525155,human,35
2199230967,human,19
2012351746,human,51
2216632025,human,153
1966797874,human,181
1966797893,human,181
2233898011,human,121
2238926390,cross-system,411
2238926403,cross-system,217
2238926409,cross-system,216
2238926423,cross-system,297
2067762462,human,49
1904113699,cross-system,687
2093982730,cross-system,183
2093982732,cross-system,229
2197923630,human,21
1980791847,cross-system,1176
1980791852,cross-system,1269
2011838670,human,79
2107907000,human,72
2102469822,human,57
1968450084,human,31
2233039149,cross-system,2634
2092259101,human,49
2092259159,human,50
1913865506,human,27
1990453038,human,60
1990453303,human,32
1990462790,human,95
1990550323,human,48
2006488849,cross-system,335
2033384810,human,71
2019967578,human,60
2019967627,human,64
2234044344,cross-system,244
2164528760,human,15
2184187443,human,169
2131146763,human,59
2131149029,human,140
2131154174,human,283
2131162962,human,66
2131166436,human,192
2131167503,human,58
2131170446,human,62
2131171671,human,51
2098116931,cross-system,239
1929908163,human,10
2129130431,human,37
1964461782,human,84
2117789844,human,40
1948047170,cross-system,90
1948047171,cross-system,203
1948047173,cross-system,253
2117846686,human,65
1968583698,human,18
2033713860,human,19
2244114723,cross-system,3510
2244114724,cross-system,3000
1995642088,human,172
2030274563,human,79
2200168364,human,24
2166866253,human,88
2166866611,human,18
2166867267,human,9
2041390626,human,56
2059821395,human,317
2028427346,human,572
2191826999,human,109
2047506471,human,112
2025311162,human,123
1925375225,human,27
1979145126,cross-system,512
1994465747,human,43
1994474359,human,270
1994475085,human,19
1921211271,cross-system,542
2105784349,human,162
2172521256,human,90
2186145622,cross-system,136
2186145659,cross-system,872
2222682680,human,373
2033702396,human,19
2025231617,human,53
2028136057,human,71
2159878888,human,36
2060051576,human,443
1911121863,human,20
1911123041,human,45
1911124422,human,17
1972660055,human,13
1932604448,human,104
2018950894,human,32
2018951461,human,56
1995260438,human,191
2000454588,human,138
2000456481,human,113
2000457057,human,117
2000459593,human,156
2000460766,human,125
2000462636,human,135
2000464590,human,141
2000465181,human,147
2000468327,human,192
2000469047,human,146
1950215375,cross-system,94
1950215380,cross-system,104
1950215383,cross-system,234
1896230331,cross-system,1209
2237320753,cross-system,234
2078784441,human,375
2181101123,human,35
2004512567,cross-system,449
2063122152,human,294
1919542138,human,81
1934454483,human,225
1934455854,human,144
1934457405,human,55
1934457706,human,25
1934458568,human,113
1934460834,human,61
1934461075,human,183
1934464049,human,323
1907988296,human,129
1907988390,human,43
1907988539,human,66
1907988924,human,31
2098556466,human,35
2224003686,human,26
2062678170,human,115
1993452174,human,80
1936246863,human,49
2173576119,cross-system,256
2173576123,cross-system,286
2173576126,cross-system,207
2029817755,human,142
2091639135,human,43
2153357112,human,66
1899121348,human,139
2161925648,human,24
1929244488,human,193
2043713369,human,48
1972660203,human,13
2070273560,human,87
2188829278,human,19
2035786103,human,25
2035786522,human,47
2035788360,human,72
1926550592,human,55
2085881439,human,46
2225526227,human,81
2225572904,human,83
2225576398,human,84
2110798085,human,217
1901934816,human,18
1901935198,human,340
1901937999,human,19
2132371637,human,224
2173086538,human,44
2150410134,cross-system,944
1956441154,human,303
2179479851,human,103
2142747436,human,46
2104696577,human,218
1939973560,cross-system,152
1939973671,cross-system,112
1948756375,human,121
2212037145,human,267
1991949716,human,159
1936252879,human,119
2128255860,human,27
1904732716,human,100
1914228596,human,202
2237609894,cross-system,3346
2106092611,cross-system,207
1936246554,human,113
2105877477,cross-system,1069
2105877484,cross-system,1412
2105877489,cross-system,1525
2094412113,cross-system,365
2094412117,cross-system,255
1974695884,cross-system,357
2142745343,human,74
2102521676,human,83
2029155234,human,99
1905244772,human,72
2216319180,human,134
1964280559,human,99
1964280651,human,26
1897237380,human,66
2250272109,human,8
2247978483,cross-system,266
2247978499,cross-system,207
1931276944,human,236
1973554763,human,193
2167965305,human,150
2167971441,human,230
2071021619,human,107
2105800581,cross-system,590
2180499556,cross-system,1120
2063216779,human,283
2095530933,human,50
2109021684,human,130
2109024567,human,37
1978186256,human,254
2135664625,human,260
2186140846,cross-system,221
2186140889,cross-system,569
2186141005,cross-system,531
2186141033,cross-system,350
2173086411,human,188
1974888796,human,32
2137597364,human,256
2162168832,human,34
2162932689,human,41
2184087186,human,127
1903513867,human,134
1903514374,human,68
1903514550,human,85
1903514728,human,83
1932586984,human,312
2054400958,human,68
2164530895,human,76
2039899977,human,36
2019190245,human,95
2019195680,human,240
1921175235,cross-system,662
1984249905,human,49
1984250067,human,49
2027864620,human,21
2034360436,human,171
1994563455,human,211
2017255086,human,191
2017261167,human,144
2017271085,human,128
2017276625,human,131
2017306446,human,147
2017336588,human,155
2017337636,human,20
2017338220,human,146
2017343191,human,144
2017351944,human,154
2017355163,human,145
2199107965,human,6
2071617615,human,24
2093104309,human,20
2142759835,human,84
1997118018,human,56
1898879918,human,93
2102515003,human,36
1947062950,human,134
2154425359,human,71
2171946717,human,249
1948802634,human,175
1970645793,cross-system,412
2011815657,human,23
1904179379,human,51
2127872666,human,32
2165951190,human,316
1983209848,human,68
2162894648,cross-system,284
2088625482,human,21
2035899726,human,86
2081546061,human,202
2047791204,human,163
2033166602,human,31
2032753104,human,298
2153168555,human,140
2153169103,human,53
2153177493,human,62
2153179086,human,11
2153179920,human,27
2013151337,human,32
2013153751,human,82
1995645454,human,32
2237011606,cross-system,2473
2116567645,human,47
2212665814,human,184
2185188375,cross-system,276
2185188389,cross-system,422
2185188398,cross-system,463
2007090015,human,185
2007090620,human,116
2007090790,human,22
2007091062,human,23
2007091613,human,75
2007093688,human,167
2007094526,human,72
2006488893,cross-system,350
1961687115,human,74
2132776991,cross-system,879
2127871574,human,45
2015373589,human,61
2015374908,human,63
2015375704,human,18
2015377165,human,81
2015380297,human,279
2234787834,human,46
2234756760,human,48
2085014429,human,70
2085017436,human,361
2198966491,human,16
2022552336,human,106
2233127466,cross-system,2431
2180218832,human,170
2014371584,human,79
1944429237,human,529
1928217790,human,62
2075475438,cross-system,418
1948013872,human,277
1963617242,human,18
2043522883,human,26
2167182196,human,41
2041759473,human,36
1928423070,human,93
1992505942,cross-system,297
1992505948,cross-system,152
2182682030,human,46
2182684136,human,127
2041211415,human,36
2027839099,human,174
2082578067,cross-system,559
2084475410,human,125
1929942642,human,18
1944059276,human,127
2131595999,human,186
2131597076,human,55
2131599217,human,314
2131599553,human,25
2131600282,human,86
2131600660,human,50
2131601035,human,58
2131601825,human,25
2131601985,human,27
2131603034,human,132
2131603490,human,150
2063284475,human,100
2028145458,human,38
1970690044,human,4
1970639762,human,25
2081395998,human,24
2233898003,human,140
2143827479,cross-system,468
2086331113,human,104
2208919444,human,73
2252008520,human,185
2184057369,human,164
1980482504,cross-system,730
2237148944,human,92
2156231863,human,59
2069116257,human,69
1956405740,human,81
2118299884,human,25
2118300021,human,48
2184098841,cross-system,946
2184098854,cross-system,648
2083105895,human,24
2083106006,human,24
2132969539,human,13
2014595362,cross-system,428
2146105159,cross-system,1828
2146105179,cross-system,1053
1903640129,human,433
2003249939,human,669
1948277870,human,362
2199127608,human,18
2100997381,human,81
2109271065,human,111
2096078356,human,80
2096080956,human,253
2096086746,human,308
2096087427,human,58
2063365059,human,108
1956966457,human,62
2186221483,human,84
1929908109,human,10
2055944772,human,130
2162231540,cross-system,113
2172174337,human,16
2036849850,human,164
2065465751,human,43
1903742790,human,175
2096595338,human,126
2014066443,human,20
2063352690,human,84
2102504680,human,14
2244695620,human,174
1938588958,human,7
1903724699,cross-system,890
2106027191,human,104
2106027454,human,116
2047658190,human,113
2190969021,cross-system,121
2190969037,cross-system,121
2190969070,cross-system,153
2190969073,cross-system,214
2190969093,cross-system,289
2190969121,cross-system,526
2190969166,cross-system,138
2190969171,cross-system,510
2190969179,cross-system,106
2190969188,cross-system,104
2190969239,cross-system,77
2190969247,cross-system,313
2190969256,cross-system,402
2190969258,cross-system,66
2190969264,cross-system,87
2190969268,cross-system,91
2190969273,cross-system,83
2190969277,cross-system,107
2190969466,cross-system,141
2053279153,human,114
2107907232,human,71
2025230609,human,361
1995572037,human,538
2107928526,human,69
2168071091,cross-system,189
2168071102,cross-system,348
2168071105,cross-system,290
2168071106,cross-system,208
2168071110,cross-system,131
2168071114,cross-system,130
2168071115,cross-system,117
2168071125,cross-system,303
2168071126,cross-system,95
2168071129,cross-system,86
2168071135,cross-system,190
2168071139,cross-system,175
2168071141,cross-system,102
2168071142,cross-system,225
2168071151,cross-system,142
2168071152,cross-system,179
2168071166,cross-system,67
2168071169,cross-system,361
2168071170,cross-system,92
2168071175,cross-system,237
2168071177,cross-system,68
2168071179,cross-system,107
2168071193,cross-system,167
2168071199,cross-system,357
2168071203,cross-system,296
2168071206,cross-system,127
2168071247,cross-system,284
2168071306,cross-system,81
2122712351,human,106
2127936464,human,40
2127936841,human,56
2127937054,human,73
2127937346,human,53
2127937963,human,177
2127938048,human,6
2127938167,human,18
2127938244,human,18
2127938983,human,129
2127939412,human,23
2127940803,human,139
2127941557,human,147
2127941912,human,147
2127942260,human,147
2127942936,human,147
2127791038,human,123
1960909396,human,208
2042293251,human,89
2060404962,human,50
2106710480,human,150
2156235239,human,28
1972730078,human,16
1972730346,human,31
1972730604,human,16
2059960246,human,295
2019056473,human,21
2019058279,human,21
2093167797,human,169
2119966093,human,47
2167948081,human,66
1972654094,human,42
2248866896,human,83
2087485411,human,76
2027782602,cross-system,354
1929907243,human,23
2060026172,human,164
2041848918,human,207
2082614622,human,66
2068489573,human,96
2068505145,human,383
1986041591,cross-system,961
1936247109,human,32
1970643011,human,20
1970643085,human,20
1970643698,human,20
1970643772,human,20
1970644143,human,37
2101061034,human,11
1970631678,human,29
2037071078,human,961
2048858841,human,192
2030785493,human,64
2171329827,human,205
1983295551,human,94
2085335590,human,19
2085335956,human,19
2085336176,human,19
2035902463,human,41
2171949199,cross-system,12907
2107879803,human,20
2137102903,human,37
2094361811,cross-system,220
1984016522,human,96
1984016616,human,25
1984017923,human,63
2040757293,human,275
2040757387,human,153
2040757471,human,48
1925162026,human,765
2069660377,human,23
2069660621,human,30
2161184967,human,166
1966794505,human,75
1994692240,human,71
1994703761,human,169
1944431864,human,110
2104112142,human,53
2067748193,human,162
2065420473,human,13
2008407857,human,18
1904742061,human,232
2023652702,human,64
1986025591,cross-system,108
1986025594,cross-system,104
1986025602,cross-system,123
1986025650,cross-system,131
1986025655,cross-system,233
1986025658,cross-system,99
1986025660,cross-system,315
1986025715,cross-system,185
1986025773,cross-system,153
1986025835,cross-system,117
1986025837,cross-system,183
1986025856,cross-system,130
1986025912,cross-system,291
1986025916,cross-system,97
1986025934,cross-system,71
1986025937,cross-system,394
1986025949,cross-system,259
1986025950,cross-system,75
1986025953,cross-system,675
1986025954,cross-system,263
1986025963,cross-system,88
1986025967,cross-system,72
1986026030,cross-system,1494
1986026032,cross-system,129
1986026033,cross-system,360
1986026041,cross-system,115
1986026043,cross-system,75
1986026057,cross-system,773
1986026059,cross-system,330
1986026064,cross-system,109
1992579679,cross-system,182
1992580344,cross-system,84
1992580542,cross-system,327
1992580551,cross-system,94
1904188033,human,300
1956830226,human,302
1956831298,human,18
1956865928,human,142
1956866489,human,40
1956867049,human,34
1956874608,human,501
1956876838,human,18
2196492953,cross-system,144
2196492970,cross-system,186
2196492976,cross-system,381
2196492985,cross-system,168
2196492986,cross-system,129
2196492997,cross-system,380
2196493004,cross-system,528
2196493008,cross-system,526
2196493013,cross-system,123
2196493017,cross-system,166
2196493023,cross-system,401
2196493031,cross-system,81
2196493039,cross-system,253
2196493052,cross-system,164
2196493123,cross-system,214
2196493132,cross-system,182
2196493138,cross-system,90
2196493144,cross-system,170
2214416564,cross-system,1205
2063352815,human,33
2027932970,human,120
2006304004,human,36
2006304705,human,37
2006305508,human,49
2006308369,human,54
2006309415,human,31
2018790208,human,218
2157683030,human,120
2037648540,human,75
2214812165,human,21
2214815836,human,428
2214816555,human,199
2214819762,human,220
2214820473,human,107
2215926928,human,80
2215928357,human,37
2215928714,human,9
2215931134,human,124
2215932529,human,112
2059871584,human,717
2033342835,human,79
2079244280,human,56
2228117060,human,138
2205502223,human,59
2173572543,cross-system,404
2173572544,cross-system,590
2173572546,cross-system,228
2173572547,cross-system,448
1981750426,cross-system,589
2089724417,human,73
2089771390,human,37
2089773957,human,87
1909090947,human,25
1909091826,human,104
1909092259,human,43
1909095289,human,184
1909095759,human,29
1909096941,human,184
1909097419,human,184
1909099306,human,328
1909099605,human,328
1909100847,human,133
2143191196,cross-system,1101
1968602551,human,19
1968602800,human,19
1968603053,human,30
1968603223,human,30
1968603485,human,19
1921196790,cross-system,1130
2185760320,human,233
2060109833,human,340
2028145079,human,49
2237312273,cross-system,3115
2039922719,human,77
2028048049,human,60
2028048350,human,66
2028048502,human,23
2028048836,human,33
2028051555,human,28
2028051885,human,112
2028052254,human,238
2028052900,human,17
2028052960,human,23
2028053124,human,16
2028053546,human,23
2028053808,human,14
2107907334,human,61
1992999107,cross-system,238
1992999121,cross-system,211
1992999602,cross-system,235
2167762428,human,245
1974056632,human,360
1974056710,human,119
1974056785,human,89
1974057101,human,46
2099606847,human,65
2188105775,human,352
2239347721,human,18
2239119309,human,122
2237594426,cross-system,3109
2107902266,human,78
2107879635,human,18
1964472122,human,38
1896234769,cross-system,1166
2083783694,human,68
2096051391,human,11
1966795054,human,25
2131564545,human,62
2131564760,human,23
2067752920,human,43
2165952228,cross-system,1271
2035438442,human,75
1940376272,cross-system,121
1947351673,human,159
2244109268,cross-system,4050
2244109269,cross-system,3184
2191825954,human,193
1929908003,human,17
1978943463,human,63
1925371904,human,119
1960906205,human,191
2059622794,human,202
1896235619,cross-system,500
2193013736,human,152
2190873142,human,131
2028397061,human,47
2222806059,human,116
2091071792,human,33
2091072231,human,33
2091077335,human,105
2091078231,human,32
2091081401,human,105
2091083024,human,43
2091089036,human,277
1972748796,human,114
2030782993,human,53
1994482930,human,182
1994483345,human,22
1929905044,human,5
2081368972,human,9
2166434871,human,480
2064279954,human,48
2064338555,human,70
2072834292,human,524
2071550563,human,36
2041492298,human,2191
2041495921,human,323
2093649146,human,47
1903757360,cross-system,2485
1896254015,cross-system,1962
2162139811,human,84
1903117562,human,439
1903117618,human,90
1903117645,human,11
1903118150,human,205
1903118508,human,193
1903118654,human,68
1903118786,human,85
1903118872,human,45
1903118977,human,84
1903119031,human,84
1903119071,human,15
1903119124,human,15
1903119226,human,63
1903119493,human,172
1903119594,human,83
1903119669,human,75
1903119692,human,15
1903119828,human,44
1903120231,human,22
1903120244,human,28
1903120432,human,77
1903120500,human,14
1903120802,human,284
1903120862,human,19
1903121057,human,46
1903121118,human,94
2170378489,human,1411
2198946777,human,16
2014304830,human,46
2221896556,human,33
2107504952,human,42
2107507337,human,291
2107508745,human,35
2107510622,human,334
2122856830,human,45
2014115530,human,79
2014116998,human,57
2014121533,human,51
2214627991,cross-system,145
1981736915,human,142
2121408555,human,20
2248866554,human,79
2002119696,human,110
2244740568,cross-system,338
2244740606,cross-system,365
2244740636,cross-system,277
2115299090,human,95
1927132178,human,13
2060143430,human,59
2060146362,human,103
2117794990,human,68
2108090677,human,166
2093020463,human,79
1972110958,human,262
2150622723,human,11
1971251650,human,18
2040213600,cross-system,151
2040213611,cross-system,235
2037464028,human,93
2171310794,cross-system,242
2096587486,human,244
2041400627,human,21
2062702495,human,76
2028473766,human,28
2244124163,human,177
1966546558,human,32
2107873079,human,96
2166596634,human,68
2166596905,human,68
2166599285,human,117
2137581497,human,50
2239177696,human,95
2239183685,human,80
2239188325,human,112
2239189893,human,59
2023651284,human,232
2093137244,human,264
2166340153,human,5
2218919179,human,75
1941678164,cross-system,170
1941678171,cross-system,121
1941678192,cross-system,142
1941678197,cross-system,172
1941678207,cross-system,89
1941678621,cross-system,330
1941678635,cross-system,156
1941678664,cross-system,371
1941678842,cross-system,128
1964823899,human,76
1964823989,human,76
1948018701,cross-system,79
1948018708,cross-system,349
1948018712,cross-system,200
1948018713,cross-system,152
1948018746,cross-system,227
2165956653,cross-system,811
2018829178,human,56
2018829624,human,83
2149719208,human,66
1915504071,human,24
2081544196,human,213
2215952978,human,208
2184161203,human,205
1974695843,cross-system,374
2138783086,cross-system,979
2174881849,human,137
2084476020,human,114
2076083051,human,89
2076084518,human,106
2076085848,human,60
2076086185,human,59
2076087671,human,279
2076089471,human,30
2076089751,human,49
2076091589,human,32
2076091985,human,58
2076092539,human,31
2156281517,human,203
1932612430,human,18
1979159625,cross-system,152
1991759143,human,72
1975484386,human,68
2197827807,human,269
2102970647,human,43
2244317701,human,84
1995869321,human,90
2214733798,human,197
2137858672,human,36
2029154432,human,95
2030032117,human,113
1971264556,human,36
1995832366,human,60
1947387805,human,16
2142769086,human,81
2183701199,human,57
2189964698,human,88
2189966562,human,68
2189968730,human,122
2003995847,human,31
2022074353,human,2
2069807366,human,95
2069807536,human,94
2110675112,cross-system,372
2110675122,cross-system,308
2110675127,cross-system,260
2060129972,human,373
2232096245,cross-system,2713
2232096253,cross-system,2438
1978223704,cross-system,439
2214614049,human,347
1968943469,human,54
2044731912,human,73
2103312964,human,63
2070948857,human,106
2226986526,cross-system,2417
1976531041,human,50
2144724106,human,71
2117820556,human,36
2184095561,human,39
1999982728,cross-system,122
2036756996,human,54
1929907719,human,4
2167276616,human,101
2106175734,human,59
2100317720,human,107
1919217012,human,16
2135577889,human,54
2135652196,human,112
2089616437,human,42
1970744441,human,5
1970745097,human,1
2199147271,human,19
2037091455,human,22
2037098327,human,84
2037100538,human,47
2037103462,human,41
2037103936,human,26
2164230331,human,134
1896245271,cross-system,1376
2029158792,human,157
2085205455,human,20
2085205848,human,20
2085205994,human,20
2102456819,human,25
2102459541,human,76
2102460831,human,21
2050926464,human,326
2167973744,human,48
1903640213,human,147
2173518240,human,60
1947315742,human,81
2063320102,human,294
1982334652,cross-system,589
1995271149,human,69
2241445174,cross-system,253
2091673193,human,50
2030714974,human,21
2030718496,human,25
2030719341,human,25
2030720464,human,25
2075017787,human,44
2075020785,human,16
2075021350,human,16
2075021649,human,16
2237812426,cross-system,3280
2166043161,human,177
1929905609,human,4
2009312202,human,185
2165866597,human,40
2136292624,human,327
2040352714,cross-system,2345
2121896753,human,84
2005453943,human,211
2038711214,human,706
2117738794,human,71
2071549680,human,60
1977755377,human,124
1977757697,human,75
1977758463,human,51
1977760448,human,60
1977996501,human,62
2022537276,human,312
2238589987,cross-system,1511
2132671874,human,126
1956755131,human,8
2183845446,human,209
2028596733,human,119
1902008171,human,183
1902008597,human,85
1902010038,human,143
1902011207,human,78
1902012038,human,80
2035128435,human,168
2214798206,human,185
2214798404,human,33
2214798731,human,77
2214799204,human,79
1903639786,human,125
2150418111,cross-system,702
2083783762,human,69
2084986719,human,14
2034752178,human,101
1956954351,human,113
1955584699,human,26
2132371025,human,219
2239124989,human,99
2034717701,human,62
1970483246,human,43
2100813571,human,194
2244117442,cross-system,423
2244117449,cross-system,438
2005489676,human,94
2188148376,cross-system,164
2188148377,cross-system,154
1938262616,human,23
1938262698,human,34
2185228759,human,412
2240309116,cross-system,3137
2205888702,human,53
2205889079,human,30
2105837375,human,311
1939380803,human,86
2166029215,human,684
2199107683,human,6
2117776669,human,57
2244094915,human,130
2244112713,human,663
2244115571,human,301
2244866943,human,152
1915431674,human,45
1935089560,human,396
2214420284,cross-system,1112
2167949620,human,203
1966534574,human,40
2093139250,human,105
2191712658,human,1364
2035224724,human,58
2103196287,human,293
2072634057,human,79
2072634194,human,41
2133638511,human,122
2150540312,human,124
2081313653,cross-system,150
2117980800,human,22
2117980845,human,22
2117982518,human,65
2121444854,human,39
2121445798,human,145
2081434442,human,307
2109205934,cross-system,2377
1939049753,human,28
2084985832,human,18
2044084965,human,109
2123361221,human,776
2265815803,cross-system,3396
1896230351,cross-system,1378
2105523369,cross-system,3672
1966779442,human,106
2033176692,human,125
2171341744,human,132
2095850173,human,144
1979250128,cross-system,923
2184466375,human,138
2231513887,human,221
2166564823,human,532
2028044100,human,15
2028044355,human,53
2028044742,human,99
2011501211,human,162
2138983109,human,140
2005504720,human,64
1980383128,human,47
1973616994,cross-system,1227
2100344386,human,79
1925586541,human,56
1906180500,human,153
1906181341,human,128
1906182236,human,112
1912620227,human,83
2010467340,human,192
2071601469,human,144
2061853606,human,27
2097414830,human,219
2097419940,human,222
2097455686,human,271
2233863690,human,195
2233863914,human,38
2030711164,human,11
2030711799,human,125
2030712985,human,11
2119964114,human,65
2072220162,human,118
2072221667,human,144
1980444506,cross-system,616
2214588027,human,279
1991971742,human,138
2036852066,human,41
2165924573,human,251
2142744580,human,52
2216571298,human,84
2262974828,human,22
2262976914,human,200
2262979333,human,94
2262985144,human,141
2262989344,human,99
2071826199,human,18
2071826437,human,87
2071826640,human,87
2087308124,human,176
2165989424,human,91
1968584035,human,18
2183959064,human,42
2109652819,human,192
1920554709,human,219
1920557765,human,187
2210086711,human,54
2210089106,human,144
2210092865,human,25
2000498373,human,92
2216115432,human,243
1921172166,human,442
2104915739,human,21
2210346061,human,9
2041845552,human,174
2107880222,human,20
2173578219,human,6
2121433058,human,67
2121435637,human,21
2028038504,human,275
2173574756,human,48
2197923388,human,21
2231460096,human,191
2121311527,cross-system,710
2183856805,human,199
2212875261,human,63
2212878367,human,52
2212901373,human,299
2212905272,human,167
1925378898,human,167
1986041596,cross-system,530
1972672698,human,39
2117797893,human,38
1938445063,cross-system,180
1938445065,cross-system,189
1938445066,cross-system,325
1938445071,cross-system,92
1938445076,cross-system,141
1938445077,cross-system,157
2198739769,cross-system,265
2198739786,cross-system,89
2198739860,cross-system,367
2198739895,cross-system,210
2092503991,human,80
2092504461,human,46
2092504725,human,40
2092505436,human,73
2092507540,human,185
1956434103,human,67
1956434583,human,22
1956435581,human,79
2177275640,cross-system,810
2178796017,cross-system,119
2138352169,human,7
1998171909,human,81
1998174213,human,36
1909358680,human,57
1927108019,human,99
1927110696,human,89
1927111716,human,27
1956965701,human,55
2217059275,cross-system,102
2116553379,human,16
2113388820,human,34
2113390327,human,24
2028434148,human,512
1980155838,human,18
1980156105,human,262
1980156739,human,18
1980157496,human,18
1980157698,human,262
1980157919,human,18
2159735869,human,10
1945487590,human,147
2007379202,human,219
2148262707,human,94
2117739810,human,80
2109563909,human,123
2003221239,human,106
2241396762,cross-system,200
2241396770,cross-system,311
2241396778,cross-system,360
2241396780,cross-system,349
2241396786,cross-system,199
2023527381,human,282
1925898301,human,146
1925899646,human,13
1959055317,human,42
2084982718,human,51
2016236462,human,555
2108088445,human,57
2097190442,human,34
2109275167,cross-system,691
2133271969,human,67
2133272030,human,65
2133272068,human,65
1944918402,human,30
2027856203,human,45
2027856769,human,23
2027857235,human,93
2027857839,human,49
2027858122,human,11
2141273485,cross-system,706
2042085575,human,61
2093018985,human,33
2093019246,human,19
2005443947,human,91
2242036834,human,328
2125622991,human,62
1948334060,cross-system,157
1948334062,cross-system,360
1948334074,cross-system,111
1948334081,cross-system,81
1948334088,cross-system,141
1948334095,cross-system,124
1948334231,cross-system,299
1948334237,cross-system,240
1948334244,cross-system,392
1948334246,cross-system,398
1948334258,cross-system,203
1948334262,cross-system,419
2011846328,human,840
2159744986,human,65
2209076000,cross-system,1072
2209076011,cross-system,542
2209076018,cross-system,528
1976530932,human,18
1904670612,human,117
2009308545,human,63
2131551952,human,191
2243119499,human,97
2153354416,human,95
2102349497,human,51
2198962072,human,18
2024487839,human,7
1941570181,human,41
1941570644,human,54
1941570807,human,17
1941570906,human,17
1941571073,human,17
1941571217,human,17
1941572970,human,112
1941574054,human,60
2132375900,human,412
2074345373,human,18
1974627026,cross-system,243
2080604613,human,94
2124746418,human,24
2033571619,human,195
2162146748,human,124
2172634835,human,302
1938588531,human,67
2202091066,human,83
2147332978,human,163
2127336138,human,4
2127336250,human,4
2127336345,human,4
2127336425,human,4
2127336538,human,4
2127336642,human,4
2127336738,human,4
2127336896,human,4
2127337006,human,4
2127337150,human,4
2127337323,human,4
2127337442,human,4
2127337577,human,4
2127337712,human,4
2127337810,human,4
2127337942,human,4
2044731194,human,73
1971784879,cross-system,1547
2199096481,human,199
2225393034,human,64
2225394240,human,56
2225402550,human,91
1956967419,human,42
2080151769,human,161
1935861483,human,40
2071547929,human,36
2101060803,human,39
2186284243,cross-system,870
2186284264,cross-system,1236
2028729984,human,49
2028735449,human,68
2028737741,human,74
1988034603,human,47
1984682365,human,5
2076924647,human,135
1984480685,human,39
2210810106,human,175
1970723038,human,37
1970724977,human,34
1970725074,human,16
1970725300,human,123
2191830601,human,175
1994565249,human,193
2063151767,human,310
2188806152,human,48
2214787730,human,310
2214788210,human,112
2214788997,human,153
2214789478,human,216
2214789956,human,96
2214790636,human,192
2035078547,human,53
2005525485,human,96
2169086755,human,18
1972801492,human,45
2102712401,human,43
2042075999,human,101
1966534474,human,47
2070946649,human,35
1898879765,human,41
2105214167,cross-system,2407
2089488029,human,18
2089488389,human,13
1932611981,human,100
1974267759,human,118
1896256488,cross-system,521
2161552718,human,25
1936313990,human,48
1936314521,human,63
1936315652,human,38
2049693192,human,50
2049695007,human,127
2049699325,human,28
2049699845,human,18
2049699950,human,30
2049700717,human,107
1994562128,human,28
1994562202,human,28
1994562562,human,57
1994562710,human,28
1994563032,human,52
1994563169,human,19
1994563339,human,50
1994563696,human,55
1994563755,human,28
1994563987,human,59
1994564177,human,59
1994564227,human,59
1994564577,human,25
1994564656,human,25
2072459149,human,449
1912360849,human,195
1912360882,human,33
1912360897,human,19
1912360984,human,141
2025207287,human,50
2025209200,human,53
2162792555,cross-system,265
1933973357,human,161
2225775911,human,56
2003482771,human,255
2059765278,human,3
2025211541,human,511
1903749085,cross-system,420
1973603164,cross-system,722
2166043433,human,177
2093746162,human,44
2033623113,human,40
1962602741,human,66
1962603040,human,16
1970635572,human,30
1972763870,human,147
2143816468,cross-system,480
2143816481,cross-system,454
1956751023,human,14
2200197377,human,305
2038824695,human,2
2030783467,human,53
2043523888,human,21
1903152096,human,73
1903152193,human,48
1903152325,human,17
2241381486,human,176
2085183744,human,66
2085184153,human,65
2085185916,human,72
2005980549,human,78
2005992638,human,60
2107885671,human,42
2190868848,human,91
1945866046,human,14
1945866123,human,6
1945866298,human,23
1945866440,human,12
1945866962,human,20
1945867044,human,20
1945867185,human,22
2013028539,human,76
2187624595,cross-system,576
2187625007,cross-system,534
2187625993,cross-system,890
2166041731,human,305
2117739149,human,153
2215710857,cross-system,683
2141221222,human,31
2099846840,cross-system,148
1970482953,human,43
1936337124,human,71
1929908035,human,19
2214425607,cross-system,394
1904117301,cross-system,1205
1919433254,human,116
1919433690,human,21
1919433976,human,21
1919436757,human,57
1919437244,human,57
1919437387,human,57
1923581506,human,37
1972782738,human,82
2159084090,human,406
2241487216,human,224
1955640599,human,92
2041399989,human,64
1957182274,human,176
2068541128,human,62
2068561107,human,342
2185770264,human,233
2135011350,human,256
1964470399,human,27
2094610306,human,6
2094610419,human,151
2094610506,human,157
2094610640,human,173
2094611124,human,76
2094611275,human,6
2094611297,human,6
2072835140,human,94
2185043251,human,67
2214598345,human,120
2102354697,human,72
1981770433,human,19
1981770715,human,30
1981771048,human,20
1981772156,human,29
1981773605,human,20
1981774385,human,21
2227510033,cross-system,269
2167984638,human,85
2150165394,human,96
2238065374,human,111
2238065655,human,18
2238065732,human,9
2238066400,human,16
2238067105,human,106
2238067516,human,24
2238067721,human,23
2238067982,human,45
2238068109,human,16
2238068213,human,18
2217693273,human,248
2101002941,human,92
2185816772,human,24
2198914106,cross-system,132
2198914144,cross-system,171
2198914252,cross-system,214
1995875788,human,42
2030025981,human,55
2002050887,human,140
2042113791,human,76
2153393662,human,38
2037036575,human,650
2239145386,human,225
2239153040,human,65
2239156719,human,90
2110401208,human,106
2238940388,human,59
2027869969,human,56
2027870454,human,44
2026802653,human,7
2072460492,human,85
2167946326,human,50
2167946977,human,47
2146271255,human,49
1991873967,human,57
2127551313,human,164
1935089015,human,225
2030623542,human,59
2107863642,human,57
1936249097,human,83
2007078286,human,218
2146229262,human,144
2082623022,human,64
2220901476,human,36
2093533738,human,5
2094044607,human,57
1984001803,human,253
2019978733,human,127
1960781099,human,94
2022039434,human,79
1903640469,human,104
2060165759,human,588
2075702159,human,188
1910689343,human,25
1910699180,human,22
1910705495,human,146
1910706973,human,23
1910709957,human,4
1910712091,human,56
1910716200,human,35
1910718703,human,53
1910725630,human,82
1910727515,human,105
2040664860,cross-system,67
2040664861,cross-system,102
2040664862,cross-system,70
2040664863,cross-system,108
2000767244,human,229
2093204230,human,12
1957079172,human,31
2199172120,human,18
2050926413,human,652
1925585009,human,197
2051088232,human,58
2127323404,human,4
2127323598,human,4
2127323716,human,4
2127323836,human,4
2127323960,human,4
2127324449,human,4
2127324607,human,39
2127324850,human,4
2127325023,human,4
2127325187,human,4
2127325331,human,4
2127326031,human,4
2127326178,human,4
2127326261,human,4
2127326375,human,4
2127326480,human,4
2127326578,human,4
2127326693,human,4
2127327008,human,4
2127327138,human,4
2127327258,human,4
2127327337,human,4
2127327443,human,4
2127327558,human,4
2127327775,human,4
2127327890,human,4
2127328076,human,4
2127328196,human,4
2127328343,human,4
2127328503,human,4
2062684473,human,391
2015544264,human,1000
2160996586,cross-system,531
2160996594,cross-system,260
2142746767,human,11
2025223075,human,450
2197923865,human,21
2227687514,cross-system,2851
1896254044,cross-system,678
2231331946,human,60
2100609278,human,78
2030138170,cross-system,246
2230142076,cross-system,517
2230142092,cross-system,251
2230142101,cross-system,417
2088718868,human,16
2088719000,human,13
2088719440,human,13
2088719613,human,18
2214493646,cross-system,1210
2105407628,human,73
1955655008,human,19
2076588853,human,35
2162807425,cross-system,1402
2162807438,cross-system,1679
1932141797,human,28
1932142834,human,17
2206905591,human,35
2077304927,human,69
2028135851,human,35
2150691503,human,420
2150694364,human,347
2011367546,human,18
2146212264,human,68
2146216645,human,56
2146219061,human,91
2146224183,human,177
1968604990,human,60
2070945889,human,2
2153356232,human,66
2051098133,human,163
1948013998,human,98
1947087572,human,43
1947087798,human,50
2171922123,cross-system,1956
2048366039,human,22
2103439983,human,48
1912487394,human,111
2179476406,human,27
2060072341,human,301
1991886031,human,51
2104679617,human,363
2087580989,human,39
1936253257,human,71
2081332687,cross-system,103
2081332704,cross-system,151
2081332778,cross-system,123
2167320281,human,208
2008814892,human,26
2008814995,human,26
2133647785,human,173
1983182258,human,62
1982235298,human,315
2241148095,cross-system,3295
1942188879,human,132
1942189119,human,195
1942189312,human,38
1942189627,human,90
1988030890,human,139
2250390983,human,46
1896256451,cross-system,2796
1942221156,human,104
1942224325,human,1359
2204434577,human,81
2119965083,human,110
2041356865,human,113
2093193332,human,198
2199230852,human,20
1903743038,human,458
2174929588,human,20
2042070723,human,164
2132033647,human,60
2132034038,human,77
2132034480,human,75
2132035788,human,107
2239627960,cross-system,1554
2239627985,cross-system,4270
2239627996,cross-system,4279
2239628003,cross-system,3949
2239628012,cross-system,5584
2239628024,cross-system,1588
2239628030,cross-system,3107
2239628041,cross-system,1881
2221999515,cross-system,3240
2221999539,cross-system,1239
2221999553,cross-system,3571
2221999563,cross-system,1125
2221999576,cross-system,4732
2221999599,cross-system,2438
2221999610,cross-system,1333
2221999624,cross-system,1573
2221999635,cross-system,3363
2221999643,cross-system,2972
2099835135,human,66
2198432812,human,46
2078843087,human,253
2192282470,cross-system,1737
2192282480,cross-system,1521
2192282491,cross-system,1352
2192282495,cross-system,1494
2192282502,cross-system,1501
2192282510,cross-system,1263
2192282519,cross-system,1771
2192282524,cross-system,2781
2192282543,cross-system,1784
2217133531,cross-system,331
2217133532,cross-system,202
2200136761,human,109
2138209501,human,107
2138211685,human,32
2138214813,human,135
2138223777,human,234
2138434882,human,96
2229419026,human,12
2113798614,human,490
2147705282,cross-system,171
2147705287,cross-system,188
2147705293,cross-system,166
2205062213,human,36
2204259393,human,66
2155921209,cross-system,2363
2182082898,human,50
2197875913,human,113
2078829995,human,54
2222508841,cross-system,2214
2222508855,cross-system,2095
2222508869,cross-system,5289
2222508881,cross-system,3117
2222508890,cross-system,1304
2222508907,cross-system,4150
2222508930,cross-system,1192
2222508942,cross-system,2932
2222508950,cross-system,6940
2222508963,cross-system,1301
2222508971,cross-system,1591
2222508981,cross-system,997
2222508989,cross-system,2840
2222508999,cross-system,1310
2222509013,cross-system,1380
2222509021,cross-system,1369
2222509028,cross-system,1455
2222509038,cross-system,1432
2222509043,cross-system,1466
2222509059,cross-system,868
2222509072,cross-system,1521
2222509076,cross-system,1492
2222509087,cross-system,1554
2222509097,cross-system,1631
2222509102,cross-system,1790
2222509113,cross-system,1756
2222509125,cross-system,1237
2222509130,cross-system,1095
2222509136,cross-system,1771
2222509140,cross-system,1241
2262000872,human,66
2134810044,cross-system,1446
2134810046,cross-system,1313
2134810047,cross-system,2021
2200157322,cross-system,2139
2200157325,cross-system,2606
2226064479,cross-system,129
2226064617,cross-system,129
2232953768,human,18
2166038826,human,92
2178123384,cross-system,947
2178123386,cross-system,1627
2178123390,cross-system,2318
2178123397,cross-system,2579
2178123404,cross-system,2390
2178123410,cross-system,691
2178123412,cross-system,1720
2178123416,cross-system,1160
2178123421,cross-system,1319
2178123424,cross-system,2059
2178123425,cross-system,1905
2178123432,cross-system,1323
2224912990,human,157
2224921772,human,73
2224929628,human,167
2224937350,human,335
2209525162,human,125
2242292080,human,18
2225487866,cross-system,1571
2225487874,cross-system,2787
2225487880,cross-system,2761
2225487883,cross-system,2416
2225487899,cross-system,2218
2225487905,cross-system,994
2225487911,cross-system,3022
2225487920,cross-system,1224
2225487931,cross-system,2164
2225487939,cross-system,1562
2225487947,cross-system,2081
2225487959,cross-system,1325
2225487968,cross-system,2255
2225487973,cross-system,2597
2225487978,cross-system,1701
2225487983,cross-system,1361
2225487991,cross-system,1738
2233134355,human,106
2152304914,human,83
2241454045,cross-system,2945
2241454050,cross-system,3097
2262010255,human,94
2231697033,cross-system,1685
2231697037,cross-system,2049
2231697041,cross-system,3207
2231697046,cross-system,1542
2231697057,cross-system,1679
2204437369,human,422
2083577191,human,80
2182081260,cross-system,187
2182081268,cross-system,147
2242289354,human,73
2114330581,human,284
2149399500,cross-system,1388
2149399512,cross-system,2366
2149399518,cross-system,1946
2149399522,cross-system,1082
2151115229,cross-system,244
2166027344,human,220
2010817791,human,153
2102854649,human,85
2156549826,human,220
2328506661,cross-system,2869
2262012431,human,5
2166040023,same-system,1362
2151494316,human,36
2099853342,human,25
2137618814,human,40
2256136122,cross-system,1961
2262012183,human,5
2134416201,cross-system,760
2134416202,cross-system,659
2134416203,cross-system,737
2160222585,cross-system,1605
2160222586,cross-system,1849
2160222587,cross-system,783
2160222589,cross-system,2444
2212821632,human,50
2245225311,human,18
2101640224,human,153
2156554371,human,261
2182540151,cross-system,1534
2182540154,cross-system,2999
2182540158,cross-system,3034
2182540161,cross-system,2553
2182540165,cross-system,1755
2182540170,cross-system,1524
2182540174,cross-system,1583
2222351044,cross-system,2921
2195724992,human,98
2262012008,human,49
2233143931,human,225
2151495406,human,2
2241086757,human,20
2217177557,cross-system,2376
2217177559,cross-system,1650
2217177561,cross-system,2523
2217177563,cross-system,1829
2217177564,cross-system,2805
2217177566,cross-system,8992
2106829609,cross-system,228
2111496548,human,23
2111498321,human,23
2111501982,human,22
2217334684,cross-system,239
2101542384,human,38
2229200999,cross-system,1403
1988700550,cross-system,1190
1988700553,cross-system,1026
2194082686,human,67
2176628729,cross-system,2548
2176628737,cross-system,2052
2176628740,cross-system,2107
2110925553,cross-system,1819
2190932743,cross-system,159
2190932753,cross-system,232
2190932767,cross-system,516
2190932779,cross-system,226
2114590573,human,40
2200931971,cross-system,655
2200931995,cross-system,194
2200932005,cross-system,180
2229216300,human,10
2282863606,human,76
2293702282,human,13
2238458675,cross-system,7367
2238458706,cross-system,1054
2238458717,cross-system,1449
2238458730,cross-system,2295
2166212666,human,35
2178211487,cross-system,11705
2209515528,human,33
2166035674,human,81
2218884862,cross-system,1552
2218884870,cross-system,1160
2218884875,cross-system,3337
2218884880,cross-system,2101
2218884886,cross-system,2450
2218884894,cross-system,942
2218884897,cross-system,1153
2218884906,cross-system,1888
2218884915,cross-system,1655
2166078270,human,145
2238133975,human,19
2044157746,human,233
2261995692,human,64
2203242569,human,118
2110596013,human,79
2166052000,human,116
2110914413,cross-system,2639
2079039311,human,314
2078825779,human,188
2225424331,cross-system,213
2225424412,cross-system,260
2225424701,cross-system,296
2225424733,cross-system,252
2225424764,cross-system,252
2225424831,cross-system,252
2225425030,cross-system,129
2225425062,cross-system,206
2225425292,cross-system,93
2203215674,human,113
2203217617,human,40
2203218148,human,91
2203218290,human,93
2204135994,human,41
2204139434,human,84
2204153064,human,288
2204173866,human,198
2204190851,human,279
2200176385,human,202
2204356098,human,14
2114589603,human,243
2162820861,human,112
2256008285,human,100
2220356631,cross-system,1674
2110909629,human,81
2152886072,human,360
2217187543,cross-system,1614
2194847240,human,101
2152356345,human,45
2178165144,cross-system,798
2178165148,cross-system,1213
2178165151,cross-system,808
2178165155,cross-system,1277
2178165162,cross-system,1434
2178165165,cross-system,1314
2178165168,cross-system,1224
2178165171,cross-system,1263
2178165174,cross-system,691
2178165177,cross-system,1662
2178165182,cross-system,1634
2178165184,cross-system,1218
2178165186,cross-system,3208
2010737297,human,55
2175687610,cross-system,869
2175687612,cross-system,1370
2175687619,cross-system,1556
2175687621,cross-system,1447
2175687628,cross-system,988
2175687631,cross-system,1102
2175687636,cross-system,1784
2175687640,cross-system,755
2175687642,cross-system,2503
2175687645,cross-system,1398
2175687648,cross-system,1669
2175687654,cross-system,2520
2175687656,cross-system,1714
2175687658,cross-system,1425
2175687663,cross-system,1829
2204563641,human,313
2233987389,cross-system,1161
2168068420,human,67
2187856310,cross-system,202
2187856312,cross-system,193
2187856314,cross-system,145
2239187177,human,67
2178212432,cross-system,5177
2178212435,cross-system,2197
2102817602,human,12
2159746385,cross-system,1190
2159746386,cross-system,2416
2200128741,human,101
2001187455,human,7
2199017826,human,7
2257068422,human,12
2237452430,human,100
2134833136,cross-system,699
2134833139,cross-system,672
2134833141,cross-system,1290
2134833145,cross-system,623
2134833148,cross-system,521
2134833149,cross-system,459
2134833150,cross-system,732
2231713769,cross-system,1494
2231713774,cross-system,7361
2239287692,human,398
2119217020,cross-system,2076
2114805884,cross-system,150
2114805890,cross-system,440
2114805895,cross-system,199
2114805899,cross-system,174
2110925108,human,14
2207320165,cross-system,190
2207320184,cross-system,259
2207320192,cross-system,352
2207320201,cross-system,850
2071072414,human,265
2219564310,human,16
2219565048,human,27
2219567201,human,33
2219569003,human,15
2219571732,human,19
1986448487,human,112
2230155807,human,39
2230155959,human,5
2230158561,human,36
2230163501,human,110
2230166430,human,48
2230167351,human,60
2230168033,human,82
2230199482,human,94
2230201229,human,130
2236234871,cross-system,3019
2197876427,human,94
2105887445,cross-system,360
2105887447,cross-system,298
2213273253,human,62
2173210992,cross-system,664
2234026115,human,213
2224385936,human,201
2098736367,human,45
2142828773,cross-system,248
2166076489,human,201
2175366329,cross-system,1416
2175366332,cross-system,1338
2105714298,human,19
2114144474,human,1458
2178262226,cross-system,1073
2178262231,cross-system,832
2178262240,cross-system,841
2178262248,cross-system,2868
2241101360,human,81
2160353317,cross-system,404
2262012605,human,5
2100052903,human,2
2204317736,human,114
2152307046,human,213
2222569176,cross-system,3810
2222569199,cross-system,1388
2222569218,cross-system,1645
2222569229,cross-system,1168
2222569234,cross-system,1854
2222569247,cross-system,2313
2222569265,cross-system,1586
2222569276,cross-system,1584
2222569284,cross-system,3067
2222569300,cross-system,1616
2222569315,cross-system,1382
2222569324,cross-system,1672
2222569410,cross-system,1813
2222569419,cross-system,1324
2222569425,cross-system,1445
2222569431,cross-system,1412
2222569436,cross-system,1647
2222569441,cross-system,1647
2222569459,cross-system,954
2222569478,cross-system,1590
2222569499,cross-system,865
2222569507,cross-system,1536
2222569513,cross-system,1716
2222569519,cross-system,1768
2222569528,cross-system,1240
2222569534,cross-system,1745
2222569541,cross-system,1649
2222569547,cross-system,1228
2222569558,cross-system,1407
2222569568,cross-system,1403
2241448268,human,18
2114742605,human,881
2114585995,human,172
2205060998,human,36
2203284889,human,100
2203550869,human,297
2203555034,human,77
2203555678,human,145
2203556096,human,34
2238133735,human,55
2162734334,human,358
2162734787,human,22
2162736185,human,170
2162737305,human,78
2162738381,human,190
2162738759,human,88
2162741690,human,228
2162746370,human,51
2162746925,human,218
2162788319,human,138
2199040744,human,12
2114323695,human,635
2241460339,cross-system,3014
2241460343,cross-system,2857
2241460346,cross-system,2801
2162832832,human,50
2222351032,cross-system,314
2222351060,cross-system,507
2222351080,cross-system,307
2222351101,cross-system,238
2222351118,cross-system,299
2151170809,human,107
2241384804,human,91
2195046095,human,51
2195047344,human,74
2195049362,human,63
2114747251,human,267
2176244585,cross-system,216
2239155250,human,43
2176721103,cross-system,3143
2176721115,cross-system,3056
2176721158,cross-system,1397
2100025287,human,10
2213271458,human,135
2204401278,human,161
2200167708,human,156
2152879695,human,265
2195727271,human,77
2100008705,human,55
2212814100,human,41
2162530442,cross-system,237
2181143703,cross-system,279
2181143714,cross-system,195
2164660087,human,37
2078855061,human,1017
2231676259,human,67
2228276752,human,10
2228278127,human,52
2198509568,human,79
2099648881,human,230
2099672091,human,249
2099678705,human,211
2099683834,human,32
2099687824,human,91
2099689310,human,23
2099691831,human,3
2099692758,human,82
2099731842,human,56
2099737842,human,3
2099747161,human,116
2099753664,human,45
2099754441,human,77
2099758563,human,88
2168065780,human,193
2240325991,human,96
2114028354,cross-system,835
2194327691,cross-system,162
2149167110,cross-system,827
2149167113,cross-system,1657
2149167120,cross-system,3540
2149167125,cross-system,1788
2149167129,cross-system,2166
2149167132,cross-system,1782
2149167137,cross-system,2060
2149167140,cross-system,981
2149167143,cross-system,1269
2149167146,cross-system,1169
2149167148,cross-system,631
2149167150,cross-system,780
2149167152,cross-system,931
2149167153,cross-system,1782
2149167157,cross-system,1389
2114744993,human,409
2166083583,human,13
2194304906,cross-system,485
2194304927,cross-system,158
2194304944,cross-system,147
2212846934,human,62
2239460631,human,157
2194733149,human,31
2245053107,human,18
2149163434,cross-system,260
2149163443,cross-system,246
2149163448,cross-system,397
2166489584,human,26
2100055130,human,171
2178210510,human,126
2239764209,cross-system,1491
2239764219,cross-system,1436
2239764224,cross-system,1408
2239764234,cross-system,1392
2239764238,cross-system,1346
2239764246,cross-system,794
2239764251,cross-system,1381
2149233023,cross-system,1082
2114735951,human,51
2242289657,human,45
2204481575,human,199
2229410987,human,45
2220350566,cross-system,2421
2220350574,cross-system,2951
2220350581,cross-system,2062
2220350585,cross-system,1349
2220350589,cross-system,1973
2220350593,cross-system,2374
2220350598,cross-system,2552
2220350603,cross-system,1191
2220350611,cross-system,1324
2220350612,cross-system,2481
2220350621,cross-system,1459
2220350626,cross-system,964
2220350628,cross-system,1717
2220350634,cross-system,1071
2220350636,cross-system,2090
2220350640,cross-system,2460
2220350654,cross-system,2442
2220350656,cross-system,628
2220350661,cross-system,1550
2220350667,cross-system,1836
2220350670,cross-system,1222
2220350676,cross-system,2176
2220350683,cross-system,1629
2220350687,cross-system,1675
2220350697,cross-system,1551
2220350706,cross-system,1123
2220350718,cross-system,1476
2220350722,cross-system,1795
2220350727,cross-system,1474
2220350732,cross-system,1120
2233014504,cross-system,338
2233014507,cross-system,447
1969253591,human,254
2116690935,cross-system,461
2204413357,human,161
2239488815,cross-system,2161
2239488833,cross-system,1290
2239488849,cross-system,1727
2239488861,cross-system,1386
2239488885,cross-system,1097
2239488891,cross-system,905
2239488897,cross-system,2422
2239488903,cross-system,981
2239488906,cross-system,2366
2239488916,cross-system,3574
2239488928,cross-system,994
2239488935,cross-system,2713
2239488940,cross-system,3063
2239488947,cross-system,3936
2239488955,cross-system,1336
2239488962,cross-system,4288
2239488971,cross-system,4137
2239488979,cross-system,2659
2239488988,cross-system,1836
2239488998,cross-system,3449
2239489009,cross-system,3302
2239489020,cross-system,4098
2239489030,cross-system,1714
2239489034,cross-system,3997
2239489047,cross-system,1486
2239489050,cross-system,3198
2239489061,cross-system,1655
2239489070,cross-system,1133
2239489087,cross-system,2003
2239489095,cross-system,2026
2239482782,human,10
2166198103,human,83
2205060596,human,36
2188767484,cross-system,541
2146343195,cross-system,273
2236463271,cross-system,2249
2236463295,cross-system,2039
2236463308,cross-system,3148
2194321823,cross-system,341
2194321831,cross-system,170
2194321837,cross-system,371
2194980189,cross-system,1474
2194980203,cross-system,2246
2078837637,human,530
2176993566,cross-system,1197
2241118939,human,61
2206362677,human,311
2194181787,human,197
2152355351,human,1039
2234024205,human,140
2199021065,human,53
2242291216,human,18
2239478906,human,31
2151172643,cross-system,781
2160222502,cross-system,444
2160222504,cross-system,270
2160222506,cross-system,245
2239452274,human,95
2205058103,human,37
2147727859,human,9
2099831154,human,109
2163749051,human,280
2165223485,human,1629
2166033973,human,151
2105005434,cross-system,290
2116609492,cross-system,150
2217176989,cross-system,582
2217176990,cross-system,559
2217176991,cross-system,184
2217176992,cross-system,184
2217176993,cross-system,330
2217176994,cross-system,184
2114583121,human,236
2228398512,cross-system,2828
2228398516,cross-system,2422
2241426782,cross-system,3062
2241426787,cross-system,2861
2241426793,cross-system,2857
2241426796,cross-system,2698
2241426801,cross-system,3072
2241426804,cross-system,2874
2241426809,cross-system,3078
2138395209,human,249
2051859373,human,128
2241104867,human,87
2141365159,cross-system,1278
2141365161,cross-system,937
2141365165,cross-system,898
2141365166,cross-system,1202
2141365169,cross-system,1393
2141365171,cross-system,772
2141365175,cross-system,1964
2262012934,human,18
2200847410,human,161
2233295116,cross-system,3503
2204273914,human,241
2171785813,human,484
2171794127,human,123
2171801523,human,189
2171803265,human,17
2171815797,human,218
2171819919,human,92
2171825155,human,75
2171845381,human,80
2255916094,human,31
2110649346,human,87
2222513211,cross-system,1789
2114771912,human,139
2014274052,human,37
2182568499,cross-system,1162
2166038017,human,71
2203091150,cross-system,1566
2203091152,cross-system,1590
2203091153,cross-system,1259
2203091154,cross-system,2560
2203091155,cross-system,1355
2203091156,cross-system,1198
2203091157,cross-system,1512
2203091158,cross-system,897
2203091160,cross-system,2589
2203091161,cross-system,1761
2203091162,cross-system,2090
2203091163,cross-system,1493
2203091164,cross-system,2052
2223181350,cross-system,1497
2223181395,cross-system,2299
2223181412,cross-system,2057
2223181432,cross-system,1309
2223181451,cross-system,2000
2223181463,cross-system,1426
2223181494,cross-system,1363
2147728252,human,20
2233135932,human,244
2162887941,cross-system,355
2162887945,cross-system,209
2100056462,human,34
2200191324,human,254
2221376691,human,105
2239161908,human,146
2182159073,human,197
2182163429,human,247
2196311228,human,243
2196315513,human,1
2196318876,human,19
2196321998,human,67
2196324724,human,239
2196325244,human,87
2196326972,human,28
2182170482,human,112
2228424623,human,134
2100011286,human,31
2204287264,human,148
2239481650,human,114
2206123799,human,65
2137606873,human,140
2228502261,cross-system,2806
2239701573,cross-system,3379
2239701601,cross-system,1248
2239701609,cross-system,1865
2239701614,cross-system,3991
2239701632,cross-system,3084
2239701638,cross-system,948
2239701654,cross-system,2632
2239701670,cross-system,1473
2239701683,cross-system,1366
2152301147,human,52
2202560297,human,350
2107559936,cross-system,215
2227067249,cross-system,2589
2114680615,human,587
2233485731,cross-system,3997
2233485740,cross-system,1170
2233485742,cross-system,4214
2222431016,cross-system,4796
2228811082,cross-system,1168
2228811088,cross-system,1739
2228811092,cross-system,2143
2228811101,cross-system,2106
2228811109,cross-system,1797
2228811112,cross-system,1095
2228811116,cross-system,1057
2228811121,cross-system,952
2228811125,cross-system,1149
2228811131,cross-system,1417
2228811138,cross-system,946
2228811141,cross-system,1312
2228811148,cross-system,1631
2228811153,cross-system,688
2228811161,cross-system,2063
2228811168,cross-system,1035
2228811175,cross-system,1329
2228811183,cross-system,1193
2228811193,cross-system,1151
2228811198,cross-system,907
2228811203,cross-system,805
2228811211,cross-system,858
2228811215,cross-system,1446
2228811219,cross-system,1195
2228811223,cross-system,1092
2228811234,cross-system,2010
2228811240,cross-system,1538
2257067609,human,139
2241478241,cross-system,3433
2100028164,human,33
2156427673,cross-system,262
2156427682,cross-system,272
2156427683,cross-system,342
2156427695,cross-system,360
2156427698,cross-system,356
2156427702,cross-system,338
2156427705,cross-system,355
2156427711,cross-system,406
2241135442,cross-system,391
2241135453,cross-system,214
2241451004,human,18
2203741650,human,135
2200177398,cross-system,4237
2010711769,human,172
2229418552,human,45
2110914036,human,163
2163727650,human,20
2232956611,cross-system,2772
2195725107,human,4
2175328919,cross-system,4843
2175328929,cross-system,1370
2175328936,cross-system,2084
2175328945,cross-system,1365
2175328948,cross-system,869
2175328956,cross-system,875
2175328960,cross-system,1215
2175328968,cross-system,920
2175328975,cross-system,1575
2175328978,cross-system,1335
2175328983,cross-system,1298
2175328995,cross-system,1677
2175329009,cross-system,1974
2175329018,cross-system,1337
2175329026,cross-system,1230
2175329033,cross-system,1110
2175329038,cross-system,1421
2175329041,cross-system,1179
2013604539,human,78
2013605946,human,52
2013609310,human,16
2013609732,human,29
2195712236,human,235
2100045156,human,14
2105743073,cross-system,186
2105743075,cross-system,245
2135045226,human,43
2195602944,human,136
2110794814,cross-system,2085
2110794815,cross-system,2082
2110794818,cross-system,2464
2110794823,cross-system,3550
2110794826,cross-system,4158
2110794828,cross-system,1266
2110794832,cross-system,1885
2110794835,cross-system,1759
2110794836,cross-system,1436
2110794837,cross-system,1954
2110794839,cross-system,1615
2110794842,cross-system,2197
2197895153,human,66
2214905756,human,95
2114356492,human,236
2239461818,cross-system,315
2239461862,cross-system,375
2078846644,human,152
2182084803,human,2
2206117945,human,48
2078848542,human,85
2151151430,cross-system,2790
2114757537,human,69
2201817890,human,68
2150153846,cross-system,341
2150153861,cross-system,341
2194164237,human,84
2200122666,human,61
2114184775,human,205
2152324777,human,939
2151171666,cross-system,2881
2194848331,human,47
2119198468,cross-system,4322
2119198470,cross-system,2816
2229272301,cross-system,1875
2229272305,cross-system,1774
2229272306,cross-system,1941
2229272313,cross-system,1201
2229272319,cross-system,763
2229272322,cross-system,1867
2229272324,cross-system,1506
2229272328,cross-system,1721
2229272332,cross-system,1093
2229272334,cross-system,915
2229272338,cross-system,1105
2229272342,cross-system,1560
2229272347,cross-system,1519
2229272349,cross-system,2284
2229272352,cross-system,936
2229272355,cross-system,1751
2136880877,human,89
2137598141,human,17
2225457106,cross-system,207
2225457140,cross-system,218
2225457173,cross-system,218
2217496174,cross-system,442
2217496178,cross-system,285
2199008546,human,50
2199008937,human,20
2203198859,human,34
2200843160,human,37
2110791802,cross-system,272
2100038023,human,2
2141214307,cross-system,2078
2141214310,cross-system,2140
2141214311,cross-system,1725
2141214316,cross-system,1484
2137612457,human,201
2010593028,human,144
2256542512,human,8
2176629509,cross-system,8947
2250884591,cross-system,2951
2241165188,human,47
2182169132,human,44
2227082809,cross-system,1548
2001085585,human,23
2204444931,human,31
2188521060,cross-system,1447
2188521063,cross-system,1778
2188521065,cross-system,1389
2188521066,cross-system,1149
2188521068,cross-system,1620
2188521069,cross-system,1692
2188521070,cross-system,1202
2188521071,cross-system,1468
2188521072,cross-system,1160
2188521073,cross-system,913
2188521074,cross-system,1647
2188521075,cross-system,1041
2188521076,cross-system,1492
2188521077,cross-system,1100
2188521078,cross-system,2310
2188521079,cross-system,1180
2188521080,cross-system,1625
2188521081,cross-system,2662
2188521082,cross-system,1734
2188521083,cross-system,1616
2188521085,cross-system,834
2203202416,human,110
2017275602,human,11
2229349505,human,95
2078835601,human,15
2205059943,human,36
2239864907,cross-system,3161
2239864914,cross-system,2047
2239864920,cross-system,2080
2239864930,cross-system,1508
2239864938,cross-system,2432
2239864945,cross-system,3171
2197874206,human,131
2212818533,human,203
2239301620,human,82
2222448189,cross-system,2190
2246143080,human,85
2262014523,human,5
2194527370,human,73
2015657845,human,4
2201747776,human,67
2261997660,human,28
2110910348,cross-system,3107
2100048728,human,2
2015133800,human,13
2176951783,cross-system,1509
2176951792,cross-system,1284
2176951799,cross-system,1712
2176951805,cross-system,1684
2182618677,cross-system,932
2182618678,cross-system,2052
2176636444,cross-system,1489
2176636456,cross-system,2599
2141191755,cross-system,1279
2141191761,cross-system,1825
2141191771,cross-system,1804
2204380415,human,55
2159742296,cross-system,2552
2159742297,cross-system,1642
2159742298,cross-system,944
2159742302,cross-system,1758
2201854510,human,416
2151680783,human,50
2151684775,human,38
2151692262,human,357
2151696184,human,84
2151701172,human,41
2151712195,human,387
2151720039,human,82
2188620031,cross-system,869
2188620033,cross-system,1024
2188620036,cross-system,2626
2188620037,cross-system,3108
2188620039,cross-system,1545
2188620041,cross-system,1144
2188620043,cross-system,1539
2188620044,cross-system,1483
2188620047,cross-system,1676
2188620051,cross-system,1535
2188620054,cross-system,1450
2188620059,cross-system,2120
2188620062,cross-system,2133
2188620063,cross-system,1101
2236220226,cross-system,1519
2236220235,cross-system,2406
2100048560,human,2
2151409155,human,57
2151416023,human,588
2147727534,human,34
2197900739,human,6
2197258478,human,111
2141306730,cross-system,2195
2141306736,cross-system,1160
2141306740,cross-system,906
2141306741,cross-system,956
2141306744,cross-system,1878
2141306746,cross-system,1391
2141306748,cross-system,1171
2141306750,cross-system,1136
2141306753,cross-system,1271
2141306754,cross-system,1104
2141306756,cross-system,1842
2141306758,cross-system,886
2242998046,cross-system,265
2242998079,cross-system,239
2242998102,cross-system,303
2204478490,human,99
2014273022,human,30
2114726516,human,518
2239511303,human,287
2239534471,human,234
2239542017,human,355
2114361669,human,204
2240184617,human,84
2240213440,human,113
2240222214,human,141
2240239721,human,358
2240261621,human,231
2240278661,human,462
2235030883,cross-system,2411
2262011371,human,42
2233300217,cross-system,3810
2195680526,cross-system,772
2071019102,human,26
2176628561,human,143
2152451690,human,22
2244343597,cross-system,544
2244343612,cross-system,264
2244343619,cross-system,248
2244343621,cross-system,216
2105714545,human,17
2230869653,cross-system,282
2230869672,cross-system,784
2230869683,cross-system,1698
2230869693,cross-system,357
2230869703,cross-system,372
2205061284,human,36
2010708866,human,94
2200124965,human,82
2102810233,human,447
2220972825,cross-system,1240
2220972846,cross-system,3601
2245077294,human,224
2245091583,human,90
2245092294,human,48
2245093085,human,48
2245094465,human,143
2245100753,human,357
2245106018,human,132
2245107117,human,26
2245108898,human,37
2245110068,human,37
2245123556,human,146
2245125454,human,37
2245125788,human,37
2245126131,human,37
2245126364,human,37
2245126600,human,37
2245132266,human,47
2204527528,human,190
2011151516,human,63
2138311907,human,31
2187342935,cross-system,591
2187342941,cross-system,262
2187342944,cross-system,138
2197807433,human,87
2197826173,human,95
2197827565,human,95
2220348017,cross-system,3161
2220348028,cross-system,3276
2220348045,cross-system,1888
2220348049,cross-system,1629
2220348057,cross-system,1673
2220348068,cross-system,1088
2220348077,cross-system,3213
2220348085,cross-system,1447
2220348093,cross-system,2044
2220348101,cross-system,1126
2220348110,cross-system,1978
2220348113,cross-system,1856
2220348118,cross-system,1818
2220348129,cross-system,1443
2220348133,cross-system,3392
2220348144,cross-system,1358
2220348147,cross-system,1415
2220348153,cross-system,1158
2220348157,cross-system,980
2220348160,cross-system,1154
2220348165,cross-system,1940
2220348176,cross-system,2264
2220348180,cross-system,1733
2220348187,cross-system,1373
2220348195,cross-system,2000
2220348201,cross-system,1817
2220348206,cross-system,2146
2220348211,cross-system,1553
2220348213,cross-system,1703
2220348220,cross-system,1237
2105714727,human,17
2220344969,cross-system,732
2220344975,cross-system,1207
2220344985,cross-system,675
2220344994,cross-system,2674
2220344997,cross-system,1329
2220345007,cross-system,6180
2220345014,cross-system,2485
2220345023,cross-system,1751
2220345027,cross-system,2469
2220345033,cross-system,1156
2220345037,cross-system,1781
2220345043,cross-system,2778
2220345049,cross-system,952
2220345056,cross-system,1685
2220345064,cross-system,1448
2220345068,cross-system,1308
2220345074,cross-system,1227
2220345078,cross-system,3673
2220345084,cross-system,2733
2220345095,cross-system,1433
2220345102,cross-system,1322
2220345103,cross-system,1196
2220345104,cross-system,2241
2220345109,cross-system,1996
2220345115,cross-system,1934
2220345132,cross-system,2122
2220345140,cross-system,2297
2220345150,cross-system,1785
2220345163,cross-system,1456
2220345176,cross-system,3201
2028982638,human,76
2152303618,human,74
2176873084,cross-system,1268
2224698720,human,134
2224742716,human,331
2224750632,human,395
2224766620,human,84
2224781601,human,122
2224796473,human,247
2224822276,human,1594
2197895573,human,6
2110934926,cross-system,2547
2241162818,cross-system,1231
2241162824,cross-system,1137
2241162834,cross-system,1353
2241162837,cross-system,900
2241162842,cross-system,1074
2241162848,cross-system,1281
2241162853,cross-system,1285
2241162861,cross-system,1847
2197898570,human,68
2200135134,human,255
2241441640,cross-system,3427
2241441646,cross-system,2944
2204461580,human,635
2214903438,cross-system,893
2197270600,human,39
2229309411,cross-system,2819
2114788170,human,929
2205063344,human,36
2182645573,cross-system,1432
2182645575,cross-system,1352
2182645577,cross-system,1371
2182645578,cross-system,821
2182645580,cross-system,1379
2182645586,cross-system,1194
2182645588,cross-system,1239
2182645589,cross-system,1776
2182645593,cross-system,1187
2100041403,human,3
2200130806,human,55
2100007726,human,131
2266951421,human,118
2137384109,human,18
2127549215,cross-system,444
2191089053,human,103
2107938418,human,7
2169175524,cross-system,1106
2169175531,cross-system,2151
2169175542,cross-system,1094
2104904238,cross-system,229
2104904245,cross-system,212
2163676715,human,500
2163681270,human,192
2163682704,human,155
2163687652,human,84
2094203324,cross-system,691
2133543513,cross-system,230
2237879663,human,85
2237882618,human,91
2133722289,cross-system,3167
2133722293,cross-system,1288
2133722295,cross-system,1462
2133722296,cross-system,1354
2103647629,cross-system,274
2140872610,cross-system,381
2175971791,human,48
2104183945,cross-system,202
2104183962,cross-system,158
2104183974,cross-system,164
2226270703,human,50
2226275866,human,50
2133250806,cross-system,14239
2101212118,cross-system,1215
2147965177,cross-system,820
2147965183,cross-system,754
2134544223,human,96
2174923765,human,412
2146587724,cross-system,637
2176249267,human,229
2157715423,cross-system,335
2104856580,human,14
2214511400,human,5
2140147766,human,107
2097110404,cross-system,128
2217062660,cross-system,1982
2140143640,human,56
2101207591,human,39
2227667402,human,150
2227668058,human,245
2101377919,cross-system,628
2101377920,cross-system,656
2101377921,cross-system,561
2101377923,cross-system,561
2101377924,cross-system,562
2101377926,cross-system,956
2101377927,cross-system,560
2101377928,cross-system,1091
2126957843,cross-system,169
2126957857,cross-system,266
2126957865,cross-system,620
2126957871,cross-system,172
2126957885,cross-system,283
2136480117,cross-system,1761
2136480120,cross-system,1206
2138733066,cross-system,2304
2138733070,cross-system,1160
2138733074,cross-system,944
2138733078,cross-system,853
2138733081,cross-system,4522
2138733086,cross-system,2244
2132716281,cross-system,509
2132716297,cross-system,1070
2132716308,cross-system,934
2132716317,cross-system,1697
2103094809,cross-system,2499
2095387083,human,111
2161780463,human,161
2161781899,human,63
2161782100,human,102
2131941109,human,471
2131945619,human,347
2176319263,cross-system,3076
2176319267,cross-system,2279
2094606148,human,18
2110229619,cross-system,379
2110229627,cross-system,274
2094586142,cross-system,168
2110696431,cross-system,3091
2216942835,human,80
2147489730,cross-system,1873
2147489731,cross-system,1386
2140665972,human,277
2150343886,human,89
2127908619,cross-system,2019
2214854677,human,40
2134073433,cross-system,732
2160153522,cross-system,174
2161849004,human,141
2143594153,human,273
2107993834,cross-system,3356
2107993836,cross-system,2982
2125128628,cross-system,1263
2219693171,human,139
2152035297,cross-system,1025
2152035302,cross-system,537
2187654934,cross-system,1689
2187654936,cross-system,3445
2156351711,cross-system,145
2156351717,cross-system,183
2147647005,cross-system,3126
2147410946,cross-system,175
2240756125,human,126
2134122339,cross-system,295
2134122341,cross-system,252
2137934330,cross-system,160
2132811361,cross-system,351
2101497102,cross-system,226
2105310385,cross-system,442
2105310390,cross-system,954
2105310394,cross-system,512
2217804514,human,217
2128453664,human,86
2140209566,human,147
2146940618,cross-system,2745
2140878133,human,2
2150011301,cross-system,1878
2226659315,human,17
2130897722,cross-system,1362
2124938592,human,55
2102938434,human,757
2137934024,cross-system,160
2177795578,human,125
2180931551,human,358
2094628562,cross-system,272
2096203820,cross-system,269
2096203835,cross-system,163
2131487572,cross-system,1199
2131487594,cross-system,719
2165962722,human,137
2142311950,human,60
2148831306,human,18
2177164776,cross-system,325
2177164796,cross-system,304
2100537690,human,16
2108778368,human,43
2113517166,human,159
2124609507,human,54
2180831535,human,147
2127506924,cross-system,192
2190984494,cross-system,439
2190984504,cross-system,286
2190984509,cross-system,652
2190984512,cross-system,450
2190984515,cross-system,441
2190984517,cross-system,370
2190984518,cross-system,332
2190984519,cross-system,460
2190984524,cross-system,287
2190984526,cross-system,400
2190984532,cross-system,170
2190984534,cross-system,169
2190984538,cross-system,189
2151146151,human,590
2125715875,cross-system,137
2229093341,cross-system,194
2229093349,cross-system,162
2175037057,human,461
2148834964,human,977
2217936640,cross-system,409
2094622903,cross-system,190
2096022288,cross-system,281
2096022308,cross-system,168
2153936790,human,65
2241192014,human,42
2241195365,human,540
2241198583,human,267
2241203022,human,215
2165044248,human,47
2187851458,human,39
2098262550,cross-system,652
2133721018,cross-system,1056
2097924573,cross-system,228
2133701897,cross-system,1243
2133701898,cross-system,2811
2137847589,human,353
2137848621,human,396
2137849381,human,440
2203389370,cross-system,232
2203389375,cross-system,225
2203389379,cross-system,368
2110484080,cross-system,163
2110484096,cross-system,367
2216175901,cross-system,2933
2217442343,cross-system,304
2176119743,cross-system,2649
2230632170,cross-system,296
2230632174,cross-system,293
2230632178,cross-system,368
2104812164,human,20
2277632673,cross-system,2803
2216455616,human,94
2146005277,cross-system,2651
2146005280,cross-system,1447
2140739387,cross-system,1565
2140739391,cross-system,1799
2137537226,cross-system,1632
2137537241,cross-system,1918
2103663881,human,246
2133661195,human,18
2141101040,human,246
2217281726,cross-system,157
2217281727,cross-system,337
2134439921,cross-system,659
2169001530,human,4
2127732978,cross-system,627
2127732980,cross-system,212
2127732981,cross-system,1280
2127732982,cross-system,292
2127732984,cross-system,444
2212871139,cross-system,4642
2148833635,human,78
2202764839,human,4
2129357072,cross-system,899
2198110501,cross-system,278
2198110511,cross-system,609
2198110519,cross-system,278
2198110522,cross-system,634
2099722135,human,27
2179513302,cross-system,236
2102631215,cross-system,749
2278931465,human,91
2118060306,cross-system,241
2188741020,cross-system,2016
2188741021,cross-system,2645
2188741023,cross-system,3101
2133662590,cross-system,21269
2176323496,cross-system,3900
2176323506,cross-system,3048
2176323512,cross-system,5546
2176323520,cross-system,1822
2104181422,cross-system,198
2238631812,human,63
2169452551,human,83
2164424993,human,45
2126438563,cross-system,3139
2160027389,human,312
2098376215,cross-system,237
2107369467,human,561
2107388768,human,38
2107392292,human,342
2107398528,human,434
2107399943,human,42
2096498735,human,9
2148226397,cross-system,10233
2205116179,human,125
2154116898,cross-system,1295
2141234328,cross-system,2229
2235460826,cross-system,300
2235460854,cross-system,352
2235460883,cross-system,352
2124642178,human,1382
2149002625,human,118
2141832276,human,46
2169261787,cross-system,983
2169261804,cross-system,619
2277587133,cross-system,2918
2237186603,cross-system,2318
2168832598,human,161
2103099990,human,156
2208027600,cross-system,2014
2141165394,human,317
2131322112,cross-system,933
2230096379,human,50
2178417262,human,250
2150668667,human,196
2103067145,human,132
2179927521,cross-system,287
2152877483,human,48
2167438342,cross-system,237
2216951684,human,31
2099031943,cross-system,321
2099031953,cross-system,679
2099031957,cross-system,161
2144902248,cross-system,234
2144902275,cross-system,233
2144902290,cross-system,223
2099251346,cross-system,246
2096521916,human,180
2216350731,human,213
2126289403,cross-system,5840
2126289409,cross-system,1095
2126289418,cross-system,2720
2153374411,cross-system,1896
2153374415,cross-system,2914
2164912271,cross-system,245
2164912280,cross-system,211
2182446887,cross-system,2924
2101020503,human,118
2094628588,cross-system,157
2111514777,human,58
2218713389,human,268
2205328004,human,43
2136879664,cross-system,1609
2134557773,human,71
2125187491,cross-system,2271
2154444341,human,302
2099181199,cross-system,495
2207193144,human,175
2217014033,cross-system,7611
2157515120,human,97
2157702731,human,112
2157702912,human,110
2157706311,human,125
2157711964,human,21
2157714957,human,27
2103791016,human,18
2137503234,cross-system,2363
2176138015,cross-system,16837
2190728687,human,5
2190730340,human,71
2190892273,human,35
2190893476,human,55
2190893887,human,12
2190895650,human,15
2190897723,human,54
2190916300,human,103
2190917171,human,35
2246399888,cross-system,106
2246399900,cross-system,329
2118083807,human,21
2094203503,cross-system,263
2094203506,cross-system,208
2105316055,human,44
2101229620,human,24
2107989662,human,231
2170092758,cross-system,902
2094453359,cross-system,212
2094453361,cross-system,665
2146833644,cross-system,3305
2094237286,cross-system,176
2094237290,cross-system,520
2094237291,cross-system,266
2383265114,human,275
2126857666,human,62
2126858593,human,5
2153392156,human,94
2101312815,cross-system,197
2101312819,cross-system,143
2094342148,cross-system,483
2096801689,cross-system,157
2096801693,cross-system,116
2096801697,cross-system,80
2096801704,cross-system,111
2096801710,cross-system,97
2096801719,cross-system,43
2116621454,cross-system,224
2116621466,cross-system,143
2116621604,cross-system,179
2116621619,cross-system,234
2153511007,human,59
2095749448,human,86
2198793780,cross-system,127
2198793794,cross-system,127
2198793801,cross-system,240
2198793808,cross-system,216
2198793815,cross-system,251
2198793831,cross-system,213
2198793840,cross-system,216
2198793847,cross-system,210
2198793854,cross-system,243
2198793856,cross-system,257
2198793866,cross-system,211
2198793871,cross-system,270
2216335750,cross-system,1408
2216335753,cross-system,688
2216335760,cross-system,1827
2188125136,cross-system,1255
2202377278,cross-system,331
2241144290,human,166
2114170950,human,153
2214793461,human,212
2095489166,cross-system,217
2231877853,human,305
2241098450,human,98
2207897039,cross-system,325
2207897046,cross-system,323
2207897050,cross-system,324
2162930286,cross-system,58
2162930287,cross-system,53
2162930289,cross-system,64
2162930291,cross-system,58
2162930296,cross-system,62
2162930299,cross-system,50
2162930301,cross-system,64
2162930306,cross-system,54
2162930308,cross-system,52
2162930311,cross-system,47
2146296785,human,155
2116014256,cross-system,199
2143506636,cross-system,192
2143506647,cross-system,201
2143506657,cross-system,165
2202841283,cross-system,517
2202841286,cross-system,423
2202841287,cross-system,940
2202841288,cross-system,479
2202841289,cross-system,348
2101145317,human,58
2133863681,cross-system,1822
2133863682,cross-system,2633
2133250262,cross-system,13877
2243178200,cross-system,2879
2243178207,cross-system,3041
2147497321,cross-system,2379
2188840315,cross-system,2823
2188840321,cross-system,3052
2188840323,cross-system,2244
2188840328,cross-system,1678
2188840331,cross-system,3649
2188840335,cross-system,3463
2188840338,cross-system,2373
2188840340,cross-system,3160
2188840343,cross-system,1543
2188840344,cross-system,2609
2188840347,cross-system,3387
2186528336,human,50
2140189427,human,81
2147520192,cross-system,1453
2132597023,human,476
2106256783,human,8
2160014674,cross-system,1927
2094586527,cross-system,270
2094586532,cross-system,515
2094586533,cross-system,606
2148828013,human,223
2205895100,human,60
2226664365,cross-system,2352
2106202535,human,34
2104839659,human,20
2099226429,cross-system,275
2238687200,human,24
2101307331,cross-system,216
2101307338,cross-system,173
2101307341,cross-system,187
2101307346,cross-system,286
2190907100,cross-system,2244
2190907103,cross-system,2793
2190907109,cross-system,1508
2190907111,cross-system,1198
2190907115,cross-system,1169
2190907119,cross-system,3351
2190907123,cross-system,1582
2190907128,cross-system,2052
2140168476,human,56
2135085977,cross-system,217
2135085990,cross-system,228
2154458189,human,26
2207466021,human,81
2187774983,cross-system,126
2117642328,cross-system,507
2117642330,cross-system,927
2117642332,cross-system,376
2129013688,human,45
2153482207,human,58
2113071815,human,65
2110943234,human,64
2099322744,cross-system,233
2150237158,cross-system,341
2150237178,cross-system,247
2150237193,cross-system,254
2150237207,cross-system,215
2157302004,human,110
2148907252,cross-system,1667
2105153204,cross-system,2613
2162846392,cross-system,373
2162846397,cross-system,211
2097368267,human,212
2133910943,cross-system,2103
2216412421,human,129
2241145063,human,53
2104764645,cross-system,264
2158293501,human,873
2177505206,human,19
2177506272,human,43
2177507281,human,19
2177507787,human,36
2223006232,human,256
2094630971,cross-system,247
2094630974,cross-system,200
2179696454,human,89
2173565904,cross-system,253
2173565905,cross-system,260
2173565906,cross-system,204
2173565907,cross-system,837
2173565908,cross-system,898
2133910439,human,5
2138877696,cross-system,249
2192483683,human,255
2152764405,cross-system,1594
2141000842,human,1
2141005028,human,6
2132779356,human,44
2145565219,cross-system,1162
2145565222,cross-system,1418
2145565232,cross-system,1191
2145565234,cross-system,1595
2145565236,cross-system,731
2145565239,cross-system,882
2145565243,cross-system,1117
2181280468,human,16
2143825536,human,69
2094748020,cross-system,198
2094748025,cross-system,263
2136079532,cross-system,631
2094619594,cross-system,183
2094619595,cross-system,524
2305455540,human,144
2217941826,cross-system,616
2217941827,cross-system,480
2217941829,cross-system,472
2217941831,cross-system,946
2217941833,cross-system,472
2155542134,human,297
2140480509,human,20
2094567812,cross-system,292
2094567814,cross-system,294
2094567816,cross-system,253
2106816105,human,183
2212897742,cross-system,514
2187851643,cross-system,933
2150254326,human,139
2106193174,cross-system,233
2229873801,cross-system,2495
2130897852,cross-system,1013
2096376889,cross-system,157
2096376906,cross-system,150
2147491732,cross-system,351
2151098363,cross-system,300
2101793695,human,54
2273492639,cross-system,358
2273492667,cross-system,251
2151195764,cross-system,191
2151195770,cross-system,216
2198782430,cross-system,175
2198782437,cross-system,175
2198782448,cross-system,236
2198782461,cross-system,188
2198782471,cross-system,266
2198782476,cross-system,212
2198782488,cross-system,754
2244113125,human,54
2197640177,human,72
2108070260,cross-system,2895
2175939179,human,58
2134724914,cross-system,2347
2094624875,cross-system,172
2094624879,cross-system,225
2133247844,cross-system,13923
2099207467,human,86
2104230016,cross-system,199
2104230028,cross-system,147
2246399972,cross-system,554
2127371726,human,201
2127372315,human,28
2105099155,human,174
2133242054,human,26
2131276720,human,132
2131277087,human,40
2131291292,human,106
2140182323,human,97
2140456647,cross-system,1076
2140456649,cross-system,1982
2140456661,cross-system,1759
2214586752,human,153
2116139032,cross-system,517
2104811064,human,64
2112977291,human,12
2111327967,cross-system,326
2103119125,cross-system,104
2114024547,human,49
2114025508,human,33
2132599335,human,25
2244160587,human,4
2242420760,cross-system,1370
2098228077,cross-system,254
2217614109,cross-system,486
2159122337,cross-system,171
2173943515,cross-system,226
2197050319,cross-system,6597
2246399938,cross-system,265
2150180485,human,108
2094832872,cross-system,311
2094832879,cross-system,302
2094832880,cross-system,508
2134550900,cross-system,1272
2214490199,cross-system,2080
2128466127,human,171
2148806494,cross-system,592
2148806495,cross-system,233
2148806496,cross-system,309
2148806497,cross-system,419
2148806498,cross-system,170
2148806499,cross-system,282
2148806500,cross-system,288
2148806501,cross-system,178
2148806502,cross-system,362
2148806504,cross-system,189
2148806505,cross-system,182
2148806506,cross-system,238
2148806507,cross-system,200
2148806509,cross-system,165
2148806511,cross-system,182
2148806512,cross-system,158
2148806513,cross-system,174
2148806514,cross-system,173
2160062689,human,121
2160062777,human,74
2160062790,human,58
2160063246,human,522
2160063800,human,96
2133249377,cross-system,13371
2214016700,human,61
2214023745,human,927
2144683883,cross-system,188
2144683888,cross-system,201
2144683893,cross-system,189
2159705370,human,34
2238689300,human,191
2112945684,cross-system,2076
2137383366,human,18
2141305508,cross-system,461
2141305518,cross-system,360
2127907969,cross-system,327
2127907974,cross-system,262
2170181944,cross-system,676
2217614535,cross-system,329
2217614541,cross-system,226
2159389887,human,68
2099376383,human,54
2141252303,human,274
2128458048,human,9
2095857511,human,52
2140622195,human,47
2124802730,cross-system,842
2237510882,cross-system,2925
2237510884,cross-system,2942
2131485865,cross-system,2037
2126776241,cross-system,229
2126776257,cross-system,218
2145421112,human,118
2214511928,human,5
2126011143,cross-system,1018
2098914380,cross-system,187
2198798759,cross-system,231
2198798767,cross-system,233
2198798789,cross-system,298
2198798799,cross-system,190
2153571551,cross-system,152
2153571555,cross-system,219
2106567860,cross-system,235
2240480946,human,118
2154587494,human,57
2094506888,cross-system,213
2094819835,cross-system,261
2094819839,cross-system,293
2134765129,cross-system,812
2134765131,cross-system,506
2134765132,cross-system,792
2134765133,cross-system,668
2134765135,cross-system,885
2160370465,human,55
2162920856,human,71
2115008991,cross-system,353
2134830923,cross-system,891
2133246273,cross-system,13673
2125647141,cross-system,13479
2216943191,human,96
2095706692,cross-system,207
2105122915,human,75
2096187077,human,30
2152996373,cross-system,2134
2173146020,human,18
2173146590,human,21
2173146682,human,21
2173146770,human,29
2127156429,human,351
2127163508,human,132
2127175332,human,583
2143878031,cross-system,574
2099206939,human,84
2137670274,cross-system,2553
2106736859,cross-system,472
2244160621,human,4
2148834532,human,191
2169701329,human,78
2184077757,cross-system,609
2188810102,cross-system,1735
2107783198,cross-system,224
2153599838,cross-system,258
2153599846,cross-system,199
2127402460,human,37
2108018046,cross-system,212
2094085804,cross-system,323
2231758086,cross-system,2266
2149022333,human,54
2149022523,human,53
2149022679,human,54
2149022821,human,54
2149023029,human,18
2097146439,human,66
2096527850,human,219
2095882094,human,43
2159776602,human,18
2138594658,cross-system,4410
2150347884,human,832
2127791232,cross-system,80
2093842199,cross-system,394
2093842201,cross-system,670
2133251087,cross-system,20649
2214596102,human,70
2202996643,human,10
2124558804,human,134
2190830649,cross-system,911
2190830658,cross-system,279
2190830660,cross-system,246
2190830662,cross-system,371
2190830666,cross-system,297
2190830672,cross-system,806
2190830682,cross-system,268
2190830687,cross-system,337
2156080391,cross-system,1888
2156080394,cross-system,2359
2102557286,human,152
2190953225,human,75
2232811226,human,105
2095135432,cross-system,1076
2126836850,cross-system,1455
2126836901,cross-system,1074
2135591703,cross-system,6419
2217799008,cross-system,390
2217799010,cross-system,600
2217799011,cross-system,303
2129801669,cross-system,2000
2153496030,human,216
2175877722,human,45
2094489276,cross-system,360
2133241309,human,26
2138333826,cross-system,1025
2147790265,human,191
2178648665,human,115
2178658355,human,76
2178672482,human,43
2153573105,cross-system,2750
2137851354,cross-system,2650
2141814412,cross-system,1614
2141814419,cross-system,1539
2141814423,cross-system,1574
2141814425,cross-system,2219
2141814430,cross-system,1368
2143823159,human,142
2107938529,human,3
2094478955,cross-system,163
2099248193,cross-system,287
2099248197,cross-system,185
2104179998,cross-system,367
2147771870,human,651
2136710033,human,4
2226692535,human,63
2127543767,cross-system,177
2183516622,cross-system,1885
2183516628,cross-system,1865
2240996471,human,68
2096590132,cross-system,731
2096590135,cross-system,269
2224244186,cross-system,1578
2182714550,cross-system,258
2182714564,cross-system,219
2174667604,human,287
2130087960,cross-system,614
2103962199,cross-system,980
2103962220,cross-system,1869
2237676025,human,7
2108953167,cross-system,3072
2094172690,cross-system,1184
2094172691,cross-system,1018
2094172692,cross-system,2939
2094172693,cross-system,1045
2094172694,cross-system,1156
2112093495,cross-system,312
2112093517,cross-system,139
2141917412,human,124
2237925588,cross-system,2993
2101168805,human,11
2151316356,cross-system,1780
2202988541,human,4
2094625176,cross-system,296
2141282518,cross-system,161
2130799014,cross-system,788
2130799020,cross-system,1303
2130799032,cross-system,1336
2130799037,cross-system,1673
2130799045,cross-system,1806
2130799055,cross-system,970
2112974643,human,48
2145691118,human,257
2160888963,human,47
2099095395,cross-system,246
2099095400,cross-system,183
2143713461,cross-system,768
2160014662,cross-system,1859
2126986296,cross-system,943
2191081892,human,107
2106542548,cross-system,340
2106366819,human,56
2096175629,human,76
2229960023,cross-system,3384
2229960025,cross-system,2142
2229960027,cross-system,1582
2110998344,human,34
2217013686,human,125
2104181645,cross-system,237
2104181660,cross-system,211
2234608954,human,96
2094346351,cross-system,467
2197658021,cross-system,1654
2197658027,cross-system,4940
2136607014,cross-system,2083
2136607021,cross-system,1726
2136607025,cross-system,4682
2136607027,cross-system,1284
2104843177,human,191
2104845114,human,113
2134565501,human,29
2112999170,human,240
2100936678,cross-system,202
2100936687,cross-system,225
2145579621,cross-system,762
2217164492,human,26
2096184016,human,80
2143260348,human,135
2174245414,cross-system,174
2174245421,cross-system,163
2174245425,cross-system,255
2141287052,cross-system,724
2141287054,cross-system,930
2141287056,cross-system,1330
2141287063,cross-system,914
2141287065,cross-system,1044
2097930461,cross-system,159
2116586655,human,34
2116586901,human,22
2116587156,human,15
2116601686,human,16
2116602050,human,38
2116602696,human,53
2140814040,human,4
2187190897,human,66
2134558252,cross-system,845
2144897726,cross-system,156
2144897764,cross-system,521
2141907796,cross-system,248
2098491979,cross-system,319
2098491986,cross-system,279
2174902656,human,69
2184192193,cross-system,219
2184192203,cross-system,429
2217667087,cross-system,754
2184126939,cross-system,1383
2103569775,cross-system,220
2192937792,cross-system,579
2192937820,cross-system,318
2192937825,cross-system,461
2192937829,cross-system,395
2192937835,cross-system,1326
2093845444,cross-system,182
2093845445,cross-system,133
2136708478,human,25
2101186536,human,63
2108069768,human,118
2195182056,human,295
2124612071,human,83
2237679605,cross-system,2422
2097423027,human,208
2208342167,cross-system,1172
2208342172,cross-system,841
2208342175,cross-system,1514
2208342180,cross-system,1064
2208342183,cross-system,1580
2100623591,cross-system,220
2181154584,human,48
2095859326,cross-system,158
2226282242,human,134
2138821446,cross-system,283
2167953998,cross-system,729
2107207755,human,19
2140877108,human,25
2147386752,cross-system,1201
2109707825,human,65
2173511205,human,372
2096366294,cross-system,189
2143568020,cross-system,167
2244349075,human,80
2107938846,human,30
2107987431,human,59
2151033608,human,526
2096500617,cross-system,567
2133243401,human,26
2131284370,human,40
2140222793,human,455
2104910838,cross-system,349
2104910864,cross-system,201
2104910873,cross-system,624
2191267221,human,5
2104815050,human,264
2185777015,human,201
2197772742,cross-system,2898
2094809398,cross-system,562
2101511514,human,57
2140849954,human,409
2106501368,cross-system,214
2214400729,cross-system,600
2214400733,cross-system,1144
2203511973,human,37
2099710647,cross-system,193
2100912221,cross-system,158
2100348300,cross-system,252
2100348334,cross-system,163
2100348358,cross-system,288
2111188563,cross-system,1559
2226773089,human,82
2101475399,cross-system,126
2151195396,cross-system,210
2151195405,cross-system,154
2151195416,cross-system,195
2152422648,cross-system,606
2152422686,cross-system,325
2215630312,cross-system,260
2215630322,cross-system,371
2215630332,cross-system,205
2125676694,cross-system,624
2125676776,cross-system,75
2125677188,cross-system,101
2125677203,cross-system,471
2125677211,cross-system,136
2125677363,cross-system,375
2125677369,cross-system,239
2125677393,cross-system,523
2125677405,cross-system,95
2125677572,cross-system,143
2125677588,cross-system,137
2125677596,cross-system,344
2125677900,cross-system,219
2125677980,cross-system,128
2125677993,cross-system,76
2125678080,cross-system,215
2125678355,cross-system,51
2125678362,cross-system,131
2125678383,cross-system,149
2125678577,cross-system,2213
2125678603,cross-system,205
2127620728,cross-system,192
2094158674,cross-system,179
2094158675,cross-system,335
2153406651,human,58
2138437582,human,55
2168952433,human,142
2096282488,cross-system,177
2186153826,cross-system,195
2140621063,human,46
2102152023,human,137
2137851728,cross-system,3118
2135648954,human,100
2131863282,cross-system,2572
2131863290,cross-system,796
2131863294,cross-system,2249
2131863298,cross-system,2279
2131863303,cross-system,1210
2131863305,cross-system,2465
2235480586,human,44
2188895067,cross-system,4253
2188895070,cross-system,1341
2188895074,cross-system,958
2188895075,cross-system,4184
2188895078,cross-system,1863
2188895083,cross-system,4400
2227614035,human,142
2153418591,cross-system,705
2100056225,cross-system,1660
2100056231,cross-system,508
2098124950,cross-system,1120
2098124952,cross-system,1243
2098124955,cross-system,1113
2098124958,cross-system,756
2244113904,human,96
2147670940,cross-system,14651
2211359749,human,14
2125710235,cross-system,279
2100114168,cross-system,255
2100114188,cross-system,240
2127370518,cross-system,186
2217013844,human,125
2097960519,cross-system,361
2095871058,human,179
2100748483,cross-system,206
2094700820,human,41
2156533406,human,23
2177617736,human,125
2180822309,human,72
2138327454,cross-system,450
2147777418,cross-system,15045
2226435303,cross-system,2467
2226435310,cross-system,2266
2134044176,cross-system,1732
2134044178,cross-system,2162
2099205791,human,88
2168844794,cross-system,1620
2168844800,cross-system,2266
2094165417,cross-system,1153
2192702901,human,256
2162071088,human,157
2136198042,human,278
2204527749,cross-system,676
2204527763,cross-system,992
2148831140,human,18
2168131737,human,94
2202692317,cross-system,431
2147540297,cross-system,2356
2183703742,cross-system,214
2183703767,cross-system,211
2148815339,cross-system,1704
2148815342,cross-system,1515
2115614185,cross-system,350
2115614201,cross-system,182
2112892378,human,178
2236650779,cross-system,2489
2236650787,cross-system,2563
2183683389,cross-system,263
2183683406,cross-system,303
2183683413,cross-system,172
2096507420,human,52
2094625853,cross-system,567
2132781014,human,44
2192126966,cross-system,437
2192126968,cross-system,447
2104824385,human,53
2140849930,cross-system,1696
2140849935,cross-system,1495
2140849941,cross-system,641
2140849945,cross-system,894
2140849952,cross-system,957
2140849960,cross-system,1686
2140849967,cross-system,2983
2140849974,cross-system,745
2140849977,cross-system,947
2140849980,cross-system,666
2140849984,cross-system,1096
2140849988,cross-system,877
2140849993,cross-system,964
2140849996,cross-system,1095
2140850000,cross-system,836
2140850003,cross-system,2061
2140850006,cross-system,3612
2234176391,human,9
2127597415,cross-system,482
2127597418,cross-system,563
2126837238,cross-system,2084
2126837245,cross-system,3301
2113065101,human,67
2135711750,cross-system,1459
2135711755,cross-system,2203
2154063926,human,76
2129153935,human,81
2240771791,human,5
2235888992,cross-system,415
2235889001,cross-system,415
2115700480,cross-system,496
2202513052,cross-system,466
2135580532,cross-system,270
2094823964,cross-system,177
2141306232,cross-system,871
2141306235,cross-system,1562
2135184995,cross-system,2450
2135184997,cross-system,3413
2104181917,cross-system,172
2104181929,cross-system,158
2104181937,cross-system,490
2106193372,human,38
2205116288,human,125
2104180885,cross-system,293
2176135543,human,41
2202860562,human,29
2202864002,human,640
2202864642,human,10
2202866468,human,247
2111505692,cross-system,266
2098146498,cross-system,158
2098146519,cross-system,194
2115614274,cross-system,249
2214858260,human,778
2146968075,cross-system,1224
2146968082,cross-system,2000
2146968087,cross-system,1226
2172321261,human,1252
2194882085,cross-system,3121
2126863748,human,56
2098863697,cross-system,153
2098863707,cross-system,347
2099528563,cross-system,230
2099528572,cross-system,196
2370548481,cross-system,2943
2370548489,cross-system,2815
2115614706,cross-system,153
2108013331,cross-system,182
2110756245,cross-system,271
2110756252,cross-system,159
2094622738,cross-system,305
2109819665,cross-system,161
2109819682,cross-system,142
2109819690,cross-system,181
2109819700,cross-system,148
2160176477,cross-system,2190
2104183936,cross-system,332
2104183949,cross-system,797
2104183963,cross-system,494
2106367088,cross-system,685
2181945836,cross-system,121
2181945840,cross-system,351
2236115938,cross-system,598
2236115953,cross-system,179
2236115959,cross-system,177
2217106363,cross-system,173
2193663748,human,316
2094705996,cross-system,181
2218890176,human,279
2131854499,cross-system,1567
2188509707,cross-system,301
2185059305,cross-system,173
2185059335,cross-system,319
2184103670,cross-system,126
2119593874,cross-system,188
2119593876,cross-system,243
2185775593,human,19
2103014359,human,230
2155552573,human,59
2128887732,human,70
2136393901,cross-system,2714
2136393906,cross-system,2352
2136393909,cross-system,2604
2136393913,cross-system,2949
2136393919,cross-system,1911
2136393923,cross-system,1855
2180855997,human,36
2099276380,cross-system,274
2156079638,cross-system,151
2147369324,human,57
2106154670,human,130
2106154951,human,75
2137659730,cross-system,1368
2137659735,cross-system,1945
2137659738,cross-system,5954
2137659743,cross-system,1152
2149259562,human,103
2155554236,human,20
2136155145,cross-system,3339
2136155150,cross-system,2931
2136155156,cross-system,1741
2232957178,human,19
2106319746,cross-system,226
2127077523,human,22
2178688930,human,91
2178689647,human,121
2178690567,human,99
2178690921,human,56
2178694567,human,200
2178695089,human,103
2178696046,human,65
2226705366,human,101
2211662180,cross-system,282
2211662188,cross-system,409
2129356512,cross-system,1185
2173602470,cross-system,7371
2173602471,cross-system,2209
2159778065,human,215
2098971876,cross-system,150
2114572134,human,530
2190824158,cross-system,273
2107804128,human,32
2103972024,human,164
2106747811,human,44
2383294233,human,240
2106662269,cross-system,215
2153309633,cross-system,1886
2153309637,cross-system,2530
2101151213,human,152
2232812675,human,105
2305478514,human,8
2132782379,human,65
2132783646,human,58
2177795479,human,125
2118061499,human,683
2118061749,human,265
2118061989,human,191
2137853980,cross-system,5361
2212573138,human,143
2157530695,cross-system,1921
2157530696,cross-system,1920
2119309000,cross-system,1308
2113093800,cross-system,2649
2129543043,human,99
2115126850,cross-system,190
2147369522,cross-system,2973
2115615470,cross-system,203
2115615479,cross-system,167
2136198527,human,25
2125961347,cross-system,2730
2217805106,human,19
2197860195,cross-system,1653
2213700893,cross-system,524
2133816623,human,14
2177849405,human,250
2137546532,human,79
2141342078,human,102
2182889986,cross-system,3905
2115614181,cross-system,212
2115614200,cross-system,416
2184125777,cross-system,129
2184125778,cross-system,139
2141836659,cross-system,1479
2172282086,human,240
2230309896,cross-system,625
2133650085,cross-system,477
2141140893,cross-system,4160
2141140898,cross-system,1046
2141140900,cross-system,857
2104178921,cross-system,231
2127078874,cross-system,11505
2113529319,human,207
2370367040,cross-system,2332
2370367051,cross-system,1656
2134177011,cross-system,457
2108366886,cross-system,219
2133245628,human,26
2186502221,human,20
2129110411,cross-system,188
2235431961,cross-system,297
2182886961,human,125
2097183709,human,141
2140689371,human,52
2226477139,cross-system,322
2127971577,cross-system,205
2127971586,cross-system,179
2127971590,cross-system,194
2167953687,cross-system,99
2167953694,cross-system,127
2167953697,cross-system,188
2167953702,cross-system,283
2145712420,cross-system,675
2128375302,cross-system,278
2128375332,cross-system,234
2128375346,cross-system,265
2115766885,cross-system,190
2129356839,cross-system,1335
2098115367,cross-system,236
2095385030,human,53
2112192944,human,44
2156926086,cross-system,144
2110754209,cross-system,145
2110754215,cross-system,118
2099206239,human,74
2103303461,cross-system,464
2152258053,cross-system,286
2152258060,cross-system,286
2152258062,cross-system,285
2152258064,cross-system,290
2152258069,cross-system,253
2152258072,cross-system,237
2152258077,cross-system,237
2152258086,cross-system,252
2106366888,human,56
2096724138,cross-system,746
2140671560,cross-system,28537
2094769450,human,417
2240771551,human,6
2154018032,human,212
2187245380,cross-system,924
2187245382,cross-system,622
2118069848,human,27
2160103379,cross-system,237
2160103381,cross-system,185
2097749538,cross-system,181
2106193199,human,18
2108074981,cross-system,3273
2190965812,human,8
2110694321,human,160
2107940056,human,3
2135027289,cross-system,92
2135027307,cross-system,97
2135027468,cross-system,271
2098513183,cross-system,279
2098513192,cross-system,319
2140634465,human,19
2217941655,cross-system,458
2102547446,human,332
2136735397,cross-system,293
2136735401,cross-system,266
2136638302,cross-system,2024
2136638306,cross-system,2476
2217630391,cross-system,351
2160801636,human,188
2105892882,cross-system,409
2133248310,cross-system,14710
2153481936,cross-system,243
2126822955,cross-system,191
2141160633,cross-system,2023
2119598385,cross-system,228
2119598388,cross-system,197
2145703675,human,34
2148018407,cross-system,2736
2124345500,cross-system,2261
2124345509,cross-system,2157
2124345514,cross-system,2125
2143261028,cross-system,585
2182828147,human,62
2146288894,cross-system,524
2146288901,cross-system,267
2184447389,human,5
2158673331,human,45
2150232277,cross-system,254
2214794932,human,38
2144533494,cross-system,2083
2144533504,cross-system,1242
2154056358,human,4
2120195679,cross-system,160
2241244687,cross-system,402
2241244694,cross-system,273
2124607743,human,132
2118070881,human,23
2142550241,cross-system,1094
2142550244,cross-system,1172
2142550250,cross-system,1087
2142726307,human,87
2106256777,human,8
2128081049,cross-system,1075
2128081051,cross-system,1087
2128081056,cross-system,1077
2128081060,cross-system,896
2128081061,cross-system,1889
2115842790,human,75
2115845513,human,44
2164230263,human,20
2141247989,human,179
2379308272,cross-system,2809
2115935741,cross-system,171
2115935754,cross-system,169
2115935761,cross-system,279
2115935775,cross-system,152
2127392680,cross-system,270
2127392683,cross-system,2171
2127392685,cross-system,378
2184067898,human,122
2195365182,cross-system,1794
2195365194,cross-system,1629
2195365208,cross-system,1783
2195365219,cross-system,3555
2195365230,cross-system,1259
2227012895,human,113
2097110191,cross-system,251
2098639377,cross-system,174
2131284551,cross-system,645
2110229232,cross-system,2320
2110229233,cross-system,3218
2177617995,human,125
2217173192,cross-system,167
2217173194,cross-system,154
2207478359,cross-system,3459
2117737110,cross-system,190
2150387708,human,11
2096609614,cross-system,273
2142726988,human,119
2148219751,cross-system,1608
2150173010,cross-system,187
2150173022,cross-system,270
2100337428,human,61
2106366734,human,56
2146275020,cross-system,1087
2146275023,cross-system,2596
2146275026,cross-system,2557
2131284079,cross-system,723
2102150341,human,68
2094167304,cross-system,784
2094167305,cross-system,431
2133245284,human,26
2252610847,human,188
2094506846,cross-system,140
2094506849,cross-system,243
2094506851,cross-system,98
2120666290,cross-system,2256
2094998333,cross-system,1030
2094998335,cross-system,1754
2094998344,cross-system,1596
2094998349,cross-system,1819
2094998353,cross-system,2075
2094998358,cross-system,1682
2094998359,cross-system,2382
2094998362,cross-system,1540
2094998363,cross-system,1966
2094998366,cross-system,889
2094998368,cross-system,1777
2094998370,cross-system,1582
2094998372,cross-system,1329
2094998374,cross-system,676
2094998378,cross-system,1155
2130898085,cross-system,2104
2170541959,cross-system,315
2179807367,cross-system,655
2179807374,cross-system,512
2179807375,cross-system,418
2155480898,human,70
2155484962,human,50
2155486207,human,50
2155489396,human,18
2155490799,human,60
2155496826,human,44
2155498701,human,34
2155500038,human,55
2155501325,human,70
2231883684,human,242
2240450343,human,66
2240461072,human,326
2157347733,human,13
2151098359,cross-system,297
2353974739,cross-system,1791
2189284343,cross-system,384
2189284350,cross-system,569
2189284356,cross-system,291
2210211472,cross-system,367
2099548306,cross-system,1268
2140620076,human,104
2232154124,human,69
2141258905,human,2928
2128005847,cross-system,320
2173826489,cross-system,2236
2173826490,cross-system,2353
2232795435,cross-system,1663
2232795439,cross-system,2302
2122533141,cross-system,2474
2116613920,human,528
2126721111,cross-system,1848
2152592262,human,245
2128883570,human,73
2178767976,cross-system,1483
2178767981,cross-system,1259
2176495176,human,151
2173632825,cross-system,2116
2192280378,cross-system,405
2192280396,cross-system,280
2243693717,cross-system,154
2243693726,cross-system,101
2243693733,cross-system,253
2243693740,cross-system,204
2108061164,cross-system,3499
2104888501,human,95
2237256280,cross-system,1618
2237256285,cross-system,1739
2237256295,cross-system,1844
2237256300,cross-system,1352
2237256308,cross-system,3676
2237256311,cross-system,2378
2237256317,cross-system,2758
2237256319,cross-system,2336
2237256325,cross-system,2704
2216174653,human,60
2196857182,cross-system,1910
2148834218,human,18
2185725765,cross-system,1661
2185725768,cross-system,1812
2185725775,cross-system,2235
2185725782,cross-system,1166
2185725784,cross-system,1639
2200939084,cross-system,1781
2200939096,cross-system,1324
2200939099,cross-system,1281
2124647750,human,36
2133794656,cross-system,1057
2103940156,human,18
2103940598,human,63
2191267306,human,557
2107938066,human,39
2111791866,cross-system,3985
2181065816,human,330
2141836541,cross-system,1211
2230950074,human,97
2099378340,cross-system,14603
2189716738,cross-system,2126
2189716746,cross-system,1980
2141771004,cross-system,379
2141771012,cross-system,165
2107564326,cross-system,1719
2107564328,cross-system,1669
2131692708,cross-system,2701
2185391900,cross-system,316
2185391918,cross-system,445
2172335560,human,7
2182726933,cross-system,245
2176855006,cross-system,1002
2176855015,cross-system,634
2176855020,cross-system,636
2176855025,cross-system,626
2176855035,cross-system,647
2176855039,cross-system,627
2176855042,cross-system,568
2096704442,human,104
2094630227,cross-system,417
2094630229,cross-system,334
2102558180,cross-system,1544
2099217191,cross-system,310
2204012722,cross-system,261
2204012735,cross-system,276
2204012750,cross-system,403
2204012759,cross-system,197
2238005842,human,81
2160000988,human,389
2151156366,human,50
2147486357,cross-system,707
2116709962,human,8
2125902732,cross-system,880
2116820249,cross-system,267
2116820933,cross-system,68
2116820983,cross-system,180
2116821007,cross-system,112
2116822825,cross-system,206
2116823615,cross-system,163
2116823858,cross-system,139
2094627776,cross-system,146
2141032692,cross-system,1385
2141032703,cross-system,1625
2217284356,cross-system,141
2094755682,cross-system,200
2148808239,human,211
2138404340,human,25
2231008117,cross-system,329
2231008126,cross-system,332
2173935820,cross-system,1060
2173935821,cross-system,1821
2173935823,cross-system,3045
2160013224,cross-system,1342
2160013226,cross-system,1323
2130898017,cross-system,972
2141312343,human,539
2232956902,human,18
2140700313,cross-system,1702
2129985227,cross-system,152
2145704873,human,13
2127394763,cross-system,569
2195073789,human,34
2176029452,cross-system,2668
2176029456,cross-system,4052
2106219435,cross-system,879
2106219437,cross-system,1089
2232957712,cross-system,38030
2135320151,cross-system,1709
2143824671,human,79
2136652093,human,60
2107842744,human,49
2127585697,cross-system,2652
2127585699,cross-system,4207
2156349714,cross-system,163
2123012900,cross-system,1368
2157459356,human,9669
2129154618,cross-system,1720
2125966209,cross-system,1634
2125966214,cross-system,2445
2125966217,cross-system,3030
2125966229,cross-system,1156
2125966233,cross-system,2236
2125966239,cross-system,1939
2125966242,cross-system,2891
2160370861,human,97
2146803132,cross-system,635
2146803133,cross-system,527
2132648884,cross-system,1441
2132648895,cross-system,252
2154977832,human,108
2191194315,human,49
2168946847,human,0
2112462139,cross-system,595
2112462150,cross-system,209
2226950816,human,54
2098427396,cross-system,238
2140748334,cross-system,3228
2291457512,cross-system,2857
2173992150,cross-system,1621
2243265437,cross-system,3019
2243265441,cross-system,2893
2181747275,cross-system,778
2181747293,cross-system,604
2149015220,human,57
2149015296,human,57
2149015387,human,63
2149015476,human,63
2149015821,human,65
2149016328,human,418
2163264622,human,124
2163267052,human,189
2163281206,human,329
2163308529,human,568
2098790030,cross-system,550
2153279861,human,33
2152788970,human,42
2152793672,human,172
2152795353,human,7
2133243075,human,26
2112992915,human,29
2228969617,human,192
2137171355,cross-system,1454
2217760702,cross-system,468
2217760705,cross-system,278
2217760707,cross-system,442
2217760708,cross-system,256
2217760710,cross-system,627
2217760711,cross-system,407
2200026865,cross-system,400
2200026877,cross-system,498
2200026880,cross-system,554
2200026889,cross-system,580
2200026894,cross-system,354
2265734434,human,56
2114871060,human,191
2114871458,human,63
2114873006,human,308
2095150586,cross-system,180
2095150606,cross-system,168
2095150625,cross-system,154
2095150636,cross-system,147
2095150645,cross-system,492
2095150650,cross-system,504
2095150657,cross-system,219
2129555063,human,165
2116315012,human,232
2230759402,cross-system,413
2230759406,cross-system,410
2230759412,cross-system,361
2230759419,cross-system,363
2151194308,cross-system,298
2151194314,cross-system,385
2188126113,human,125
2180464235,human,88
2137743949,cross-system,1178
2094586511,cross-system,194
2094586515,cross-system,285
2101751813,cross-system,3796
2096187846,human,17
2214364809,human,126
2103179265,cross-system,1603
2103179280,cross-system,1036
2183705315,cross-system,849
2183705320,cross-system,116
2183705326,cross-system,180
2141315590,cross-system,1216
2141315591,cross-system,1265
2141315593,cross-system,1385
2141315597,cross-system,3278
2124654739,human,93
2141166680,cross-system,3673
2138947362,human,18
2164849968,human,24
2147771341,human,651
2134091274,cross-system,191
2143264606,human,62
2104448113,cross-system,994
2104448119,cross-system,1124
2094649106,cross-system,269
2094649109,cross-system,321
2158391667,human,329
2124646935,cross-system,374
2131318989,human,1672
2140666416,human,277
2110766052,cross-system,777
2110766056,cross-system,564
2101553219,human,95
2101262489,cross-system,235
2101262492,cross-system,339
2140628292,cross-system,175
2140628309,cross-system,731
2213743928,cross-system,535
2213743932,cross-system,549
2213743940,cross-system,540
2160014531,human,98
2094486091,cross-system,526
2094486098,cross-system,482
2199819295,cross-system,555
2199819300,cross-system,555
2199819308,cross-system,597
2199819312,cross-system,447
2199819320,cross-system,431
2104178885,cross-system,286
2113442281,cross-system,2719
2101144369,cross-system,234
2217798336,cross-system,221
2214512431,human,16
2221912003,cross-system,490
2221912012,cross-system,321
2221912020,cross-system,239
2134629654,cross-system,149
2134629656,cross-system,190
2135010909,cross-system,108
2133243835,human,26
2177796876,cross-system,2959
2202960778,cross-system,1458
2232907173,cross-system,34577
2157718209,human,66
2094413997,cross-system,738
2094413998,cross-system,150
2141841078,cross-system,1899
2094181983,cross-system,312
2094181986,cross-system,285
2156026458,cross-system,832
2156026465,cross-system,891
2167009677,human,78
2167012357,human,45
2167013043,human,80
2167017457,human,38
2143422795,cross-system,151
2147420894,cross-system,539
2192916334,human,242
2192930527,human,80
2094074797,cross-system,298
2127064528,cross-system,1130
2127064532,cross-system,1815
2238103560,cross-system,1183
2168438803,cross-system,1995
2148834729,human,25
2097167288,cross-system,251
2097167298,cross-system,725
2226714821,cross-system,293
2226714826,cross-system,394
2226714833,cross-system,265
2226714837,cross-system,269
2226714842,cross-system,269
2226714846,cross-system,259
2226714854,cross-system,278
2226714859,cross-system,270
2226714867,cross-system,270
2226714876,cross-system,255
2226714878,cross-system,256
2226714883,cross-system,249
2226714887,cross-system,273
2226714893,cross-system,216
2226714899,cross-system,270
2226714907,cross-system,309
2226714913,cross-system,246
2226714920,cross-system,276
2226714925,cross-system,278
2226714930,cross-system,394
2226714937,cross-system,262
2140850686,cross-system,1169
2094892648,cross-system,202
2094892654,cross-system,309
2210847954,cross-system,1091
2192149737,cross-system,424
2134786969,cross-system,701
2158120846,human,310
2103652662,cross-system,1427
2094656289,cross-system,335
2094656297,cross-system,428
2238001825,cross-system,2275
2107842023,human,15
2137382480,human,54
2187315297,cross-system,790
2187315299,cross-system,323
2187315302,cross-system,338
2135559377,cross-system,205
2192957236,cross-system,922
2192957245,cross-system,484
2192957250,cross-system,489
2143251555,cross-system,1571
2135577277,human,240
2135583834,human,177
2217412962,cross-system,255
2140477733,human,36
2096413563,cross-system,261
2096413571,cross-system,287
2096413579,cross-system,388
2096413587,cross-system,226
2155514163,cross-system,419
2106536306,cross-system,268
2106536313,cross-system,281
2141475748,human,408
2096605570,cross-system,140
2096605572,cross-system,462
2145439275,human,446
2232663600,cross-system,3088
2112512502,human,45
2167390866,human,298
2366252680,cross-system,1888
2366252683,cross-system,1460
2366252684,cross-system,1538
2139004080,human,33
2214470195,human,79
2127578436,cross-system,183
2127578682,cross-system,215
2127578743,cross-system,419
2127578983,cross-system,439
2127578994,cross-system,412
2127579016,cross-system,380
2127579035,cross-system,153
2115679186,cross-system,441
2180933815,human,144
2143753237,cross-system,225
2183476318,human,274
2138988871,human,139
2147729088,cross-system,837
2147729095,cross-system,2631
2152525001,human,116
2152525900,human,111
2152526642,human,116
2152527299,human,112
2140848043,human,263
2154619886,cross-system,2367
2230673351,human,199
2139055050,cross-system,766
2139055052,cross-system,790
2139055054,cross-system,690
2139055055,cross-system,723
2139055057,cross-system,790
2152530885,human,139
2210948911,human,69
2094763222,cross-system,220
2141160198,human,34
2115618330,cross-system,513
2232973726,human,20
2115615432,cross-system,242
2096185315,human,37
2154219319,human,4
2098876481,human,5
2153557630,cross-system,1190
2181747485,cross-system,128
2229238170,cross-system,3852
2229238179,cross-system,4098
2104449332,human,52
2104469765,human,57
2104484026,human,330
2104488477,human,234
2149252038,cross-system,246
2103091624,cross-system,1452
2103091626,cross-system,1373
2103091636,cross-system,796
2184203424,cross-system,191
2184203426,cross-system,1386
2153527922,cross-system,1749
2097261457,human,107
2128116869,cross-system,1911
2152645890,human,26
2152646628,human,54
2152647140,human,52
2152650506,human,57
2097173030,human,127
2137725605,human,132
2115615110,cross-system,174
2115615123,cross-system,299
2191074335,human,73
2136867811,cross-system,1446
2136867812,cross-system,3969
2094586293,cross-system,459
2133698888,human,5
2133203760,cross-system,1392
2191031895,cross-system,113
2191031898,cross-system,157
2109901550,human,63
2110344313,human,43
2110347344,human,64
2110350925,human,23
2110353693,human,50
2110358688,human,31
2207136506,cross-system,1346
2207136509,cross-system,4811
2159696125,human,18
2176322520,human,41
2116705211,human,4
2116705497,human,150
2116707782,human,29
2116708056,human,36
2116708280,human,14
2127587376,cross-system,272
2127587377,cross-system,42
2127587380,cross-system,316
2127587385,cross-system,134
2129358156,cross-system,2872
2141889193,cross-system,1585
2154390662,human,353
2148829898,human,18
2129334264,cross-system,123
2161850022,cross-system,241
2103805795,cross-system,196
2106319765,cross-system,317
2106319768,cross-system,138
2106319769,cross-system,329
2140476390,human,30
2094179341,cross-system,134
2094179342,cross-system,326
2094179343,cross-system,159
2108901986,human,34
2155692116,cross-system,2107
2155692121,cross-system,2058
2106729767,cross-system,300
2106193605,cross-system,281
2106193607,cross-system,606
2106193608,cross-system,155
2106193610,cross-system,756
2097986344,cross-system,223
2097986362,cross-system,389
2134558352,human,77
2099380303,human,118
2153565736,cross-system,241
2153565740,cross-system,260
2148830978,human,154
2135737372,human,17
2104856455,human,14
2147372868,cross-system,904
2147372869,cross-system,2947
2179808605,cross-system,1821
2096180062,cross-system,861
2136562077,human,88
2136564479,human,66
2136571476,human,84
2108042920,cross-system,3005
2165783239,cross-system,343
2182829882,cross-system,1428
2182829887,cross-system,2502
2095918307,cross-system,463
2129357514,cross-system,1324
2128892089,human,23
2152263262,cross-system,1428
2116606010,human,116
2159824368,cross-system,244
2094831267,human,26
2140874042,human,38
2191697470,cross-system,327
2191697473,cross-system,848
2133907110,cross-system,209
2152982367,cross-system,135
2152982393,cross-system,203
2152982408,cross-system,232
2116323934,human,494
2214855976,human,45
2214857529,human,90
2244161776,human,4
2153403231,human,58
2104828751,human,74
2199000540,cross-system,1436
2159390549,cross-system,2736
2159390553,cross-system,1445
2159390554,cross-system,1362
2094449458,cross-system,523
2099305650,cross-system,1123
2099305657,cross-system,3223
2173940512,cross-system,464
2173940513,cross-system,387
2173940514,cross-system,198
2229161334,human,336
2196965023,cross-system,6562
2196965033,cross-system,5049
2168315519,cross-system,455
2094297020,cross-system,288
2105309532,cross-system,147
2173274978,cross-system,1410
2176322799,cross-system,1553
2160014523,human,98
2098380743,cross-system,326
2098380756,cross-system,429
2278929834,cross-system,884
2165045078,human,26
2152650126,cross-system,129
2177796804,cross-system,2065
2104863388,human,65
2176986414,cross-system,577
2145037963,cross-system,269
2179609236,cross-system,180
2179609263,cross-system,241
2114817072,human,64
2114819487,human,86
2217936216,cross-system,363
2217936217,cross-system,408
2217936218,cross-system,584
2217936219,cross-system,442
2140244397,human,243
2202890339,human,42
2202890464,human,9
2202891601,human,118
2202892586,human,25
2154020036,human,98
2180108631,cross-system,1384
2180108639,cross-system,2165
2238103228,human,139
2143306683,human,47
2143307619,human,46
2143308338,human,57
2143309541,human,26
2143310679,human,23
2143311353,human,28
2143312056,human,34
2143312369,human,19
2143312583,human,19
2156900374,cross-system,363
2156900389,cross-system,384
2227035919,human,113
2131445724,cross-system,207
2168958910,human,42
2103103898,human,67
2150454715,human,101
2234002147,cross-system,2827
2234002148,cross-system,2528
2145712023,human,53
2147373932,cross-system,1687
2147373933,cross-system,1121
2205040457,cross-system,2090
2205040464,cross-system,2625
2205040476,cross-system,1004
2205040482,cross-system,1509
2205040489,cross-system,1849
2151079661,cross-system,791
2151079664,cross-system,2715
2151079670,cross-system,1897
2151079671,cross-system,2515
2235854016,cross-system,926
2242412634,cross-system,3091
2242412647,cross-system,2967
2218034337,cross-system,2658
2095839201,human,69
2215748514,cross-system,315
2173984644,cross-system,2102
2235882840,cross-system,164
2235882871,cross-system,119
2235882897,cross-system,152
2222235848,human,30
2132795251,human,66
2205322608,human,61
2205324652,human,60
2095162275,cross-system,199
2095162289,cross-system,191
2143271373,human,197
2132780266,cross-system,166
2104855541,human,131
2230272274,cross-system,1155
2104807138,human,62
2150407244,human,640
2179766410,cross-system,251
2179766420,cross-system,164
2179766425,cross-system,180
2100228721,cross-system,4691
2192732935,human,60
2238088286,cross-system,1250
2238088289,cross-system,1820
2141317190,human,20
2141317952,human,71
2141318943,human,64
2100766763,cross-system,217
2100766768,cross-system,320
2160070229,human,168
2241867842,cross-system,877
2241867845,cross-system,428
2132183037,human,68
2098593466,cross-system,555
2094628726,human,54
2106193150,human,1072
2167100791,human,34
2243147935,cross-system,1123
2131284982,cross-system,471
2235103134,cross-system,397
2096263691,cross-system,188
2096263707,cross-system,210
2136414865,human,142
2094201189,cross-system,122
2094201190,cross-system,197
2240403909,human,122
2240404567,human,46
2240419310,human,94
2240422519,human,154
2383227957,human,270
2160926713,cross-system,310
2160926716,cross-system,1251
2234870930,human,54
2095284277,cross-system,258
2095284342,cross-system,725
2095284421,cross-system,143
2150748189,cross-system,190
2096165410,cross-system,312
2159733049,human,205
2095705371,cross-system,175
2187641939,cross-system,146
2164848818,human,33
2127558015,cross-system,278
2127558020,cross-system,183
2143753523,cross-system,2187
2184446337,human,187
2168238816,cross-system,1763
2168238818,cross-system,2508
2168238821,cross-system,1598
2168238823,cross-system,1176
2106207014,human,69
2113023582,human,69
2134176529,cross-system,1656
2120333320,cross-system,128
2120333334,cross-system,94
2212697626,cross-system,1217
2164947480,cross-system,463
2164947491,cross-system,678
2152762313,cross-system,509
2152762331,cross-system,155
2232905950,human,20
2134559494,cross-system,1211
2131851866,cross-system,202
2191261254,human,29
2232813085,cross-system,26585
2134771737,cross-system,165
2134771738,cross-system,436
2146399610,human,235
2146400195,human,117
2138646008,cross-system,1387
2107584180,cross-system,71
2107584301,cross-system,125
2107584307,cross-system,359
2107584665,cross-system,178
2107584774,cross-system,221
2164214587,cross-system,320
2164214605,cross-system,657
2094605085,cross-system,102
2094605086,cross-system,424
2137933902,cross-system,160
2120022286,cross-system,706
2120022289,cross-system,395
2135780904,human,156
2126612338,human,115
2106193430,human,22
2154401087,cross-system,740
2214463396,human,5
2152417088,human,6
2145691194,human,133
2094167941,cross-system,1101
2216949237,human,137
2159776546,human,18
2203389510,cross-system,636
2187639565,human,75
2156914252,human,125
2217013529,human,125
2167650509,cross-system,328
2167650520,cross-system,261
2235851749,cross-system,295
2187835231,cross-system,1878
2187835243,cross-system,3159
2187835250,cross-system,1566
2187835259,cross-system,1330
2187835264,cross-system,1839
2187835273,cross-system,1410
2187835279,cross-system,1368
2230104437,cross-system,1869
2230104438,cross-system,2258
2230104442,cross-system,4417
2230104443,cross-system,2045
2230104445,cross-system,2195
2172963892,human,771
2157617177,cross-system,463
2157617189,cross-system,1449
2128892235,human,28
2178768887,human,108
2124612860,human,69
2094292282,cross-system,193
2237635410,human,35
2170092838,cross-system,183
2223906883,cross-system,354
2156952038,human,53
2205195332,human,88
2214299757,human,73
2214303905,human,102
2214324589,human,132
2214327613,human,188
2214329082,human,38
2214329457,human,58
2214329986,human,58
2214330656,human,68
2214331240,human,42
2214331971,human,14
2214332286,human,93
2214332747,human,93
2171630590,cross-system,1754
2171630606,cross-system,1892
2171630620,cross-system,1296
2128934011,human,376
2336801671,cross-system,2446
2336801677,cross-system,1606
2336801681,cross-system,1606
2141404296,human,58
2214704090,human,61
2214705607,human,257
2214707438,human,86
2214708144,human,80
2184140125,cross-system,397
2173937400,cross-system,2084
2173937401,cross-system,1418
2173937402,cross-system,1967
2235701226,human,47
2233164045,cross-system,2584
2207156374,cross-system,1109
2168427406,human,132
2140652570,human,120
2192126998,cross-system,534
2136634216,cross-system,245
2136634219,cross-system,172
2240631626,human,139
2098592872,cross-system,610
2138447421,human,103
2136735133,cross-system,4228
2241099137,human,124
2126664968,cross-system,650
2126664972,cross-system,740
2181045306,human,35
2214509860,human,4
2240766729,human,218
2216188059,cross-system,3969
2126920048,human,47
2141163371,cross-system,5313
2371587441,human,129
2121621261,cross-system,282
2098868116,human,64
2106207590,human,89
2094586836,human,111
2143586995,cross-system,776
2143587004,cross-system,575
2154976460,human,105
2094631033,cross-system,350
2143713314,cross-system,161
2129037669,human,198
2145708295,cross-system,682
2145708297,cross-system,840
2095858611,cross-system,179
2095858623,cross-system,421
2125141567,human,60
2125147452,human,50
2202498203,human,5
2156024556,cross-system,394
2156024570,cross-system,944
2214413323,human,119
2151200086,cross-system,1349
2214512169,human,5
2159769256,cross-system,78
2159769258,cross-system,97
2197628293,cross-system,1328
2184437103,human,73
2094172810,cross-system,206
2141840525,human,63
2106139255,human,36
2144155560,cross-system,239
2129551181,human,107
2108901145,human,53
2138826104,cross-system,716
2160118940,human,12
2140871996,human,49
2240332743,human,258
2111502701,human,121
2111502980,human,121
2199512950,human,121
2199512952,human,121
2199512954,human,211
2199512956,human,121
2199512958,human,211
2179551189,cross-system,344
2140314746,human,29
2203035571,human,4
2101374128,cross-system,282
2101374132,cross-system,249
2099744046,cross-system,323
2140526500,human,73
2105425489,cross-system,160
2145057744,human,88
2110593932,human,24
2106537721,cross-system,213
2140187580,human,76
2098551662,cross-system,533
2232796250,cross-system,856
2232796251,cross-system,2263
2232796253,cross-system,2497
2099170216,cross-system,265
2100883091,cross-system,410
2100883103,cross-system,202
2153935571,cross-system,536
2153935577,cross-system,652
2153935582,cross-system,626
2153935591,cross-system,945
2107816211,human,126
2100525406,cross-system,197
2108902416,human,19
2131284056,human,30
2182729659,cross-system,2620
2131433430,cross-system,887
2214511776,human,7
2115613334,cross-system,142
2159359972,cross-system,3096
2175077125,human,561
2133243402,cross-system,5063
2202077322,cross-system,1195
2202077324,cross-system,1217
2202077327,cross-system,1268
2173673923,cross-system,1334
2173673924,cross-system,1475
2173673925,cross-system,1779
2173586669,human,45
2169701614,human,38
2133249938,cross-system,14889
2141755976,human,19
2182724300,cross-system,263
2127623051,cross-system,168
2098400718,cross-system,277
2244112247,human,57
2191077192,human,77
2162696580,cross-system,144
2123938063,cross-system,2224
2123938086,cross-system,3768
2217672478,cross-system,538
2217672488,cross-system,438
2160015799,human,388
2215831984,cross-system,928
2094584977,human,26
2131062172,cross-system,730
2217936385,cross-system,480
2217936386,cross-system,434
2214362911,human,220
2120336965,cross-system,5487
2170181783,cross-system,276
2146152660,human,197
2137517158,human,177
2241125030,cross-system,2060
2241125035,cross-system,1022
2144206357,human,29
2226693975,human,82
2094628983,cross-system,218
2116603631,human,92
2143044499,cross-system,2596
2131292371,cross-system,1001
2173713887,cross-system,513
2173713889,cross-system,137
2136882297,cross-system,321
2136882308,cross-system,763
2178769491,cross-system,8329
2104229737,cross-system,1103
2104229740,cross-system,2553
2104229753,cross-system,1258
2099088396,cross-system,366
2098331843,cross-system,537
2225083882,human,90
2134564947,cross-system,579
2107991495,cross-system,403
2141394689,cross-system,3475
2232957952,cross-system,35089
2187235663,cross-system,1776
2145696696,cross-system,439
2136708246,human,174
2130702113,human,142
2240320535,cross-system,1858
2094627308,cross-system,243
2094627309,cross-system,479
2252608047,human,95
2187033231,cross-system,281
2187033240,cross-system,240
2187033247,cross-system,311
2187033256,cross-system,252
2098882558,cross-system,176
2098882567,cross-system,165
2139606545,human,57
2099171092,cross-system,2145
2099171097,cross-system,893
2235106131,cross-system,389
2160225800,cross-system,117
2160225802,cross-system,154
2143939636,cross-system,2007
2136881622,human,117
2097357402,human,189
2237270492,cross-system,241
2378670024,cross-system,3163
2378670027,cross-system,2723
2156585582,cross-system,264
2183910483,cross-system,74
2098456731,cross-system,266
2098456740,cross-system,295
2098456751,cross-system,144
2118069777,human,88
2143309998,cross-system,322
2143310013,cross-system,563
2143310026,cross-system,397
2143310045,cross-system,380
2177383478,cross-system,149
2177383489,cross-system,144
2188126305,cross-system,5489
2167537572,cross-system,231
2156355149,cross-system,814
2185355559,cross-system,240
2185355578,cross-system,245
2101225197,human,232
2210841587,cross-system,1061
2210841592,cross-system,337
2128460422,human,88
2216186830,human,34
2217958047,cross-system,342
2217958050,cross-system,489
2132278185,human,103
2140883472,cross-system,1723
2180821146,human,62
2095880859,human,86
2226950500,human,98
2138858777,human,116
2227595539,human,210
2140878520,cross-system,387
2229057402,human,29
2099194599,cross-system,213
2100906859,cross-system,495
2100906870,cross-system,301
2096313823,cross-system,210
2096313828,cross-system,184
2154883004,cross-system,1802
2154883010,cross-system,1273
2154883012,cross-system,1156
2154883014,cross-system,1822
2154883022,cross-system,1210
2154883025,cross-system,1065
2154883028,cross-system,1000
2154883029,cross-system,950
2154883034,cross-system,3889
2154883040,cross-system,1398
2129158148,human,30
2094814455,cross-system,285
2187848412,cross-system,1840
2150479263,cross-system,873
2228886845,human,89
2134384869,cross-system,1430
2134384870,cross-system,2545
2134384871,cross-system,3320
2134384872,cross-system,2168
2094294547,cross-system,271
2153510194,human,22
2094794587,cross-system,400
2143359306,human,320
2103968228,human,29
2122161672,cross-system,170
2122161787,cross-system,200
2122161850,cross-system,186
2122162673,cross-system,181
2122163229,cross-system,134
2122163515,cross-system,152
2122163741,cross-system,157
2122164158,cross-system,165
2122164292,cross-system,143
2122164308,cross-system,105
2122164770,cross-system,83
2122165031,cross-system,140
2122165042,cross-system,117
2122165164,cross-system,203
2122165279,cross-system,183
2122165506,cross-system,216
2122165602,cross-system,184
2122165968,cross-system,84
2122166035,cross-system,148
2122166905,cross-system,162
2122166916,cross-system,113
2122167555,cross-system,121
2122167580,cross-system,166
2122167608,cross-system,151
2122168220,cross-system,168
2122168240,cross-system,128
2122168314,cross-system,196
2122168483,cross-system,160
2122168722,cross-system,114
2122169490,cross-system,151
2131283756,human,47
2153379735,cross-system,1392
2140877578,cross-system,575
2237205532,cross-system,2634
2237205541,cross-system,2464
2237205549,cross-system,2651
2106024204,human,37
2141161487,human,191
2231843069,human,134
2133245884,human,26
2231998674,human,181
2232001124,human,138
2205034604,cross-system,329
2205034617,cross-system,243
2205034625,cross-system,329
2205034632,cross-system,325
2205034639,cross-system,328
2205034646,cross-system,326
2205034652,cross-system,2212
2100540475,human,263
2106281492,cross-system,1796
2106281493,cross-system,2602
2106281494,cross-system,1418
2129671041,human,100
2141343886,human,45
2244111765,human,55
2125460513,human,48
2157391796,human,18
2097841951,cross-system,300
2097841965,cross-system,287
2114666327,cross-system,2203
2128245157,human,38
2216331969,cross-system,181
2216331985,cross-system,181
2216332002,cross-system,455
2216332008,cross-system,257
2151119663,human,107
2179941825,human,27
2095867539,human,687
2182676711,human,91
2182679868,human,83
2182686535,human,76
2182688433,human,128
2140618521,cross-system,2376
2140618525,cross-system,3578
2151098350,cross-system,297
2140666398,cross-system,795
2154970536,human,102
2202230907,human,72
2174117684,cross-system,1357
2174117685,cross-system,1347
2174117687,cross-system,1426
2174117689,cross-system,2469
2174117693,cross-system,2592
2174117696,cross-system,1670
2174117698,cross-system,4907
2202867728,human,70
2202867909,human,89
2202868898,human,55
2202869188,human,31
2202869627,human,98
2202870169,human,57
2202872605,human,60
2202872735,human,44
2202873208,human,172
2202874282,human,326
2140685775,cross-system,1737
2140685781,cross-system,1444
2140685783,cross-system,2125
2143773380,cross-system,560
2143569375,cross-system,226
2141085940,human,160
2095403049,human,444
2094585873,cross-system,549
2148829633,human,118
2198435629,cross-system,316
2198435651,cross-system,203
2198435663,cross-system,175
2198435674,cross-system,180
2227362962,human,148
2240381275,cross-system,1386
2168314887,human,106
2103648509,cross-system,1762
2103648512,cross-system,1320
2214583848,human,253
2107937830,human,13
2138856024,human,182
2128447610,human,401
2170458623,cross-system,1193
2134213720,cross-system,306
2099532152,cross-system,297
2095903961,cross-system,275
2095903974,cross-system,183
2115617078,cross-system,722
2115617099,cross-system,1263
2115617115,cross-system,363
2115617129,cross-system,365
2151508626,human,752
2131863382,cross-system,3030
2126283998,cross-system,177
2126284019,cross-system,204
2098217593,cross-system,240
2098217628,cross-system,148
2184447263,human,48
2135519102,cross-system,195
2126463981,cross-system,1894
2126463984,cross-system,3559
2126463989,cross-system,3722
2100729360,cross-system,241
2102916634,human,40
2213663381,human,20
2213666583,human,90
2126607551,human,138
2132606362,human,56
2141801286,cross-system,768
2141801292,cross-system,2063
2141801298,cross-system,1049
2141801302,cross-system,1574
2141801305,cross-system,1753
2141801315,cross-system,1000
2136846138,cross-system,1451
2199847795,human,25
2159696922,human,39
2102877950,human,259
2279769545,human,30
2111786673,human,19
2111810725,human,103
2177502684,cross-system,275
2177502691,cross-system,165
2177502693,cross-system,170
2177502699,cross-system,644
2173661982,cross-system,1866
2173997016,cross-system,244
2232812056,cross-system,21373
2187634917,human,68
2144673032,cross-system,901
2144673056,cross-system,511
2144673061,cross-system,1574
2180857447,human,78
2232801972,cross-system,43203
2140127774,cross-system,1167
2187221635,cross-system,546
2187221636,cross-system,964
2187221637,cross-system,929
2128712536,cross-system,577
2128712555,cross-system,222
2124347511,cross-system,254
2124347547,cross-system,88
2124347566,cross-system,260
2124347592,cross-system,85
2191065356,human,62
2191066264,human,62
2191067825,human,23
2191068636,human,112
2191069823,human,41
2191070723,human,18
2191070964,human,29
2105948640,human,18
2235371607,cross-system,164
2136704724,human,89
2214478234,human,445
2096065456,cross-system,209
2107940523,human,23
2134650011,cross-system,2315
2134650012,cross-system,1665
2124626015,human,51
2128008354,cross-system,167
2100166641,human,61
2167333110,human,12
2095746519,human,84
2094168619,cross-system,654
2094168622,cross-system,540
2159568921,cross-system,286
2140924436,cross-system,1172
2140924438,cross-system,1416
2140924440,cross-system,2097
2096539159,cross-system,193
2096539169,cross-system,196
2136746439,human,267
2115616496,cross-system,333
2115616531,cross-system,254
2115616543,cross-system,264
2115615579,cross-system,256
2115615591,cross-system,555
2190913576,cross-system,302
2190913580,cross-system,276
2160226296,cross-system,1778
2127483185,cross-system,188
2127484783,cross-system,115
2127485801,cross-system,126
2127486228,cross-system,114
2127489170,cross-system,124
2173896371,human,82
2140480322,cross-system,359
2162894595,human,93
2143635186,human,110
2094660239,human,140
2094698903,human,67
2136882183,cross-system,310
2136882193,cross-system,170
2187238272,human,120
2102867160,cross-system,244
2102867433,cross-system,175
2102867535,cross-system,219
2102867947,cross-system,179
2102868258,cross-system,171
2243158272,human,18
2180489912,human,108
2140186398,human,126
2206545381,human,5
2218017588,cross-system,2243
2136823425,human,26
2188930034,cross-system,1950
2100476284,cross-system,734
2114673227,cross-system,139
2114673245,cross-system,103
2181535453,cross-system,1968
2116316331,human,63
2229718429,cross-system,2485
2198414395,cross-system,863
2116571646,cross-system,435
2116571679,cross-system,104
2116571684,cross-system,81
2100958459,cross-system,580
2100958467,cross-system,436
2187045506,cross-system,553
2187045508,cross-system,312
2187045512,cross-system,489
2187045517,cross-system,312
2187045521,cross-system,423
2107841861,human,116
2186533247,cross-system,3244
2138845501,cross-system,2036
2138845505,cross-system,1481
2138845511,cross-system,727
2138845514,cross-system,1653
2138845519,cross-system,1650
2214030972,human,228
2214031715,human,13
2240995724,human,193
2150442618,human,537
2264686258,cross-system,354
2264686259,cross-system,153
2172771509,human,37
2138487046,cross-system,1807
2094584919,human,20
2152601101,cross-system,1565
2106139282,cross-system,521
2238851276,human,107
2238915701,human,253
2238918134,human,135
2213171247,human,57
2140692216,human,107
2169473901,human,372
2099205665,human,88
2095224712,cross-system,914
2095224723,cross-system,905
2095224732,cross-system,203
2143789414,cross-system,240
2143789416,cross-system,156
2167651700,cross-system,69
2130025668,cross-system,280
2161597502,cross-system,277
2141234034,human,57
2108002249,cross-system,3692
2204923541,cross-system,336
2204923555,cross-system,286
2204923571,cross-system,218
2146824161,human,5
2151314672,cross-system,343
2173931021,cross-system,508
2152410544,cross-system,273
2140193495,human,46
2141748576,cross-system,273
2253374926,human,864
2125895608,cross-system,890
2194251219,cross-system,370
2194251224,cross-system,460
2141745928,human,235
2173667251,cross-system,1768
2096487111,human,107
2153821711,human,47
2153822513,human,5
2232973294,human,217
2114985185,human,52
2143636605,human,52
2173847547,cross-system,400
2173847548,cross-system,734
2173847551,cross-system,346
2096154001,cross-system,387
2096154013,cross-system,420
2212670501,cross-system,348
2141968823,human,914
2159619831,cross-system,3902
2159619836,cross-system,1680
2159619838,cross-system,1488
2159619841,cross-system,2632
2128835640,cross-system,1466
2125914157,cross-system,2240
2353941515,cross-system,5338
2243437359,cross-system,3022
2243437366,cross-system,3003
2159086156,human,99
2190952787,human,218
2232801613,cross-system,2002
2232801614,cross-system,880
2147777349,cross-system,15015
2170365860,human,29
2134724718,human,232
2121394686,cross-system,1353
2121394692,cross-system,1417
2121394699,cross-system,2201
2106205752,cross-system,422
2107936224,human,73
2147410961,cross-system,348
2147410962,cross-system,256
2146946324,cross-system,163
2146946325,cross-system,531
2147713906,cross-system,1765
2147713911,cross-system,886
2094146928,cross-system,220
2115617482,cross-system,244
2115617496,cross-system,241
2115617500,cross-system,373
2115617504,cross-system,368
2115617511,cross-system,158
2139023221,human,204
2152561508,cross-system,176
2152561514,cross-system,205
2277128419,cross-system,2811
2118070850,human,7
2140302570,human,104
2140307642,human,154
2140310496,human,103
2140312930,human,110
2140315695,human,217
2112463889,human,67
2144461737,human,31
2154116125,cross-system,703
2127014230,cross-system,2855
2208410789,cross-system,3140
2208410796,cross-system,981
2107601180,human,33
2128106980,cross-system,957
2128106986,cross-system,767
2128106988,cross-system,950
2128106990,cross-system,901
2128106992,cross-system,1048
2128106997,cross-system,1538
2128107002,cross-system,1720
2128107005,cross-system,1727
2128107012,cross-system,1428
2128107015,cross-system,2131
2161415893,human,174
2168859919,cross-system,2051
2168859932,cross-system,1641
2168859941,cross-system,2169
2168859948,cross-system,1918
2168859960,cross-system,2507
2168859962,cross-system,3527
2168859977,cross-system,1477
2168859984,cross-system,1528
2168859994,cross-system,1858
2168859998,cross-system,1632
2172517089,cross-system,265
2172517105,cross-system,157
2173145764,human,415
2115615227,cross-system,266
2140622618,cross-system,1109
2142025135,human,5
2217667653,cross-system,334
2135635019,human,29
2189598475,cross-system,565
2189598483,cross-system,229
2189598485,cross-system,350
2189598487,cross-system,240
2189598489,cross-system,256
2189598492,cross-system,247
2189598494,cross-system,404
2135686654,human,22
2187641670,human,605
2104706201,cross-system,62
2104706216,cross-system,70
2104706221,cross-system,62
2104706229,cross-system,57
2104706236,cross-system,84
2115613569,cross-system,215
2106500841,human,187
2106545735,cross-system,2039
2106545739,cross-system,3026
2140477285,cross-system,1823
2136965296,human,52
2122862795,cross-system,1716
2122862809,cross-system,3409
2122862817,cross-system,3311
2122862825,cross-system,1667
2160038558,cross-system,2292
2160038563,cross-system,1595
2160038565,cross-system,1417
2160038566,cross-system,1697
2160038567,cross-system,1845
2136191283,human,87
2111790810,cross-system,173
2111790824,cross-system,320
2111790839,cross-system,226
2216801581,cross-system,1083
2145261897,cross-system,3563
2138861606,cross-system,166
2138861610,cross-system,154
2154055906,human,126
2126667286,human,50
2114987534,human,59
2191711341,cross-system,622
2191711347,cross-system,639
2191711349,cross-system,259
2141296967,cross-system,1204
2141296970,cross-system,1467
2141296973,cross-system,1995
2157737578,cross-system,218
2157737580,cross-system,182
2119304377,cross-system,738
2137859754,cross-system,5354
2153014698,human,167
2135313574,human,68
2101343086,cross-system,347
2101343094,cross-system,455
2143683965,cross-system,1642
2143683971,cross-system,1496
2175094369,human,93
2134382485,cross-system,842
2134382486,cross-system,745
2134382487,cross-system,959
2140110989,human,490
2106366911,cross-system,631
2186544250,cross-system,402
2101549139,cross-system,343
2101549150,cross-system,254
2187245238,human,45
2205197507,human,78
2205202153,human,263
2205203834,human,77
2205205938,human,54
2205207376,human,34
2205215730,human,232
2140743508,human,53
2159774632,human,194
2107938941,human,14
2179553237,cross-system,1577
2179553245,cross-system,2574
2098762233,cross-system,781
2143217922,human,125
2133082521,cross-system,143
2217411387,cross-system,678
2156322256,human,95
2099085724,cross-system,1158
2099085726,cross-system,642
2097671111,cross-system,235
2147365779,cross-system,1530
2147365780,cross-system,1279
2147365781,cross-system,675
2147365782,cross-system,746
2147365783,cross-system,781
2147365784,cross-system,1105
2147365786,cross-system,723
2147365787,cross-system,2506
2137490809,cross-system,2040
2108363175,cross-system,207
2099261758,cross-system,217
2099261766,cross-system,893
2129357710,cross-system,966
2187281845,human,3
2160016352,human,241
2241577408,cross-system,258
2241577411,cross-system,217
2179912674,cross-system,272
2195134885,human,85
2195138707,human,102
2135781763,human,80
2214212288,human,10
2108543443,cross-system,243
2141187156,human,108
2131223227,cross-system,3107
2131223237,cross-system,2572
2131223245,cross-system,2478
2141884978,human,295
2096188410,human,17
2093917825,cross-system,649
2145696396,human,14
2104895482,cross-system,133
2108018069,cross-system,155
2190959380,human,10
2148937041,human,18
2232811520,cross-system,24037
2154619936,cross-system,475
2154619960,cross-system,205
2142732038,human,55
2099128787,human,113
2188637758,human,664
2101885485,human,127
2168953355,human,9
2154015295,human,98
2139326670,human,40
2181181156,human,200
2106366968,cross-system,747
2102947654,human,38
2137851689,cross-system,5014
2094114211,human,50
2133251890,cross-system,16867
2173069010,cross-system,1848
2155428642,human,18
2155429397,human,32
2155078222,cross-system,819
2094159626,human,857
2096355114,cross-system,186
2207156422,cross-system,633
2207156426,cross-system,267
2207156429,cross-system,319
2138031159,human,219
2138042886,human,225
2138050110,human,221
2113121330,human,47
2152047914,cross-system,1784
2152047920,cross-system,2147
2126272417,cross-system,3029
2126272426,cross-system,2209
2126272430,cross-system,4257
2126272434,cross-system,2140
2126272439,cross-system,2938
2094294281,cross-system,128
2152066556,cross-system,1094
2152066561,cross-system,1020
2152066565,cross-system,1929
2158126364,human,421
2125645067,human,28
2164849486,human,65
2094806091,cross-system,268
2094806097,cross-system,210
2118041418,human,44
2140842155,cross-system,3576
2094175784,cross-system,586
2197323774,cross-system,1191
2197323784,cross-system,1542
2197323789,cross-system,1582
2197323795,cross-system,1463
2197323798,cross-system,3928
2134045138,cross-system,320
2095223025,cross-system,142
2095223032,cross-system,510
2095223041,cross-system,515
2094663110,cross-system,194
2094663111,cross-system,193
2094663112,cross-system,227
2148830512,human,279
2133244286,human,26
2135014500,cross-system,88
2186262113,cross-system,2703
2140648229,cross-system,2148
2140648240,cross-system,1849
2237241123,cross-system,292
2237241139,cross-system,259
2140810139,human,16
2161770170,cross-system,606
2161770200,cross-system,393
2167064845,cross-system,1826
2167064852,cross-system,1321
2167064861,cross-system,2289
2167064870,cross-system,1354
2181766911,human,36
2142037357,cross-system,281
2125712113,cross-system,2096
2125712115,cross-system,4629
2162896272,cross-system,3392
2100170080,cross-system,16739
2153526228,cross-system,293
2151384497,cross-system,419
2151384501,cross-system,321
2098809671,cross-system,237
2099207872,human,82
2153413258,cross-system,334
2199879673,human,102
2160066656,human,58
2104181282,cross-system,1033
2212443212,cross-system,2532
2212443221,cross-system,2754
2269097206,cross-system,1458
2269097218,cross-system,2116
2269097228,cross-system,4069
2269097237,cross-system,2901
2269097242,cross-system,2077
2269097251,cross-system,1808
2269097260,cross-system,1616
2269097270,cross-system,3313
2269097275,cross-system,3440
2269097283,cross-system,1443
2269097290,cross-system,2006
2269097293,cross-system,1952
2269097299,cross-system,1243
2269097303,cross-system,2353
2269097314,cross-system,2036
2269097321,cross-system,3657
2269097328,cross-system,1854
2269097331,cross-system,3659
2269097341,cross-system,1860
2269097348,cross-system,2459
2269097358,cross-system,3240
2269097367,cross-system,2723
2269097371,cross-system,1757
2269097384,cross-system,2039
2269097395,cross-system,2289
2269097403,cross-system,5365
2269097411,cross-system,2530
2140479702,human,22
2157341463,human,187
2173709916,cross-system,2431
2173709918,cross-system,2278
2173709919,cross-system,2590
2173709920,cross-system,2472
2173709922,cross-system,1661
2173709924,cross-system,3088
2173709927,cross-system,1910
2173709928,cross-system,1646
2173709930,cross-system,1354
2173709932,cross-system,1280
2173709933,cross-system,2397
2145398240,human,107
2145401512,human,417
2145834594,human,14
2145837868,human,62
2148830848,human,163
2094828090,cross-system,191
2187012539,cross-system,278
2187012540,cross-system,278
2187012541,cross-system,207
2187012542,cross-system,255
2187012543,cross-system,294
2187012544,cross-system,204
2187012548,cross-system,490
2187012550,cross-system,491
2187012551,cross-system,321
2187012553,cross-system,196
2098942690,cross-system,187
2148834601,human,180
2128890243,human,47
2143186726,cross-system,1222
2103765282,cross-system,375
2217935910,cross-system,654
2187246826,cross-system,1682
2107094375,cross-system,638
2127974731,cross-system,423
2138864915,cross-system,1647
2138864919,cross-system,1541
2138864920,cross-system,3215
2153558375,cross-system,2849
2138402094,human,63
2140621625,cross-system,1763
2156336526,cross-system,242
2136415625,cross-system,5348
2242528642,cross-system,210
2242528656,cross-system,254
2215492567,cross-system,242
2215492594,cross-system,209
2202880322,human,84
2202880453,human,41
2202880670,human,60
2202880874,human,35
2202881035,human,83
2095470183,cross-system,166
2095470188,cross-system,164
2132605018,human,34
2232810823,human,106
2147379052,cross-system,819
2147379053,cross-system,2181
2147379054,cross-system,763
2192138517,cross-system,721
2101326432,cross-system,1259
2101326434,cross-system,2329
2101326437,cross-system,1168
2101326438,cross-system,2436
2137502251,human,314
2147665437,human,196
2145337744,cross-system,974
2145337748,cross-system,1416
2126243367,cross-system,3329
2133125279,human,35
2135714063,cross-system,941
2240632464,cross-system,1570
2126326703,cross-system,1464
2154219488,human,4
2121783403,cross-system,210
2173792021,cross-system,429
2173792024,cross-system,286
2172827437,cross-system,501
2172827449,cross-system,197
2107988452,human,185
2127990684,cross-system,98
2237716913,cross-system,3408
2206555903,human,37
2154798067,cross-system,1465
2154798086,cross-system,1997
2154798103,cross-system,1781
2154798127,cross-system,912
2096492415,cross-system,241
2182725108,cross-system,229
2186298360,human,111
2096498559,human,123
2160085099,cross-system,1900
2160085100,cross-system,1937
2168962256,human,115
2143569615,cross-system,891
2175223765,human,113
2101497689,cross-system,2183
2205116047,human,125
2139381096,cross-system,2271
2139381106,cross-system,1795
2136864048,cross-system,461
2428819112,cross-system,245
2428819129,cross-system,243
2428819142,cross-system,138
2173674925,cross-system,374
2173674928,cross-system,263
2214230542,human,284
2214233660,human,18
2214234181,human,18
2214235208,human,201
2110671418,cross-system,626
2172966193,human,84
2153557009,cross-system,104
2141172731,cross-system,196
2133196710,human,16
2094844737,cross-system,308
2100790867,cross-system,383
2137226968,cross-system,281
2216232050,human,32
2137592561,cross-system,671
2137592566,cross-system,725
2137592569,cross-system,1213
2137592577,cross-system,1449
2135022474,cross-system,172
2135022583,cross-system,405
2106193222,human,18
2103303560,cross-system,938
2153939289,human,65
2112123696,cross-system,172
2112123721,cross-system,389
2095877812,human,4
2150669387,human,20
2218581567,human,86
2183621569,cross-system,242
2116709923,human,8
2217800437,human,19
2126437817,human,35
2145702860,human,136
2145695689,cross-system,890
2145695695,cross-system,1766
2138398896,human,16
2138400100,human,25
2138401314,human,17
2138408406,human,103
2154792468,cross-system,1194
2146820925,cross-system,1310
2146820927,cross-system,2621
2146820928,cross-system,2901
2210655467,human,208
2103791250,human,18
2181182384,human,176
2115614264,cross-system,285
2135634831,human,60
2094625774,cross-system,209
2094625781,cross-system,177
2167061850,cross-system,2265
2167061855,cross-system,7812
2167061864,cross-system,1518
2167061873,cross-system,1939
2131977103,cross-system,336
2160896828,cross-system,355
2094168354,cross-system,562
2094168355,cross-system,235
2145699681,cross-system,973
2216921666,human,1555
2160016177,cross-system,21052
2099930760,cross-system,220
2140365132,human,125
2176134457,cross-system,3135
2205157747,human,85
2205165399,human,70
2156329598,cross-system,130
2150461424,cross-system,1414
2187848906,human,23
2096509755,human,27
2157670423,cross-system,365
2157670430,cross-system,152
2145713520,cross-system,1521
2098339807,human,10
2099235107,cross-system,446
2160889182,human,43
2114987120,human,58
2135649396,human,20
2136679991,cross-system,2712
2124610229,human,35
2140204392,human,169
2370534305,cross-system,147
2370534328,cross-system,251
2130705677,cross-system,273
2098741970,cross-system,817
2145699283,human,58
2101553490,human,68
2178727268,cross-system,1709
2191267249,human,4
2118079352,human,1277
2151601383,cross-system,526
2124628226,human,181
2115614565,cross-system,470
2181045555,human,15
2095629004,cross-system,284
2095629022,cross-system,251
2095629027,cross-system,405
2235904268,cross-system,479
2235904291,cross-system,256
2235904299,cross-system,273
2099268462,cross-system,275
2094246005,cross-system,161
2136614169,cross-system,336
2136614175,cross-system,383
2144399969,human,79
2205033025,cross-system,445
2205033047,cross-system,445
2205033058,cross-system,219
2094095920,cross-system,235
2107448779,human,23
2107449731,human,100
2107450184,human,42
2107451256,human,75
2107454334,human,79
2107455854,human,21
2129357287,cross-system,1271
2098605179,cross-system,370
2097183617,human,87
2097192213,human,216
2097208590,human,11
2097211133,human,174
2101750671,cross-system,1258
2101750675,cross-system,3353
2237993661,cross-system,3444
2129150748,human,106
2231890928,cross-system,405
2231890943,cross-system,456
2100990783,cross-system,244
2100990791,cross-system,160
2125681204,cross-system,224
2166287286,cross-system,272
2145691020,human,134
2152510803,human,93
2152511730,human,93
2210736139,human,84
2210738120,human,91
2210741672,human,70
2094858328,cross-system,220
2096964477,cross-system,321
2096964480,cross-system,197
2127005977,cross-system,271
2126435759,cross-system,955
2146821505,cross-system,951
2146821506,cross-system,2303
2146821507,cross-system,1983
2146821508,cross-system,2477
2137853977,cross-system,5960
2203427818,cross-system,158
2195231063,human,60
2226677211,human,61
2105497152,cross-system,174
2184205160,cross-system,5192
2101228844,human,692
2244112724,human,73
2131056875,cross-system,921
2193011788,human,290
2174296334,human,184
2174296475,human,81
2094175660,cross-system,523
2134202354,cross-system,173
2217805271,cross-system,1753
2094203570,cross-system,381
2094203573,cross-system,244
2094203574,cross-system,392
2098622055,cross-system,172
2096516948,human,5
2145218021,cross-system,439
2145218026,cross-system,201
2145218031,cross-system,192
2167338850,human,155
2243146908,cross-system,2985
2173987181,cross-system,182
2173987182,cross-system,1516
2217687470,cross-system,380
2217687471,cross-system,202
2217687475,cross-system,546
2214355200,human,55
2226715536,cross-system,953
2232958669,cross-system,33717
2202901235,cross-system,1870
2204210021,cross-system,313
2204210045,cross-system,202
2204210055,cross-system,362
2204210067,cross-system,715
2140685616,cross-system,1940
2140685624,cross-system,2389
2136047667,cross-system,1672
2133049240,cross-system,1347
2133049256,cross-system,1360
2133049264,cross-system,1938
2173819328,cross-system,2833
2147333736,cross-system,298
2217980653,cross-system,4474
2100919672,cross-system,302
2100919687,cross-system,122
2219209543,cross-system,667
2228592944,cross-system,1368
2228592948,cross-system,697
2094584796,human,26
2143938136,human,177
2101890646,cross-system,256
2101890651,cross-system,290
2101890656,cross-system,272
2101890659,cross-system,297
2140883020,human,35
2094627558,cross-system,203
2094627560,cross-system,282
2181945626,cross-system,959
2158309196,human,13
2168891278,human,66
2126964514,human,11
2211365285,human,38
2143779929,human,209
2094180107,cross-system,3134
2179933600,cross-system,2169
2129529746,cross-system,2190
2202960600,cross-system,591
2202960603,cross-system,720
2133241009,human,26
2094171216,cross-system,192
2096581127,cross-system,334
2096581133,cross-system,239
2174669073,human,20
2104823907,human,155
2182887270,human,125
2112157179,human,445
2139605900,human,72
2184445803,human,345
2160371947,human,139
2168879370,human,90
2127742742,human,59
2134001283,cross-system,1074
2134001285,cross-system,1083
2134001286,cross-system,2622
2134001287,cross-system,2355
2134001288,cross-system,1521
2134001289,cross-system,854
2134001290,cross-system,2409
2204013338,cross-system,191
2204013349,cross-system,381
2182725843,cross-system,1198
2182725848,cross-system,876
2202841506,human,154
2202842748,human,379
2202846863,human,501
2202848480,human,63
2202854166,human,238
2202854547,human,378
2133197727,cross-system,7389
2187210727,human,18
2137518415,cross-system,2395
2117738761,cross-system,115
2117738763,cross-system,1193
2097674873,human,25
2145265404,cross-system,435
2174532857,cross-system,2559
2174532863,cross-system,2438
2094629420,cross-system,163
2240332095,human,250
2151333499,human,47
2189746758,cross-system,4423
2189746760,cross-system,5125
2189746764,cross-system,2965
2189746767,cross-system,1812
2189746771,cross-system,3792
2189746773,cross-system,2298
2241553328,cross-system,242
2241553331,cross-system,303
2217804710,human,216
2168437946,human,46
2136871487,human,257
2144298388,human,341
2229026540,human,217
2116254146,cross-system,2046
2116254150,cross-system,1208
2116254155,cross-system,1682
2107996935,human,60
2230264110,cross-system,218
2094265613,cross-system,202
2153747500,human,158
2153749489,human,16
2153749567,human,152
2097932542,human,16
2095092096,human,9
2118294302,cross-system,304
2184106309,cross-system,2811
2136212327,cross-system,524
2151333958,cross-system,1957
2115613967,cross-system,218
2216984347,human,72
2144308053,cross-system,255
2145538371,cross-system,1148
2145538376,cross-system,1367
2145538377,cross-system,1591
2098349353,cross-system,114
2098349365,cross-system,140
2095824653,cross-system,236
2095824678,cross-system,201
2095824695,cross-system,386
2127095540,human,3
2127095758,human,3
2098534685,cross-system,196
2098534695,cross-system,145
2103650384,human,43
2163320934,cross-system,67
2163320954,cross-system,183
2163320963,cross-system,90
2163320970,cross-system,50
2163320986,cross-system,62
2163320996,cross-system,60
2163321002,cross-system,80
2163321006,cross-system,234
2163321015,cross-system,64
2163321020,cross-system,35
2163321023,cross-system,223
2163321039,cross-system,65
2141253238,human,17
2189229804,cross-system,544
2189229817,cross-system,345
2189229825,cross-system,623
2189229838,cross-system,509
2189229846,cross-system,272
2189229854,cross-system,411
2189229874,cross-system,590
2189229883,cross-system,320
2189229891,cross-system,365
2189229898,cross-system,550
2189229910,cross-system,342
2189229915,cross-system,342
2371596099,cross-system,2788
2096519209,cross-system,134
2096520657,cross-system,189
2096520665,cross-system,335
2096521256,cross-system,155
2096521689,cross-system,123
2099322583,human,284
2135443949,cross-system,307
2181428208,cross-system,3279
2181428211,cross-system,1751
2181428213,cross-system,2977
2137978937,cross-system,859
2137978945,cross-system,756
2094646156,cross-system,200
2115613719,cross-system,149
2115613726,cross-system,164
2137253142,cross-system,1196
2137253155,cross-system,164
2137253163,cross-system,1032
2137253169,cross-system,957
2103807256,cross-system,506
2128048222,cross-system,2329
2128048225,cross-system,3371
2128048232,cross-system,3561
2128048244,cross-system,1396
2128048251,cross-system,2264
2128048253,cross-system,1894
2128048255,cross-system,4463
2128048260,cross-system,3204
2128048263,cross-system,1907
2128048266,cross-system,1727
2128048276,cross-system,5209
2128048280,cross-system,1300
2128048283,cross-system,1299
2128048287,cross-system,1579
2128048290,cross-system,1494
2128048291,cross-system,1685
2128048293,cross-system,1542
2128048296,cross-system,1535
2095873304,human,131
2178078771,cross-system,2526
2169456828,human,139
2094622430,cross-system,234
2214215951,cross-system,1081
2119371592,cross-system,2084
2153018468,cross-system,862
2131321697,human,29
2100598657,human,592
2153506491,human,272
2098269074,cross-system,1447
2095139921,cross-system,302
2095139934,cross-system,458
2124872155,cross-system,1057
2145712449,human,53
2096187551,human,43
2193029577,human,136
2379273537,cross-system,3057
2141748952,human,103
2130046755,human,748
2100721637,cross-system,437
2100721647,cross-system,348
2125961588,cross-system,643
2125961590,cross-system,555
2125961597,cross-system,657
2125961600,cross-system,783
2125961603,cross-system,293
2125961607,cross-system,388
2125961608,cross-system,624
2167537829,cross-system,561
2127972430,cross-system,125
2127972434,cross-system,143
2140795113,human,133
2140157750,human,33
2147460388,cross-system,1983
2147460390,cross-system,1041
2147460391,cross-system,2064
2147460393,cross-system,1019
2147460394,cross-system,1637
2147460395,cross-system,1960
2147460396,cross-system,1754
2147460398,cross-system,1269
2126270627,cross-system,344
2126270634,cross-system,577
2126270636,cross-system,145
2184436742,human,105
2113397808,human,1
2101248978,cross-system,242
2201936886,cross-system,885
2113121932,cross-system,2751
2229169974,human,397
2217014095,cross-system,7071
2094585925,cross-system,167
2130897944,cross-system,1473
2187849331,cross-system,2058
2094625477,cross-system,299
2099208526,human,149
2142024613,human,137
2150369205,human,504
2133573990,cross-system,218
2104813471,human,186
2098952112,cross-system,240
2098952114,cross-system,521
2111192158,cross-system,1730
2111192170,cross-system,4364
2115616714,cross-system,269
2115616719,cross-system,76
2115616726,cross-system,95
2094438915,cross-system,204
2094438917,cross-system,410
2182271444,human,17
2182271801,human,17
2182271918,human,17
2182273470,human,17
2182274147,human,39
2182274584,human,17
2182274928,human,40
2161802350,human,117
2131428333,cross-system,1289
2131428334,cross-system,1505
2177204279,cross-system,717
2108563446,human,51
2124488538,cross-system,278
2124488555,cross-system,145
2232957800,human,24
2157715126,cross-system,298
2157715136,cross-system,152
2110997738,human,17
2108068712,cross-system,22659
2141250139,human,132
2174833667,cross-system,1843
2177642553,cross-system,2408
2177642561,cross-system,2140
2099016334,cross-system,291
2099016343,cross-system,331
2136711437,human,136
2176250124,cross-system,131
2176250128,cross-system,180
2176250130,cross-system,171
2176250133,cross-system,173
2099129087,cross-system,557
2160369663,cross-system,375
2237641850,cross-system,11304
2222266085,cross-system,1191
2140417505,cross-system,714
2141230166,cross-system,2402
2141230168,cross-system,1839
2141230171,cross-system,1333
2230096846,cross-system,4255
2127741197,human,97
2107475151,human,53
2188781504,cross-system,1929
2240088514,cross-system,3098
2093778112,cross-system,259
2101187358,human,60
2140875245,cross-system,1859
2203048690,human,38
2095737695,cross-system,307
2094601549,cross-system,222
2232973930,cross-system,34565
2134814687,cross-system,214
2195000638,cross-system,3252
2195000649,cross-system,2524
2198708626,cross-system,244
2232801593,human,65
2094800791,cross-system,496
2094800803,cross-system,327
2126966825,cross-system,1423
2126966829,cross-system,2609
2126966832,cross-system,3613
2216954193,human,344
2140743648,human,29
2136899480,cross-system,154
2136899486,cross-system,621
2136899488,cross-system,417
2094158076,cross-system,366
2094158077,cross-system,548
2187161277,human,148
2094620067,cross-system,138
2133144798,cross-system,613
2133144802,cross-system,698
2133144804,cross-system,776
2133144805,cross-system,595
2133144806,cross-system,629
2133144807,cross-system,729
2133144809,cross-system,941
2133144810,cross-system,1075
2133144812,cross-system,738
2133144813,cross-system,944
2133144815,cross-system,952
2133144816,cross-system,752
2186750827,cross-system,754
2186750831,cross-system,1825
2186750832,cross-system,957
2186750836,cross-system,3893
2186750838,cross-system,4701
2097471658,human,18
2214511542,human,5
2094706948,human,110
2187849288,cross-system,14025
2101921292,cross-system,255
2101921305,cross-system,312
2101921313,cross-system,259
2124635335,human,136
2168315092,cross-system,233
2244161961,human,27
2094161411,cross-system,832
2219599210,cross-system,1100
2219599225,cross-system,907
2219599232,cross-system,1010
2164848441,human,34
2238649048,cross-system,1808
2217014038,cross-system,4539
2143824993,human,47
2215350094,cross-system,1988
2215350099,cross-system,2210
2215350106,cross-system,2047
2114957528,cross-system,121
2115615560,cross-system,293
2114591390,cross-system,134
2187652314,cross-system,430
2140481054,cross-system,381
2141529006,human,148
2196851404,human,15
2110943712,human,98
2104178968,cross-system,281
2126662274,cross-system,1093
2167439779,human,18
2253382063,human,263
2232975688,cross-system,39385
2116133668,cross-system,346
2135782941,human,80
2214794394,human,22
2136963886,cross-system,220
2217668511,cross-system,132
2165124267,human,10
2099747760,cross-system,1971
2099747766,cross-system,3383
2126927432,cross-system,2000
2217677588,cross-system,240
2217677595,cross-system,344
2172990733,human,151
2099211802,human,78
2153497263,human,214
2110614736,human,15
2098686412,human,83
2182465903,cross-system,165
2182465913,cross-system,233
2103094235,human,487
2101257368,cross-system,176
2140940785,cross-system,1072
2140940788,cross-system,1549
2140940789,cross-system,1338
2115620715,cross-system,177
2115620737,cross-system,179
2115620758,cross-system,180
2115620766,cross-system,435
2244010414,cross-system,164
2093881463,cross-system,770
2093881465,cross-system,1614
2159775046,human,18
2181147926,human,75
2208144390,human,104
2182888507,cross-system,3907
2160027558,cross-system,3997
2186502284,cross-system,1441
2143265247,cross-system,1271
2107997664,cross-system,6801
2177386200,cross-system,565
2177386206,cross-system,564
2177386215,cross-system,561
2177386219,cross-system,574
2177386223,cross-system,570
2177386229,cross-system,518
2177386234,cross-system,635
2181205412,human,60
2129357931,cross-system,943
2107896762,human,22
2107897205,human,93
2107897490,human,29
2107897837,human,30
2107929877,human,77
2107930020,human,16
2107930597,human,51
2107930877,human,33
2107930976,human,11
2199604803,cross-system,209
2199604808,cross-system,208
2126666499,human,96
2160001692,cross-system,242
2217176920,cross-system,1125
2217176921,cross-system,189
2217176924,cross-system,146
2217176925,cross-system,227
2217176926,cross-system,332
2134137831,human,18
2136704259,human,25
2136706797,human,269
2159291680,cross-system,3084
2159291687,cross-system,2805
2157559849,cross-system,317
2157559853,cross-system,500
2157559857,cross-system,515
2173827385,cross-system,1789
2127935690,cross-system,303
2099931680,cross-system,152
2156945180,human,8
2094881350,cross-system,242
2094881356,cross-system,285
2139134757,cross-system,181
2139134762,cross-system,222
2159774838,human,18
2218482725,cross-system,258
2099361131,human,62
2192213513,cross-system,1066
2192213535,cross-system,741
2192213558,cross-system,1089
2192213573,cross-system,613
2192213578,cross-system,506
2192213595,cross-system,778
2192213613,cross-system,589
2192213624,cross-system,598
2129561367,human,689
2168880478,cross-system,2247
2140478407,cross-system,307
2113917851,cross-system,2397
2236249063,cross-system,2536
2236249079,cross-system,1811
2236249091,cross-system,1048
2236249098,cross-system,1057
2141508612,human,44
2141796461,cross-system,216
2182293861,human,41
2094168284,cross-system,243
2094168285,cross-system,186
2131794429,cross-system,313
2131794438,cross-system,206
2115615405,cross-system,224
2126906634,human,76
2168892219,cross-system,1973
2144728135,cross-system,270
2169474678,human,40
2148224419,human,104
2102878518,cross-system,197
2102878529,cross-system,169
2094736365,cross-system,261
2094736369,cross-system,260
2216715366,cross-system,966
2216715371,cross-system,189
2216715375,cross-system,549
2161074796,human,68
2102225661,human,37
2093906175,cross-system,169
2104178818,cross-system,123
2094510678,cross-system,310
2094510679,cross-system,114
2094510680,cross-system,273
2127587917,cross-system,176
2094086248,cross-system,395
2094086250,cross-system,333
2098300280,cross-system,186
2098300293,cross-system,576
2135912824,human,144
2135914659,human,61
2239285658,cross-system,3083
2096039491,cross-system,234
2202857188,human,338
2202858302,human,30
2127485592,cross-system,289
2151153745,human,111
2107861992,cross-system,284
2125645475,cross-system,4095
2112974939,cross-system,2223
2168232890,cross-system,268
2168232904,cross-system,360
2157584111,cross-system,1918
2162918673,human,89
2240549934,cross-system,2195
2240549943,cross-system,2371
2240549946,cross-system,1692
2240549947,cross-system,4278
2240549951,cross-system,1011
2240549953,cross-system,2397
2240549957,cross-system,2250
2157905717,human,63
2157906638,human,9
2157908330,human,179
2157909825,human,21
2159617556,human,13
2136722142,human,74
2094605632,human,32
2164345220,human,69
2217366136,cross-system,384
2217366137,cross-system,410
2217366140,cross-system,180
2170122258,human,4
2187880236,cross-system,1998
2214264272,cross-system,648
2181117043,cross-system,2032
2182678583,human,170
2192912297,human,14
2193440040,human,85
2154919953,human,76
2185697326,human,50
2185697665,human,11
2185699316,human,49
2182053840,human,208
2152129631,cross-system,854
2152129717,cross-system,348
2152129885,cross-system,517
2152130000,cross-system,478
2152130009,cross-system,140
2152130029,cross-system,208
2152130359,cross-system,119
2227678066,cross-system,406
2172886751,cross-system,361
2183887476,cross-system,334
2183887482,cross-system,470
2217475864,cross-system,130
2217475875,cross-system,186
2217475877,cross-system,135
2217475881,cross-system,197
2217475882,cross-system,108
2217475884,cross-system,96
2217475888,cross-system,163
2217475889,cross-system,115
2217475891,cross-system,343
2190183548,human,15
2151147589,cross-system,406
2151147591,cross-system,2207
2151147595,cross-system,433
2151147598,cross-system,907
2155817189,human,232
2252155656,human,111
2179151666,cross-system,1048
2142901862,cross-system,1509
2142901869,cross-system,2461
2142901873,cross-system,2349
2142901881,cross-system,1889
2250300465,human,59
2157826567,human,4
2155643724,human,49
2162617059,human,115
2180692104,human,54
2180695263,human,129
2180704679,human,106
2180760695,human,211
2180770796,human,30
2180771011,human,30
2180773415,human,64
2180792775,human,322
2180811452,human,15
2180821385,human,27
2180826147,human,15
2180839789,human,465
2180843694,human,13
2180845965,human,56
2180848614,human,66
2180859214,human,205
2180860098,human,31
2180869356,human,50
2189583068,cross-system,952
2155652487,human,242
2147416726,human,30
2205467593,human,121
2191434063,human,38
2175819369,cross-system,408
2175819372,cross-system,114
2167062502,human,46
2218645640,cross-system,552
2218645649,cross-system,486
2218645655,cross-system,883
2157424735,human,138
2228003528,same-system,3018
2365614488,human,58
2169843420,human,60
2208284343,cross-system,392
2404246065,human,68
2232147657,human,30
2149443086,human,30
2153457193,cross-system,168
2153457200,cross-system,365
2212965719,human,173
2212969623,human,411
2212970784,human,56
2191261017,human,85
2133085703,cross-system,191
2217345651,cross-system,331
2217345654,cross-system,210
2217345655,cross-system,365
2217345656,cross-system,358
2217345657,cross-system,143
2181180967,human,81
2181181041,human,4
2181181312,human,66
2159764868,human,71
2184011240,cross-system,1449
2166021876,human,72
2196727874,human,46
2300150378,human,51
2158680639,human,166
2330659744,human,243
2237216331,human,47
2181108330,cross-system,537
2181108357,cross-system,429
2181108387,cross-system,780
2181108401,cross-system,549
2181108428,cross-system,892
2181108449,cross-system,465
2181108472,cross-system,573
2181108845,cross-system,798
2181108868,cross-system,874
2181108885,cross-system,932
2249450907,same-system,2998
2208831454,cross-system,1626
2208831462,cross-system,7378
2208831468,cross-system,2027
2208831470,cross-system,1187
2178081565,cross-system,1860
2187342493,cross-system,3499
2197388417,cross-system,1268
2210536622,human,35
2202755091,cross-system,2753
2215649611,cross-system,7519
2215649621,cross-system,2811
2162603805,human,108
2202814436,cross-system,108
2202814437,cross-system,93
2228587768,cross-system,1366
2228587782,cross-system,580
2228587786,cross-system,912
2181465141,cross-system,1088
2178689616,cross-system,169
2217941577,cross-system,335
2155657989,human,37
2134726715,human,184
2177693179,human,122
2190507706,human,111
2181141235,human,46
2153824374,human,35
2193492844,human,54
2135748922,human,33
2330685190,human,172
2389490796,human,19
2195642756,human,219
2149448212,human,71
2224292232,cross-system,141
2224292241,cross-system,304
2210374174,human,41
2210382749,human,124
2168246081,human,47
2171317463,human,241
2142796688,cross-system,1455
2204940809,cross-system,225
2204940817,cross-system,498
2204940828,cross-system,170
2160501411,cross-system,484
2191951724,cross-system,317
2191951727,cross-system,368
2191951734,cross-system,1781
2203931207,cross-system,245
2178760079,cross-system,640
2178760089,cross-system,321
2178760099,cross-system,386
2178760112,cross-system,520
2162610487,human,141
2210278994,human,39
2162613935,human,88
2198808186,human,18
2200673117,cross-system,606
2200673128,cross-system,520
2200673133,cross-system,434
2200673138,cross-system,454
2200673142,cross-system,460
2138168701,cross-system,2326
2138168704,cross-system,3328
2138168713,cross-system,1371
2142653285,cross-system,1040
2179488973,human,121
2179489605,human,31
2179490016,human,20
2179490413,human,31
2179495848,human,130
2179501816,human,183
2179505203,human,50
2179508531,human,204
2190496840,human,65
2286975920,human,188
2216789075,human,78
2155659533,human,11
2365614665,human,18
2143375592,human,157
2143426053,human,202
2143429277,human,73
2143430880,human,73
2210847608,cross-system,684
2192825944,human,54
2330674998,human,63
2149443328,human,30
2218205699,human,120
2159240477,human,6
2159240618,human,28
2141248666,cross-system,3682
2188025504,cross-system,213
2188025507,cross-system,413
2182450284,human,51
2195870005,human,306
2186501813,human,72
2232309436,human,72
2232312749,human,60
2209917334,human,64
2178719617,cross-system,733
2178719629,cross-system,540
2178719726,cross-system,733
2185609561,human,45
2222470482,human,61
2222473338,human,41
2222498453,human,54
2157696681,human,22
2157696970,human,22
2173176567,human,355
2179991327,human,344
2179997713,human,199
2179999972,human,118
2180012879,human,391
2180023029,human,297
2180034650,human,162
2147417288,human,46
2239388798,cross-system,2350
2130911664,cross-system,1415
2151790830,human,48
2217021113,human,58
2246774609,human,5
2215931153,cross-system,360
2215931176,cross-system,523
2215931187,cross-system,594
2215931197,cross-system,445
2132984491,human,99
2209893764,human,52
2190678948,human,397
2172886715,cross-system,667
2217960029,human,297
2153278486,human,87
2227629210,cross-system,818
2222116477,cross-system,467
2222116500,cross-system,497
2222116508,cross-system,449
2222116519,cross-system,697
2222116528,cross-system,255
2222116533,cross-system,288
2168244550,human,204
2178698799,cross-system,723
2178698927,cross-system,836
2178699051,cross-system,707
2178699190,cross-system,529
2178699301,cross-system,534
2178699410,cross-system,585
2178699509,cross-system,544
2153444819,human,58
2153447002,human,208
2219382174,cross-system,2847
2219382181,cross-system,2748
2181533959,cross-system,1204
2176152304,human,18
2210305665,human,76
2218437807,cross-system,973
2228093957,cross-system,458
2202683142,human,9
2249453861,same-system,2910
2180545359,cross-system,173
2150242938,human,87
2151147248,cross-system,423
2151147249,cross-system,246
2151147250,cross-system,392
2151147251,cross-system,411
2151147252,cross-system,198
2167036267,human,137
2150159881,human,103
2169916246,human,125
2180802556,cross-system,128
2180802562,cross-system,159
2153443419,human,165
2193446720,cross-system,1437
2193446728,cross-system,819
2193446733,cross-system,481
2193446736,cross-system,168
2164002903,human,417
2217883552,cross-system,175
2217883555,cross-system,225
2217883559,cross-system,261
2217883563,cross-system,945
2329565549,human,17
2389493179,human,114
2187213606,human,10
2162608382,human,70
2185005523,human,51
2219484103,cross-system,547
2219484111,cross-system,989
2219484115,cross-system,525
2143661858,human,145
2404243582,human,191
2228177721,cross-system,364
2228177724,cross-system,586
2228177726,cross-system,364
2228177729,cross-system,659
2149450082,human,71
2191098305,human,64
2156976609,human,148
2156976780,human,75
2156977040,human,78
2161767333,human,189
2246774678,human,5
2162610358,human,52
2167298024,human,119
2167306436,human,11
2187213566,human,10
2136347443,human,32
2249441955,same-system,3164
2218489519,cross-system,326
2175567336,cross-system,101
2209730678,cross-system,3240
2209730686,cross-system,273
2169965693,human,385
2219613998,cross-system,1259
2365618092,human,70
2149443217,human,30
2176090664,cross-system,122
2176090669,cross-system,171
2176090672,cross-system,251
2173175356,human,114
2183415451,human,588
2183416161,human,587
2183416650,human,593
2183418629,human,595
2210033037,human,182
2134736524,human,119
2175405739,cross-system,150
2175405755,cross-system,290
2175405763,cross-system,193
2175405768,cross-system,434
2178408852,human,179
2210636301,human,5
2138168891,cross-system,2533
2138168900,cross-system,3165
2190500586,cross-system,1675
2151784572,human,4
2154941774,human,42
2233047736,cross-system,179
2233047738,cross-system,203
2233047741,cross-system,253
2233047743,cross-system,157
2233047744,cross-system,491
2214264196,cross-system,1191
2224583367,cross-system,425
2224583374,cross-system,405
2224583382,cross-system,360
2224583386,cross-system,338
2167497925,human,93
2188049637,cross-system,1801
2188049638,cross-system,2508
2249455801,same-system,3088
2191208219,human,156
2173527372,cross-system,2179
2173527373,cross-system,1398
2216907895,human,68
2158196630,human,209
2179777040,cross-system,326
2188246804,human,107
2188248237,human,39
2188249241,human,29
2188250487,human,36
2188251580,human,24
2188251908,human,6
2188253778,human,9
2188254169,human,17
2188254408,human,25
2188254601,human,5
2188255868,human,19
2243029356,cross-system,733
2190709873,human,38
2213402439,human,3
2178395510,human,391
2169349003,human,38
2150620545,human,218
2209439150,cross-system,557
2209439160,cross-system,516
2209439165,cross-system,576
2209439169,cross-system,945
2205052064,human,338
2201145730,human,79
2148864336,cross-system,261
2148864338,cross-system,281
2164347607,human,18
2143652420,human,208
2166939018,human,137
2166948551,human,135
2166958942,human,151
2166960568,human,51
2189573865,cross-system,1547
2165264247,cross-system,733
2166587417,cross-system,978
2158278359,human,83
2140309447,human,76
2159247276,human,16
2159248539,human,30
2365614597,human,61
2169954675,human,128
2205732707,human,38
2179301165,human,15
2347412712,same-system,2681
2205100829,cross-system,301
2205100845,cross-system,188
2171229096,human,11
2172805208,human,67
2176737290,cross-system,3352
2228355525,cross-system,4511
2193553742,human,242
2192913930,human,65
2217880487,human,130
2217880643,human,325
2217880881,human,120
2217881238,human,229
2217881476,human,168
2217881910,human,282
2217882354,human,1484
2217882925,human,2092
2217883736,human,91
2217883898,human,133
2217884183,human,355
2217884918,human,949
2231631669,human,214
2136409053,cross-system,346
2167507101,human,84
2167512391,human,66
2167515928,human,107
2173175918,human,186
2185883568,cross-system,276
2185883593,cross-system,234
2185883608,cross-system,206
2187075401,cross-system,2704
2218646250,cross-system,353
2218646265,cross-system,485
2187967734,cross-system,1533
2152718987,human,50
2222038503,cross-system,581
2222038511,cross-system,563
2222038530,cross-system,594
2185804004,human,18
2180756097,human,613
2217889187,cross-system,642
2217889188,cross-system,406
2204670512,cross-system,313
2183782743,cross-system,750
2200369596,cross-system,841
2200369600,cross-system,856
2200369603,cross-system,1323
2200369609,cross-system,898
2200369610,cross-system,956
2200369615,cross-system,876
2222103194,cross-system,559
2191204728,human,76
2193579830,human,61
2184465116,human,282
2187682387,cross-system,1160
2187682388,cross-system,2132
2195207638,human,51
2219490210,cross-system,1048
2219490216,cross-system,686
2232534722,cross-system,1305
2389499350,human,36
2154924923,human,120
2155654653,human,118
2166587176,cross-system,797
2161514921,cross-system,1836
2161514929,cross-system,1225
2161514938,cross-system,1679
2209895504,human,132
2219486023,cross-system,731
2166983836,human,61
2202507399,cross-system,2266
2187535387,human,300
2186145714,cross-system,432
2186145744,cross-system,293
2186145772,cross-system,393
2186145795,cross-system,463
2175418954,cross-system,182
2136581368,human,137
2186219656,cross-system,1513
2217018356,cross-system,3069
2217018358,cross-system,2966
2252158055,human,48
2136636389,cross-system,617
2136636396,cross-system,246
2136636400,cross-system,178
2219491632,cross-system,1253
2219491644,cross-system,366
2219491648,cross-system,526
2178410511,human,11
2143277194,human,131
2212709622,human,38
2166587549,cross-system,682
2167135913,human,86
2183785188,cross-system,750
2215895268,cross-system,2165
2215895269,cross-system,6885
2215895276,cross-system,1620
2215895282,cross-system,1531
2215895285,cross-system,2802
2215895290,cross-system,4721
2215895295,cross-system,1700
2216908567,human,2
2205466641,human,189
2224703969,cross-system,1494
2224703976,cross-system,474
2224703978,cross-system,519
2224703982,cross-system,570
2222116969,cross-system,451
2202755009,human,7
2185922878,cross-system,192
2185922892,cross-system,204
2185922901,cross-system,360
2185922904,cross-system,359
2185922911,cross-system,248
2136491981,human,25
2136584470,human,230
2271246005,human,50
2182398232,human,3
2159382446,human,187
2159383221,human,64
2234108306,cross-system,246
2234108307,cross-system,1098
2234108308,cross-system,316
2234108309,cross-system,263
2143744922,human,202
2202695957,cross-system,2843
2216435833,human,26
2186148166,human,70
2219092273,cross-system,2320
2219092281,cross-system,1783
2145519477,cross-system,284
2145519486,cross-system,218
2200790424,human,50
2200791819,human,45
2200796466,human,120
2200797484,human,32
2200800031,human,71
2179777305,cross-system,667
2216766749,human,147
2204599028,cross-system,746
2365614939,human,18
2178531834,human,40
2210847757,cross-system,431
2181500853,human,14
2162570921,human,81
2201574895,cross-system,333
2201574910,cross-system,499
2201574928,cross-system,1699
2201574946,cross-system,272
2165268492,cross-system,785
2165268498,cross-system,229
2165268501,cross-system,249
2187532472,human,302
2217864434,cross-system,529
2217864438,cross-system,593
2217864440,cross-system,401
2217864446,cross-system,256
2217864449,cross-system,234
2147417265,human,71
2190013789,cross-system,211
2162608279,human,49
2156030258,human,116
2162604636,human,67
2181517906,human,24
2213437598,human,67
2219601104,human,117
2219606989,human,414
2219607600,human,51
2219614522,human,164
2219617949,human,276
2219637934,human,211
2219663561,human,454
2219694369,human,819
2219696180,human,52
2219697549,human,58
2219700224,human,199
2176146257,cross-system,461
2176146270,cross-system,385
2176146501,cross-system,590
2176146519,cross-system,510
2176146708,cross-system,443
2176146719,cross-system,379
2404243531,human,192
2178711500,cross-system,750
2178711508,cross-system,915
2178711655,cross-system,315
2178711667,cross-system,541
2178711746,cross-system,391
2186672772,human,18
2186672912,human,82
2365615401,human,82
2233038334,same-system,2604
2233038335,same-system,2440
2246730657,human,9
2219373981,human,164
2182361371,human,68
2222687633,human,199
2158335368,human,46
2161923141,human,114
2216781622,human,105
2173175011,human,211
2318867729,human,79
2173565189,cross-system,243
2193431316,human,130
2193434367,human,57
2193436694,human,106
2193437656,human,76
2162616004,human,97
2163712632,human,22
2163715699,human,66
2181198377,cross-system,252
2181198524,cross-system,557
2167487127,human,113
2222274685,cross-system,682
2222274693,cross-system,679
2222274700,cross-system,691
2177421206,human,101
2205257824,human,2
2186145705,cross-system,236
2186145732,cross-system,284
2237214524,human,16
2205072744,cross-system,1225
2233015056,human,150
2180680715,human,119
2182430980,human,80
2182437745,human,331
2249457819,same-system,2915
2165264379,cross-system,935
2162607677,human,142
2181524094,human,24
2183388838,human,8
2160085599,cross-system,240
2185803889,human,81
2178860638,human,73
2178867064,human,360
2178871933,human,156
2178873148,human,182
2178906790,human,133
2180517981,cross-system,247
2217190147,cross-system,1900
2214781540,cross-system,262
2214781544,cross-system,168
2210847864,cross-system,506
2150123049,human,42
2177420341,human,102
2094112185,cross-system,129
2094112186,cross-system,195
2094112187,cross-system,214
2218439917,cross-system,276
2218439923,cross-system,1092
2152718528,human,31
2404243717,human,80
2143645008,human,86
2212814159,human,425
2212886252,human,215
2212903911,human,504
2212927227,human,497
2212929099,human,104
2212934395,human,133
2212939401,human,158
2212943159,human,329
2183311643,human,149
2183902944,cross-system,359
2155658772,human,36
2160084732,cross-system,242
2152379107,human,81
2152383506,human,60
2148838600,human,81
2219495980,cross-system,274
2224317342,cross-system,327
2224317350,cross-system,346
2228822751,cross-system,2423
2329574441,human,199
2169359125,human,43
2233017780,human,52
2178403980,human,301
2142828805,cross-system,2133
2142828825,cross-system,1345
2233011127,human,377
2163521485,cross-system,1308
2164340294,human,29
2208874630,human,96
2246730841,human,31
2191082632,human,109
2191083449,human,142
2191085334,human,18
2191085973,human,20
2191086311,human,17
2191087889,human,87
2191088117,human,18
2191088223,human,18
2191088458,human,18
2191088866,human,83
2191089147,human,18
2191089263,human,18
2191089780,human,45
2142617488,cross-system,1775
2142617496,cross-system,4845
2155795841,human,5
2155796131,human,53
2155650944,human,207
2149456177,human,224
2179266809,human,10
2179268642,human,70
2179270429,human,24
2179272365,human,23
2166587614,cross-system,810
2174913691,human,27
2152873913,human,180
2150122102,human,47
2233015521,human,139
2179777189,cross-system,490
2231589521,human,94
2160085416,human,30
2195954651,cross-system,1283
2186105669,cross-system,139
2186105857,cross-system,438
2186106014,cross-system,277
2186106100,cross-system,817
2186106217,cross-system,413
2186106259,cross-system,86
2179805003,human,56
2179806302,human,147
2179810435,human,100
2179812436,human,65
2157118294,human,429
2176060777,cross-system,461
2176060785,cross-system,385
2176060794,cross-system,373
2176060804,cross-system,510
2176061049,cross-system,441
2176061070,cross-system,379
2211016137,human,119
2140075090,cross-system,373
2205496676,human,1142
2186242794,cross-system,216
2186971571,cross-system,407
2186971574,cross-system,218
2186971575,cross-system,728
2186971576,cross-system,1397
2186971580,cross-system,1169
2202198195,cross-system,461
2202198197,cross-system,270
2202198199,cross-system,1127
2150149651,human,27
2150150807,human,36
2150151957,human,110
2150152438,human,39
2208243484,human,76
2187713822,cross-system,1548
2187713823,cross-system,1708
2187713826,cross-system,2583
2180601941,human,42
2222273457,cross-system,443
2222273466,cross-system,232
2224742529,cross-system,284
2224742536,cross-system,284
2224742545,cross-system,284
2224742551,cross-system,284
2224742559,cross-system,284
2224742564,cross-system,284
2224742571,cross-system,284
2224742575,cross-system,284
2224742580,cross-system,284
2224742588,cross-system,284
2224742595,cross-system,284
2224742599,cross-system,284
2224742602,cross-system,284
2224742611,cross-system,284
2224742615,cross-system,284
2224742620,cross-system,230
2224742626,cross-system,236
2207735097,cross-system,581
2161739820,human,515
2178514041,human,142
2185608412,human,80
2166990423,human,85
2224704722,cross-system,1166
2224704727,cross-system,933
2231160303,human,67
2231161645,human,18
2231170113,human,77
2231171391,human,66
2231172966,human,81
2231185421,human,188
2153271636,human,187
2184456654,human,346
2216446034,human,200
2187539065,human,300
2389490537,human,19
2209773891,human,173
2136354796,human,141
2204939198,cross-system,2657
2173535260,cross-system,239
2173535264,cross-system,189
2210334219,human,63
2218445575,cross-system,1460
2286975551,human,188
2151007257,human,21
2202804865,cross-system,2379
2202804867,cross-system,2199
2155791715,human,91
2155792158,human,113
2155793246,human,111
2155793539,human,61
2218440939,cross-system,355
2218440945,cross-system,404
2218440950,cross-system,615
2218440951,cross-system,674
2179777100,cross-system,575
2177773906,cross-system,171
2177773917,cross-system,170
2168463136,human,107
2215976196,cross-system,182
2215976207,cross-system,232
2215976227,cross-system,294
2215976247,cross-system,456
2154339940,human,76
2136612197,human,61
2165264274,cross-system,1082
2222041274,cross-system,660
2222041279,cross-system,383
2219493770,cross-system,378
2219493776,cross-system,383
2182679635,human,96
2162611999,human,89
2171228735,human,96
2330669552,human,394
2166587488,cross-system,518
2190125646,human,700
2205538003,human,63
2196903634,cross-system,1689
2232324110,same-system,2453
2172876381,human,18
2172876675,human,113
2172877441,human,69
2210323288,human,126
2198849255,human,81
2195662304,human,16
2170144268,human,107
2134090029,cross-system,1883
2212405818,human,6
2212406948,human,173
2389491158,human,37
2130911556,cross-system,761
2132037350,cross-system,1681
2132037353,cross-system,1348
2145998953,human,315
2222096559,cross-system,439
2180827847,human,44
2180831274,human,194
2180833254,human,243
2180835917,human,70
2180846272,human,220
2204069783,human,161
2204087195,human,297
2204095039,human,136
2204993556,cross-system,346
2204993561,cross-system,345
2204993565,cross-system,348
2204993567,cross-system,343
2204993568,cross-system,440
2204993573,cross-system,355
2204993578,cross-system,345
2204993582,cross-system,348
2204993586,cross-system,343
2210847517,cross-system,526
2330677808,human,112
2191261715,human,161
2160160690,cross-system,2340
2166986054,human,148
2130911103,cross-system,1089
2194688398,human,18
2192409782,cross-system,162
2182537019,human,50
2187688757,cross-system,1820
2193494009,human,83
2130911420,cross-system,1164
2249437429,same-system,2944
2215590558,human,141
2215648087,human,350
2215654643,human,255
2215678462,human,190
2215685335,human,273
2215692763,human,193
2215695174,human,149
2215695792,human,46
2215707273,human,831
2215715783,human,538
2215750908,human,74
2215757716,human,251
2215760131,human,126
2204491091,cross-system,135
2204491099,cross-system,148
2204491105,cross-system,151
2204491109,cross-system,144
2204491120,cross-system,217
2204491128,cross-system,210
2176224199,cross-system,371
2176224205,cross-system,432
2217966624,human,84
2165264324,cross-system,403
2206489270,cross-system,931
2159325496,human,6
2157590494,cross-system,113
2210847671,cross-system,710
2134736551,human,41
2140022692,human,133
2140026272,human,110
2189147896,cross-system,400
2189147897,cross-system,412
2189147898,cross-system,372
2301428982,human,724
2162326979,human,80
2133086717,human,7
2156034246,human,1353
2217779075,cross-system,314
2217779081,cross-system,283
2217779084,cross-system,415
2217779093,cross-system,328
2217779095,cross-system,431
2190477017,cross-system,1304
2150515035,human,324
2219375973,human,43
2156507070,cross-system,1265
2156507076,cross-system,1310
2147508895,cross-system,245
2147508897,cross-system,240
2203055338,human,18
2227388720,cross-system,322
2197748033,cross-system,611
2197748042,cross-system,702
2197748048,cross-system,431
2197748053,cross-system,618
2389500565,human,62
2329532010,human,148
2329539641,human,136
2329545864,human,114
2194776253,human,49
2216779914,human,46
2216365559,human,32
2198726805,cross-system,248
2224281149,cross-system,372
2224281179,cross-system,676
2153131647,human,57
2195220155,human,100
2199508299,cross-system,777
2173564790,cross-system,281
2173564791,cross-system,187
2173564792,cross-system,197
2185612308,human,21
2130910907,cross-system,1454
2169321076,human,133
2210385131,human,251
2207749148,human,43
2186526573,human,296
2217350382,cross-system,418
2217350384,cross-system,397
2233070234,same-system,2693
2172758280,human,22
2246980928,same-system,3045
2246980934,same-system,3124
2249081981,cross-system,698
2219497267,cross-system,217
2219497279,cross-system,1086
2219497288,cross-system,318
2219497295,cross-system,326
2219497304,cross-system,312
2219497313,cross-system,603
2212733464,human,20
2365615481,human,18
2172149972,cross-system,287
2134736271,human,18
2154929223,human,24
2140550064,human,62
2152719402,human,17
2186502067,human,18
2162570699,human,49
2218466741,cross-system,1798
2218466746,cross-system,417
2218466751,cross-system,596
2151750236,human,86
2248520552,same-system,2686
2179886517,human,35
2182535542,human,78
2222664587,human,16
2186508986,cross-system,3309
2186508991,cross-system,2386
2217469862,human,165
2117830325,cross-system,1153
2117830327,cross-system,1405
2117830328,cross-system,1344
2117830330,cross-system,1301
2149451028,human,71
2179777239,cross-system,579
2160177701,cross-system,294
2160177702,cross-system,78
2160177703,cross-system,110
2160375615,human,24
2175429654,cross-system,163
2404246278,human,153
2160190750,cross-system,308
2160190751,cross-system,284
2160190752,cross-system,182
2177661117,cross-system,232
2140410792,human,43
2130911249,cross-system,1204
2233635226,same-system,2891
2178388354,human,222
2187789107,cross-system,2094
2155644395,human,38
2181191412,cross-system,177
2181191559,cross-system,484
2181191743,cross-system,1109
2202683285,cross-system,3065
2224706507,cross-system,652
2224706514,cross-system,1467
2224706516,cross-system,311
2224706519,cross-system,393
2224706521,cross-system,1047
2216778095,human,67
2172364298,human,550
2222183192,cross-system,707
2190410977,cross-system,1462
2190410985,cross-system,1572
2190410998,cross-system,997
2148864714,cross-system,1714
2166587333,cross-system,532
2228562237,same-system,2535
2217368500,cross-system,165
2217368503,cross-system,272
2217368506,cross-system,558
2217368508,cross-system,398
2246769493,human,116
2249842387,human,52
2204998598,cross-system,1366
2204998608,cross-system,413
2150566611,human,212
2228855404,same-system,2735
2161756156,human,35
2180445992,cross-system,95
2145236861,cross-system,213
2179926233,cross-system,760
2179926524,cross-system,172
2209803585,human,89
2182820917,human,236
2156239110,human,75
2194422553,cross-system,1827
2194422567,cross-system,1832
2194422572,cross-system,1939
2194422581,cross-system,2121
2194422593,cross-system,1807
2194422598,cross-system,1187
2194422601,cross-system,1130
2194422609,cross-system,2467
2145529339,cross-system,218
2145529347,cross-system,236
2246734006,human,39
2204552377,cross-system,244
2204552418,cross-system,580
2204552433,cross-system,325
2181142083,cross-system,1916
2347433481,same-system,2773
2205252928,human,115
2168463417,human,32
2201147571,human,79
2201087498,human,115
2169246787,human,103
2193552296,human,115
2182455137,human,12
2228862903,cross-system,1863
2187897505,cross-system,865
2187897506,cross-system,1013
2187897507,cross-system,1065
2187897509,cross-system,1280
2187897510,cross-system,1050
2159369386,human,143
2209673486,human,22
2172138606,human,17
2157413071,human,83
2136086985,cross-system,212
2136086996,cross-system,196
2187892901,cross-system,2017
2187892902,cross-system,2112
2187892903,cross-system,1998
2187892904,cross-system,1467
2158703870,human,163
2193571750,human,136
2165218426,human,41
2165219630,human,59
2165220130,human,55
2149450280,human,71
2237208082,same-system,2447
2154926313,human,48
2159246364,human,60
2187655411,cross-system,1499
2187655412,cross-system,1046
2187655413,cross-system,1110
2187655414,cross-system,944
2180471205,human,96
2186226790,cross-system,511
2186226807,cross-system,394
2186226820,cross-system,636
2186226835,cross-system,608
2249477508,same-system,2895
2181481769,human,150
2181485144,human,45
2181495640,human,28
2195483650,human,58
2143083022,human,42
2179776987,cross-system,174
2184183601,cross-system,207
2184183618,cross-system,334
2184183627,cross-system,173
2184183639,cross-system,218
2132023553,cross-system,1702
2132023556,cross-system,1394
2132023561,cross-system,803
2130911614,cross-system,824
2221936056,cross-system,604
2221936062,cross-system,1033
2140062070,human,415
2200663122,cross-system,635
2200663129,cross-system,764
2200663135,cross-system,652
2200663144,cross-system,407
2200663166,cross-system,418
2200663173,cross-system,323
2200663181,cross-system,626
2169843996,human,13
2205530008,human,404
2200720236,cross-system,405
2200720254,cross-system,855
2200720260,cross-system,257
2187527585,human,298
2227629348,cross-system,482
2158693123,human,24
2138641978,human,786
2138643800,human,40
2152220883,human,39
2136174005,cross-system,237
2136174014,cross-system,213
2136174018,cross-system,300
2213579501,human,61
2213947703,human,11
2213948543,human,6
2213950537,human,99
2213952684,human,13
2213953591,human,9
2213954153,human,48
2213958223,human,80
2213959084,human,38
2213959407,human,5
2213960283,human,27
2173821094,cross-system,482
2222135374,cross-system,678
2222135377,cross-system,273
2222135383,cross-system,265
2222135394,cross-system,513
2222135401,cross-system,227
2222135405,cross-system,215
2222135411,cross-system,220
2222135422,cross-system,236
2222135430,cross-system,186
2222135433,cross-system,271
2180559637,cross-system,145
2140389543,human,27
2204996006,cross-system,451
2204996014,cross-system,521
2389490670,human,19
2219479446,cross-system,369
2158276140,human,92
2158280526,human,9
2158297378,human,12
2210636933,human,10
2157823338,human,37
2229035080,same-system,2548
2208226588,cross-system,2902
2217502769,cross-system,98
2217502773,cross-system,100
2217502780,cross-system,80
2217502781,cross-system,97
2217502786,cross-system,304
2217502787,cross-system,76
2217502788,cross-system,93
2217502789,cross-system,146
2217502790,cross-system,93
2217502791,cross-system,137
2217502792,cross-system,96
2217502793,cross-system,98
2217502794,cross-system,104
2217502795,cross-system,138
2217502796,cross-system,139
2217502798,cross-system,86
2217502799,cross-system,97
2217502800,cross-system,138
2217502811,cross-system,475
2217502822,cross-system,96
2205679475,human,112
2162617714,human,250
2197639495,cross-system,2548
2150131415,human,97
2155798222,human,131
2185609059,human,102
2181059035,cross-system,1115
2202753713,cross-system,1242
2202753714,cross-system,2193
2202753715,cross-system,1643
2218215111,human,761
2218219846,human,345
2166587255,cross-system,744
2143745600,human,81
2152221173,human,13
2330653857,human,228
2154927564,human,74
2210411705,human,30
2218424962,cross-system,257
2218424965,cross-system,205
2218424969,cross-system,258
2218424973,cross-system,258
2218424975,cross-system,258
2218424980,cross-system,743
2172892625,human,30
2172893498,human,70
2187527433,human,19
2249394924,same-system,2888
2191390845,human,64
2185960904,cross-system,360
2185960918,cross-system,243
2185960930,cross-system,253
2153834983,human,40
2178755322,cross-system,541
2216751876,human,55
2177785050,cross-system,188
2168315436,human,711
2218390378,human,836
2218399059,human,258
2365614796,human,32
2204941509,cross-system,309
2204941522,cross-system,160
2204941534,cross-system,279
2204941545,cross-system,166
2172886658,cross-system,460
2186105477,cross-system,234
2186105514,cross-system,400
2186105730,cross-system,358
2186105904,cross-system,543
2186106072,cross-system,635
2186106140,cross-system,689
2185565418,human,32
2172886686,cross-system,318
2252162340,human,196
2195650088,human,188
2182821419,human,19
2169383857,cross-system,296
2169383865,cross-system,334
2239347079,same-system,3378
2198600609,human,54
2138677703,human,3
2257600213,human,114
2205444746,human,159
2205451847,human,200
2204936953,cross-system,505
2199484301,cross-system,234
2199484304,cross-system,204
2199484308,cross-system,837
2199484311,cross-system,1145
2199484315,cross-system,1145
2199484317,cross-system,1145
2199484319,cross-system,1145
2199484320,cross-system,1145
2199484321,cross-system,1145
2199484325,cross-system,1145
2199484329,cross-system,1145
2199484332,cross-system,1145
2199484336,cross-system,161
2199484340,cross-system,325
2199484342,cross-system,890
2199484345,cross-system,443
2199484351,cross-system,283
2199484357,cross-system,161
2199484361,cross-system,280
2153301091,human,110
2217021350,cross-system,5179
2167074627,human,104
2167076761,human,78
2167080301,human,306
2167090897,human,801
2130278319,cross-system,1271
2130278329,cross-system,2052
2130278331,cross-system,2057
2130278334,cross-system,1484
2251275727,human,21
2251279035,human,21
2197636534,cross-system,375
2176152395,human,18
2186168732,human,97
2186168848,human,29
2232099019,human,94
2232106994,human,7
2232107656,human,33
2188088160,cross-system,1941
2190555053,human,92
2187535016,human,300
2203531517,human,96
2203532049,human,72
2239297676,same-system,3104
2365616349,human,629
2187779591,cross-system,1796
2233036819,same-system,2635
2165264355,cross-system,571
2143647729,human,168
2182534077,human,86
2185949976,cross-system,500
2185949987,cross-system,317
2185949998,cross-system,337
2169360771,cross-system,334
2169360783,cross-system,296
