# RQ2 | per review event: written-form flags (input for the review-form analysis)
id,actor,has_inline,has_summary
2859346556,human,True,False
2859358010,same-system,True,False
2861917678,human,True,True
2861958832,same-system,True,False
2861959195,same-system,True,False
2862022747,human,True,False
2862046625,same-system,True,False
3272405306,human,True,False
3272958481,human,True,False
2894005153,human,True,False
2894021884,same-system,True,False
2894035036,human,True,False
3031680997,same-system,True,True
3065508373,human,True,False
3065510692,human,True,False
3065527139,human,True,False
3065542167,same-system,True,False
3065566721,same-system,True,False
3065807888,human,True,False
3065862141,same-system,True,False
3067112761,human,True,False
3067166335,same-system,True,False
3067219731,human,True,False
3067279841,same-system,True,False
3067293009,human,True,False
3067357726,same-system,True,False
3067408237,human,True,False
3067558686,human,True,False
3073706650,human,True,False
3073718250,same-system,True,False
3074735156,human,True,False
3074770697,same-system,True,False
3102731205,human,False,False
3176920133,human,True,False
3176936759,same-system,True,True
3176977316,same-system,True,False
3177123504,human,True,False
3177124004,human,True,False
3179273931,same-system,True,False
3179274719,same-system,True,False
3222712211,human,True,False
3222714424,human,True,False
3222714844,human,False,False
2916163894,human,False,False
2919756759,human,False,False
2919799437,human,False,False
2920672214,human,False,False
2868952453,human,True,False
2868955806,same-system,True,False
2868957888,human,True,False
2868960909,same-system,True,False
2868964803,human,True,False
2868969728,same-system,True,False
2868998098,human,True,False
2869002134,same-system,True,False
2869067241,human,False,False
2908795566,human,False,False
2877749617,human,True,False
2877824940,same-system,True,False
2877825177,same-system,True,False
2877825412,same-system,True,False
2914926646,human,False,False
2915093043,human,False,False
2851619417,human,True,False
2851620917,human,True,False
2851623605,same-system,True,False
2851627439,same-system,True,False
2999279710,human,False,False
2999488785,human,False,False
3037645390,human,False,False
3037646713,same-system,False,True
3078372415,human,False,False
3078667023,human,False,False
2879552866,human,False,False
2879649007,human,False,False
3024144436,human,False,True
3024243052,human,True,False
3024286959,same-system,True,False
3048561839,human,True,False
3048571705,human,True,False
3048619082,same-system,True,False
3048619275,same-system,True,False
2857096998,human,False,True
2857200434,human,True,False
2857211222,same-system,True,False
2857317776,human,True,False
2857321739,same-system,True,False
2860033401,human,True,False
2860048093,same-system,True,False
2860048680,same-system,True,False
2860049515,same-system,True,False
2860050049,same-system,True,False
2860080027,human,True,False
2860813663,human,True,False
2855166096,human,False,True
3036848247,human,False,False
2918255827,human,True,False
2918286106,same-system,True,False
2922757466,human,False,False
2922804889,human,False,False
2879571876,human,True,False
2879589709,same-system,True,False
2879777306,human,False,False
2877110331,human,True,False
3022478369,human,False,True
2862570272,human,True,False
2862580358,same-system,True,False
2895103311,same-system,True,True
2966904377,human,False,False
2966935065,human,False,False
2967068745,human,False,False
2987760990,human,True,False
2987765770,same-system,True,False
3002422370,human,True,False
3002430720,same-system,True,False
2976131672,human,False,True
3053983316,human,True,False
3053995932,same-system,True,False
3053996018,same-system,True,False
3053997779,human,True,False
3054004791,same-system,True,False
3054005378,same-system,True,False
2942005327,human,False,False
2995131887,human,True,False
2995170897,same-system,True,False
2995170972,same-system,True,False
2995171037,same-system,True,False
2995171102,same-system,True,False
2995171156,same-system,True,False
2995171245,same-system,True,False
2995172308,same-system,True,False
2995187178,human,True,False
2995208083,same-system,True,False
2995208212,same-system,True,False
2995208362,same-system,True,False
2995377637,human,False,False
2984454361,human,True,False
2984454756,human,True,False
2984455200,human,True,False
2984455377,human,True,False
2984459547,same-system,True,False
2984463844,human,True,False
2984476374,same-system,True,False
2984476432,same-system,True,False
2984476484,same-system,True,False
2984497791,same-system,True,False
3109911589,human,True,False
3109945392,human,False,True
3053706516,human,False,False
3053714934,human,False,False
3056400920,same-system,True,True
3056406533,human,True,False
3056666920,human,False,False
3056670568,human,False,False
2859750445,human,True,False
2859756808,same-system,True,False
2859756996,same-system,True,False
2859868796,human,True,False
2859877509,same-system,True,False
2859877780,same-system,True,False
2860227579,human,False,False
2985161980,human,True,False
2985163098,human,True,False
2985164464,human,True,False
2985164521,same-system,True,False
2985174042,same-system,True,False
2985174063,same-system,True,False
2985223045,human,True,False
2985231793,same-system,True,False
2985238039,human,True,False
2985250905,same-system,True,False
3090208361,human,False,True
2966866834,human,False,True
2967078176,human,False,False
2967146160,human,True,False
2967293806,human,True,False
2967300012,same-system,True,False
2967332342,human,True,False
2967342917,same-system,True,False
2967351817,human,True,False
2967378364,human,True,False
2967382203,human,True,False
3051714050,human,True,False
3051714865,human,True,False
3051781015,same-system,True,False
3051797255,human,True,False
3051804469,same-system,True,False
3051846649,same-system,True,False
3051848662,human,True,False
3051850440,human,True,False
3051903347,same-system,True,False
3051903646,same-system,True,False
3051931789,same-system,True,True
3058034585,human,True,False
3058251763,same-system,True,False
3060231774,human,True,False
3060243048,same-system,True,False
3060552516,human,True,False
3060815711,human,False,False
3060825034,human,False,False
3061220436,human,False,False
2989309130,same-system,True,True
2879615876,human,True,False
2879678197,same-system,True,False
2880046072,human,True,False
2880086838,same-system,True,False
2881791154,human,False,True
2881857289,human,True,False
2882005727,human,True,False
2882635449,human,True,False
2882638639,human,True,False
2882641885,human,True,False
2882745966,human,True,False
2882756703,human,False,True
2890216630,human,True,False
2890244511,human,True,False
2890244949,human,True,False
2890257612,human,True,False
2890262716,human,True,False
2890295478,human,True,False
2890299656,human,True,False
2890334053,human,True,False
2890549567,human,True,False
2890791157,human,True,False
2893115047,human,True,False
2893149371,human,True,False
2893997145,human,True,False
2894506982,human,True,False
2894639993,human,True,False
2900823175,human,True,False
2901174958,human,True,False
2901619214,human,False,True
2984648446,human,False,False
2984706884,human,False,False
2986200975,human,False,False
2986658889,human,False,False
2968471294,human,False,False
2990601847,human,False,True
2990640281,human,False,True
2990675565,human,False,True
2991148975,human,False,True
2991156357,human,False,True
2940144366,human,False,False
2940214266,human,False,False
2999508581,human,True,False
2999666309,same-system,True,False
2999701549,human,True,False
2999753664,same-system,True,False
2999800953,human,False,False
2999916109,human,True,False
3000018644,same-system,True,False
3000022671,same-system,True,False
3000311438,human,False,True
2904428927,human,True,False
2904438529,human,True,False
2904486654,same-system,True,False
2904507426,same-system,True,False
2907134138,human,True,False
2907135198,human,True,False
2907137857,human,True,False
2907147035,same-system,True,False
2907161897,same-system,True,False
2907162013,same-system,True,False
2907171378,human,True,False
2907173261,human,True,False
2907173371,human,True,False
2907179808,human,True,False
2907193015,same-system,True,False
2907193411,same-system,True,False
2907211652,same-system,True,False
2907213415,human,True,False
2907213485,human,True,False
2907213569,human,True,False
2907213580,human,True,False
2907214950,same-system,True,False
2907216277,same-system,True,False
2908136651,human,True,False
2908145019,same-system,True,False
2908156102,human,True,False
2908168932,same-system,True,False
2908224957,human,True,False
2908235639,human,True,False
2908236509,human,True,False
3048603035,same-system,True,True
3048647309,human,False,False
3048654901,human,False,False
3048660760,human,False,False
2968226860,cross-system,False,True
2968942610,cross-system,False,True
2968963160,human,False,False
2968963474,cross-system,False,True
3022979018,human,True,False
3023006263,same-system,True,False
3023006417,same-system,True,False
3023006565,same-system,True,False
3028667037,human,False,True
3031779493,human,True,False
3033569920,human,True,False
3036356332,human,True,False
3036378388,human,True,False
3036382781,human,True,False
3036402991,human,True,False
3036429333,human,True,False
3036436553,human,True,False
3036605704,human,True,False
3036609527,human,True,False
3036637369,human,True,False
3036786006,human,False,True
3046589410,human,True,True
3049740417,human,False,False
2979175081,human,False,True
2979344881,human,True,False
2979355832,same-system,True,False
3171766633,human,False,True
3176445983,human,False,True
3017449045,human,False,True
3020295428,human,True,False
3020312359,human,True,False
3021381193,human,False,False
3070775468,human,False,False
3070777669,human,True,False
3070793019,same-system,True,False
3071211629,human,False,False
3071322405,human,False,False
3072574776,human,False,False
3035339617,same-system,False,True
3055607050,human,True,False
3055631207,human,True,False
3055671447,same-system,True,False
3108169413,human,False,False
2973088244,human,False,False
2963572695,human,False,True
2963625667,human,False,True
2966638163,same-system,True,True
2967348323,human,False,False
2967365470,human,False,False
2967587746,human,False,False
2967593354,human,False,False
2967593805,human,False,False
2910690562,human,True,False
2910707504,same-system,True,False
2910842317,human,True,False
2910846732,human,True,False
2910852362,same-system,True,False
2910858147,human,True,False
2910865634,same-system,True,False
2910872069,same-system,True,False
2910967039,human,True,False
2910972277,same-system,True,False
2910979630,human,False,False
2949035784,human,False,True
2949267715,human,False,False
2949277900,human,False,False
3053922860,human,True,False
3053923933,human,True,False
3053929435,same-system,True,False
3053929511,same-system,True,False
3053941832,human,False,False
3055628557,human,False,False
3055981488,human,False,False
3055997726,human,True,False
3056044513,same-system,True,False
3056048851,human,True,False
3056052064,human,True,False
3056073776,same-system,True,False
3056083205,human,True,False
3056095116,same-system,True,False
3056115489,same-system,True,False
3056266458,human,True,False
3056285616,same-system,True,False
3056481244,human,True,False
3056487402,same-system,True,False
3056495972,human,True,False
3056498217,human,False,False
3056595985,human,False,False
2969093930,human,False,False
2969351955,human,False,False
2905599999,human,False,False
2905609326,human,True,False
2905614833,same-system,True,False
2962683014,human,False,False
2984645198,human,False,True
2986215062,human,False,False
2986325313,human,False,True
2966483710,human,False,False
3040881658,human,False,True
2969472805,human,False,True
2853465456,human,False,True
2853947765,human,True,False
2853979628,same-system,True,False
2853982991,human,False,True
2854056132,human,True,False
2854069425,human,True,False
2854075005,same-system,True,False
2854106253,same-system,True,False
2854204484,human,True,False
2854233399,same-system,True,False
2857108405,human,True,False
2857108502,human,True,False
2857125953,same-system,True,False
2857126438,same-system,True,False
2857177162,human,True,False
2857190439,same-system,True,False
2860590960,human,True,False
2860592937,human,True,False
2860617384,same-system,True,False
2860821521,human,True,False
2861055468,human,True,False
2861091247,same-system,True,False
2867973326,human,False,False
2891849832,human,True,False
2891850294,human,True,False
2891850943,human,True,False
2891851777,human,True,False
2891852456,human,True,False
2891854065,human,False,False
3020717211,human,False,True
3020118095,human,True,False
3020237225,same-system,True,False
3020448460,human,True,False
3020499492,same-system,True,False
3020938673,human,True,False
3020939709,human,True,False
3020988477,same-system,True,False
3021027151,same-system,True,False
2995227016,human,True,False
2995262504,same-system,True,False
2995265266,human,True,False
2995292633,same-system,True,False
2969610524,same-system,False,True
2971543521,human,False,False
3072437552,human,True,False
3072439090,human,True,False
3072522129,same-system,True,False
3072557795,same-system,True,False
3072744878,human,True,False
3072822560,same-system,True,False
3073372752,human,True,False
3073391565,same-system,True,False
3073687923,human,False,True
3073780955,human,False,False
3073864390,human,False,False
3075926831,human,False,False
2916177042,same-system,True,True
2905707066,human,True,False
2905723610,same-system,True,False
2905949953,human,False,False
2906028137,human,False,False
2906087010,human,False,True
3028955221,human,True,False
3028978009,same-system,True,False
3028978083,same-system,True,False
3028978183,same-system,True,False
3028978313,same-system,True,False
3017182843,human,True,False
3017184619,human,True,False
3017195059,same-system,True,False
3017213279,same-system,True,False
3017222210,human,True,False
3017231605,same-system,True,False
3020589909,human,False,False
3021032885,human,True,True
3021044657,same-system,True,False
3006816074,human,False,True
3007559811,human,False,True
3011932240,human,False,False
3012139428,human,True,False
3012143341,human,False,True
3012144173,same-system,True,False
3012153618,human,True,False
3012160047,human,False,False
3016477310,human,True,False
3017268675,human,True,False
3030189782,human,False,False
2889270724,same-system,True,False
2889271101,same-system,True,False
2889271395,same-system,True,False
2889271692,same-system,True,False
2889271957,same-system,True,False
2889272212,same-system,True,False
2889273163,same-system,True,False
2889273539,same-system,True,False
2889298198,human,True,False
2889306455,same-system,True,False
2890940605,human,True,True
2890955902,same-system,True,False
2890956435,same-system,True,False
2895680822,human,False,False
2900240076,human,True,False
2900251725,same-system,True,False
2900266238,human,False,False
2905249539,human,False,False
2905268798,human,False,False
2905270157,human,False,False
2909826718,human,True,False
2910119465,human,True,False
2889782266,same-system,False,True
3056437463,human,True,False
3057410061,same-system,True,False
3071718554,human,False,False
3074247807,human,False,True
3113131343,same-system,True,True
2930543056,human,True,False
2930549037,same-system,True,False
2930559123,human,True,False
2930559602,human,True,False
2930564792,same-system,True,False
2930573039,same-system,True,False
2936002998,human,False,False
2937379384,human,True,False
2937398597,same-system,True,False
2938455980,human,False,False
2941319218,human,False,False
2941321567,human,False,False
2915157298,human,False,True
2915157391,human,False,True
2918557871,human,True,False
2918583550,same-system,True,False
2918592737,human,True,False
2918964615,human,False,False
2922024661,human,True,False
2922030486,human,True,False
2922041204,same-system,True,False
2922069185,same-system,True,False
2922111733,human,True,False
2922116064,human,True,False
2922119798,same-system,True,False
2922276386,human,False,False
2940176222,human,False,False
2940470027,human,False,False
3001076659,human,True,True
3001111231,same-system,True,False
2921809936,human,True,False
2921815166,same-system,True,False
2959066592,human,True,True
2959071693,human,False,True
2959083731,same-system,True,False
2961401387,human,False,False
2961499786,human,False,False
2961562295,human,False,False
3014446903,human,True,False
3014448826,same-system,True,False
2978664368,human,True,False
2978689966,same-system,True,False
2978728633,human,True,False
2978742265,same-system,True,False
2980040522,human,True,False
2982193479,human,True,False
3025756219,human,False,True
3025766815,human,True,True
3025868042,same-system,True,False
3025868131,same-system,True,False
3025868219,same-system,True,False
3025868306,same-system,True,False
3025868401,same-system,True,False
3025868495,same-system,True,False
3025989915,human,False,False
3027438930,human,False,False
3035713918,human,False,True
3035844931,human,False,False
2978457022,human,True,False
2978486884,same-system,True,False
2978904436,human,True,False
2978927950,same-system,True,False
2979353716,human,True,False
2979470819,same-system,True,False
2985712703,human,True,True
3009512435,human,False,False
2901252403,same-system,False,True
2941565229,human,False,False
3002041554,human,False,False
2948344557,human,False,True
2948380391,same-system,False,True
2995017018,human,False,True
3029337790,human,False,False
2867752938,human,True,False
2867608980,same-system,True,True
2867627450,human,True,False
2867647493,human,False,False
3021308852,human,False,False
3025286843,human,False,False
3029015794,human,False,False
3029304596,human,False,False
3029520995,human,False,False
2855802542,human,False,True
2861288796,human,True,False
2861348069,human,True,False
2861348757,same-system,True,False
2861365151,same-system,True,False
2865019380,human,True,False
2865026386,same-system,True,False
2873490358,human,False,True
2873528727,human,False,False
2874906394,same-system,True,True
2874977685,human,False,True
2875134966,human,False,False
2981348632,same-system,False,True
2981374046,human,True,False
2981381445,same-system,True,False
2981455684,human,True,False
2981457272,human,False,True
2981502586,human,True,False
2981503936,human,True,False
2981524750,same-system,True,False
2932813109,human,True,False
2941471370,same-system,True,False
2941471487,same-system,True,False
2959977724,same-system,True,True
2931057966,human,False,False
2931062256,human,False,False
2931064133,human,False,False
3047885519,human,True,False
3047899946,same-system,True,False
3048124329,human,False,False
3048136029,human,True,False
3048137054,human,False,False
3048150277,same-system,True,False
3048159614,human,True,False
3048172309,same-system,True,False
2865086144,human,True,False
2865095256,same-system,True,False
2872443084,human,True,False
2872462013,same-system,True,False
2893937540,same-system,False,True
2925535763,human,True,False
2925572607,same-system,True,False
2926691778,human,True,False
2926714436,same-system,True,False
2926714520,same-system,True,False
2926714621,same-system,True,False
2937194499,human,False,False
2937325823,human,False,False
2937326989,human,False,False
3130173192,human,False,False
3054771279,human,False,True
3065957450,human,True,True
3066027415,same-system,True,False
2968793438,human,True,False
2968810411,same-system,True,False
2968810494,same-system,True,False
2968810542,same-system,True,False
2981386221,human,False,True
2981474682,human,False,True
2981572779,human,True,False
2981574585,human,True,False
2981576044,human,False,True
2981583820,same-system,True,False
2981604370,same-system,True,False
2981699732,human,False,True
2981805357,human,True,True
2981823205,same-system,True,False
2981850610,human,False,True
3047077369,human,False,True
3047122954,human,False,True
3047283698,human,True,False
3047287266,human,False,False
3047366383,same-system,True,False
3047543095,human,False,False
2857980373,same-system,True,False
2859506163,human,True,False
2860776830,human,False,True
2860861113,human,False,True
2861111988,human,False,False
2963451652,human,True,False
2963485924,same-system,True,False
2963485996,same-system,True,False
2963486309,same-system,True,False
2963491783,human,True,False
2963521774,same-system,True,False
2963537100,human,False,False
2964375498,human,True,False
2964401432,same-system,True,False
2964427952,human,True,False
2964446110,same-system,True,False
2964459473,human,False,False
2964695650,human,True,False
2853825065,human,True,False
2853848851,same-system,True,False
2853898717,human,True,False
2853926447,same-system,True,False
2855046587,human,False,False
2855339751,human,False,True
2855339985,human,False,True
2906095750,human,True,False
2906139714,same-system,True,False
2906140118,same-system,True,False
2906274850,human,True,False
2906308678,human,True,False
2906337606,human,True,False
2906337898,human,False,False
2906364094,human,False,False
2898047481,human,False,True
3011352444,human,True,False
3011365410,same-system,True,False
3075494834,human,True,False
3075533499,human,True,False
3105263708,human,False,False
3105519502,human,False,False
3018629828,human,True,False
3018634233,same-system,True,False
3020951797,human,False,False
3020980994,human,False,False
3021180268,human,False,False
3017449621,human,False,True
3021348846,human,False,False
3031893449,same-system,True,True
3033596808,human,False,False
2886044226,same-system,True,True
2886305588,human,False,False
2962661914,human,False,False
2878537465,human,True,False
2878551320,same-system,True,False
2878608095,same-system,True,False
2880410697,human,False,False
2881708178,human,False,False
2897797301,human,True,False
2897812883,same-system,True,False
2897813151,same-system,True,False
2897813425,same-system,True,False
2897828622,human,False,False
2897832099,human,False,False
2897861881,human,False,False
2898017062,human,False,True
3206731296,human,False,True
2987893479,same-system,False,True
2988125595,human,True,False
2988145405,same-system,True,False
2988156519,human,True,False
2988190058,same-system,True,False
2947103504,human,True,False
2947130579,same-system,True,False
2947130839,same-system,True,False
2947131158,same-system,True,False
2947260594,human,True,False
2947281574,same-system,True,False
2947281825,same-system,True,False
3025764617,human,True,False
3025795030,same-system,True,False
3025796165,human,False,True
3029236858,human,True,False
3029241106,human,False,True
3029296936,same-system,True,False
3029373422,human,True,False
3029375073,human,True,False
3029400260,same-system,True,False
3029428544,same-system,True,False
3032866352,human,True,False
3032888680,same-system,True,False
3032914568,human,True,False
3034037453,human,True,False
3034054392,same-system,True,False
3034065033,human,True,False
2918081884,human,True,False
2918100060,same-system,True,False
2918107849,human,True,False
2918111704,human,True,False
2918158391,same-system,True,False
2918172928,human,True,False
2918175275,human,True,False
2918195059,same-system,True,False
2918218976,same-system,True,False
2918251909,human,True,False
2918257769,same-system,True,False
2918448948,human,True,False
2918450831,human,True,False
2918460710,same-system,True,False
2918466687,same-system,True,False
2918470150,human,True,False
2918471750,human,True,False
2918475205,same-system,True,False
2918495545,human,True,False
2918767495,human,True,False
2918770891,same-system,True,False
2918828105,human,True,False
2918830783,same-system,True,False
2918894886,human,True,False
2918897407,same-system,True,False
2918899927,human,True,False
2918913736,human,True,False
2918916409,same-system,True,False
2918922041,human,True,False
3071535849,human,False,True
3071608071,human,False,True
3072750831,human,False,False
2970829243,human,True,False
2970862315,same-system,True,False
2970873022,human,True,False
2970963318,same-system,True,False
2970963393,same-system,True,False
2970963498,same-system,True,False
2979697145,human,False,False
2993324252,human,False,False
2993513943,human,False,True
2862918005,human,True,False
2862918690,human,True,False
2862919272,human,True,False
2862920664,same-system,True,False
2862922813,human,True,False
2862924481,same-system,True,False
2862924635,same-system,True,False
2862936723,same-system,True,False
2862945430,human,True,False
2862945555,human,True,False
2862945613,human,True,False
2862965777,same-system,True,False
2862967904,human,True,False
2862983585,same-system,True,False
2862983808,same-system,True,False
3071316405,human,False,False
3072282083,human,False,False
2867257294,human,True,False
2867259276,same-system,True,False
2862877384,human,True,False
2862882180,same-system,True,False
2862882275,same-system,True,False
2862883978,human,True,False
2862885990,same-system,True,False
2862926546,human,True,False
2862927771,same-system,True,False
2862928127,human,False,False
2862921589,human,True,False
2862929977,human,True,False
3026335509,human,True,False
3026339400,human,True,False
3026355623,same-system,True,False
3026382721,same-system,True,False
3026383141,same-system,True,False
3026501427,human,False,True
3028832242,human,False,False
3029890356,human,True,False
3029933592,same-system,True,False
3037913932,human,True,False
3037996513,same-system,True,False
3038221561,human,True,False
3038260885,same-system,True,False
3038575897,human,True,False
3038604873,same-system,True,False
3038738688,human,False,True
3038751334,human,False,False
3029010113,human,True,False
2973547417,human,False,True
2977637599,human,True,False
2977644186,same-system,True,False
2977781194,human,True,False
2977795720,same-system,True,False
2979148590,human,True,False
3055676195,human,False,False
3027811834,same-system,False,True
3028806547,human,True,True
3028815292,same-system,True,False
3036209086,human,False,True
3036244601,human,False,False
3000350246,same-system,False,True
2863306089,human,True,False
2863324112,same-system,True,False
2863357277,human,True,False
2863376520,same-system,True,False
2874063364,human,True,False
2874103034,same-system,True,False
3055934439,human,True,False
3055968277,same-system,True,False
3062135542,human,False,False
2853541247,human,False,True
2962965471,human,False,True
2969030688,human,False,False
2861088093,same-system,True,True
2861093241,human,True,False
2994808060,human,True,False
2994812043,human,True,False
2994812547,human,True,False
2994823954,human,True,False
2994825188,same-system,True,False
2994848219,same-system,True,False
2994848307,same-system,True,False
2994848398,same-system,True,False
2995676613,human,True,False
2995690090,same-system,True,False
2995786249,human,False,False
3026321372,human,True,False
3026328697,human,True,False
3015981199,human,True,False
3015982029,human,True,False
3015998781,same-system,True,False
3016005733,human,True,False
3016011448,same-system,True,False
3016012309,human,True,False
3016025991,same-system,True,False
3016026357,same-system,True,False
3019077462,human,True,False
2853680305,human,True,False
2853682649,human,True,False
2853707145,human,True,False
2853712793,human,True,False
2854202462,human,True,False
2855061234,human,False,False
3027225962,human,True,False
3027232912,human,True,False
3027236330,same-system,True,False
3027239924,human,True,False
3027240665,same-system,True,False
3027246331,same-system,True,False
2913267550,human,True,False
2913305214,same-system,True,False
2913305999,same-system,True,False
2913306694,same-system,True,False
2913307369,same-system,True,False
2913308399,same-system,True,False
2913309833,same-system,True,False
2913310772,same-system,True,False
2916594970,human,True,False
2916600902,same-system,True,False
2916623272,human,True,False
2916640352,same-system,True,False
3039184258,human,False,True
3039206132,human,False,False
3039823808,human,False,True
2989657575,same-system,False,True
2859370132,human,True,True
2859728102,human,True,True
3014013469,same-system,False,True
2982823666,human,True,False
2982830739,human,False,False
2982833437,human,False,False
2982835580,same-system,True,False
2982854678,human,False,False
2984327632,human,True,False
2984349500,same-system,True,False
2984400324,human,True,False
2984413391,same-system,True,False
2984464148,human,True,False
2988063574,human,True,False
2988071668,same-system,True,False
2988083067,human,True,False
2988083866,human,True,False
2988085890,same-system,True,False
2988104781,same-system,True,False
2994408097,human,True,False
2948567872,human,False,False
2979066141,human,True,False
2979070964,human,True,False
2979074470,human,True,False
2979081039,human,True,False
2979082992,same-system,True,False
2979083090,same-system,True,False
2979103601,same-system,True,False
2979104034,same-system,True,False
2979128735,human,False,False
2859964684,human,True,False
2859977727,same-system,True,False
2915111170,human,False,False
2915242381,human,False,False
3028827377,human,True,False
3028879019,same-system,True,False
3033350152,human,False,True
3033895879,human,False,False
2891474805,human,True,False
2891592176,human,False,True
2913952138,human,True,False
2913958760,human,True,False
2913961715,same-system,True,False
2953326134,human,True,False
2953409415,human,False,True
2961260550,human,True,False
3004035584,human,False,False
3004224535,human,True,False
3004228723,human,True,False
3004232542,human,True,False
3004249762,human,True,False
3004257548,human,True,False
3004266567,same-system,True,False
3004267018,same-system,True,False
2882284224,same-system,True,False
2882289675,human,False,True
2882386804,human,False,False
3014176494,human,False,True
2983143031,human,True,True
2983150958,same-system,True,False
2983380900,human,False,False
2983711457,human,True,True
2983759430,same-system,True,False
2983759560,same-system,True,False
2983759668,same-system,True,False
2983883639,human,True,True
2983891785,same-system,True,False
3070270590,human,True,False
3070309864,same-system,True,False
3070310492,same-system,True,False
3070311231,same-system,True,False
3074268130,human,False,False
3074323077,human,False,False
2936690576,human,True,False
2936729863,same-system,True,False
2938206809,human,True,False
2938210618,human,True,False
2938292904,human,True,False
3019689942,human,True,False
3019724895,same-system,True,False
3019724988,same-system,True,False
3019725115,same-system,True,False
3019810054,human,True,False
3019856935,same-system,True,False
3019857616,same-system,True,False
3020933336,human,True,False
3021007496,same-system,True,False
3021007855,same-system,True,False
3021008158,same-system,True,False
3021008386,same-system,True,False
3021008571,same-system,True,False
3021008725,same-system,True,False
3021008901,same-system,True,False
3023373102,human,True,False
3023463675,same-system,True,False
3023464342,same-system,True,False
3023465111,same-system,True,False
3023465638,same-system,True,False
3023466143,same-system,True,False
3024402084,human,True,False
3024941700,same-system,True,False
3024941936,same-system,True,False
3024942291,same-system,True,False
3024942862,same-system,True,False
3024943364,same-system,True,False
3024943692,same-system,True,False
3024944287,same-system,True,False
3025437551,human,True,False
2995481889,human,False,False
2995499157,human,False,True
2995555675,human,False,False
2931198958,human,False,False
3011259331,human,False,False
3012169992,human,False,True
3051384069,human,False,False
3051420586,human,False,False
2934752553,human,True,False
2934782791,same-system,True,False
2935841804,human,True,False
2935843020,human,True,False
2935859690,same-system,True,False
2935874775,same-system,True,False
2945191199,human,True,False
2945191773,human,True,False
2945223453,same-system,True,False
2945284456,same-system,True,False
3019090466,human,False,False
3019097935,human,False,False
2955764099,human,True,False
2955766700,human,True,False
2955822362,same-system,True,False
2955716085,human,True,False
2955839336,same-system,True,False
2955842239,same-system,True,False
3054605476,human,True,False
3054668886,same-system,True,False
2905271014,human,False,False
2952447576,human,False,True
2984131120,human,False,False
2967752974,human,False,False
2970736202,human,False,False
2883471321,human,True,False
2883481086,same-system,True,False
2883481146,same-system,True,False
2883481203,same-system,True,False
2883481253,same-system,True,False
2883481329,same-system,True,False
2883501971,human,True,False
2883525983,same-system,True,False
2882500946,human,False,True
2898043109,human,False,True
2918307421,human,True,False
2918321697,same-system,True,False
2918322040,same-system,True,False
2919750886,human,False,False
2919780562,human,False,False
2920673789,human,False,False
2990931487,same-system,False,True
2990986068,human,False,False
2990987675,human,False,False
2908248917,human,False,True
2863035433,human,True,False
2863038638,same-system,True,False
2863038782,same-system,True,False
2863054920,human,False,False
2863074622,human,False,False
3017253352,human,True,True
3017260177,same-system,True,False
3017338633,human,False,True
3021328081,human,False,False
2903537433,human,False,False
3001929597,human,True,True
3001996779,same-system,True,False
3007497458,human,True,False
3007514816,same-system,True,False
3007517867,human,True,False
3007545523,same-system,True,False
3007559704,human,True,False
3007572383,same-system,True,False
2854628550,human,True,False
2854679939,same-system,True,False
2868250546,human,True,False
2868265579,same-system,True,False
2868293924,human,True,False
2868324234,same-system,True,False
2868324585,same-system,True,False
2868529065,human,True,False
2868544833,same-system,True,False
2868545161,same-system,True,False
2868545638,same-system,True,False
2868545920,same-system,True,False
2868546178,same-system,True,False
3064267742,human,False,False
3009735560,human,True,False
3009747874,human,False,False
2942431204,human,True,False
2942500513,same-system,True,False
3042584056,human,True,False
3042596262,human,True,False
3042636041,same-system,True,False
3042639236,human,False,False
3042645059,human,False,True
3011804759,human,False,False
2881144301,human,True,False
2881188205,human,True,False
2881216744,same-system,True,False
3047026507,same-system,False,True
3047102525,human,False,True
3171160885,human,False,False
2921807323,human,True,False
2921882219,same-system,True,False
2921883268,same-system,True,False
2921917534,human,True,False
2921935541,same-system,True,False
2921944472,human,True,False
2921989890,same-system,True,False
2922055623,human,True,False
2922076023,same-system,True,False
2922168893,human,True,False
2933716916,human,False,False
2933719468,human,False,False
2933748945,human,False,False
2924573314,human,True,False
2924698084,human,True,False
2925077831,human,True,False
2925090778,human,True,False
2925514241,human,False,False
2952444997,human,False,False
2935324626,human,False,False
2935351478,human,False,False
2935687726,human,False,False
2876479757,human,False,False
2856381850,human,True,False
2856392683,same-system,True,False
2975664385,human,False,False
2976156719,human,True,False
2976159485,human,False,True
2976180985,same-system,True,False
2876314803,human,True,False
2876338194,same-system,True,False
2876338989,same-system,True,False
2876607016,human,False,True
2918204782,same-system,False,True
2918228126,human,True,False
2918282769,same-system,True,False
2918301779,human,False,False
2921024144,human,True,False
2921061799,human,True,False
2921094939,same-system,True,False
2921095513,same-system,True,False
2921131177,human,False,False
2921152325,human,False,False
2921350727,human,False,False
2911362915,same-system,False,True
2911615633,human,False,False
2911841994,human,False,False
3068394198,human,False,True
3066578616,human,False,True
3070029524,human,False,False
3181310904,same-system,True,True
3181338854,human,True,False
3098990958,human,False,False
3098991137,human,False,False
2947071269,human,False,False
2950616935,human,False,True
2950778598,human,True,False
2950798671,same-system,True,False
2951255722,human,True,False
2954357419,human,True,False
2954365543,same-system,True,False
2954410996,human,False,False
2972662931,human,False,False
3017379003,human,False,False
3030447486,human,False,False
2964091645,human,True,False
2964144173,same-system,True,False
2964144417,same-system,True,False
2964144897,same-system,True,False
2964145229,same-system,True,False
2964145538,same-system,True,False
2964145777,same-system,True,False
2964146002,same-system,True,False
2964152091,human,True,False
2964165544,same-system,True,False
2964233859,human,True,False
2968043768,human,True,False
2968051668,same-system,True,False
2968089543,human,False,False
2968104629,human,True,False
2968148074,same-system,True,False
2968194579,human,False,False
2971923520,human,False,True
2972071509,human,False,False
2972074399,human,False,False
2975700278,human,False,False
3053423881,human,False,False
2996426877,human,False,True
2876654934,human,True,False
2876668653,same-system,True,False
2879007469,human,True,False
2879014337,human,True,False
2879018567,human,True,False
2879026594,human,True,False
2879061194,same-system,True,False
2879061618,same-system,True,False
2879062258,same-system,True,False
2879062631,same-system,True,False
2879076437,human,True,False
2879092506,human,True,False
2879098455,human,True,False
2879101890,human,True,False
2952935179,human,False,False
3066080003,human,True,True
3066144183,same-system,True,False
3066144193,same-system,True,False
3066144200,same-system,True,False
3066144217,same-system,True,False
3067194585,human,True,False
3067229849,same-system,True,False
3020965639,human,True,False
3021081541,same-system,True,False
2959836740,human,True,False
2959881110,same-system,True,False
2959881138,same-system,True,False
2959881171,same-system,True,False
2959881204,same-system,True,False
2959972879,human,False,True
2995164359,human,False,False
2998145869,human,True,False
2998182679,same-system,True,False
2998328071,human,True,False
2998359951,same-system,True,False
2998360364,same-system,True,False
2998436018,human,True,False
2998461257,same-system,True,False
2998728832,human,False,False
2998859415,human,False,False
3002295259,human,False,False
3035403541,human,False,False
2907554944,human,False,True
2991094645,same-system,True,True
2991095702,human,False,True
2991097258,human,True,False
2991109078,same-system,True,False
2991109085,same-system,True,False
2991109098,same-system,True,False
2991114480,human,True,False
2991114910,human,True,False
2991115937,same-system,True,False
2991117024,human,False,True
2991117370,human,False,False
3004296002,human,False,False
3133959251,human,True,False
3134665055,human,True,False
3138941419,human,True,False
3138943339,human,True,False
3138943781,human,True,False
3138944342,human,True,False
3138999027,human,True,False
3139007746,human,True,False
2905355272,human,False,True
2906141963,same-system,True,False
2906239631,human,False,False
2906243939,human,False,False
2911758891,human,False,False
3012582034,human,True,False
3012585073,same-system,True,False
3012585503,same-system,True,False
3012596475,human,True,False
3012597215,same-system,True,False
3012602435,human,True,False
3012607946,same-system,True,False
3012818525,human,False,False
2910279951,human,False,True
2921569474,human,False,False
2921822427,human,False,False
2921925955,human,False,False
2964613000,human,False,False
2852364969,human,False,True
3036112130,human,False,True
3036141997,human,False,True
3036142002,same-system,False,True
3036154323,human,False,True
3036154586,human,False,False
3037673547,human,False,False
3059587940,human,False,False
2892609318,human,True,True
2892721123,same-system,True,False
2892722100,same-system,True,False
2892722983,same-system,True,False
2892731835,human,False,True
2894194519,same-system,False,True
2894199755,human,True,False
2894220906,same-system,True,False
2894221297,same-system,True,False
2894221722,same-system,True,False
2894222112,same-system,True,False
2894284778,human,True,False
2901723311,human,True,False
2854717997,human,False,True
2866111033,human,False,False
2879286266,human,False,False
2889737937,human,False,True
2863039260,human,True,False
2863068078,same-system,True,False
2866916397,same-system,True,False
2866916432,same-system,True,False
2866973183,human,False,True
2866973803,human,True,False
2866974706,same-system,True,False
2880295920,same-system,True,False
2920521281,same-system,False,True
2924082483,human,False,False
2925969706,human,False,False
2926264626,human,False,False
2885983414,human,False,True
2885993058,human,False,True
2886046942,human,False,True
2886092960,human,False,True
2987383852,human,False,False
2987435665,human,True,True
2987482213,human,True,False
2987486790,human,True,False
2987500200,same-system,True,False
2987502363,same-system,True,False
2987559271,human,True,False
2987575369,human,False,False
2987708608,human,False,False
2941308017,same-system,False,True
2941337619,human,False,False
2986849916,human,True,False
2987293709,human,True,False
3036122636,human,True,False
3057655387,human,True,False
3057664987,same-system,True,False
3057665006,same-system,True,False
3057665068,same-system,True,False
2891467826,human,True,False
2891468876,human,False,True
2891502987,same-system,True,False
2892366806,human,True,False
2892385044,same-system,True,False
2892385839,same-system,True,False
2893661731,human,False,False
2983417458,human,True,False
2867920984,human,True,True
2867975869,same-system,True,False
2867976934,same-system,True,False
2867977407,same-system,True,False
2867977880,same-system,True,False
2867996056,human,True,True
2868027327,same-system,True,False
2868027792,same-system,True,False
2868083546,same-system,True,True
2868980228,human,True,True
2869105628,human,False,True
2869121517,same-system,True,False
2869121733,same-system,True,False
2869121924,same-system,True,False
2869122121,same-system,True,False
2873536109,human,True,True
2873589180,same-system,True,False
2873589399,same-system,True,False
2873589608,same-system,True,False
2873589872,same-system,True,False
2873590063,same-system,True,False
2873590258,same-system,True,False
2873590587,same-system,True,False
2873590866,same-system,True,False
2873601485,human,True,True
2873679518,same-system,True,False
2873679985,same-system,True,False
2873680505,same-system,True,False
2873680961,same-system,True,False
2873681650,same-system,True,False
2858773594,human,True,False
2858779911,human,True,False
2858792749,same-system,True,False
2858801718,human,True,False
2858819435,same-system,True,False
2858835970,human,True,False
2858838881,human,True,False
2858841800,human,True,False
2858852274,same-system,True,False
2858852769,same-system,True,False
2858871315,human,True,False
2858879227,same-system,True,False
2858879709,same-system,True,False
2858895414,same-system,True,False
2858911715,human,True,False
2858919219,same-system,True,False
2858951822,human,True,False
2858967611,same-system,True,False
2858967894,same-system,True,False
2858975778,human,True,False
2858974768,human,True,False
2858982456,same-system,True,False
2858995460,same-system,True,False
2858995730,same-system,True,False
2859066913,human,True,False
2859069343,human,True,False
2859073379,same-system,True,False
2859081265,same-system,True,False
2859266235,human,True,False
2859268338,human,True,False
3034439195,human,True,False
3034610794,same-system,True,False
3034611174,same-system,True,False
3034611393,same-system,True,False
3034624649,human,True,False
3034693710,same-system,True,False
3034693857,same-system,True,False
3034693962,same-system,True,False
3034760012,human,True,False
3034810970,same-system,True,False
3034811073,same-system,True,False
3035143420,same-system,True,False
3036234594,human,False,True
2960400617,human,True,False
2960409681,same-system,True,False
2960412467,human,True,False
2960413459,human,True,False
2960414077,same-system,True,False
2960418288,same-system,True,False
3036080712,human,False,True
3036082373,human,False,True
3036084107,human,False,True
2914914709,same-system,False,True
3074627521,human,False,True
2855571891,human,False,True
3381478977,human,True,False
3386007536,human,True,False
3386934341,human,True,False
2971548710,human,True,True
2973923414,human,False,True
2951737609,human,False,True
2939011164,human,True,False
2939178079,human,False,True
3054534098,human,False,False
3061323275,human,False,False
3061327189,human,False,True
2955241106,human,True,False
2955245512,human,True,False
2955253120,same-system,True,False
2955262413,same-system,True,False
2955281817,human,True,False
2955287854,same-system,True,False
2955291711,human,True,False
2955291922,human,True,False
2955302822,same-system,True,False
2955307688,same-system,True,False
2955320397,human,True,False
2955320606,human,True,False
2955329762,same-system,True,False
2955339207,same-system,True,False
2965327140,human,False,False
2966097368,human,False,False
2853134798,same-system,True,True
2853415038,human,True,False
2853415822,human,True,False
2853416654,human,True,False
2853417369,human,True,False
2853479122,human,False,True
2853660051,human,False,True
2991853574,human,True,False
2991856765,same-system,True,False
2991856806,same-system,True,False
3013897572,human,False,True
3055511649,human,False,False
2940730119,human,True,True
2940792339,same-system,True,False
2940792501,same-system,True,False
2879400699,human,True,False
2879521389,human,True,False
2879527715,same-system,True,False
2879736551,human,True,False
2879740085,same-system,True,False
2879742534,human,True,False
2879746180,same-system,True,False
3044342805,human,False,False
3044819704,human,False,False
3053443109,same-system,True,True
3018258765,same-system,False,True
3018283867,human,False,False
2937379281,human,False,True
2937619903,human,False,True
2937899839,human,True,False
2937900609,human,True,False
2937909048,same-system,True,False
2937922212,same-system,True,False
2862880956,human,True,False
2862881157,human,True,False
2862886362,same-system,True,False
2862889239,same-system,True,False
2863126481,human,True,False
2863131478,same-system,True,False
2866040117,human,True,False
2866040854,same-system,True,False
2866055093,human,False,False
3015332619,same-system,False,True
3015441453,human,False,True
3015448178,human,True,False
3015467034,same-system,True,False
3015501925,human,True,False
3015520824,human,True,False
3015540233,same-system,True,False
3015586207,same-system,True,False
3015599829,same-system,True,False
3015600457,same-system,False,True
3019067658,human,False,False
3011871570,human,True,False
3011889328,same-system,True,False
3011911683,human,True,True
3011924331,same-system,True,False
2876888434,same-system,True,True
2876962568,human,False,True
3017829876,human,True,False
3017852439,same-system,True,False
3020158560,human,False,False
3020828159,human,False,False
3022259058,human,False,False
2902612568,human,False,False
2902613436,same-system,False,True
2903623364,human,False,False
2859563778,human,True,False
2859583808,same-system,True,False
2859658396,human,True,False
2859698286,human,True,False
2859701849,human,True,False
2859704299,human,True,False
2859706016,same-system,True,False
2859706147,same-system,True,False
2859707828,human,True,False
2859709261,human,True,False
2859709899,same-system,True,False
2859710625,human,True,False
2859710717,same-system,True,False
2859710893,human,True,False
2859715143,human,True,False
2859719676,same-system,True,False
2859719836,same-system,True,False
2859726457,same-system,True,False
2859731606,human,True,False
2859732618,human,True,False
2859734307,human,True,False
2859738039,same-system,True,False
2859744607,same-system,True,False
2859744801,same-system,True,False
2860158550,human,False,True
2871584121,human,False,True
2866718015,same-system,True,True
3070754726,human,True,False
3070755395,human,True,False
3070758124,human,True,False
3070758595,human,False,True
3070766581,human,True,False
3070776396,same-system,True,False
3070777061,same-system,True,False
3070777649,same-system,True,False
3071248485,human,True,False
3071254311,human,True,False
3071276860,same-system,True,False
3071315225,human,True,False
3071338509,same-system,True,False
3071346045,human,False,False
3072280332,human,True,False
3072313503,same-system,True,False
3079197737,human,True,False
3079244416,same-system,True,False
3079245327,same-system,True,False
3079246170,same-system,True,False
3079465778,human,False,False
2979379975,same-system,False,True
2979385928,human,False,False
2979527750,human,False,False
2979931964,human,False,False
2996584788,human,True,False
2996596215,same-system,True,False
2996860917,human,False,False
3001092488,human,False,True
3043137431,human,False,False
3050954436,human,False,False
2936085180,human,True,False
2936110805,same-system,True,False
2936268431,human,False,False
2937971080,human,True,False
2937993185,same-system,True,False
2938370782,human,True,False
2938391257,same-system,True,False
2938444891,human,False,False
2949158594,human,False,False
2982916366,human,True,True
2983013841,same-system,True,False
2983013964,same-system,True,False
2983150264,human,False,False
2987965850,same-system,False,True
2976354271,human,False,False
3009864235,human,True,False
3009872210,same-system,True,False
3009915246,human,False,True
3080623792,human,True,False
3080642755,same-system,True,False
3080687107,human,True,False
3080701885,same-system,True,False
3080707797,human,True,False
3080718586,same-system,True,False
3080726546,human,True,False
3080757010,same-system,True,False
3080757702,same-system,True,False
3085482011,human,True,False
3085506001,same-system,True,False
3101903986,human,False,True
3101978605,human,False,False
3112020431,human,False,False
3055201988,same-system,True,True
3136991104,human,True,False
3136994033,human,True,False
3137001554,human,True,False
3137005453,human,True,False
2975801689,human,False,False
2975815541,human,False,False
3050403911,human,False,False
3027970226,human,False,False
3027978942,human,False,False
3027979569,cross-system,False,True
2955460384,human,True,False
2955470211,same-system,True,False
2955513598,human,False,False
2962991613,human,False,False
3013311221,human,True,False
3013327209,same-system,True,False
3013327246,same-system,True,False
3013338625,same-system,True,True
3013337204,human,True,True
3013352565,same-system,True,False
3013352795,same-system,True,False
3013781015,same-system,True,True
3013782292,human,False,False
2930441200,human,True,False
2930448542,same-system,True,False
2930448592,same-system,True,False
2930450816,human,True,False
2930453244,same-system,True,False
2930453300,same-system,True,False
2930459165,human,False,True
2930510038,human,False,True
2939554561,human,True,False
2939559725,human,True,False
2939563790,human,True,False
2939567145,human,True,False
2939569339,human,True,False
2939575158,human,True,False
2939577215,human,True,False
2939608486,same-system,True,False
2939733157,same-system,True,False
2939733942,same-system,True,False
2939734642,same-system,True,False
2939736327,same-system,True,False
2939737329,same-system,True,False
2939738449,same-system,True,False
2960593173,human,False,True
2960623581,human,False,True
2960655880,human,False,True
2960671428,human,False,False
2972923434,human,False,False
2905643327,human,False,False
2861334789,human,True,False
2861341317,human,True,False
2861373554,same-system,True,False
2861390113,same-system,True,False
2861603261,human,True,False
2861607876,human,True,False
2861613005,human,True,False
2861615919,same-system,True,False
2861627107,human,True,False
2861638981,same-system,True,False
2861639750,same-system,True,False
2861666916,same-system,True,False
2863653226,human,True,False
2863654882,human,True,False
2863660947,same-system,True,False
2863676921,same-system,True,False
2863678754,human,True,False
2863686414,human,True,False
2863699995,human,True,False
2863709923,same-system,True,False
2863745927,same-system,True,False
2863746529,same-system,True,False
2863802696,human,True,False
2863804756,human,True,False
2863824998,same-system,True,False
2863830171,same-system,True,False
2863831992,human,True,False
2863853678,same-system,True,False
2864005539,human,True,False
2864021448,same-system,True,False
2950697434,human,False,False
2950910483,human,False,False
2951008562,human,False,False
2954920472,human,True,False
2954949980,same-system,True,False
2955084875,human,False,False
2955146294,human,False,False
2955155443,human,True,False
2955163998,human,True,False
2955177109,human,True,False
2955198072,same-system,True,False
2955212124,human,True,False
2955242664,same-system,True,False
2955251508,human,False,False
2955254579,human,False,False
2955256856,human,False,False
2955506801,human,False,False
2959041657,human,False,False
2959101889,human,False,False
2959115384,human,False,False
2959116471,human,False,False
2921548582,human,True,False
2921610383,same-system,True,False
2921610819,same-system,True,False
2921611328,same-system,True,False
2921611769,same-system,True,False
2921612150,same-system,True,False
2921672681,human,True,False
2921712092,same-system,True,False
2921712461,same-system,True,False
2921712838,same-system,True,False
2921777650,human,True,False
2921798564,same-system,True,False
2925286533,human,True,False
2925299191,same-system,True,False
2925311786,human,True,False
2925344214,same-system,True,False
2925344650,same-system,True,False
2925565996,human,True,False
2925583857,same-system,True,False
2925645563,human,False,False
2921537311,human,False,False
2921537596,same-system,False,True
3054849892,human,False,False
3055219610,human,False,True
3060914112,human,False,False
2928952861,same-system,False,True
3013279988,human,False,True
2939360388,human,True,False
2939362564,human,True,False
2939419655,same-system,True,False
2939420134,same-system,True,False
2939432570,human,True,False
2939479008,same-system,True,False
2939563074,human,True,False
2939567757,human,True,False
2939569703,human,True,False
2939571377,human,True,False
2939580907,same-system,True,False
2939599477,same-system,True,False
2939599946,same-system,True,False
2939600342,same-system,True,False
2940020426,human,True,False
2940027774,same-system,True,False
2940133005,human,False,False
3059870959,human,False,False
3059871650,same-system,False,True
2866734767,human,True,False
2866735020,same-system,True,False
2866743363,human,True,False
2866743784,same-system,True,False
2876055203,human,False,False
3025756269,human,True,False
3025872063,same-system,True,False
3025872183,same-system,True,False
3025872330,same-system,True,False
3030459417,human,False,False
3030476962,human,False,True
3030525992,human,True,False
3030529759,human,True,False
3030533549,human,True,False
3030534189,human,False,False
3030621705,same-system,True,False
3030684546,human,True,False
3030686366,human,True,False
3030689835,human,True,False
3030781472,same-system,True,False
3030864933,same-system,True,False
3030865319,same-system,True,False
3036208038,human,True,False
2996962372,human,True,False
2996979093,same-system,True,False
2997072777,human,True,False
2997107262,same-system,True,False
2997952022,human,False,True
3000426163,human,False,False
3063864024,human,True,True
3063894629,same-system,True,False
2903727316,cross-system,True,True
2973073110,human,True,False
2973073796,human,True,False
2973074037,human,True,False
2973074487,human,True,False
2973075608,human,True,False
2973075817,human,True,False
2973076802,human,False,True
2973084527,same-system,True,False
2973090483,same-system,True,False
2973090520,same-system,True,False
2973090554,same-system,True,False
2973105908,human,True,False
2973106056,human,True,False
2973106626,human,True,False
2973107048,human,True,False
2973107945,human,False,True
2973108721,same-system,True,False
2973108762,same-system,True,False
2973110919,human,True,False
2973111002,human,True,False
2973111667,human,True,False
2973111807,human,True,False
2973114290,same-system,True,False
2973114434,same-system,True,False
2973125169,same-system,True,False
2973125228,same-system,True,False
2973125268,same-system,True,False
2973125310,same-system,True,False
2973131039,human,False,False
3043269045,human,True,False
3043277093,human,True,False
3043281469,human,True,False
3043330440,same-system,True,False
3043330479,same-system,True,False
3043330482,same-system,True,False
3043351896,human,True,True
3043371816,same-system,True,False
3045403441,human,True,False
3045411197,same-system,True,False
2902066185,same-system,False,True
3000909178,human,False,True
2862542708,human,True,False
2862555984,same-system,True,False
2862708069,human,True,False
2862715399,same-system,True,False
2905422235,human,True,False
2905434735,same-system,True,False
2940158338,human,False,False
2951112519,human,True,False
3071513631,human,False,False
3072598406,human,False,False
2865336525,human,False,True
2937381001,human,False,True
2937620162,human,False,True
3071862223,human,False,True
3072196380,human,True,False
3072364335,same-system,True,False
3072383636,human,True,False
3072386216,human,True,False
3072546272,same-system,True,False
3072654005,same-system,True,False
3074683917,human,True,False
3074788390,same-system,True,False
3074907276,human,True,False
3074992976,same-system,True,False
3075379891,human,True,False
3075384502,human,True,False
3075389745,human,True,False
3075458511,same-system,True,False
3075600678,same-system,True,False
3075666397,human,True,False
3075669857,human,True,False
3075774390,same-system,True,False
3075874340,human,False,False
3075878511,same-system,True,True
3076948265,human,False,False
3077357029,human,True,False
3077364351,human,True,False
3077399594,human,True,False
3077403335,same-system,True,False
3077408269,human,True,False
3078827833,human,True,False
3078833073,human,True,False
3079249502,human,True,False
2955030693,human,True,False
2955041242,same-system,True,False
2955151264,human,True,True
2955246232,same-system,True,False
2955246311,same-system,True,False
2959316461,human,False,False
2959395059,human,False,False
2939901535,human,False,False
2994482797,human,False,False
2999046938,human,False,False
3063492259,human,False,False
3063826844,human,False,False
3024207461,human,True,True
3024244783,same-system,True,False
3024244886,same-system,True,False
3024338128,human,True,False
3024404601,same-system,True,False
3024404684,same-system,True,False
3024404872,same-system,True,False
3024404974,same-system,True,False
3024405058,same-system,True,False
3024405193,same-system,True,False
3024459767,human,True,False
3024516796,same-system,True,False
3024516942,same-system,True,False
3024517092,same-system,True,False
3024536742,human,True,False
3024571678,same-system,True,False
3024572031,same-system,True,False
3024572315,same-system,True,False
3024572497,same-system,True,False
3024595373,same-system,True,True
3024615213,human,True,True
3024650421,same-system,True,False
3024650577,same-system,True,False
3024672494,human,True,True
3024720940,same-system,True,False
3024721328,same-system,True,False
3024721524,same-system,True,False
3024754010,human,True,False
3024894931,same-system,True,False
3024895419,same-system,True,False
2968194922,human,True,False
2968196811,same-system,True,False
2968196854,same-system,True,False
2968197091,human,False,False
2906025878,human,False,True
2913445895,human,False,False
2914065548,human,False,False
2882764637,human,False,True
2882899121,human,False,True
2915866610,human,True,False
2915888110,same-system,True,False
2916222723,human,True,False
2916245375,same-system,True,False
2898325097,human,True,False
2898347549,same-system,True,False
2898347670,same-system,True,False
2898376997,same-system,True,False
2898422844,same-system,False,True
2901680353,human,False,True
2901897826,human,False,True
2905962934,human,False,False
2906077956,human,False,False
2979047142,human,True,False
2979129422,same-system,True,False
2887104697,human,True,False
2887127987,same-system,True,False
2887465924,human,True,False
2887478959,same-system,True,False
2887518203,human,True,False
2887541013,same-system,True,False
2887562146,human,True,False
2887579304,same-system,True,False
2888515564,human,True,False
2888534530,same-system,True,False
2888587177,human,True,False
2888608240,same-system,True,False
2911330741,human,True,False
2911377377,same-system,True,False
2911377903,same-system,True,False
2911378470,same-system,True,False
2911378971,same-system,True,False
2911379681,same-system,True,False
2911379970,same-system,True,False
2911386181,same-system,True,False
3040726745,human,True,False
3040744949,same-system,True,False
2882252440,human,True,False
2882286521,same-system,True,False
2882286772,same-system,True,False
2882286994,same-system,True,False
2882287210,same-system,True,False
2882323729,same-system,False,True
3201512827,human,False,True
2856624760,human,True,False
2856633174,same-system,True,False
2856675906,human,True,False
2856730149,same-system,True,False
2856763509,human,True,False
2856789420,same-system,True,False
2860176484,human,True,False
2951610451,human,True,False
2951621508,same-system,True,False
2955067350,human,True,False
2955070893,human,True,False
2955090218,same-system,True,False
2955090947,human,True,False
2955099471,human,True,False
2955103034,same-system,True,False
2955108194,same-system,True,False
2955115901,human,False,False
2955131074,human,False,False
2955143181,human,False,False
2976515390,human,True,False
2976557578,same-system,True,False
2976558550,same-system,True,False
2976559124,same-system,True,False
2976559663,same-system,True,False
2976604301,human,True,False
2976610838,same-system,True,False
2976611099,same-system,True,False
2976787253,same-system,False,True
2977136206,human,True,False
2977143498,same-system,True,False
2977175063,human,True,False
2978153421,human,False,True
2978155685,same-system,True,False
2978157655,human,True,False
2978169409,same-system,True,False
2978551382,human,False,False
2978596864,human,True,False
2979261641,human,True,False
2980408274,same-system,True,False
2980408702,same-system,True,False
2982596187,human,True,False
2982617431,same-system,True,False
2982889123,human,False,False
2982896655,human,False,True
2986354284,human,True,False
2987250198,human,True,False
2858563291,human,False,True
2858643501,human,False,True
2860528121,human,True,False
2860550000,same-system,True,False
2861468855,human,False,True
2951317930,same-system,False,True
3027351179,human,False,False
3060531143,same-system,True,True
3063023369,human,True,True
3064283069,same-system,True,False
3064284243,same-system,True,False
3064284928,same-system,True,False
3064285800,same-system,True,False
3064286999,same-system,True,False
3064306863,human,True,False
3064312610,human,True,False
3064316726,same-system,True,False
3064331678,same-system,True,False
3084820942,same-system,True,False
3084821421,same-system,True,False
3246150852,human,False,False
2951845513,same-system,True,True
2951856318,human,True,False
2951858363,same-system,True,False
2970632467,human,True,False
2970633560,human,True,False
2970634164,human,True,False
2970634755,human,True,False
2970642958,same-system,True,False
2970655305,same-system,True,False
2970655401,same-system,True,False
2970655481,same-system,True,False
2970656859,human,True,False
2970674985,same-system,True,False
2970675086,same-system,True,False
2970675176,same-system,True,False
2970675266,same-system,True,False
2970675365,same-system,True,False
2970675457,same-system,True,False
2970675563,same-system,True,False
2997842967,human,False,False
2997849238,human,False,False
2997850277,human,False,False
2997850728,human,False,False
2995751100,human,False,False
3060079588,human,False,True
2945447607,human,True,False
3008370612,human,True,False
3008424975,same-system,True,False
3008425042,same-system,True,False
3008456019,human,True,False
3008511972,same-system,True,False
3008512013,same-system,True,False
3008512070,same-system,True,False
3008512131,same-system,True,False
3008572610,human,True,False
3008634787,same-system,True,False
3009863393,human,True,False
3009996167,human,True,False
3010087425,same-system,True,False
3010823042,human,True,False
3010890934,same-system,True,False
3010895395,human,True,False
3010969326,same-system,True,False
3010970124,same-system,True,False
3011183639,human,True,False
3011301423,same-system,True,False
3011302946,same-system,True,False
3011303578,same-system,True,False
3011304584,same-system,True,False
3011314785,human,True,False
3011365667,same-system,True,False
3011365794,same-system,True,False
3011376351,human,True,False
3011416739,same-system,True,False
3011416851,same-system,True,False
3011416960,same-system,True,False
2984415196,human,True,False
2984525028,human,True,False
2984536202,same-system,True,False
2984553034,human,True,False
2984556743,human,False,False
3050320380,same-system,False,True
2889200213,human,False,False
2889227673,human,False,False
2889234733,human,False,False
2852567266,human,True,True
3065360619,human,True,False
3065452390,human,True,False
3065560900,human,True,False
3065607882,same-system,True,False
3066898398,human,False,False
3086184525,same-system,True,True
3086190962,human,True,False
2976537635,human,True,False
2976548878,human,True,False
2976554575,human,True,False
2976561554,human,True,False
2976565418,human,True,False
2976572553,human,True,False
2976576228,human,True,False
2976580137,human,True,False
2976597670,same-system,True,False
2976648003,same-system,True,False
2976648148,same-system,True,False
2976648299,same-system,True,False
2976648380,same-system,True,False
2976648475,same-system,True,False
2976648555,same-system,True,False
2978956174,human,True,False
2978958693,human,True,False
2978960385,human,True,False
2978963558,human,True,False
2978965546,human,True,False
2978967892,human,True,False
2978968836,human,True,False
2978973166,human,True,False
2978981537,human,True,False
2978996817,same-system,True,False
2979035568,same-system,True,False
2979035737,same-system,True,False
2979035891,same-system,True,False
2979036053,same-system,True,False
2979036209,same-system,True,False
2932735461,human,False,False
2875763522,human,True,False
2875771683,same-system,True,False
2875782099,human,False,True
2876040617,human,False,False
2876058878,human,False,False
2935659184,human,False,False
2935663428,human,False,False
2936809771,human,False,False
3012491503,human,False,False
3022665707,human,False,True
2892444792,human,True,False
2892446005,human,True,False
2892455880,human,True,False
2892546334,same-system,True,False
2892698945,same-system,True,False
2893398861,human,True,False
2893471393,same-system,True,False
2859090260,human,True,False
2859097305,same-system,True,False
2859183641,human,True,False
2859187814,same-system,True,False
2859188405,human,True,False
2859189105,human,True,False
2859189353,human,True,False
2859190817,human,True,False
2859192374,same-system,True,False
2859199949,same-system,True,False
2859200183,same-system,True,False
2859372271,human,True,False
2859373470,human,True,False
2859375014,same-system,True,False
2859377982,same-system,True,False
2859797874,human,False,False
2944127895,human,False,False
2895633000,human,False,True
3002852130,human,False,True
2963126577,human,True,True
2963132240,same-system,True,False
2965802195,human,True,False
2966643940,human,True,False
2968110854,human,False,False
2877657798,human,False,False
2855891834,human,True,True
2855923601,same-system,True,False
2855923709,same-system,True,False
2855923821,same-system,True,False
2855935785,human,True,False
2855959850,same-system,True,False
2855962567,human,True,False
2858296637,same-system,True,False
2858297523,same-system,True,False
2858329370,human,True,True
2858380137,same-system,True,False
2858701211,human,True,True
2858742538,same-system,True,False
2858743409,same-system,True,False
2858819471,human,True,False
2858907927,same-system,True,False
2858919647,human,True,True
2858984355,same-system,True,False
2858984849,same-system,True,False
2858985355,same-system,True,False
2858985871,same-system,True,False
2858986443,same-system,True,False
2858986968,same-system,True,False
2858987509,same-system,True,False
2877094542,human,True,False
2877105127,same-system,True,False
2896538434,human,False,True
2901445280,human,True,True
2901547585,human,True,False
2901553246,human,True,False
2943898269,human,True,True
2943910980,same-system,True,False
2944163700,human,True,False
2944166762,same-system,True,False
2944176366,human,False,False
2860456967,same-system,True,True
3031834772,human,True,False
3031852067,same-system,True,False
2983084414,human,False,True
2962425325,human,False,True
2919700518,human,False,True
2855847682,human,False,True
2858949164,human,False,False
2859351975,human,False,False
2859474582,human,False,False
2906326107,human,False,False
3008888831,human,False,True
3008982244,human,True,False
3009068881,same-system,True,False
3009095496,human,True,False
3009113052,same-system,True,False
3009192088,human,True,True
3009252041,same-system,True,False
3009333506,human,True,False
3009510950,same-system,True,False
3010736786,human,True,False
3010890550,same-system,True,False
3011814103,human,False,False
3015516927,human,False,False
3024109745,human,False,False
3014154028,same-system,False,True
2937374585,human,False,True
2937384717,human,False,True
2937617488,human,True,False
2937627453,same-system,True,False
2937627478,same-system,True,False
2937636967,human,True,False
2937637256,human,True,False
2937646067,same-system,True,False
2937646224,same-system,True,False
3068361676,human,False,True
3322849843,human,False,False
2967638460,human,True,True
2967685951,same-system,True,False
2967686187,same-system,True,False
2967686241,same-system,True,False
2967686322,same-system,True,False
2967686384,same-system,True,False
2967686450,same-system,True,False
2967686993,same-system,True,False
2967687084,same-system,True,False
2967908384,human,True,False
2967930694,same-system,True,False
2968046627,human,False,True
2968174954,human,True,False
2968184181,same-system,True,False
2969368048,human,True,False
2970317173,human,True,False
2970323032,same-system,True,False
2971225355,human,True,False
2971264771,same-system,True,False
2972379902,human,False,False
2972459402,human,False,False
2895559242,human,True,False
2895563850,same-system,True,False
2895851842,human,False,False
2976705713,human,False,False
2991136828,human,False,True
2991147230,human,False,True
2991150911,human,False,True
2991205772,human,False,True
2991230696,human,False,True
2910785024,human,True,False
2910900240,same-system,True,False
2910900523,same-system,True,False
2910900849,same-system,True,False
2910901369,same-system,True,False
2914588565,human,True,False
2980841048,human,True,False
2980843368,same-system,True,False
2980871587,human,True,False
2980873833,same-system,True,False
2980881933,human,True,False
2980883813,human,True,False
2980884117,same-system,True,False
2980887514,human,True,False
2980888892,same-system,True,False
2980890066,human,True,False
2980890835,human,True,False
2980892982,same-system,True,False
2980893666,human,True,False
2980895618,same-system,True,False
2980895791,same-system,True,False
2980898853,human,True,False
2980926481,human,True,False
2980941373,human,True,False
2980943387,human,True,False
2983700452,human,True,False
2987726615,human,True,False
2987834563,human,True,False
2987846304,human,True,False
2987862365,human,True,False
2987863829,human,True,False
2987872974,human,True,False
2987875050,human,True,False
2987876326,human,True,False
2987877744,human,True,False
2987888657,human,True,False
2922800776,human,True,False
2922824686,same-system,True,False
2922892545,human,True,False
2922906629,same-system,True,False
2928386370,human,True,False
2928386976,human,True,False
2928391292,same-system,True,False
2928408603,same-system,True,False
2928414346,human,True,False
2928415066,human,True,False
2928422987,same-system,True,False
2928429258,same-system,True,False
3213142452,human,False,False
3213178779,human,False,False
3213061258,human,True,True
3217022598,human,True,False
3217477985,human,False,False
3217481366,human,False,False
2860634416,human,True,False
2860651881,same-system,True,False
2863548494,human,True,True
2864629310,human,True,False
2864652616,human,True,False
2864673146,same-system,True,False
2864673485,same-system,True,False
2864673811,same-system,True,False
2864674115,same-system,True,False
2864674636,same-system,True,False
2864675247,same-system,True,False
2864675694,same-system,True,False
2864676066,same-system,True,False
2864676413,same-system,True,False
2864676771,same-system,True,False
2864769109,human,True,False
2864770970,human,True,False
2866359739,human,True,False
2870074525,human,True,False
2890840363,human,False,True
2851663724,human,False,True
2851663734,human,False,True
2851704144,human,False,False
2851704685,human,False,True
2973295534,human,True,False
2973315491,same-system,True,False
2973315518,same-system,True,False
2976539030,human,True,False
2976539974,human,True,False
2976577114,same-system,True,False
2976601730,same-system,True,False
2977257616,human,True,True
2977274527,same-system,True,False
2977274572,same-system,True,False
2977274608,same-system,True,False
2977274650,same-system,True,False
2977274692,same-system,True,False
2977275365,same-system,True,False
2977275406,same-system,True,False
2977275440,same-system,True,False
2977275463,same-system,True,False
2977275498,same-system,True,False
2977993257,human,True,False
2977994994,human,True,False
2978001873,human,True,False
2978006116,human,True,False
2978014240,same-system,True,False
2978015913,human,True,False
2978016672,human,True,False
2978019396,human,True,False
2978021259,human,True,False
2978022212,human,True,False
2978022590,human,True,False
2978029255,same-system,True,False
2982472155,same-system,False,True
2982818166,human,True,True
2983175675,human,True,False
2983237342,human,True,False
2983244613,human,True,False
2983255659,same-system,True,False
2983266558,same-system,True,False
2983270101,human,True,False
2983284397,same-system,True,False
2983352831,human,False,False
2983356783,human,True,False
2983359675,human,True,False
2983360707,human,True,False
2983364681,human,True,False
2983366588,same-system,True,False
2983371348,human,True,False
2983379219,same-system,True,False
2983379356,same-system,True,False
2983379502,same-system,True,False
2983391941,same-system,True,False
2983398337,human,True,False
2983485824,human,True,False
2983499777,same-system,True,False
2983703992,human,True,False
2983705438,human,True,False
2896064772,human,True,False
2896101377,same-system,True,False
2896101736,same-system,True,False
2896102082,same-system,True,False
2896102384,same-system,True,False
2896105143,human,True,False
2896117680,same-system,True,False
2896121334,human,True,False
2896163210,human,False,False
2896166678,same-system,False,True
2896169264,human,True,False
2896172926,human,True,False
2896197298,same-system,True,False
2896197588,same-system,True,False
2896197907,same-system,True,False
2896198190,same-system,True,False
2896410102,human,False,False
3204706874,human,True,True
3001817273,human,False,False
3001823967,human,False,True
2894931961,human,False,True
2924694608,human,False,True
2885386870,human,True,False
2885389794,human,True,False
2885391568,human,True,False
2885393803,human,True,False
2885400732,same-system,True,False
2885433933,same-system,True,False
2885433981,same-system,True,False
2885434031,same-system,True,False
2885440823,human,True,False
2885452467,same-system,True,False
2885469636,human,True,False
2885471754,human,True,False
2885481023,same-system,True,False
2885498087,same-system,True,False
2885625952,human,True,False
2885643493,same-system,True,False
2885682066,human,True,False
2889218018,human,True,True
2889277153,same-system,True,False
2889277510,same-system,True,False
2890213458,human,True,False
2890215770,human,True,False
2890220348,human,False,True
2890222580,human,False,True
2865116567,human,True,False
2865121887,human,True,False
2865126363,human,True,False
2865129656,human,True,False
2865131330,human,True,False
2865134023,human,True,False
2865138834,human,False,True
2930079576,same-system,False,True
2943004475,human,False,False
2929521931,human,True,False
2907667222,human,False,True
2912352108,human,False,False
2912383243,human,False,False
3067321397,human,False,False
2866729154,human,True,False
3051836587,same-system,True,True
2951221460,human,True,False
2951252426,same-system,True,False
2951252510,same-system,True,False
2951252587,same-system,True,False
2951252674,same-system,True,False
2951268843,human,True,False
2951285940,same-system,True,False
2951287554,same-system,True,False
2951288612,same-system,True,False
2951289747,same-system,True,False
2951304691,same-system,True,False
2951319683,human,True,False
2903720381,same-system,False,True
2904726678,human,False,False
3012842814,same-system,True,True
3013241497,human,True,True
3013276949,same-system,True,False
3013276953,same-system,True,False
3013276959,same-system,True,False
3013276961,same-system,True,False
3013276966,same-system,True,False
3013276974,same-system,True,False
3013276980,same-system,True,False
3013276983,same-system,True,False
3013284463,human,True,True
3013312099,same-system,True,False
3013312108,same-system,True,False
3013312117,same-system,True,False
3013312255,same-system,True,False
3013312325,same-system,True,False
3013329802,human,True,False
3013330733,same-system,True,False
3013330479,human,True,True
3013350600,same-system,True,False
3013350639,same-system,True,False
3013350668,same-system,True,False
3013743186,human,True,False
3013759369,same-system,True,False
3013759898,same-system,True,False
3013760320,same-system,True,False
3013789366,human,True,False
3013796423,human,True,True
3013808819,same-system,True,False
3013808922,same-system,True,False
2993429549,human,False,False
2993489087,human,False,False
3002313571,human,False,True
2958238554,human,False,False
2958283974,human,False,False
2959010505,human,False,False
2926615631,human,True,False
3035136033,human,True,False
3053459570,human,False,False
3053531256,human,False,False
3053557076,human,True,False
3002584807,human,False,False
3002615636,human,False,False
3049549603,human,False,True
3050424672,human,False,True
2855595385,human,False,False
2994864437,human,False,False
2994949301,human,False,False
2994967905,human,False,False
2914649048,human,True,False
2914670316,same-system,True,False
2914672218,same-system,True,False
2914672483,same-system,True,False
2914672720,same-system,True,False
2914673097,same-system,True,False
2914673354,same-system,True,False
2914674863,same-system,True,False
2914675125,same-system,True,False
2914902863,human,True,False
2914986467,human,True,False
2915036416,same-system,True,False
2915036640,same-system,True,False
2915047159,same-system,True,False
2915190383,human,True,False
2915203172,same-system,True,False
2915302568,human,True,False
2915309277,same-system,True,False
2915309391,same-system,True,False
2918178626,human,True,False
2918187577,same-system,True,False
2921787540,human,True,False
2921799535,human,True,False
2921801369,human,True,False
2921811940,same-system,True,False
2921812443,same-system,True,False
2921812997,same-system,True,False
2921821928,human,True,False
2921827496,same-system,True,False
2921827978,same-system,True,False
3066710369,human,True,True
3066757619,same-system,True,False
3066757997,same-system,True,False
3066758492,same-system,True,False
3066758958,same-system,True,False
3066759376,same-system,True,False
3069359281,human,False,True
3069963548,human,True,True
3069983111,same-system,True,False
3069983251,same-system,True,False
3069984545,same-system,True,False
3010831858,human,False,True
3012106651,human,False,True
3016703100,human,True,False
3016783363,same-system,True,False
2998705434,human,True,False
2998742036,same-system,True,False
2998742133,same-system,True,False
2998742210,same-system,True,False
3000326706,human,False,False
3002486919,human,False,False
2919845536,human,True,False
2919856582,same-system,True,False
2919974222,human,True,False
2919985440,same-system,True,False
2920093606,human,False,False
2983026483,human,True,True
2983140959,same-system,True,False
2983141099,same-system,True,False
2983141242,same-system,True,False
2983141419,same-system,True,False
2983141549,same-system,True,False
2983141657,same-system,True,False
2983141825,same-system,True,False
2983141980,same-system,True,False
2983142106,same-system,True,False
2983142249,same-system,True,False
2983190022,human,True,True
2983287730,same-system,True,False
2913624495,human,False,False
3041548382,human,True,False
3041560973,human,True,False
3041569064,same-system,True,False
3041591140,human,False,True
3041619329,same-system,True,False
3066180613,human,False,False
2861988642,human,True,False
2861997791,same-system,True,False
2862000659,human,True,False
2862006687,same-system,True,False
2862021283,same-system,True,False
2862021681,same-system,True,False
2862090914,human,False,False
2862115062,human,False,False
2862204380,human,False,True
3060212995,human,True,False
3060213371,human,True,False
3060214037,human,True,False
3060214315,human,True,False
3060217552,human,True,False
3060219712,same-system,True,False
3060230083,same-system,True,False
3060230201,same-system,True,False
3060230277,same-system,True,False
3060230345,same-system,True,False
3069715046,human,False,False
3045622583,human,True,False
3045644983,same-system,True,False
3045645087,same-system,True,False
3045645223,same-system,True,False
3045645326,same-system,True,False
3046005418,human,True,False
3046056250,same-system,True,False
3049764940,human,True,True
3049785208,same-system,True,False
3049824420,human,True,False
3049836387,same-system,True,False
3050133611,human,True,True
3050246993,same-system,True,False
3055206690,human,True,False
3055219655,human,True,False
3056069675,human,True,False
3068934165,human,True,False
3069536931,human,True,False
3069546815,same-system,True,False
3072115649,human,False,False
3073578969,human,False,False
3077505951,human,False,False
3037172904,human,True,True
3037209877,same-system,True,False
3037215671,human,False,True
3037218563,same-system,True,True
3038003596,human,False,False
2952055788,human,True,False
2952073404,same-system,True,False
2952073438,same-system,True,False
2952073483,same-system,True,False
2952082754,human,True,False
2952095330,same-system,True,False
2952095386,same-system,True,False
2952108706,human,False,False
2955877758,human,True,False
2955915516,human,True,False
2955918930,same-system,True,False
2955929785,same-system,True,False
2956104962,human,True,False
2956144992,same-system,True,False
2956200174,human,True,False
2956247301,same-system,True,False
2960056368,human,True,False
2964274129,human,True,False
2964285200,same-system,True,False
2976612471,human,True,False
2985774958,human,True,False
3004137882,human,True,False
3004169622,same-system,True,False
3004169972,same-system,True,False
3004181037,human,True,False
3004211522,same-system,True,False
3006160106,human,True,False
3006176792,same-system,True,False
3008243584,same-system,True,False
3008267943,human,True,False
2863873932,human,False,True
2864540942,human,False,False
3003444945,human,False,True
2851583266,human,True,False
2851583792,human,True,False
2851589461,human,True,False
2851590751,human,True,False
2851592081,human,True,False
2851597136,same-system,True,False
2851597802,human,True,False
2851613764,same-system,True,False
2851614049,same-system,True,False
2851614339,same-system,True,False
2851614610,same-system,True,False
2851614888,same-system,True,False
2851692847,human,True,False
2851694060,human,True,False
2851701765,same-system,True,False
2851716603,same-system,True,False
2887877507,human,True,False
2887918670,same-system,True,False
2887919028,same-system,True,False
2887963165,same-system,True,False
2892128455,human,True,False
2892174799,same-system,True,False
2893763830,same-system,True,True
2894023435,human,True,False
2894035076,same-system,True,False
2894038554,human,True,False
2894042933,human,True,False
2894055732,same-system,True,False
2894082649,human,False,False
3012721044,human,False,False
3012790453,human,False,False
2934150168,human,True,False
2934156389,same-system,True,False
2934156577,same-system,True,False
2934167851,human,True,False
2934198245,same-system,True,False
2858718492,human,True,False
2858762903,same-system,True,False
2858763963,same-system,True,False
2858854524,human,True,False
2858867146,human,True,False
2858878137,same-system,True,False
2858900647,same-system,True,False
2859431672,human,True,False
2859438077,same-system,True,False
2865813173,human,False,False
2872966358,human,False,False
3305664588,human,False,True
3006709038,human,False,False
3007569050,human,False,False
2906415488,human,False,False
2985861092,human,True,False
2985862465,human,True,False
2985870492,human,True,False
2985904359,same-system,True,False
2985939711,same-system,True,False
2985939809,same-system,True,False
2986058487,human,True,False
2986097759,same-system,True,False
2983745841,human,True,False
2983757111,same-system,True,False
2999288193,human,False,True
2999291893,human,True,False
2999292624,human,False,True
2999299244,same-system,True,False
2859114626,human,False,True
2859121962,human,False,True
3037803928,human,True,False
3037818425,same-system,True,False
3038920165,human,False,False
3038947736,human,False,True
2985922261,human,False,True
3047346507,human,False,True
3055316617,human,False,True
3055345187,human,False,True
3061275647,human,False,True
3061383818,human,False,True
3061479921,human,False,False
3061547410,human,False,False
3061709046,human,False,False
3005702859,human,False,True
3006031782,human,False,True
3008847536,human,False,False
2994287858,human,False,False
2994886141,human,True,False
2994893074,same-system,True,False
2995081794,human,False,False
3004319473,human,False,True
3005355875,human,False,False
3015598164,human,False,False
2968323959,human,True,False
2968329860,same-system,True,False
2968329871,same-system,True,False
2968333259,human,False,False
2867601050,human,False,False
2867605162,human,False,True
2964944590,human,True,False
2964961181,same-system,True,False
2966681306,human,True,False
2966694624,human,True,False
2966698335,same-system,True,False
2966711191,same-system,True,False
2966722253,human,True,False
2966738547,same-system,True,False
2966768947,human,True,False
2966781179,same-system,True,False
2974632586,human,False,False
2978464457,human,False,False
2978589959,human,False,False
2978592752,human,False,False
3047549385,human,True,False
3047561277,same-system,True,False
2988198325,human,True,False
2988200437,human,True,False
2988211863,human,True,False
2988226237,same-system,True,False
2988226489,same-system,True,False
2991130838,human,False,True
2933632523,same-system,False,True
2933633052,human,False,False
2934032747,human,False,False
2946764754,human,True,False
2946769047,human,True,False
2946775976,same-system,True,False
2946781008,same-system,True,False
2946798215,human,True,False
2946804723,same-system,True,False
2945169645,human,True,False
2945191654,same-system,True,False
2946402686,human,True,False
2946414546,same-system,True,False
2948990207,human,True,False
2949009431,same-system,True,False
2949009543,same-system,True,False
2949010084,same-system,True,False
2982595493,human,True,False
2982607225,human,True,False
2982612068,same-system,True,False
2982650097,human,False,False
2996795421,human,True,False
2996803651,same-system,True,False
2996923783,human,True,False
2996924176,human,True,False
2996928314,human,True,False
2996949279,same-system,True,False
2996949457,same-system,True,False
2996949624,same-system,True,False
2996954698,human,True,False
2996963170,same-system,True,False
2997023098,human,True,False
2997024987,human,True,False
2997025945,human,True,False
2997047021,same-system,True,False
2997047783,same-system,True,False
2997057301,human,True,False
2997058039,human,True,False
2900143047,human,False,True
2901694308,human,False,False
2905127373,human,False,False
2926338915,same-system,False,True
2926769663,human,False,False
2927615329,human,False,False
2856097823,human,True,True
2856119398,same-system,True,False
2856119516,same-system,True,False
2856119636,same-system,True,False
2856119727,same-system,True,False
2856119832,same-system,True,False
2856119969,same-system,True,False
2856120077,same-system,True,False
2923160045,human,True,True
2923173222,same-system,True,False
2923173972,same-system,True,False
2923174185,same-system,True,False
2923174784,same-system,True,False
2923175464,same-system,True,False
2923175691,same-system,True,False
2984535922,human,False,True
3010687218,human,False,True
3010844712,human,True,False
3010940220,same-system,True,False
3010940324,same-system,True,False
3010991384,human,False,False
2957139995,human,True,False
2957149782,same-system,True,False
2905456603,human,False,False
2936824787,human,False,False
3048399331,human,False,False
3001714819,human,True,False
3001747929,same-system,True,False
3001747957,same-system,True,False
3003043279,human,True,False
3003169260,human,False,False
3005164668,human,False,False
3013360486,human,True,False
2951794549,human,True,False
2951833326,same-system,True,False
2951923466,human,True,False
2951965891,same-system,True,False
2951999048,human,True,False
2952043744,same-system,True,False
2952043788,same-system,True,False
2952043820,same-system,True,False
2952043906,same-system,True,False
2952044121,same-system,True,False
2952044222,same-system,True,False
2952044300,same-system,True,False
2952044376,same-system,True,False
2954832401,human,True,False
2954934654,same-system,True,False
2955100292,human,True,False
2955166091,same-system,True,False
2955166210,same-system,True,False
2955166398,same-system,True,False
2955187699,human,True,False
2955256235,same-system,True,False
2955765130,human,True,False
2955820980,same-system,True,False
2975636657,human,False,False
2976802748,human,True,False
2976855188,same-system,True,False
2977282424,human,True,False
2977301563,same-system,True,False
3043701692,human,True,False
3043721030,human,True,False
2985833264,same-system,True,True
2990060545,human,False,False
2871081545,same-system,False,True
2992051836,human,False,True
2992093314,human,True,False
2992112997,same-system,True,False
2992197205,human,False,True
3001543033,human,False,True
3008542670,human,False,False
2871232938,same-system,True,True
3004634596,human,False,True
2976155565,human,True,True
2976164728,same-system,True,False
2976394968,human,False,True
2979336290,human,False,False
3085997655,human,False,False
3086011450,human,False,False
3086014889,human,False,False
3026466562,human,True,False
3026487596,same-system,True,False
3028040412,human,True,False
3028065760,same-system,True,False
2916443849,human,False,False
2918306597,human,True,False
2918320100,human,False,False
3056260360,human,False,True
3056448502,human,True,False
3056449767,human,True,False
3056450168,human,True,False
3056450932,human,True,False
3056461384,same-system,True,False
3056461855,same-system,True,False
3056601818,human,True,False
3056603322,human,True,False
3056605293,human,True,False
3056609031,human,False,True
3056619567,same-system,True,False
3056619723,same-system,True,False
3056620587,same-system,True,False
3056630451,human,False,False
3063150838,human,True,True
3063384996,same-system,True,False
3063385873,same-system,True,False
3063507024,human,True,True
3063773128,human,True,False
3064119438,human,True,False
3064261590,human,True,False
3068944944,human,True,True
3068971431,human,True,False
3068990522,human,True,False
3069603480,human,False,True
3073703234,human,True,True
3073715081,human,True,False
3073737898,human,True,False
3060160841,same-system,False,True
3060162190,human,False,False
3063122306,human,False,False
3023371250,human,False,False
3023670206,human,False,False
3037426762,human,False,False
3038584283,human,False,True
3038657745,human,True,False
3078259836,human,False,False
3078261027,human,False,False
3011782670,human,True,False
3011829007,same-system,True,False
3022894989,human,True,False
3022922821,same-system,True,False
3025671332,human,False,True
2928464564,human,True,False
2928465515,same-system,True,False
2928466013,human,False,False
2932922748,human,False,False
2982848157,human,True,False
2982863351,same-system,True,False
2982869114,human,False,False
2943846546,human,True,False
2943855249,same-system,True,False
2967259557,human,True,False
2967315637,same-system,True,False
2968397126,human,False,False
2941876890,human,False,False
2942609511,human,False,False
2928944326,human,True,False
2896001661,human,True,False
2896026784,same-system,True,False
3023728309,human,False,True
3066124790,human,False,False
2932910819,human,True,False
2932980908,human,True,False
2933056553,same-system,True,False
2933077928,human,False,False
2903553320,human,False,False
2903559451,human,False,False
2879636577,human,True,True
2879659688,same-system,True,False
2879659873,same-system,True,False
2879660067,same-system,True,False
2879926427,human,True,False
2879930701,same-system,True,False
2881784359,human,True,False
2882085273,same-system,True,False
2882085879,same-system,True,False
2882086219,same-system,True,False
2882195864,human,True,False
2882218786,same-system,True,False
2882261331,human,True,False
2882274199,same-system,True,False
2882274523,same-system,True,False
2882275246,same-system,True,False
2882275507,same-system,True,False
2882587501,human,False,False
2977312319,human,True,False
2977322653,same-system,True,False
2980924309,human,False,False
2980929846,human,False,False
2980971073,human,False,False
3008101340,human,True,False
3008150926,same-system,True,False
3008152283,human,True,False
3008222249,same-system,True,False
3008683664,human,True,False
3008763225,same-system,True,False
3012100924,human,True,True
3012190292,human,False,True
3018827237,human,False,True
2916944984,human,True,False
2916966086,same-system,True,False
3019956099,human,False,False
3058155074,human,False,False
2893541229,human,False,False
2893753976,human,False,False
2893765269,human,False,False
2891539228,human,False,False
3071194654,human,True,False
3071198349,human,True,False
3071239677,same-system,True,False
3071272670,same-system,True,False
3071352330,same-system,True,True
3071379795,human,True,False
3071438745,same-system,True,False
3071439542,same-system,True,False
3071440195,same-system,True,False
3071440659,same-system,True,False
3071440998,same-system,True,False
3071441797,same-system,True,False
3071442271,same-system,True,False
3071442794,same-system,True,False
3071443565,same-system,True,False
3071444188,same-system,True,False
3071465979,human,True,False
3071509997,same-system,True,False
3071510636,same-system,True,False
3071511401,same-system,True,False
3071907020,human,True,False
3071930341,same-system,True,False
2895619582,human,False,True
2895665624,human,True,False
2895717657,same-system,True,False
2918152301,cross-system,False,True
2918168989,same-system,True,True
2918295977,human,False,False
2918307911,human,True,False
2958047207,human,False,False
3007117891,human,True,True
3007154758,same-system,True,False
2979070977,human,False,False
3076773773,human,False,False
2852429320,human,False,False
2877879410,human,True,False
2877884730,same-system,True,False
2877946039,human,False,False
2878842037,human,False,False
2880433066,human,True,False
2880442034,same-system,True,False
2880508898,human,False,False
2855173236,human,False,True
2879650913,human,True,True
2879668314,same-system,True,False
2879668522,same-system,True,False
2879668727,same-system,True,False
2879668916,same-system,True,False
2879669118,same-system,True,False
2879717670,human,True,False
2879723434,same-system,True,False
2879723626,same-system,True,False
2879723814,same-system,True,False
2879763389,human,True,False
2881517296,human,True,False
2881535625,same-system,True,False
2881536351,same-system,True,False
2881887593,human,True,False
2881889416,human,True,False
2881895761,same-system,True,False
2881911175,same-system,True,False
2882032733,human,True,False
2882046712,same-system,True,False
2890164514,human,False,False
2890166132,human,False,False
3014766004,human,False,True
2891843082,human,False,False
2889221706,human,True,False
2889268477,same-system,True,False
2889268759,same-system,True,False
2889269205,same-system,True,False
2891384666,human,True,False
2891407664,same-system,True,False
2891419489,human,True,False
2891442250,same-system,True,False
2891442950,same-system,True,False
2981523333,human,False,False
3035481649,human,False,False
3036194269,human,False,True
3039229181,human,True,False
2983263749,human,True,True
2983274078,same-system,True,False
2983304134,human,False,True
2998281629,human,False,False
2926792056,same-system,False,True
2926808685,human,False,False
2936742141,human,False,False
2936950291,human,False,False
2868011459,human,False,False
2867930879,human,True,False
2868003983,same-system,True,False
2869218093,human,True,False
2869221149,same-system,True,False
2869223526,human,True,False
2869263338,human,True,False
2869271767,human,True,False
2869277746,human,True,False
2869709591,human,True,False
2871637291,human,True,False
2871705916,same-system,True,False
2871721443,human,True,False
2871728350,human,True,False
2871738382,same-system,True,False
2872556487,human,False,False
2873517673,human,True,False
2907661029,human,True,False
2907669872,same-system,True,False
2907670086,same-system,True,False
2907670249,same-system,True,False
2907670422,same-system,True,False
2872162845,human,True,False
2872200884,same-system,True,False
3013215033,human,True,False
3013318915,human,False,True
3038751993,human,True,False
3038753226,human,True,False
3038810765,same-system,True,False
3038882020,same-system,True,False
3039025931,human,False,False
3039077586,human,False,False
3052196048,human,True,False
3052197877,human,True,False
3052198820,human,True,False
3052225758,same-system,True,False
3052238417,same-system,True,False
3052238454,same-system,True,False
3052524399,human,False,False
3021101932,human,False,False
2939271682,human,True,False
2939275278,human,False,True
2939296629,same-system,True,False
2939297067,same-system,True,False
2939603093,human,False,True
2940460695,human,False,False
2942155124,human,False,False
2972373582,human,False,False
2972747987,human,False,False
3005436338,human,False,True
2973179214,human,True,False
2973197860,same-system,True,False
2973886606,human,False,True
2973903263,human,False,False
2973589347,human,False,True
2973952057,human,True,False
2973989778,same-system,True,False
2974128440,human,True,False
2974142055,same-system,True,False
2866035777,same-system,False,True
2873079540,human,False,False
3102202896,human,False,False
3102205844,same-system,True,True
2948444995,human,True,True
2948453807,same-system,True,False
2948454271,same-system,True,False
2950620983,human,False,True
3004061984,human,True,True
3004138162,same-system,True,False
3004140492,human,False,False
3006661750,human,False,True
2974991705,human,False,True
2977999909,human,False,True
2978689927,human,False,True
2978752544,human,False,False
2978979239,human,False,False
3023585722,human,False,True
3030635196,human,True,True
3036211105,human,True,False
3036211194,human,True,False
3036211292,human,True,False
3039128927,human,True,False
3039216060,same-system,True,False
3039346936,same-system,False,True
3039381349,human,False,False
3041234992,human,True,False
3041318353,same-system,True,False
3041540783,human,True,False
3041661977,same-system,True,False
3043494334,human,True,False
3043536333,human,True,False
3043551048,human,True,False
3043559269,human,True,False
3043582165,human,True,False
3043593124,human,True,False
3043612485,human,True,False
3043616944,human,True,False
3043618569,human,True,False
3043620704,human,True,False
3043627691,same-system,True,False
3043646915,human,True,False
3043652464,human,False,True
3043766561,same-system,True,False
3043766849,same-system,True,False
3043767208,same-system,True,False
3043767454,same-system,True,False
2852009275,same-system,True,True
2852033200,human,True,False
2852035794,human,False,True
2852081589,human,True,False
2852091909,same-system,True,False
2858413970,human,False,False
2981681674,human,True,False
2981689057,same-system,True,False
2981698382,human,True,False
2981701884,same-system,True,False
2981973393,human,True,False
2981997971,same-system,True,False
2982073616,human,True,False
2982110491,same-system,True,False
2982286082,human,True,False
2982295895,same-system,True,False
2882916939,human,True,False
2882927345,same-system,True,False
2882979691,human,False,False
3042195490,human,True,False
3042196081,human,True,False
3042196627,human,True,False
3042206327,same-system,True,False
3042234144,human,True,False
3042270434,same-system,True,False
3042271886,same-system,True,False
3042286923,human,False,True
3042332447,same-system,True,False
3044782919,human,False,False
3045392979,human,False,False
2884025094,human,True,False
2884057305,same-system,True,False
2925918223,human,False,True
2925941745,human,False,True
2862538114,human,True,False
2862539968,human,True,False
2862543266,same-system,True,False
2862549291,same-system,True,False
2866989331,human,True,False
2866990631,same-system,True,False
2876856234,human,True,False
2876863488,same-system,True,False
3068779893,human,False,True
3068795289,human,False,True
2897652004,same-system,True,True
3071333676,human,False,True
2990851832,same-system,True,True
2991025339,human,True,False
3003954605,human,False,False
2886597733,same-system,False,True
3152473132,human,False,False
3056710965,same-system,True,True
3056711324,human,False,False
3056889223,human,False,False
2973468376,human,True,False
2973474081,same-system,True,False
3006117321,human,False,True
3006407108,human,True,True
3006457845,same-system,True,False
3006458166,same-system,True,False
3006458353,same-system,True,False
3006458482,same-system,True,False
3006574768,human,False,True
3043131899,human,True,False
3043166863,same-system,True,False
3043193921,human,True,False
3043195596,human,True,False
3043208273,same-system,True,False
3045613739,human,False,True
3055303988,human,False,False
2852065568,same-system,False,True
3066099155,human,True,False
3066100350,human,True,False
3066106865,human,True,False
3066109433,human,True,False
3066121716,same-system,True,False
3066122097,same-system,True,False
3066123383,human,True,False
3066124857,human,True,False
3066127336,human,True,False
3066129940,human,True,False
3066132913,human,False,True
3066160415,same-system,True,False
3066161372,same-system,True,False
3066162520,same-system,True,False
3066163366,same-system,True,False
3066194999,same-system,True,False
3066195652,same-system,True,False
3066210876,human,False,False
3066273391,human,False,False
2853697625,human,True,False
2853736472,human,True,False
2853741500,same-system,True,False
2854599726,human,True,False
2854612080,same-system,True,False
2863517721,human,True,False
2863521577,human,True,False
2863523476,same-system,True,False
2863539729,same-system,True,False
2863561461,human,True,False
2863569580,same-system,True,False
2867601595,human,False,False
2867732678,human,False,False
2897045656,human,True,False
2897059581,human,True,False
2897064182,human,True,False
2897065301,human,True,False
2897068181,human,True,False
2897068733,human,True,False
2897069143,human,True,False
2897069675,human,True,False
2897071397,human,False,False
2905691008,human,True,False
2905705237,same-system,True,False
2905713750,human,True,False
2905730402,same-system,True,False
2905945871,human,False,True
2906036450,human,False,True
2975172783,human,True,False
2975214431,same-system,True,False
2975241040,same-system,True,False
2975241415,same-system,True,False
2975241775,same-system,True,False
2975242125,same-system,True,False
2933906107,human,True,False
2933908303,same-system,True,False
2933911115,human,True,False
2933916156,same-system,True,False
2933921822,human,False,False
2933929064,human,False,False
2933929554,human,False,False
2872451760,human,True,False
2872472097,same-system,True,False
2872472783,same-system,True,False
2872474236,same-system,True,False
2872475372,same-system,True,False
2872476391,same-system,True,False
2873145841,human,True,False
2873172078,same-system,True,False
2873172553,same-system,True,False
2873172912,same-system,True,False
2873173117,same-system,True,False
2873173348,same-system,True,False
2873173527,same-system,True,False
2873173785,same-system,True,False
2873173942,same-system,True,False
2873174095,same-system,True,False
2873174247,same-system,True,False
2873174418,same-system,True,False
2873174592,same-system,True,False
2873174715,same-system,True,False
2873174864,same-system,True,False
2873175048,same-system,True,False
2873175190,same-system,True,False
2879170950,human,False,False
2879516284,human,False,False
2890159364,human,False,False
2890269694,human,False,False
3026036747,human,False,False
2862129537,human,False,True
2894545079,human,False,True
3055486590,human,False,False
3075139093,human,True,False
3075160944,same-system,True,False
3075268569,human,True,False
3075310189,same-system,True,False
3092048713,human,True,False
3092056138,human,True,False
3092063431,human,False,False
3092078775,human,False,False
3092500137,human,True,False
3092500635,human,True,False
2922289773,human,True,False
2922291138,human,True,False
2922297708,same-system,True,False
2922312051,same-system,True,False
2932910447,human,True,False
2932913581,human,True,False
2932916761,same-system,True,False
2932930405,same-system,True,False
2907129848,human,True,False
2907131529,human,True,False
2907139066,same-system,True,False
2907139246,same-system,True,False
2907182732,human,True,False
2907191707,same-system,True,False
2908245488,human,False,False
2864392853,same-system,False,True
2862606651,human,True,False
2862612093,same-system,True,False
2862615389,human,True,False
2862621308,same-system,True,False
2862621597,same-system,True,False
2862621812,same-system,True,False
3182957868,human,True,False
3027979553,human,False,False
2978216490,human,True,False
2978229032,human,True,False
2978230573,same-system,True,False
2978238035,human,False,False
2978237339,human,True,True
2978299931,human,True,False
2978323416,same-system,True,False
2978455171,human,True,False
2978471305,same-system,True,False
2978564106,human,False,False
2978827337,human,False,False
2918607749,same-system,False,True
3027059942,human,False,False
2852840032,human,True,False
2852841159,human,True,False
2852844311,human,True,False
2852848164,human,True,False
2852850528,human,False,True
2852858770,same-system,True,False
2852859202,same-system,True,False
2852899580,same-system,True,False
2852900440,same-system,True,False
2953393207,human,True,False
2953420737,same-system,True,False
2955254972,human,True,False
2955289468,same-system,True,False
2955377306,human,True,False
2955420238,same-system,True,False
2995396111,human,False,False
2995158462,human,True,False
2995177636,same-system,True,False
2995177703,same-system,True,False
2995284815,human,True,False
2995303102,same-system,True,False
2998526613,human,True,False
2998552964,same-system,True,False
2998825570,human,False,False
3001729739,human,False,False
2933040488,human,True,False
2933466117,human,True,False
3043146894,human,True,False
3043169721,same-system,True,False
2907775800,human,True,False
3013953551,human,True,True
3013962986,same-system,True,False
3013962996,same-system,True,False
3013963009,same-system,True,False
3013963019,same-system,True,False
3013963082,same-system,True,False
3013963089,same-system,True,False
3013963099,same-system,True,False
3013963107,same-system,True,False
3013963115,same-system,True,False
3013963122,same-system,True,False
3013963126,same-system,True,False
3013966091,human,True,True
3013972131,same-system,True,False
3013972143,same-system,True,False
3013972151,same-system,True,False
3013972159,same-system,True,False
3013972168,same-system,True,False
3014034070,same-system,True,True
3014044496,human,False,False
3013442534,human,True,False
3013450967,same-system,True,False
3013451009,same-system,True,False
3013451082,same-system,True,False
3013451106,same-system,True,False
3013451123,same-system,True,False
3013451178,same-system,True,False
3013451713,same-system,True,False
3013452009,same-system,True,False
3013452222,same-system,True,False
3013452373,same-system,True,False
3013452515,same-system,True,False
3013452873,same-system,True,False
3013453263,same-system,True,False
3013453454,human,False,False
3013453565,same-system,True,False
3013453703,same-system,True,False
3013453882,same-system,True,False
3013454466,same-system,True,False
3013454686,same-system,True,False
3013454809,same-system,True,False
3013454968,same-system,True,False
3013455355,same-system,True,False
2966343937,same-system,False,True
2978697564,human,False,False
2939048859,human,True,False
2939149182,same-system,True,False
2939149708,same-system,True,False
2939150624,same-system,True,False
2939151140,same-system,True,False
2939151656,same-system,True,False
2939152171,same-system,True,False
2939152729,same-system,True,False
2939946928,human,True,False
2939972939,same-system,True,False
2939973411,same-system,True,False
2939973842,same-system,True,False
2940003671,human,False,False
2979923236,human,True,False
2979947753,same-system,True,False
2980000933,human,True,False
2980024852,same-system,True,False
2980024939,same-system,True,False
2980025033,same-system,True,False
2980042582,human,True,False
2980061582,same-system,True,False
2980061676,same-system,True,False
2980661079,human,False,False
2980733256,human,False,False
2952015839,human,False,True
2952719007,human,False,False
2908470488,human,False,False
2969069131,human,False,False
2984705803,human,True,False
2984715960,same-system,True,False
2984730324,human,True,False
2984734613,same-system,True,False
2985304717,human,False,False
2985316464,human,True,False
2985322432,human,True,False
2985323257,same-system,True,False
2985324540,human,True,False
2985327125,same-system,True,False
2985333026,human,True,False
2985341573,human,True,False
2985346328,human,True,False
2985349714,same-system,True,False
2985349748,same-system,True,False
2985349794,same-system,True,False
2985359733,same-system,True,False
2985380854,human,True,False
2985386027,same-system,True,False
2985502035,human,True,False
2985532105,same-system,True,False
3062627625,human,True,False
3064520470,same-system,True,False
3074895965,human,False,False
2943886096,human,True,False
2943899949,same-system,True,False
2943904473,human,True,False
2943917505,same-system,True,False
2943962245,human,False,False
2954143885,human,False,True
2954153598,human,True,False
2954166620,same-system,True,False
2954197851,human,True,False
2954207753,same-system,True,False
2954209101,human,False,False
2954215467,human,False,False
2954644929,human,False,False
2954646791,human,False,False
2862973013,human,True,False
2862976126,same-system,True,False
2865436738,human,False,True
2871578090,human,False,False
3073668599,human,True,True
3073702868,same-system,True,False
3073743346,human,False,True
3074395510,human,True,True
3074483093,same-system,True,False
3074483635,same-system,True,False
3094687549,human,True,False
3094690194,human,True,False
3094712766,same-system,True,False
3095903278,human,False,False
2971441870,human,False,True
2971485191,human,False,False
2971504328,human,False,False
2949265099,human,True,True
2949316207,same-system,True,False
2949629608,human,False,True
2953653742,human,True,False
2953717155,same-system,True,False
2852039447,human,False,True
2979943263,human,False,False
3011079290,human,True,False
3011088682,human,True,False
3011104862,human,True,False
3011112733,human,True,False
3011132031,same-system,True,False
3011163280,same-system,True,False
3011163434,same-system,True,False
3011163559,same-system,True,False
3011197053,human,True,False
3011208929,human,True,False
3011219704,same-system,True,False
3011371115,human,False,False
3012240280,human,True,False
3012242567,human,True,False
3012247813,same-system,True,False
3012647306,human,True,False
3012648990,same-system,True,False
3014477205,human,True,False
3014488232,same-system,True,False
3016854707,human,False,False
3017103010,human,False,False
3017596270,human,False,False
3036356592,human,True,False
3036364398,same-system,True,False
3036364446,same-system,True,False
3037798735,human,True,False
3037808150,same-system,True,False
3038943557,human,False,True
2977063748,human,False,False
2977065748,human,False,False
2851854367,human,True,False
2851875042,same-system,True,False
2851875272,same-system,True,False
2851875466,same-system,True,False
2851875655,same-system,True,False
3050701690,human,False,True
3050704816,human,False,True
3050743576,human,False,True
3053742002,human,False,True
2983970540,human,True,False
2984004228,human,True,False
2984012917,same-system,True,False
2984052855,same-system,True,False
2984053562,same-system,True,False
2906483648,human,False,True
3045156808,human,True,False
3045165674,same-system,True,False
3303766114,human,True,True
3303800479,same-system,True,False
3303800491,same-system,True,False
3303800494,same-system,True,False
3304528172,human,False,False
3305859725,human,False,False
2865348360,human,True,False
2865388307,same-system,True,False
2865448229,same-system,True,True
2866220494,human,False,False
2873478892,human,False,True
2879747000,human,True,False
2879754339,same-system,True,False
2879797855,human,False,False
2879912342,human,False,False
2862693883,same-system,False,True
2865065666,human,False,False
2865327864,human,True,False
2865343235,same-system,True,False
2875937174,human,False,False
2876190475,human,False,False
3006726352,human,True,False
3006785156,same-system,True,False
3007495671,human,True,False
3007936540,same-system,True,False
3008079954,human,False,True
2966305838,human,True,False
2966666146,human,True,False
2970361493,human,False,True
2970366959,same-system,True,False
2955294458,human,False,True
3057971173,human,False,False
3060838898,human,False,False
2852909559,human,True,True
2853055352,same-system,True,False
2853055641,same-system,True,False
2853101391,human,True,False
2853113737,same-system,True,False
2853633846,human,True,False
2853645368,same-system,True,False
2853645733,same-system,True,False
2854231870,human,False,True
2898647992,human,False,False
3007046922,human,True,False
3007059743,same-system,True,False
3007059750,same-system,True,False
3007268780,human,True,False
3007274095,same-system,True,False
2865308835,human,True,False
2931063765,human,False,False
2931095885,human,False,False
2906116218,human,True,False
2906126620,same-system,True,False
2906126824,same-system,True,False
2906127052,same-system,True,False
2913474766,human,False,True
2913493394,human,False,False
2914072660,human,False,False
2976607845,human,False,False
3203223686,same-system,False,True
2964660739,human,False,False
2968082261,human,True,False
2969671707,human,True,False
2969671976,human,True,False
2969677411,same-system,True,False
2969677437,same-system,True,False
2893625567,human,True,False
2893631254,human,True,False
2893633140,same-system,True,False
2893635163,human,True,False
2893639710,human,True,False
2893684096,same-system,True,False
2893684601,same-system,True,False
2893685014,same-system,True,False
2893768058,human,True,False
2893775509,human,True,False
2893776882,human,True,False
2893778584,human,True,False
2893783219,human,True,False
2893785333,same-system,True,False
2893788780,human,True,False
2893791029,human,True,False
2893793172,human,True,False
2893825855,same-system,True,False
2893826252,same-system,True,False
2893826832,same-system,True,False
2893830179,same-system,True,False
2893872421,same-system,True,False
2893873258,same-system,True,False
2893873836,same-system,True,False
2893919180,human,True,False
2893950446,same-system,True,False
2904984073,human,True,False
2904995938,same-system,True,False
2904996238,same-system,True,False
2905187712,human,False,False
2905195715,human,True,False
2905211564,human,True,False
2905212389,same-system,True,False
2905244108,human,True,False
2977986697,human,False,True
2977999360,human,True,False
2977999774,human,True,False
2978010433,same-system,True,False
2978010521,same-system,True,False
2978014508,human,True,False
2978016712,human,True,False
2978023956,same-system,True,False
2978029533,same-system,True,False
2978034273,human,True,False
2978060885,human,True,False
2978067322,same-system,True,False
2981325086,human,False,False
2982788754,human,False,False
2984011816,human,False,False
2986834453,human,True,False
2948355083,human,True,False
2948357566,same-system,True,False
2948360901,human,True,False
2948361648,same-system,True,False
2852188784,human,False,False
3014017003,human,True,False
3014026146,same-system,True,False
3014026232,same-system,True,False
3014026315,same-system,True,False
2854870789,human,False,False
3027650078,human,True,False
3027701845,same-system,True,False
3030355707,human,True,False
3030373218,same-system,True,False
2941841592,human,False,False
2942606913,human,False,False
2943619257,human,False,False
2892007318,human,True,False
2892011787,same-system,True,True
2892034046,same-system,True,False
2892354708,human,True,False
2892417683,same-system,True,False
2896487038,human,True,False
2896502664,same-system,True,False
2896527451,same-system,True,False
2905084110,human,True,True
2943277632,human,False,True
2947088702,human,False,False
2851979277,human,True,False
2851991377,same-system,True,False
2852190184,human,True,False
2852192621,same-system,True,False
3023945007,human,False,False
3023948985,human,False,False
3025810500,human,False,False
3028424732,human,False,False
2889365201,human,True,True
2889411877,same-system,True,False
2889412145,same-system,True,False
2853978470,human,True,False
2854025978,same-system,True,False
2854026777,same-system,True,False
2854027479,same-system,True,False
2854028233,same-system,True,False
2854028989,same-system,True,False
2854030674,same-system,True,False
2856076679,human,True,False
2856092414,same-system,True,False
2856082904,human,True,False
2856113136,same-system,True,False
2856113246,same-system,True,False
2856113366,same-system,True,False
2856113485,same-system,True,False
2856128990,human,True,False
2856150232,same-system,True,False
2856154776,human,True,False
2856172627,same-system,True,False
2856188537,human,True,False
2856211463,same-system,True,False
2856211957,same-system,True,False
2990889805,human,False,False
2991120090,human,False,False
2914017453,human,True,True
2917644703,same-system,True,False
2917645197,same-system,True,False
2917645665,same-system,True,False
2917646170,same-system,True,False
2917646675,same-system,True,False
2917647146,same-system,True,False
2917647629,same-system,True,False
2917648079,same-system,True,False
2917648666,same-system,True,False
2917649131,same-system,True,False
2917649673,same-system,True,False
2917650133,same-system,True,False
2917650600,same-system,True,False
2917651036,same-system,True,False
2917657658,human,True,True
2917699666,same-system,True,False
2917700131,same-system,True,False
2917700691,same-system,True,False
2917701191,same-system,True,False
2917701962,same-system,True,False
2925174809,human,False,False
2900638446,human,False,False
2870249760,same-system,True,True
2932116156,human,False,False
3055250392,human,False,False
3055425370,human,False,False
3071347415,human,False,False
2861784741,human,True,False
2861788231,human,True,False
2861788731,human,True,False
2861808743,same-system,True,False
2861809302,same-system,True,False
2861810700,same-system,True,False
2861814553,human,True,False
2861840028,same-system,True,False
2861846840,human,True,False
2861849023,human,True,False
2861856700,human,True,False
2861864759,same-system,True,False
2861875472,human,True,False
2861884828,same-system,True,False
2861885424,same-system,True,False
2861894228,same-system,True,False
2861912649,human,True,False
2861914578,human,True,False
2861918874,same-system,True,False
2861975788,human,True,False
2861983391,same-system,True,False
2862057698,human,False,True
2862184328,human,True,False
2862189819,human,True,False
2862191809,human,True,False
2862196143,human,False,False
3028747670,human,True,True
3028774363,same-system,True,False
3028774601,same-system,True,False
3028774774,same-system,True,False
3028774940,same-system,True,False
3028812473,human,False,False
3036209633,human,False,True
3036247063,human,False,False
2996805939,human,False,False
3022834305,human,False,False
3054534936,human,False,False
3061322162,human,False,False
3061331466,human,False,True
2947231564,human,True,False
2947243480,same-system,True,False
2947243567,same-system,True,False
2947271129,human,False,True
2950497819,human,False,True
2950701853,human,False,False
2951019166,human,False,False
2882898970,human,True,False
2882899215,human,True,False
2882908315,same-system,True,False
2882916158,human,True,False
2882921646,same-system,True,False
2882950509,same-system,True,False
2882956053,human,True,False
2882960182,human,True,False
2882966495,same-system,True,False
2882983089,same-system,True,False
2883121146,human,True,False
2883122094,human,True,False
2883123339,human,True,False
2883125925,human,True,False
2883126689,human,True,False
2883127078,human,True,False
2883138241,same-system,True,False
2883169448,same-system,True,False
2883169486,same-system,True,False
2883169535,same-system,True,False
2883368334,human,True,False
2883392689,human,True,False
2883481354,same-system,True,False
2884162557,human,True,False
2884172593,same-system,True,False
2884559103,human,True,False
2884588219,same-system,True,False
2885338886,human,True,False
2885342906,human,True,False
2885343574,human,True,False
2975281649,human,False,False
2943103496,human,True,False
2943117326,same-system,True,False
2943611186,human,True,False
2943616126,same-system,True,False
2943623949,human,True,False
2943625474,human,False,True
2973320896,human,True,False
2973334645,same-system,True,False
2973334778,same-system,True,False
2973334932,same-system,True,False
2976804416,human,True,False
2976824110,same-system,True,False
2976839016,human,True,False
2976850023,same-system,True,False
2976850350,same-system,True,False
2976870301,human,True,False
2976879430,same-system,True,False
2976900849,human,True,True
2976913976,same-system,True,False
2980486008,human,True,False
2980508615,same-system,True,False
2980508709,same-system,True,False
2980508814,same-system,True,False
2999168367,human,False,True
2982875719,human,False,True
2943796601,human,False,False
2947396943,human,True,False
2947398831,same-system,True,False
2947402293,human,False,False
2947547827,human,True,False
2915216833,human,False,False
2915217134,same-system,False,True
2915355534,human,False,True
2921660323,human,False,False
2921665729,human,False,False
2976305649,human,True,False
2976339939,same-system,True,False
2976339995,same-system,True,False
2976349412,human,True,False
2976365342,same-system,True,False
2976371698,human,False,True
2976373701,human,False,True
2979376238,same-system,False,True
2979522345,human,False,False
2980140600,human,False,False
2915037343,same-system,True,True
2915150628,human,True,True
2915244677,human,False,False
2851945535,human,False,True
2851991821,human,False,True
2852126464,human,True,False
2852140072,same-system,True,False
2852140268,same-system,True,False
2852140477,same-system,True,False
2852140670,same-system,True,False
2852140870,same-system,True,False
2852145297,human,True,False
2852151510,same-system,True,False
2852151676,same-system,True,False
2852151830,same-system,True,False
2852158334,human,False,True
2987299194,same-system,False,True
3103634191,human,False,False
3105617378,human,False,False
3107927042,human,False,True
2910617955,human,True,False
2910628802,same-system,True,False
2910633565,human,True,False
2910642754,same-system,True,False
2910758909,human,True,False
2910781595,same-system,True,False
2910788185,human,True,False
2910802918,human,True,False
2910812389,same-system,True,False
2910839374,same-system,True,False
2910868539,human,True,False
2910876177,same-system,True,False
2914365014,human,True,False
2914378731,same-system,True,False
2917913313,human,True,False
2917945535,human,True,False
2917956932,same-system,True,False
3035977203,human,False,False
2993519512,human,False,False
2983717839,same-system,False,True
2852523593,human,False,False
3057985098,human,False,True
3057999573,human,False,True
3058001797,human,True,True
3058002764,same-system,True,False
3058003383,human,True,True
3058006489,same-system,True,False
3058006525,same-system,True,False
3058006560,same-system,True,False
3058007256,same-system,True,True
3058009802,human,False,True
2914219358,human,True,True
2914258476,same-system,True,False
2914258766,same-system,True,False
2914259035,same-system,True,False
2914270245,human,True,False
2914300123,same-system,True,False
2914300439,same-system,True,False
2914367528,human,True,True
2914400566,same-system,True,False
2914400854,same-system,True,False
2914401107,same-system,True,False
2914401424,same-system,True,False
2914401715,same-system,True,False
2920321743,human,False,False
2920701854,human,False,False
2924513403,human,False,False
2955628720,human,True,False
2955630168,human,True,False
2959802489,human,True,False
2959802664,human,True,False
3041623712,human,False,False
2950781874,human,False,True
2855065536,human,False,False
2905067576,same-system,True,True
2905075986,human,False,False
2905183829,human,False,False
2853990434,same-system,True,True
2921507448,human,True,False
2921517929,human,False,True
2957816757,human,False,False
2943629254,human,True,True
2943637350,same-system,True,False
2943637571,same-system,True,False
2943692261,human,True,False
2943703248,same-system,True,False
2943703499,same-system,True,False
2943703705,same-system,True,False
2943703918,same-system,True,False
2943704138,same-system,True,False
2943713675,human,False,False
3057981780,human,False,True
3057986797,human,False,False
3051082471,human,True,False
3051141440,same-system,True,False
3051160269,human,False,True
3051266123,human,False,False
3051272782,cross-system,True,True
3051290768,human,False,False
3045318689,human,False,False
3048708723,human,False,False
2991403376,human,False,True
2991404063,same-system,True,True
3042241607,human,True,False
3042353866,same-system,True,False
3042355285,same-system,True,False
3042356115,same-system,True,False
3042367822,human,True,False
3042428192,same-system,True,False
3054712322,human,False,False
3055851192,human,False,False
3066775828,human,False,False
2931794333,human,True,True
2934460197,human,False,False
2934466348,human,False,False
2967875221,human,True,True
2967890193,same-system,True,False
2967890406,same-system,True,False
2967890577,same-system,True,False
2967890775,same-system,True,False
2967890948,same-system,True,False
2967891109,same-system,True,False
2967891267,same-system,True,False
2967895254,human,True,False
2967908077,same-system,True,False
2967908367,same-system,True,False
2967918548,human,True,False
2967958071,same-system,True,False
2967958142,same-system,True,False
2967958204,same-system,True,False
2967958258,same-system,True,False
2967958342,same-system,True,False
2967965571,human,True,False
2967981044,same-system,True,False
2967981095,same-system,True,False
2967981150,same-system,True,False
2968006603,human,True,False
2968034110,same-system,True,False
2968034435,same-system,True,False
2968034627,same-system,True,False
2968034769,same-system,True,False
2968034886,same-system,True,False
2993613413,human,True,False
2993742652,same-system,True,False
2993742793,same-system,True,False
2993742906,same-system,True,False
2993743019,same-system,True,False
3010302886,human,False,False
3010385426,human,False,False
3010996789,human,True,False
2859589797,human,True,False
2859597866,same-system,True,False
2908476470,human,False,False
3060541801,human,False,False
2891821517,same-system,True,True
2891864226,human,False,True
2892527553,human,False,False
2959413799,human,True,True
2959444384,same-system,True,False
2959444469,same-system,True,False
2959444546,same-system,True,False
2959444637,same-system,True,False
2900672635,human,True,False
2953003205,human,False,False
2906431980,human,False,False
3071290234,human,False,True
3078321965,human,False,False
3078322791,human,False,False
2851867909,human,False,False
3041615993,human,True,False
3041651202,same-system,True,False
3041665933,human,True,False
3041691210,same-system,True,False
3041693975,human,False,False
3031723015,human,True,False
3031747499,same-system,True,False
3031747633,same-system,True,False
3032021519,human,True,False
3032058398,same-system,True,False
3032058510,same-system,True,False
3032223076,human,True,False
3032261503,same-system,True,False
3032468723,human,True,True
3032963975,same-system,True,False
3033037641,human,False,True
3033145400,human,False,True
3033245662,human,True,False
3033263952,same-system,True,False
3033339305,human,False,True
3064644461,human,False,False
2963656642,human,True,False
2963660173,same-system,True,False
2963842389,human,False,False
2965088902,human,False,False
2967070337,human,False,False
2869066328,human,False,False
3023863403,human,False,True
3024150329,human,False,False
2959938944,human,True,False
2959942725,human,True,False
2959944297,human,True,False
2959946210,same-system,True,False
2959948711,same-system,True,False
2959967515,human,True,False
2968192470,human,True,False
2968199133,same-system,True,False
2968222958,human,True,False
2968252408,same-system,True,False
2972312148,human,True,False
2972313864,human,True,False
2972361657,same-system,True,False
2972369227,same-system,True,False
2976124370,human,True,False
2976133681,human,True,False
2976162335,same-system,True,False
2976182335,same-system,True,False
2859537399,same-system,True,True
2859543089,human,True,False
2859543594,human,True,False
2859544520,human,True,False
2860090896,human,False,False
2860168873,human,False,False
2987743642,human,True,False
2987747474,same-system,True,False
2988405853,human,True,False
2988408810,human,True,False
2988408969,same-system,True,False
2988422987,same-system,True,False
2990339539,human,True,False
2990595477,human,True,False
2990641257,same-system,True,False
2990641442,same-system,True,False
3017212109,human,True,False
3017222634,same-system,True,False
3021144935,human,False,False
3022102668,human,True,False
3022702102,human,True,False
3022705123,same-system,True,False
3023120873,human,True,False
3023151217,same-system,True,False
3025514096,human,True,False
3025519544,human,True,False
3025543268,same-system,True,False
3025574694,same-system,True,False
3027553389,human,True,False
3027561189,same-system,True,False
3027573191,human,True,False
3027645846,same-system,True,False
2862691389,same-system,False,True
2852019704,human,False,True
2852075128,human,False,True
2852090224,human,True,False
2852095178,human,True,False
2852095390,same-system,True,False
2852118806,same-system,True,False
2852121073,human,True,False
2852222523,same-system,True,False
2852246477,human,True,False
2852248775,same-system,True,False
2858265446,human,False,True
2984440130,human,True,False
2984448189,same-system,True,False
2984448253,same-system,True,False
2984448302,same-system,True,False
2998050933,human,False,False
3117183414,human,False,False
3060679516,human,True,False
3060698814,same-system,True,False
3060871612,human,False,False
3035902839,human,False,False
3034887431,human,True,True
3034915842,same-system,True,False
3034915927,same-system,True,False
3035610356,human,True,True
3035613531,same-system,True,False
3035614450,human,True,False
3035615222,same-system,True,False
3035619847,human,False,False
3038936242,human,True,False
3038938287,human,True,False
3038950244,same-system,True,False
3038967561,same-system,True,False
3035292263,human,False,True
3036074983,human,False,True
2983635101,human,True,True
3046126304,human,False,False
2955274542,same-system,False,True
2955306622,same-system,True,True
2955345888,human,False,True
2955385210,same-system,True,True
3065467618,human,True,False
3065469002,human,True,False
3065476666,same-system,True,False
3065488397,same-system,True,False
3065493179,human,False,False
3059589166,human,True,True
3059596982,human,False,True
3059604084,human,False,True
2908613457,human,False,False
2908638413,human,False,False
2982112254,human,False,False
2972904730,human,True,True
2972933964,same-system,True,False
2972934014,same-system,True,False
2866250669,human,True,False
2866250759,human,True,False
2866252774,same-system,True,False
2866255480,same-system,True,False
2883807290,human,True,False
2883812956,same-system,True,False
2883813203,same-system,True,False
2884019533,human,True,False
2884024413,same-system,True,False
2884176681,human,True,False
2884213136,same-system,True,False
2884213152,same-system,True,False
2884213178,same-system,True,False
2884213195,same-system,True,False
2884213211,same-system,True,False
2884213230,same-system,True,False
2884213255,same-system,True,False
2884213272,same-system,True,False
2884213295,same-system,True,False
2884213321,same-system,True,False
2884213347,same-system,True,False
2884213368,same-system,True,False
2884213398,same-system,True,False
2884213423,same-system,True,False
2884213442,same-system,True,False
2884213467,same-system,True,False
2884213495,same-system,True,False
2884213513,same-system,True,False
2884213540,same-system,True,False
2884216885,human,True,False
2884242568,same-system,True,False
2884242585,same-system,True,False
2884242711,same-system,True,False
2884242727,same-system,True,False
2873817190,human,True,False
2877617796,same-system,True,False
2877642293,same-system,True,False
2877644886,same-system,True,False
2877671371,human,True,False
2877771860,same-system,True,False
2877773679,same-system,True,False
2998135337,human,True,False
2998168626,same-system,True,False
3003146445,human,False,False
3004246023,human,True,True
3005251571,human,True,False
3006271632,human,False,False
2948250959,human,False,False
2911405393,human,False,False
2911416139,human,False,False
3007326388,human,True,False
3007340432,same-system,True,False
3007393064,human,False,False
3007639905,human,False,True
2938620349,human,False,True
2939864262,human,False,False
2984235986,human,False,False
3007515751,human,False,False
3036959271,human,False,False
2862305654,human,True,False
2862331946,same-system,True,False
2876302350,human,True,False
2876318121,same-system,True,False
2876318601,same-system,True,False
2876618970,human,False,True
2918266504,human,True,False
2918282203,same-system,True,False
2925557689,human,False,True
2925578226,human,False,False
2925696455,same-system,False,True
2925774305,human,False,False
3011211973,human,True,False
3011217769,human,True,False
3011220742,human,True,False
3011222219,same-system,True,False
3011222489,human,True,False
3011240532,human,True,False
3011251133,same-system,True,False
3011251223,same-system,True,False
3011251326,same-system,True,False
3011262338,same-system,True,False
3017173615,human,True,False
3017175396,human,True,False
3017180619,same-system,True,False
3017201548,same-system,True,False
3017201814,human,True,False
3017215179,human,True,False
3017225937,same-system,True,False
2922611270,same-system,False,True
2922620218,human,False,False
2922624422,human,False,False
2933778502,human,True,False
2933792210,same-system,True,False
2937392369,human,True,False
2937429330,same-system,True,False
2946774379,human,False,True
3062738823,human,False,False
3063435924,human,False,False
3064074815,human,False,False
2959916023,human,False,False
3035346886,same-system,False,True
3035361950,same-system,False,True
3035369282,human,False,False
2923673659,human,False,False
2923726649,human,True,False
2923780836,same-system,True,False
2923795863,human,True,False
2923796944,human,True,False
2923797671,human,True,False
2923809979,same-system,True,False
2923841439,same-system,True,False
2923841720,same-system,True,False
2923865572,human,True,False
2923879471,same-system,True,False
3041291657,human,False,False
3041314381,human,False,False
3041315829,human,False,False
3041323632,human,False,False
3041326942,same-system,True,True
2928464078,human,False,True
2928466830,human,True,False
2928468148,same-system,True,False
2933253124,human,False,True
2937673248,human,False,False
2926214651,human,True,False
3043740774,same-system,True,True
3043790848,same-system,True,True
3043902090,same-system,True,True
3044033366,same-system,True,True
3044214815,same-system,True,True
3044371047,same-system,True,True
3047635185,human,False,False
3055291755,human,False,False
3058025339,human,True,True
3058044573,same-system,True,False
3058044583,same-system,True,False
3058044601,same-system,True,False
3058044604,same-system,True,False
3058044615,same-system,True,False
3058044628,same-system,True,False
3058044639,same-system,True,False
3058044649,same-system,True,False
3058044654,same-system,True,False
3058044666,same-system,True,False
3058044688,same-system,True,False
3058044724,same-system,True,False
3058044750,same-system,True,False
3058044774,same-system,True,False
2979259594,human,True,False
2979320277,same-system,True,False
2979322306,same-system,True,False
2979322435,same-system,True,False
2979322574,same-system,True,False
3026060505,human,True,False
3026063562,human,True,False
3026064997,human,True,False
3026065414,human,True,False
3026067988,human,True,False
3026075397,same-system,True,False
3026083008,human,True,False
3026099394,same-system,True,False
3026100777,same-system,True,False
3026109460,human,True,False
3026115502,human,False,False
3026133261,human,False,True
3026139216,human,False,False
3026144258,human,False,False
2862700130,human,True,False
2862707656,same-system,True,False
2862702092,human,True,True
2862722120,same-system,True,False
2862722326,same-system,True,False
2862723965,human,True,True
2862789900,same-system,True,False
2862790174,same-system,True,False
2862790447,same-system,True,False
2862790629,same-system,True,False
2862790852,same-system,True,False
2862791059,same-system,True,False
3055216624,human,True,False
3055273105,same-system,True,False
3055273486,same-system,True,False
3055273741,same-system,True,False
3055273949,same-system,True,False
3055274408,same-system,True,False
3055274607,same-system,True,False
3076440677,human,True,False
3076462983,same-system,True,False
3076463224,same-system,True,False
3077750137,human,False,True
3077846388,human,True,False
3077937305,same-system,True,False
3077937586,same-system,True,False
3077937883,same-system,True,False
3077941937,same-system,True,False
3078036696,human,True,False
3078058231,same-system,True,False
3078088060,human,True,False
3078134196,human,True,False
3079247685,human,True,False
3079318506,human,True,False
3079338292,same-system,True,False
3079338541,same-system,True,False
3079338754,same-system,True,False
3099326029,human,False,False
3130492268,human,True,False
3136240179,human,True,False
3099324105,cross-system,True,False
3136245515,human,True,False
2900120142,human,True,False
2900147746,same-system,True,False
2900198437,same-system,True,False
2901981076,human,False,False
2905122268,human,False,False
3011355155,human,False,False
3011660408,human,False,False
2958155377,human,False,False
2958252479,same-system,True,False
2958401496,human,False,False
2963680250,human,False,False
2963844895,human,False,False
3070332512,human,True,True
3070377714,same-system,True,False
3070378326,same-system,True,False
3070402845,human,True,False
3070425675,same-system,True,False
3117901973,cross-system,True,True
3125665717,human,True,True
3125673937,same-system,True,False
3125673941,same-system,True,False
3167274991,human,True,False
3167279745,cross-system,True,False
2933216363,human,True,False
2933226259,same-system,True,False
2947551681,human,False,False
2947551726,same-system,False,True
2947556277,human,False,False
3019153550,human,False,False
3019154880,same-system,True,True
3019236592,human,True,False
3019246629,cross-system,True,False
3019783095,human,False,False
2973483593,human,True,False
2973483935,human,True,False
2973484617,human,True,False
2973485251,human,False,True
2973514385,same-system,True,False
2973514656,same-system,True,False
2973514772,same-system,True,False
2882072826,human,False,False
2882406002,human,False,False
3071363053,human,False,True
3083654011,human,False,False
2861920412,human,True,False
2862787754,human,False,False
2862842266,human,False,False
2999550497,human,True,False
2999555186,human,True,False
2999555831,human,False,True
2999618948,same-system,True,False
2999697853,same-system,True,False
2999728947,human,True,False
2999729918,human,True,True
2999744326,same-system,True,False
2999757332,same-system,True,False
2999757384,same-system,True,False
2999757431,same-system,True,False
2999757478,same-system,True,False
3090348641,human,False,False
3091393939,human,False,False
3058169228,human,False,True
3081047941,human,True,True
3081048905,same-system,True,False
2869418166,human,True,False
2869428387,same-system,True,False
2874780047,human,True,False
2874967046,same-system,True,False
2874967760,same-system,True,False
2875717530,human,True,False
2875802644,same-system,True,False
2877611566,human,True,False
2877717839,same-system,True,False
2877718110,same-system,True,False
2877894997,human,True,False
2877987450,same-system,True,False
2877987671,same-system,True,False
2879538066,human,False,False
2879728141,human,True,False
2879732401,human,False,True
2877534120,human,False,True
2877542728,same-system,False,True
2967273899,human,False,False
2967283888,human,False,True
2967405549,human,True,True
2967431927,same-system,True,False
2967431983,same-system,True,False
2967661892,human,False,False
2968050812,human,False,True
2968183534,human,False,False
2970301072,human,False,True
2970533004,human,True,False
2921245805,same-system,False,True
3019580841,human,True,False
3019589775,same-system,True,False
3019652254,human,False,False
2912247789,human,True,False
2912253789,same-system,True,False
2912254050,same-system,True,False
2912254300,same-system,True,False
2913482403,human,False,False
2913504954,human,False,False
2913516716,human,False,False
2858085718,human,False,True
2907803147,human,False,True
3048378339,human,False,False
3063104199,human,False,False
3063954869,human,False,False
2962297942,human,True,True
2962349616,same-system,True,False
2962350077,same-system,True,False
2962350521,same-system,True,False
2962350918,same-system,True,False
2962351316,same-system,True,False
2962351751,same-system,True,False
2962352249,same-system,True,False
2962352652,same-system,True,False
2962353091,same-system,True,False
2962353558,same-system,True,False
2962354002,same-system,True,False
3032888735,human,True,False
3032899834,human,True,False
3032905034,same-system,True,False
3032931067,same-system,True,False
3033473995,human,True,False
3036834187,same-system,True,False
3036835125,same-system,True,False
3036835610,same-system,True,False
3036859772,human,True,False
3036886120,same-system,True,False
2937600705,human,True,False
2937607236,same-system,True,False
2937609914,human,False,False
2944335559,human,True,False
2944346725,same-system,True,False
2944355180,human,False,False
2963940894,human,False,False
2947240259,human,False,False
2978883018,same-system,False,True
2978995255,human,False,False
2908636728,human,True,False
2908636793,human,True,False
2908762361,human,True,False
2908767690,same-system,True,False
2920095668,human,True,False
3181164136,same-system,True,True
3181780967,human,True,False
3183594800,same-system,True,True
3183596053,human,True,False
3183596179,human,True,False
3183596364,human,True,False
3183596551,human,True,False
3183596699,human,True,False
2933656297,human,True,True
2933663089,same-system,True,False
2933664390,same-system,True,False
2933737635,human,False,True
2934075696,human,True,False
2934084329,human,True,False
2934091238,same-system,True,False
2934096911,same-system,True,False
2936362350,human,False,True
2936363799,human,False,False
3051548395,human,False,False
2973362818,human,True,False
2973369397,same-system,True,False
2975801447,human,False,False
2981235794,human,False,False
2982005914,human,False,False
3020222516,human,True,False
3020249405,same-system,True,False
3020249568,same-system,True,False
3020249985,same-system,True,False
3028570713,human,False,False
3028573037,human,False,False
3029809338,human,False,False
3013035081,human,False,True
3013059381,human,False,True
3014066706,human,True,False
3014092591,same-system,True,False
3014092603,same-system,True,False
3014092610,same-system,True,False
3014092616,same-system,True,False
3014092869,same-system,True,False
3014126828,human,False,False
3014133193,human,False,False
2951089524,human,True,True
2951177129,same-system,True,False
2951177253,same-system,True,False
2951177360,same-system,True,False
2957780419,human,True,False
2960566908,human,False,False
3056112375,human,False,True
3057198026,human,True,False
3057997500,human,True,False
2930079628,same-system,False,True
3194894940,human,False,False
2980400639,same-system,True,True
2983432075,human,False,False
2991224381,human,False,False
2940589965,human,True,True
2940601236,same-system,True,False
2940604747,human,True,False
2940610978,human,False,False
2940758526,human,False,False
2866381728,same-system,True,True
3044369700,human,True,False
3044375118,human,True,False
3044409861,same-system,True,False
3044426303,same-system,True,False
2866394109,human,True,False
2866401790,same-system,True,False
2866401834,same-system,True,False
2866401864,same-system,True,False
2866401898,same-system,True,False
2866401925,same-system,True,False
2866401948,same-system,True,False
2866401971,same-system,True,False
2866401996,same-system,True,False
2866402028,same-system,True,False
2866412528,human,True,False
2866413114,same-system,True,False
2876357673,human,True,False
2879666757,human,True,False
2879724618,human,True,False
2879728811,human,True,False
3080170340,human,False,False
3051110234,human,True,False
3051122110,same-system,True,False
3051195592,human,True,False
3051196279,human,True,False
3051196472,human,True,False
3051197479,human,True,False
3051199902,human,True,False
3051200262,human,True,False
3051207024,human,True,False
3051210655,human,False,True
3051222446,same-system,True,False
3051261215,same-system,True,False
3051261460,same-system,True,False
3051261725,same-system,True,False
3051261949,same-system,True,False
3051262182,same-system,True,False
3051262754,same-system,True,False
3051757691,human,False,True
3054565240,human,True,False
3054716254,same-system,True,False
3055001598,human,True,False
3055085736,same-system,True,False
3176860934,human,True,False
3176976379,same-system,True,False
2863713968,human,True,False
2864616046,human,True,False
2946339949,human,True,False
2950105154,human,False,True
2958202261,human,False,False
2958284624,human,False,False
2959034212,human,False,False
2855908119,human,False,True
2855909350,same-system,True,True
3011992327,human,True,False
3012050425,same-system,True,False
3012050506,same-system,True,False
3012050559,same-system,True,False
3070141678,human,False,True
3070209762,human,False,True
3070315319,human,False,True
3070376710,human,False,True
3070414382,human,False,True
3070461424,human,True,True
3070495756,same-system,True,False
3070495985,same-system,True,False
3071521969,same-system,True,True
3071540479,cross-system,True,True
3077581074,human,True,True
3085897918,same-system,True,False
3085898013,same-system,True,False
3085898087,same-system,True,False
3085898171,same-system,True,False
3085958759,human,False,True
3386441260,cross-system,True,True
3386496484,human,True,True
3386513892,cross-system,True,False
3386513897,cross-system,True,False
3386513899,cross-system,True,False
3386529687,same-system,True,False
3386529698,same-system,True,False
3386529699,same-system,True,False
3386529706,same-system,True,False
3386914004,cross-system,True,True
3022932980,human,False,True
3023094806,human,False,True
2912561110,human,True,False
2912572377,same-system,True,False
2915949394,human,False,False
2853697023,human,True,False
2853725195,same-system,True,False
2853726088,same-system,True,False
2853726935,same-system,True,False
2853743036,human,True,False
2853769054,same-system,True,False
2853769725,same-system,True,False
2853770636,same-system,True,False
2857122254,human,True,False
2857123363,human,True,False
2857123520,human,True,False
2857138411,same-system,True,False
2857156684,same-system,True,False
2857157546,same-system,True,False
2857182694,human,True,False
2857218169,same-system,True,False
2897335354,human,False,True
2897376922,human,False,True
2924009211,human,True,False
2924027443,same-system,True,False
2924035449,human,False,False
3071156318,human,False,False
2884033374,human,True,False
2884046151,same-system,True,False
3050560809,human,False,True
3053137432,human,False,True
2879396170,human,True,False
2879412955,same-system,True,False
2881718209,human,True,False
2881751097,same-system,True,False
2881912860,human,True,True
2881924835,human,False,False
2972440970,human,False,True
2972441215,human,False,True
2975893385,human,True,False
2975901088,same-system,True,False
2975916136,human,True,True
2976057333,same-system,True,False
2976057483,same-system,True,False
2976057603,same-system,True,False
2859415369,same-system,False,True
2859417887,human,False,False
2862146864,human,False,False
2884014177,same-system,False,True
2870272941,human,True,False
2875495521,same-system,True,True
2880383343,human,False,False
3032212604,human,True,False
3032265260,same-system,True,False
3032271451,same-system,True,False
3032273651,same-system,True,False
3032275049,same-system,True,False
3032282455,same-system,True,False
2925528873,human,False,True
2873669083,human,True,True
2873680836,same-system,True,False
2873680977,same-system,True,False
2873684243,human,True,False
2873684740,human,True,False
2873691612,same-system,True,False
2873698706,same-system,True,False
3050545521,human,False,False
3050871454,human,False,False
2851937643,human,True,False
2851941798,same-system,True,False
2851943480,human,True,False
2851946565,same-system,True,False
2851955396,same-system,True,False
3064315811,human,False,True
3080376437,human,False,True
3125951785,same-system,True,True
2883346570,human,True,False
2883378574,human,True,False
2883432553,same-system,True,False
2883446040,same-system,False,True
2886435914,human,False,True
2889436262,human,False,True
2909512454,human,False,False
3023406807,human,False,True
3044997232,human,False,True
3045135356,human,False,True
3029792305,human,True,False
3029801159,same-system,True,False
3029873060,human,False,False
3033087787,human,False,False
2998971963,human,False,True
2852079996,human,True,False
2852082179,same-system,True,False
2852083179,human,True,False
2852085278,human,True,False
2852085296,same-system,True,False
2852087531,human,True,False
2852088746,human,True,False
2852089631,same-system,True,False
2852090591,human,True,False
2852093178,same-system,True,False
2852093313,same-system,True,False
2852095901,same-system,True,False
2852103696,human,True,False
2852105514,human,True,False
2852105673,same-system,True,False
2852108881,human,True,False
2852109044,same-system,True,False
2852112699,human,True,False
2852115618,same-system,True,False
2852121009,same-system,True,False
2855262664,human,False,True
2855575143,human,False,False
2855586320,human,True,False
2855593564,human,True,False
2855595266,same-system,True,False
2855599550,same-system,True,False
2855648148,human,True,False
2855651764,same-system,True,False
2875739230,human,True,False
2875757230,same-system,True,False
3040528019,human,True,False
3040549983,same-system,True,False
3044810479,human,True,True
3045092876,human,True,False
2916540919,human,True,False
2916575886,same-system,True,False
2916576211,same-system,True,False
2916576550,same-system,True,False
2891527817,human,True,False
2891560206,same-system,True,False
2894829613,human,False,False
2853618700,human,False,True
2853687181,human,False,True
2930387510,human,False,False
2970299235,human,False,True
3015318555,human,False,False
3017326924,human,True,False
3022114419,human,False,False
3018404935,human,True,True
3018418136,same-system,True,False
3018428036,human,False,True
3019806395,human,True,False
3019844476,same-system,True,False
3019844871,same-system,True,False
3019921245,human,True,False
3019958348,same-system,True,False
3020165242,human,True,True
3020283042,same-system,True,False
3020283290,same-system,True,False
3020283501,same-system,True,False
3020283660,same-system,True,False
3020631093,human,True,True
3020755672,same-system,True,False
3020755898,same-system,True,False
3020756058,same-system,True,False
3020797014,human,True,False
3020848627,same-system,True,False
3020901849,human,True,False
3020934873,same-system,True,False
3021197715,human,False,True
3022883402,human,True,True
3022904917,same-system,True,False
3022905070,same-system,True,False
3072618549,human,False,False
2991074106,human,True,False
2991109076,human,True,False
2991110734,same-system,True,False
2991111710,human,True,False
2991112925,same-system,True,False
2991120063,same-system,True,True
2991120898,human,True,False
2991121032,human,False,True
2969092220,human,True,False
2969092754,same-system,True,False
2969096839,human,True,False
2969097510,same-system,True,False
2969102441,human,False,False
2969231482,human,True,False
2969232255,same-system,True,False
2970116144,human,False,False
2898578943,same-system,False,True
2960596020,same-system,False,True
2960596412,human,False,False
2960639472,human,False,False
2961404115,human,False,False
3008846781,human,False,False
2962987240,human,False,True
2963267903,human,False,False
2894110778,human,False,False
2894112507,human,False,False
2894155669,human,True,False
2894382315,human,True,False
2896099302,human,True,False
2897541657,human,True,False
2897546926,same-system,True,False
2898048195,human,True,False
2898049540,human,True,False
2898055944,same-system,True,False
2898063587,same-system,True,False
2898537599,human,False,True
2903252971,human,False,False
2904699556,same-system,False,True
2982890739,same-system,True,True
2940489439,human,True,False
2940492098,human,True,False
2947080852,same-system,True,False
2947080916,same-system,True,False
3005678554,human,False,True
2884947643,human,True,False
2884949480,same-system,True,False
2884962429,human,True,False
2884964473,same-system,True,False
2884993922,human,True,False
2884995963,same-system,True,False
2885072765,human,True,False
2885075533,same-system,True,False
2885075598,same-system,True,False
2885117372,human,True,False
2885119027,same-system,True,False
2885238937,human,True,False
2885240714,same-system,True,False
2885240739,same-system,True,False
2885372189,human,True,False
2885390400,same-system,True,False
2885390453,same-system,True,False
2885390502,same-system,True,False
3011168964,human,False,True
3011223719,human,False,True
3011338208,human,False,True
3016901433,human,False,False
3016916643,human,False,False
2891826344,human,False,False
2895829807,human,False,True
2895902667,human,True,True
2895944956,same-system,True,False
2933510700,human,False,True
2911485455,human,True,False
2911485937,human,True,False
2911496691,same-system,True,False
2911509689,same-system,True,False
2975887879,cross-system,False,True
2978327451,cross-system,True,False
2980953429,cross-system,True,False
2983065918,human,False,False
3015339660,cross-system,False,True
3015358399,cross-system,False,True
3037654927,human,True,True
2976321910,human,True,False
2976357284,same-system,True,False
2976357393,same-system,True,False
2976357493,same-system,True,False
2976381200,human,False,True
2955367976,human,False,False
2955499771,human,False,False
2959039418,human,False,False
2959115322,human,False,False
2938631522,human,False,True
2938644395,human,False,False
3047513177,human,True,False
3047542821,same-system,True,False
3048009078,human,True,False
3048038341,same-system,True,False
3048039184,same-system,True,False
3048058054,human,True,False
3048069312,same-system,True,False
3048091650,human,True,False
3015332159,same-system,False,True
3015429566,human,True,False
3015454408,same-system,True,False
3015510901,human,True,False
3015521453,same-system,True,False
3015528059,human,True,False
3015542364,same-system,True,False
3015745256,human,True,False
3015774458,human,True,False
3015873779,same-system,True,False
3015962451,human,True,False
3015968139,same-system,True,False
3016046477,human,True,False
3016347525,human,False,True
3019588825,human,False,True
3022301620,human,False,False
2884026815,human,True,False
2884036863,same-system,True,False
2933799834,human,True,False
2933807706,same-system,True,False
3025419546,human,False,True
3027388568,human,False,False
2906027889,human,False,True
2906039884,human,True,False
2906054616,same-system,True,False
2910640728,human,False,False
2914050690,human,False,False
2899833012,human,True,False
2899870681,same-system,True,False
2899896853,human,True,False
2899917697,same-system,True,False
2900401594,human,True,False
2900441637,same-system,True,False
2900915933,same-system,True,False
2939576373,human,False,False
3007383533,human,False,False
3030088603,human,False,False
3058026602,human,True,False
3058040882,same-system,True,False
3059697123,human,False,True
3062486548,human,True,False
3062557057,same-system,True,False
3062557073,same-system,True,False
3062557074,same-system,True,False
3062557077,same-system,True,False
3062557088,same-system,True,False
3062685028,human,True,False
3062894238,human,False,True
3062956437,same-system,True,False
3063147717,human,False,False
3066059201,human,True,False
3066120977,same-system,True,False
3066121002,same-system,True,False
3066121007,same-system,True,False
3066121011,same-system,True,False
3066857609,human,False,False
2977466673,human,True,False
2977469788,human,True,False
2977485265,human,False,True
2977508825,same-system,True,False
2980073703,human,True,False
2980078965,human,True,False
2980164195,human,True,False
2980326755,same-system,True,False
2980326838,same-system,True,False
2985214770,human,False,True
3054664864,human,False,True
3013741372,human,True,False
3013745165,same-system,True,False
3013783097,human,True,False
3013789840,same-system,True,False
3013790238,human,True,False
3013796078,same-system,True,False
3014247820,human,True,True
3014251523,same-system,True,False
3014251532,same-system,True,False
3014251542,same-system,True,False
3014251549,same-system,True,False
3014251558,same-system,True,False
3014251568,same-system,True,False
3014255782,human,True,True
3014260942,same-system,True,False
3014260949,same-system,True,False
3014260953,same-system,True,False
3014639785,same-system,True,True
3017001362,human,True,True
3017038309,same-system,True,False
3017038418,same-system,True,False
3017038553,same-system,True,False
3017216102,human,False,False
3017218834,same-system,True,True
3008436904,human,True,False
3008446675,same-system,True,False
3027974057,human,False,False
3027975360,human,False,False
3046223899,human,False,False
2963843657,human,False,False
2963862720,human,False,False
2965507883,human,True,False
2981593289,human,False,True
2981614553,human,False,False
3008605828,same-system,True,True
3023046063,human,True,False
3023061197,same-system,True,False
3025742728,human,False,False
3030098062,human,False,True
2859343054,human,True,False
2859353996,same-system,True,False
2859360404,human,True,False
2859368708,same-system,True,False
2859368827,same-system,True,False
2859368983,same-system,True,False
2859576054,same-system,False,True
2859407736,same-system,False,True
2869863550,human,True,False
2869868035,same-system,True,False
2869909213,cross-system,False,False
2869937682,human,True,False
2869941551,same-system,True,False
2918166267,human,True,False
2918188803,same-system,True,False
3029226084,same-system,False,True
3029293392,human,False,False
3071013113,human,False,True
2980838300,human,False,False
2980978203,human,False,False
2981025205,human,False,False
2981089378,human,False,False
2904027473,human,False,False
2919708555,human,False,False
2923748700,human,False,True
2924882632,human,False,False
3060322580,human,True,False
3060346038,same-system,True,False
3060378538,human,True,False
3060379813,same-system,True,True
3060390487,human,False,True
3060512394,human,True,False
3060542301,human,True,False
3060542513,human,True,False
3060542841,human,True,False
3060777750,human,False,True
2885327307,human,False,True
2931413433,human,False,False
2931469652,human,False,False
2931822836,human,False,False
2930416710,human,True,True
2930424359,same-system,True,False
2930424464,same-system,True,False
2930931901,human,False,True
2931061889,human,False,True
2905692859,human,False,True
2869890562,human,False,True
2869897267,human,True,False
2869901959,same-system,True,False
2971335323,human,True,False
2971356558,same-system,True,False
2978041187,human,True,False
2978109188,same-system,True,False
2978123375,human,True,False
2978125472,human,True,False
2978134069,same-system,True,False
2980115731,human,True,False
2980118194,human,True,False
2980121894,human,True,False
2980123949,human,True,False
2928464367,human,True,False
2928464843,same-system,True,False
2949451244,human,False,True
2949491241,human,False,True
2952530334,human,False,False
2857991238,human,True,False
2858022925,same-system,True,False
2858023348,same-system,True,False
2858023831,same-system,True,False
2858116173,human,True,False
2858147043,same-system,True,False
2858147546,same-system,True,False
2889400245,human,True,False
2889402756,human,True,False
2889423464,same-system,True,False
2981687878,human,True,False
2981689906,human,True,False
2981690494,human,True,False
2981692912,human,True,False
2981694670,same-system,True,False
2984308919,human,True,False
2988064775,human,True,False
2988065601,human,True,False
2988070827,same-system,True,False
2988074280,human,True,False
2988075694,same-system,True,False
2988085003,same-system,True,False
2988182061,human,True,False
2988191726,same-system,True,False
2988230641,human,False,False
2993733795,human,False,False
2994067596,human,False,False
2994142550,human,False,False
3059644778,human,False,True
2855680509,human,True,True
2855695603,same-system,True,False
2855695822,same-system,True,False
2855696040,same-system,True,False
2855779897,human,False,True
2908340785,human,False,False
2988928828,human,False,False
2999859440,human,False,False
2861485199,human,True,False
2861892604,human,True,False
2867053545,human,True,False
2867061050,same-system,True,False
2867061189,same-system,True,False
2867061300,same-system,True,False
2867605310,human,False,False
2876834684,same-system,True,False
2943619112,human,False,False
2944139140,human,False,False
3044086930,human,False,True
3044197783,human,False,False
3044919131,human,True,False
3044919569,human,False,True
3044952030,human,True,False
2873652280,human,True,False
2873656724,same-system,True,False
3078354422,human,False,False
3078356145,same-system,True,True
3078367669,human,False,False
3284036936,human,False,True
2921717084,human,True,False
2921717654,human,True,False
2921720106,human,True,False
2921737722,same-system,True,False
2921748120,human,True,False
2921749469,human,True,False
2921753668,same-system,True,False
2921754206,same-system,True,False
2921778292,same-system,True,False
2942644080,same-system,False,True
2944571710,human,False,False
2948444256,human,False,False
2948488326,human,False,False
3017790362,human,True,False
3017844841,same-system,True,False
3021745730,human,True,False
3023051135,human,True,False
3023067065,human,True,False
3023068779,human,True,False
3023102528,human,True,False
3026953306,human,True,False
3027957229,human,True,False
3029620395,human,False,False
3030542795,human,True,False
3305667469,human,False,True
3002761977,human,False,True
3003221302,human,False,False
3003301529,human,False,False
3003650915,human,False,False
2982029306,human,False,False
2982030950,human,False,False
3035184210,human,True,False
3035184270,human,False,False
3035191362,same-system,True,False
3035251368,human,False,False
2914542154,same-system,True,True
2857132579,human,False,True
2857161128,human,True,False
2857167820,same-system,True,False
2857173384,same-system,True,True
2857267180,human,True,False
2857275180,same-system,True,False
2857292740,human,True,False
2857297742,human,True,False
2857301997,same-system,True,False
2857309672,same-system,True,False
2857320028,human,True,False
2857330609,human,True,False
2857333887,same-system,True,False
2857347744,same-system,True,False
2857353348,human,True,False
2866775413,human,False,False
2866860124,human,False,False
2984135355,human,False,False
2984247661,human,False,False
2939832568,human,False,False
2946876057,human,False,False
3044652068,human,True,False
2930405634,same-system,True,True
2930598772,human,False,False
2993678489,human,False,False
2993901296,human,False,False
2983067530,same-system,True,True
3035345245,human,False,False
2983368837,same-system,True,True
2950270525,human,False,False
2955352907,human,True,False
2955360924,same-system,True,False
2969380749,human,False,False
2916284725,human,True,True
2916305561,same-system,True,False
2916330697,human,True,True
2916346566,same-system,True,False
2916453766,human,False,False
2852859190,human,True,True
2852888921,same-system,True,False
2852927106,human,True,False
2852943021,same-system,True,False
2852966498,human,False,True
2853306660,human,True,False
2853321005,same-system,True,False
2853321311,same-system,True,False
2860419373,human,True,False
2860443620,same-system,True,False
2860444301,same-system,True,False
2860445115,same-system,True,False
2860445847,same-system,True,False
2860446543,same-system,True,False
2920303760,human,False,False
2990829980,human,True,False
2990832894,same-system,True,False
2990832897,same-system,True,False
2990832902,same-system,True,False
2995327315,human,False,True
3007312071,human,True,False
3007383715,human,True,False
3007648543,human,False,True
3053273333,human,False,False
3074333359,human,False,False
2977139108,human,False,True
2861634996,human,True,False
2861637628,human,True,False
2861638307,human,True,False
2861653394,same-system,True,False
2861670246,same-system,True,False
2861670588,same-system,True,False
2861744701,human,True,False
2861745927,human,True,False
2861747422,human,True,False
2861749285,human,True,False
2861756518,same-system,True,False
2861795378,same-system,True,False
2861796246,same-system,True,False
2861796797,same-system,True,False
2948067959,human,True,True
2948069146,same-system,True,False
2948073322,human,False,False
2954476127,human,False,True
2954612734,human,False,True
2954620520,human,False,False
2959720522,human,False,False
2907227917,human,False,False
3108611775,same-system,True,True
3108631301,human,True,False
3125830430,same-system,True,True
3126270486,human,True,False
3126292199,same-system,True,True
2983268810,human,False,True
2983435211,human,False,False
2984757079,human,True,False
2984765791,same-system,True,False
2984787686,human,False,False
2998283711,human,False,False
3050582734,human,True,False
3050613441,same-system,True,False
3050626368,human,False,False
3050628012,human,False,False
2974965918,human,False,False
2974969551,human,False,False
2974994010,human,False,False
2959509362,human,True,False
2959564830,human,True,False
2959677688,human,False,False
2959678679,human,False,False
2960884582,human,False,False
3043469193,human,False,False
3125342546,human,False,False
3203205775,same-system,False,True
2976426317,human,False,True
2979337466,human,False,False
2983801450,human,True,False
2983802027,human,True,False
2983804003,human,True,False
2983820638,human,True,False
2983822477,human,True,False
2983828994,same-system,True,False
2983900328,same-system,True,False
2983900810,same-system,True,False
2983901234,same-system,True,False
2983962036,human,True,False
2983991616,same-system,True,False
2984070122,human,True,False
2984078423,human,True,False
2984082101,human,True,False
2984095547,same-system,True,False
2984135015,same-system,True,False
2984135098,same-system,True,False
2986170062,human,True,False
2986397851,same-system,True,False
2986524120,human,True,False
2986569326,same-system,True,False
2986569540,same-system,True,False
2986569723,same-system,True,False
2986589819,human,True,False
2986591641,human,True,False
2986638106,same-system,True,False
2986687385,same-system,True,False
2986701258,human,True,False
2986740718,same-system,True,False
2987315431,human,True,False
2938665955,human,False,False
2889096047,human,True,False
2889110025,same-system,True,False
2889110528,human,True,False
2889370865,human,True,False
2889390474,same-system,True,False
2925342477,human,True,False
2925364453,same-system,True,False
2939812406,human,True,False
2939854097,same-system,True,False
2940338831,human,True,False
2941131660,same-system,True,False
2859064375,human,False,True
2859102276,human,False,True
2859154292,human,False,True
3035691905,human,False,True
2949512269,human,True,False
2949526815,human,True,False
2950186401,human,True,False
2950217994,same-system,True,False
2920951240,human,True,False
2920957301,same-system,True,False
2920971366,human,False,False
2924509198,human,False,False
2926674243,human,False,False
3058229383,same-system,True,True
3058232357,human,True,False
3058240498,same-system,True,False
3058242793,human,True,False
3058245734,same-system,True,False
3058246487,human,False,True
3058248775,human,True,False
3058249732,same-system,True,False
3019979866,human,False,False
3019980921,human,False,False
3013994684,human,True,True
3014004505,same-system,True,False
3014004523,same-system,True,False
3014004536,same-system,True,False
3014004610,same-system,True,False
3014004676,same-system,True,False
3014496777,human,True,False
3014508547,same-system,True,False
3014508590,same-system,True,False
3014508619,same-system,True,False
3014690972,human,True,False
3014694896,human,True,False
3014695959,same-system,True,False
3014695992,same-system,True,False
3014696185,human,True,False
3014705178,same-system,True,False
3014708717,same-system,True,False
3014728544,human,False,True
3014844333,human,True,False
3014871477,same-system,True,False
3014871746,same-system,True,False
3018129540,human,True,True
3018169225,same-system,True,False
3023355350,human,False,True
3023426817,human,True,False
3023480894,same-system,True,False
3023494023,human,False,True
3027340805,human,False,True
2858670385,human,True,False
2858689659,same-system,True,False
2858690053,same-system,True,False
2902430354,same-system,True,True
2902755769,human,True,True
2903031828,human,True,False
2904712728,human,True,False
3024258294,human,False,True
3026209902,human,False,False
2869576889,human,True,False
2869580645,same-system,True,False
2869586952,human,True,False
2869590034,same-system,True,False
2876529481,human,False,False
3141776465,human,False,False
3054173045,human,False,False
2861436996,human,True,False
2861448403,same-system,True,False
2861455248,human,False,False
2852573936,human,True,False
2852589201,same-system,True,False
2852589354,same-system,True,False
2852589550,same-system,True,False
2852590036,same-system,True,False
2959907272,human,False,False
3021060249,human,False,False
3021079374,human,False,False
3022719836,human,False,False
3029707523,same-system,True,True
3029902903,human,True,True
3029929544,same-system,True,False
3029929707,same-system,True,False
3029987904,human,False,False
3030109047,human,False,False
2912658700,human,True,False
2912676173,same-system,True,False
2915388244,human,True,False
2915396791,same-system,True,False
2915396937,same-system,True,False
2915397075,same-system,True,False
2915397239,same-system,True,False
2939769948,human,False,False
2979731121,human,True,False
2979743967,same-system,True,False
2961567982,human,True,False
2961568371,human,True,False
2961585355,same-system,True,False
2961606325,same-system,True,False
2973893486,human,False,False
2973940319,human,False,False
2956753532,human,True,False
2956766464,same-system,True,False
2957622399,human,True,False
2957641813,same-system,True,False
2960497507,human,True,False
2960509468,same-system,True,False
2970921413,human,True,False
2970935892,human,True,False
2970971294,same-system,True,False
3046683040,human,False,False
2874642615,human,True,False
2874647964,same-system,True,False
3058045327,human,False,True
3058164749,human,False,True
2870639312,same-system,True,True
2933218172,human,False,False
2980060970,human,True,False
2980103005,human,True,False
2980104580,human,True,False
2980114585,human,True,False
2980125714,human,True,False
2980139047,human,True,False
2980143768,human,True,False
2980143777,human,True,False
2980145598,human,True,False
2980148040,human,True,False
2980159494,human,True,False
2980214779,same-system,True,False
2980231625,human,False,True
2852697558,human,True,True
2852708390,same-system,True,False
2852783612,human,False,True
2853787746,human,False,False
2861713907,human,False,False
3069464991,human,True,False
3069472647,same-system,True,False
3072123911,human,True,False
3072142824,same-system,True,False
3072143052,same-system,True,False
3000353477,human,True,False
3000401010,same-system,True,False
3000619867,human,True,False
3000622272,human,True,False
3000656358,human,False,True
3000690719,same-system,True,False
3000690870,same-system,True,False
3000690974,same-system,True,False
3054521747,human,True,False
3054568435,same-system,True,False
3054741064,human,True,False
3054785027,same-system,True,False
3054785032,same-system,True,False
3054785035,same-system,True,False
3054785037,same-system,True,False
3066052824,human,True,False
3066124752,same-system,True,False
3028355185,human,False,True
3028399657,human,True,False
3028419408,same-system,True,False
3028431786,human,False,False
2916282519,human,True,False
2916302976,human,True,False
2916331556,same-system,True,False
2916396029,same-system,True,False
2919002726,human,True,False
2919010750,same-system,True,False
2919329874,human,True,False
2919342671,same-system,True,False
2919460674,human,True,False
2919492261,same-system,True,False
2934003246,human,True,False
2934363121,human,True,False
2934368397,human,True,False
2934414580,same-system,True,False
2934688343,human,False,False
2935970997,human,True,False
2936006436,same-system,True,False
2936045180,human,True,False
2937480434,human,True,False
2937484181,human,True,False
2937503173,same-system,True,False
2941620964,human,True,False
2941636515,human,True,False
2941637444,human,True,False
2941639895,same-system,True,False
2941642800,human,True,False
2941681438,same-system,True,False
2941681705,same-system,True,False
2941989892,human,True,False
2942005363,human,True,False
2996952027,human,False,True
2911603276,human,False,False
2911605865,human,False,False
2914429981,human,False,False
2914699770,human,False,False
2954681513,human,False,True
2959579004,human,True,False
2959615457,same-system,True,False
2959615798,same-system,True,False
2959642591,human,True,True
2959676683,same-system,True,False
2976888258,human,True,True
2976901758,human,True,False
2976920468,same-system,True,False
3077254203,same-system,True,False
2914387272,human,True,True
2914424612,same-system,True,False
2914661021,human,True,True
2914698042,same-system,True,False
2914698363,same-system,True,False
2914742215,human,True,False
2914774265,same-system,True,False
2914814071,human,True,False
2914833631,same-system,True,False
2915012819,human,False,False
2915021602,human,False,False
2915040735,human,True,False
2915058845,human,True,False
2915060901,human,False,False
2915077208,same-system,True,False
2915122678,human,True,False
2915140620,same-system,True,False
2915152971,human,False,False
2915154362,human,False,False
2915166054,human,True,False
2915208081,human,True,False
2915227088,same-system,True,False
2918805808,human,True,False
2918806440,human,True,False
2918827698,same-system,True,False
2918827940,same-system,True,False
2918926972,human,False,False
2919011007,human,False,False
2873327326,human,False,False
2975870074,human,False,False
2975889872,human,False,False
3038378603,human,False,False
3038383329,same-system,True,True
3006066115,human,False,True
3007560274,human,False,False
3012877524,human,False,False
3016918876,human,False,False
3016921628,human,False,False
2944091734,human,False,False
2947404582,human,True,False
2947404899,human,True,False
2947405789,human,True,False
2947407238,same-system,True,False
2947407254,same-system,True,False
2947415903,same-system,True,False
2955260306,human,False,False
2974318646,human,False,False
2975939635,human,False,False
3069859149,same-system,True,True
2928932335,human,False,False
2930756171,human,False,False
2933671402,human,False,False
3013465736,human,False,False
2941471350,human,True,False
2941473608,same-system,True,False
2942871220,human,False,False
2961903673,human,False,False
2961906065,human,False,False
2911900251,human,True,True
2911918674,same-system,True,False
2911918790,same-system,True,False
2911918908,same-system,True,False
2911919035,same-system,True,False
2911919162,same-system,True,False
2911919287,same-system,True,False
2911919404,same-system,True,False
2911919550,same-system,True,False
2911919686,same-system,True,False
2911919806,same-system,True,False
2911919930,same-system,True,False
2911925406,human,True,True
2911957081,same-system,True,False
2911957268,same-system,True,False
2911957455,same-system,True,False
2911957667,same-system,True,False
2911957831,same-system,True,False
2911958009,same-system,True,False
2931541033,human,True,False
2931715472,same-system,True,False
2931715808,same-system,True,False
2931716176,same-system,True,False
2931716527,same-system,True,False
2931716975,same-system,True,False
2931717310,same-system,True,False
2931717701,same-system,True,False
2931718107,same-system,True,False
2931718469,same-system,True,False
2931718834,same-system,True,False
2954780444,same-system,False,True
2955640070,human,True,False
2955642717,human,False,True
2955662747,same-system,True,False
2955662836,same-system,True,False
2955662903,same-system,True,False
2955663567,human,False,False
2955721251,human,False,False
2955761850,human,False,False
2967039941,same-system,True,False
2967040043,same-system,True,False
2967040148,same-system,True,False
2967040255,same-system,True,False
3327587983,human,False,False
2923688924,same-system,False,True
2930394485,human,False,False
3012571182,human,False,False
3030433142,human,True,False
3030436692,human,False,True
3031151033,human,True,False
3032400213,human,False,False
3012817467,human,False,True
3012817567,human,False,True
2855901917,human,True,False
3007356827,human,False,False
3011330576,human,False,False
2867084969,same-system,True,True
2867085718,human,True,False
2867090513,same-system,True,False
2867194126,human,True,False
2867220024,human,False,True
2867223806,human,True,False
2867232265,human,False,False
2867237510,human,True,False
2867237988,human,True,False
2871387793,human,True,False
2871397361,human,True,False
2871408610,human,True,False
2871433367,human,True,False
2871757016,human,True,False
2871826250,human,True,False
2863705456,human,True,False
2863716212,same-system,True,False
2863731136,human,True,False
2863740282,same-system,True,False
2863742873,human,True,False
2863749686,same-system,True,False
2863895620,human,False,False
3024344948,human,True,False
3024377628,same-system,True,False
3024408359,human,False,True
2906270925,human,True,False
2906303944,same-system,True,False
2906304355,same-system,True,False
2906304809,same-system,True,False
2906305140,same-system,True,False
2906305539,same-system,True,False
2906305852,same-system,True,False
2906306276,same-system,True,False
2906306610,same-system,True,False
2906306922,same-system,True,False
2906307298,same-system,True,False
2906307764,same-system,True,False
2908880240,human,True,False
2908897827,same-system,True,False
2908897921,same-system,True,False
2910937899,human,True,False
2910969269,same-system,True,False
2911405294,human,False,False
2911430731,human,False,False
2911453090,human,False,False
2911469283,human,True,False
2911482272,human,True,False
2911486573,same-system,True,False
2911486755,same-system,True,False
2911486906,same-system,True,False
2911487677,human,True,False
2911500570,same-system,True,False
2914267485,human,False,False
2904435629,human,False,False
2905088708,human,False,False
2911786163,human,False,False
2913404754,human,False,False
2914035857,human,False,False
2995766045,human,True,False
3011864836,human,False,False
3011878225,human,False,False
2922629021,human,True,False
2922634473,same-system,True,False
2995266083,human,True,False
2995300067,human,True,False
2995326191,human,True,False
2995340597,same-system,True,False
2995371626,same-system,True,False
2995371809,same-system,True,False
2995502788,human,True,False
2995544827,same-system,True,False
2995569800,human,True,False
2995572725,human,True,False
2995600082,same-system,True,False
2995600216,same-system,True,False
2998483990,human,True,False
2998540865,same-system,True,False
2998541269,same-system,True,False
2998631799,human,False,False
2999211741,human,True,False
2999240129,same-system,True,False
2999710243,human,False,False
2970749571,human,False,False
2970833758,human,False,True
3022824441,human,False,False
3055310440,human,False,True
3055383928,human,False,True
3012104196,same-system,False,True
3012107010,human,False,False
3012800128,human,False,False
2860244279,human,True,False
2972196351,human,True,False
2972196836,human,True,False
2972212557,same-system,True,False
2972225492,same-system,True,False
2972270780,human,True,False
2972292321,same-system,True,False
2972623472,human,True,False
2972695737,same-system,True,False
2972710352,human,True,False
2972711411,human,True,False
2972782669,human,False,False
2973198437,human,False,False
2976023460,human,False,False
2995883819,human,False,True
2995884233,same-system,False,True
2995887671,human,True,False
2995910447,same-system,True,False
3002357578,human,True,False
3003375891,human,True,False
3011984899,human,True,False
3011988101,human,True,False
3012001354,human,False,False
3015880444,human,True,False
3015925799,human,True,False
3022629861,human,False,True
2985649786,human,True,False
2985659004,same-system,True,False
2939030592,human,True,False
2939076149,same-system,True,False
2939076251,same-system,True,False
2939076349,same-system,True,False
2939084145,human,True,False
2939118933,same-system,True,False
2939933484,human,True,False
2939952812,same-system,True,False
2939953142,same-system,True,False
2939953665,same-system,True,False
2939954260,same-system,True,False
2939967992,human,False,False
3006957729,same-system,False,True
3007008137,same-system,True,True
3008078111,same-system,True,True
2928204344,human,False,False
3032584223,human,False,False
3032602488,human,False,False
2977217766,same-system,True,True
2995023866,human,True,False
2995079553,same-system,True,False
2995079858,same-system,True,False
2995080319,same-system,True,False
2912306988,human,True,False
2912344537,human,True,False
2912372953,same-system,True,False
2912425739,human,True,False
2912468440,same-system,True,False
2931207627,human,False,True
2872976444,same-system,False,True
2934474018,human,False,True
2934514801,human,False,True
2934531863,human,True,False
2934554479,same-system,True,False
2938912622,human,False,False
2939008721,human,False,False
2864320994,human,True,False
2864341388,same-system,True,False
2864341886,same-system,True,False
2870752558,human,True,False
2870771569,same-system,True,False
2870771965,same-system,True,False
2869930457,same-system,True,True
2880542638,human,False,False
3044232454,human,True,False
3044242889,same-system,True,False
3044313581,human,True,False
3044315874,human,False,True
3044359744,same-system,True,True
3014777684,same-system,True,True
2979077563,human,False,True
2979353881,human,False,False
2971992985,human,False,False
2972084182,human,True,False
2972098723,same-system,True,False
2972099000,same-system,True,False
2972132598,human,False,False
2972136331,human,False,False
2976202879,human,False,False
2976001872,same-system,True,True
2976147233,human,True,False
2976149577,human,True,False
2976150673,human,False,False
2976154626,same-system,True,False
3045866535,human,True,False
3045886201,same-system,True,False
3053843057,human,True,False
3053867055,same-system,True,False
3053867122,same-system,True,False
3053867176,same-system,True,False
3053873719,human,False,False
3054060405,human,False,True
2978817412,same-system,False,True
2978824271,human,False,False
3011381849,same-system,False,True
3011706282,human,True,False
3011706978,human,False,False
3011718306,human,True,False
2950854850,human,False,False
2950887644,human,False,True
2859754076,human,True,False
2859756911,same-system,True,False
2859771146,human,True,False
2859790621,same-system,True,False
2859804371,human,True,False
2859811954,same-system,True,False
2860120067,human,False,False
2983341493,human,True,False
2983404125,same-system,True,False
2983508303,human,True,False
2983522591,same-system,True,False
2943283662,human,True,False
2944943115,same-system,True,False
2944943180,same-system,True,False
2944943287,same-system,True,False
2944943417,same-system,True,False
2944943498,same-system,True,False
2954885622,human,True,False
2954955347,same-system,True,False
2954955410,same-system,True,False
2954955474,same-system,True,False
2954955557,same-system,True,False
2954981402,same-system,True,False
2955185413,human,True,False
2955242989,same-system,True,False
2955243077,same-system,True,False
2955685500,human,True,False
2955701327,same-system,True,False
2955701358,same-system,True,False
2955701397,same-system,True,False
2955760717,human,True,False
2955770524,same-system,True,False
3001891220,human,False,True
2906408726,human,True,False
2906414697,same-system,True,False
2906414753,same-system,True,False
2911172508,human,True,False
2911193308,same-system,True,False
2902307331,human,True,False
2902411987,same-system,True,False
2902416721,same-system,True,False
2903052670,human,False,False
3059746529,human,True,True
3059762102,same-system,True,False
3059762168,same-system,True,False
3059762220,same-system,True,False
3059762278,same-system,True,False
3060056389,human,True,False
3060118036,same-system,True,False
3060118184,same-system,True,False
3060227891,human,True,False
3060246395,same-system,True,False
3060246859,same-system,True,False
3061402104,human,True,False
3061485124,same-system,True,False
3061485438,same-system,True,False
3061485695,same-system,True,False
3061714003,human,False,True
3062275972,human,False,False
2980393752,same-system,True,True
2980420291,human,False,False
2982693328,human,False,False
3003119150,human,False,True
3018237682,human,False,False
3018374399,human,False,False
3021216407,human,False,False
3021399886,human,False,False
3021520358,human,False,False
2969285930,human,False,True
2960397346,human,False,False
2960411193,human,False,False
2961620663,human,False,False
3038625500,human,False,True
3072224498,same-system,True,True
2943618387,human,True,False
2943742434,same-system,True,False
2943742477,same-system,True,False
2943743958,human,True,False
2943749219,same-system,True,False
2943749644,same-system,True,False
2950343436,human,False,True
2941826497,human,False,False
3118056688,human,True,False
3118112682,human,False,False
2919613387,same-system,False,True
3025755716,human,True,False
3025857834,human,True,False
3025881927,human,True,False
3025901010,same-system,True,False
3025943515,human,False,True
3026024527,human,False,False
2952733179,human,False,False
2952849135,human,False,False
3000945858,human,True,False
3000993277,same-system,True,False
2862960823,human,True,True
2862969578,same-system,True,False
2862969694,same-system,True,False
2862969826,same-system,True,False
2866677291,human,True,True
2866688464,same-system,True,False
2866688486,same-system,True,False
2866688500,same-system,True,False
2866688526,same-system,True,False
2866694701,human,True,False
2866697381,same-system,True,False
2866983432,human,True,True
2866996039,same-system,True,False
2866996096,same-system,True,False
2866996178,same-system,True,False
2866996264,same-system,True,False
2869172383,human,True,False
2869179641,same-system,True,False
2869212770,same-system,False,True
2856578670,human,False,False
2924260323,human,False,True
2950072089,human,True,False
2950171535,human,True,False
2957830561,human,False,False
2879787800,human,True,False
2879790143,human,False,False
2879794340,same-system,True,False
2879815244,human,False,False
2879817224,human,True,False
2879820761,same-system,True,False
2881923415,human,False,False
2881943561,human,False,False
3045585824,human,False,True
3059525581,human,False,True
2934382805,human,False,False
2936361329,human,False,False
2944277332,human,False,False
2995852785,human,False,False
3029982391,human,False,False
2993154603,human,True,False
2993157295,human,True,False
3014264400,human,False,True
2906411242,human,True,False
2906412191,same-system,True,False
2994131040,human,False,False
2994429048,human,False,False
2962619853,same-system,True,True
2962698864,human,True,False
2962707309,human,False,False
2962839615,human,True,False
2976945284,human,True,False
2976946597,human,True,False
2976984515,same-system,True,False
2977017040,human,False,False
2977029336,human,False,False
3214685209,human,True,True
3214716139,same-system,True,False
3214716141,same-system,True,False
3215083375,human,True,False
3215236374,same-system,True,False
3215236375,same-system,True,False
3215236381,same-system,True,False
3215236391,same-system,True,False
3215890842,human,True,False
3216068268,same-system,True,False
3216068276,same-system,True,False
3216068277,same-system,True,False
3216068282,same-system,True,False
3216068288,same-system,True,False
3216068291,same-system,True,False
3216068293,same-system,True,False
3216068299,same-system,True,False
3216068364,same-system,True,False
3216572209,human,True,False
3216712380,same-system,True,False
3216712393,same-system,True,False
3216712399,same-system,True,False
3216712406,same-system,True,False
3216712452,same-system,True,False
3217974094,cross-system,True,True
3218581563,cross-system,False,True
3219676488,cross-system,False,True
3219910020,human,False,True
3219917372,human,False,True
3219925500,human,False,True
3085535223,same-system,False,True
3100844162,human,True,False
3114093757,human,True,False
3114095894,human,True,False
3114132309,same-system,True,False
3114132467,same-system,True,False
3114177192,human,True,False
3114231829,same-system,True,False
3115663249,human,False,False
2933800760,human,False,False
2933803103,human,False,False
2936390855,human,False,False
2936392689,human,False,False
2977509068,human,True,False
2977511814,same-system,True,False
2977630872,human,False,False
2977854152,human,False,False
2977937271,human,False,False
2977980314,human,False,False
3046183958,same-system,True,True
3046378344,human,False,False
3046495587,human,False,False
2948349433,human,True,True
2948352550,same-system,True,False
2954378960,human,False,False
2954511850,human,False,False
2958292875,human,False,False
2961327114,human,False,False
2976130388,human,False,False
2906121443,human,True,False
2906126473,same-system,True,False
2908954203,human,False,False
2910898057,human,False,False
2911427039,human,False,False
2910803832,human,False,False
2942420200,human,True,False
2942487644,same-system,True,False
2942487969,same-system,True,False
2942488266,same-system,True,False
2942488612,same-system,True,False
2942488978,same-system,True,False
3014043515,same-system,True,True
3014266563,same-system,False,True
3071251237,same-system,False,True
3071252806,human,False,False
3081178903,human,False,False
3087314871,human,True,False
3087319163,human,True,False
3088186376,human,False,True
2934025186,human,True,False
2934030171,same-system,True,False
2934036859,human,True,False
2934038640,same-system,True,False
2934046288,human,True,False
2934054070,same-system,True,False
2934187191,human,True,False
2934187552,human,True,False
2934194046,same-system,True,False
2934204585,same-system,True,False
2934290329,human,False,False
2934297723,human,False,False
2934320669,human,False,False
3061652751,human,False,False
2925468685,human,True,False
2925473230,same-system,True,False
2914756784,human,False,False
3068931329,human,True,False
3068950409,same-system,True,False
3068950821,same-system,True,False
3069262663,human,True,False
3069272726,same-system,True,False
3069272837,same-system,True,False
3069273025,same-system,True,False
3069282299,human,True,False
3069303242,same-system,True,False
3069303380,same-system,True,False
3069303523,same-system,True,False
3069303667,same-system,True,False
3069449925,human,False,False
3053729206,human,True,False
3053732214,same-system,True,False
3053735734,human,True,False
3053737869,human,True,False
3053749219,same-system,True,False
3053761994,human,True,False
3053786258,same-system,True,False
3054074360,human,False,False
3054078002,human,True,False
3054084902,same-system,True,False
3054243682,human,True,False
3054291764,human,True,False
3054294053,human,True,False
3054309759,same-system,True,False
3054353080,human,False,True
3054706269,human,False,True
2946836416,human,True,False
2946849829,same-system,True,False
2946849916,same-system,True,False
2946917935,human,True,False
2946948924,same-system,True,False
2946949253,same-system,True,False
2947004899,human,True,False
2963145865,human,True,False
2963163207,same-system,True,False
2963209520,human,True,False
2963235710,same-system,True,False
2963493174,human,True,False
2963541366,same-system,True,False
3100530780,human,False,False
3106762195,human,False,False
3108077947,human,False,False
2972854769,human,False,False
2972951119,human,False,False
2972997517,human,True,False
2973006382,same-system,True,False
2975736616,human,True,False
2975928685,human,False,False
2976050069,human,False,False
2915194950,human,True,False
2915204254,human,True,False
2915205750,same-system,True,False
2915209219,same-system,True,False
2915225636,human,False,False
2915242071,human,False,False
2915246748,human,False,False
2925572364,human,True,False
2925588296,same-system,True,False
2925589118,same-system,True,False
2925688032,human,True,False
2925710132,same-system,True,False
2925799533,human,True,False
2925997615,same-system,True,False
2925997888,same-system,True,False
2926116566,human,False,True
2926118169,human,False,False
2928644224,human,False,True
2932670968,human,True,False
2932694134,same-system,True,False
2933045725,human,False,True
2933740416,human,True,True
2933746167,same-system,True,False
2933756276,human,False,False
2933756379,human,False,True
2933756600,human,False,False
2933760251,human,False,False
2986026886,human,True,True
2988848684,human,True,False
2988870461,same-system,True,False
2988870563,same-system,True,False
2988870691,same-system,True,False
2988870778,same-system,True,False
2988870839,same-system,True,False
3014300455,same-system,False,True
2883722488,same-system,True,True
2884212542,human,True,False
2884214245,same-system,True,False
2887493951,human,True,False
2887509939,human,True,False
2887512438,human,False,True
2887564751,human,True,False
2890009051,human,True,False
2890011572,human,False,True
2986400789,human,True,False
2986464317,same-system,True,False
2986471030,human,True,False
2909307943,human,False,True
2905744779,human,False,True
2905995243,human,False,True
3071257243,same-system,False,True
3071264730,human,False,True
3071370309,human,False,False
3072053770,human,False,False
2891601994,human,True,False
2891602819,human,True,False
2891606534,human,False,False
2988588786,human,False,True
3036345553,human,True,False
3036355446,same-system,True,False
3036836078,human,False,False
3036838485,same-system,True,True
3036886903,human,True,False
3040723179,human,False,False
3042031111,human,True,False
3042056732,same-system,True,False
3042201294,human,False,False
3043568677,human,False,False
3045213242,human,False,False
2967321419,human,True,False
2967335614,same-system,True,False
2967335668,same-system,True,False
2967467317,human,False,False
3117988982,human,True,False
3118049447,same-system,True,False
3118051566,human,True,False
3118063095,same-system,True,False
3118142252,human,False,False
3118179222,human,False,False
3118535992,human,False,False
3118618781,human,False,False
3121958178,human,False,False
3122285274,human,False,False
2975286284,human,True,False
2975292531,human,True,False
2975315527,same-system,True,False
2975332811,same-system,True,False
2975404592,human,True,False
2975461267,human,True,False
2980574415,human,False,False
2980637892,human,False,False
2980647100,human,False,False
2860394469,same-system,True,True
3007545996,human,True,False
3007563216,same-system,True,False
3007563308,same-system,True,False
3007563354,same-system,True,False
3007563407,same-system,True,False
3007563467,same-system,True,False
2931834371,human,False,False
2938344881,human,False,False
2942784978,human,False,False
2942864001,human,False,False
3013789353,human,True,True
3013841012,same-system,True,False
3013867069,human,True,False
3013868701,same-system,True,False
3013872749,human,False,True
3013874909,human,False,True
3013880856,human,True,True
3013882325,same-system,True,False
2921772480,human,True,False
2921773253,human,True,False
2921773872,human,True,False
2921776518,human,True,False
2921780068,human,True,False
2921781603,human,True,False
2921784138,human,True,False
2921805911,same-system,True,False
2851668165,human,True,False
2851682334,same-system,True,False
2851683266,same-system,True,False
2988014707,same-system,True,True
2897629236,human,False,False
2982751008,human,False,False
2983251179,human,True,False
2983254833,human,True,False
2983263184,human,True,False
2988661555,human,False,False
2993704867,human,False,False
2993707705,human,False,False
2993717631,human,False,False
2993719415,human,False,False
2993731347,human,False,False
2993744379,same-system,True,True
3061249270,same-system,True,True
3058050965,human,False,True
2997259137,human,False,True
2855860369,human,False,True
2855865634,human,False,True
2856567565,human,False,False
2976819031,human,True,False
2976828601,same-system,True,False
3006572554,human,True,False
3006585791,same-system,True,False
3006682800,human,True,False
3006685059,human,True,False
3006703224,same-system,True,False
3006714576,human,True,False
3006730607,same-system,True,False
3006738646,human,True,False
3006764665,same-system,True,False
3007278058,human,True,False
3007294825,same-system,True,False
3007361712,human,False,False
3007372151,human,False,False
3007629436,human,True,False
3007639673,human,True,False
3007650200,same-system,True,False
3007665368,same-system,True,False
3011738209,human,False,False
3018098139,human,False,False
3018099623,human,True,False
3018100017,human,False,True
2951845255,same-system,False,True
2951851395,human,False,False
2951860727,human,True,False
2951868940,same-system,True,False
2980627591,human,True,False
2980642390,same-system,True,False
2980923539,human,False,False
2981024090,human,False,False
2984787204,human,False,False
2984855002,human,False,False
3029189567,human,True,False
3029210921,same-system,True,False
3029211022,same-system,True,False
3029615885,human,False,True
3031604527,human,True,False
3031612615,same-system,True,False
3031612660,same-system,True,False
2917838484,human,True,False
2917838835,human,True,False
2917839127,human,True,False
2917839632,human,True,False
2917839958,human,True,False
2917840716,human,True,False
2917842140,human,False,True
3046177944,human,False,True
2928943573,human,True,False
2928948545,human,False,False
2929073949,human,True,True
2929514641,human,True,False
2929525180,human,True,False
3005120757,human,False,False
2916202857,same-system,True,True
3054610980,human,False,False
2933642003,human,True,False
2933652455,same-system,True,False
2936278748,human,True,False
2936307029,human,False,False
2936311330,human,True,False
2936484161,human,False,False
2909568801,human,False,False
2941739248,human,True,False
2941748660,same-system,True,False
2941748889,same-system,True,False
2941756370,human,True,False
2941786259,same-system,True,False
2941786449,same-system,True,False
2941826706,human,False,False
2941933739,human,False,True
2941970231,human,True,False
2941985199,same-system,True,False
2941985597,same-system,True,False
2942000325,human,False,False
2943469941,human,True,False
2943476935,same-system,True,False
2943672406,human,False,False
2922543131,human,True,False
2922549638,human,True,False
2922558664,human,True,False
2922568855,same-system,True,False
2922599501,same-system,True,False
2922599730,same-system,True,False
2922599985,same-system,True,False
2922600357,same-system,True,False
3020730063,same-system,False,True
3020775422,human,True,False
3020808905,same-system,True,False
3020854608,human,True,False
3020870211,human,True,False
3020899558,same-system,True,False
3020921061,human,True,False
3020921976,human,True,False
3020923245,human,True,False
3020938739,same-system,True,False
3020956002,same-system,True,False
3020956161,same-system,True,False
3021076966,human,False,False
3021082962,human,False,False
3026220104,same-system,False,True
3026277712,human,False,False
3027010047,human,False,False
3030338931,human,False,False
3029726450,human,True,False
3029747592,human,False,False
3029755757,same-system,True,False
2864643864,human,True,False
2864649987,same-system,True,False
2865355265,human,True,False
2867900842,human,True,False
2870999105,human,True,False
2881832333,human,True,False
2917525195,human,True,False
2917533731,human,True,False
2917541893,same-system,True,False
2917544012,human,False,False
2917594024,human,False,False
2919843562,human,False,False
3060505976,human,False,False
3060524993,human,False,False
3020982199,human,False,True
3021005900,human,False,False
3021021423,human,False,False
3021333406,human,True,False
3021341784,human,False,False
3021357691,human,True,False
2891776945,human,True,False
2891795661,same-system,True,False
2882035590,same-system,True,True
2882066943,human,False,False
2889400371,human,False,False
2880201959,human,True,False
2880214251,same-system,True,False
2880214411,same-system,True,False
2880222927,human,True,False
2880234546,same-system,True,False
2903537233,human,True,False
2903557345,same-system,True,False
3142500184,human,True,False
3142509739,same-system,True,False
2962512384,human,True,False
2962590525,same-system,True,False
2969297411,human,True,False
2969297971,human,True,False
2969298734,same-system,True,False
2969316389,same-system,True,False
2969337157,human,True,False
2969341110,same-system,True,False
2972018384,human,False,False
2972195606,human,True,False
2972444541,human,False,False
2919007207,human,True,False
2919025807,same-system,True,False
2919025920,same-system,True,False
2919026055,same-system,True,False
2919026177,same-system,True,False
2919026442,same-system,True,False
2916421819,human,False,False
2924238512,human,True,True
2924275675,same-system,True,False
3054677068,human,True,False
3054714637,same-system,True,False
3008296766,same-system,False,True
3051582267,human,False,False
2978826451,same-system,False,True
2978848670,human,True,False
2978859244,same-system,True,False
2979028206,human,False,False
2981411902,human,False,True
3058004161,human,False,False
2985171607,same-system,False,True
3030272201,same-system,True,True
3089755835,same-system,True,True
3089762542,human,True,False
3093886007,human,False,True
2944978682,human,True,False
2944990043,same-system,True,False
2944998630,same-system,True,False
2944998730,same-system,True,False
2945023440,human,False,False
2945124718,human,True,False
2945142366,same-system,True,False
2946713133,human,False,False
2957885545,human,False,False
2967480209,human,False,False
2982431053,human,False,False
2866906279,same-system,True,True
2871914760,human,True,True
2871974745,same-system,True,False
2871975193,same-system,True,False
2871975625,same-system,True,False
2871975647,human,True,False
2871976242,human,True,False
2872005120,same-system,True,False
2872025574,human,False,False
3014665217,human,False,False
3057350878,human,False,True
3045456688,human,True,False
3045460181,same-system,True,False
2894978157,human,False,False
2959453441,human,False,False
3014195554,human,False,True
3014197483,human,False,True
3014198977,human,False,False
3014311151,human,False,False
3014552779,human,False,False
2988929559,human,False,False
2862414996,human,True,False
2862420506,same-system,True,False
2862500875,human,True,False
2862514676,same-system,True,False
2862548068,human,True,False
2862551904,same-system,True,False
2862557459,human,True,False
2862574440,same-system,True,False
2862576109,human,True,False
2862588229,same-system,True,False
2862591174,human,True,False
2862603585,same-system,True,False
2862658745,human,True,False
2864724980,human,True,False
2865003954,human,True,False
2987321883,human,False,True
2911314228,human,False,False
2911326034,human,False,False
2860981041,human,True,True
3035359243,human,False,False
3012983797,same-system,False,True
3026992154,human,True,True
3028565700,same-system,True,False
3028565877,same-system,True,False
3028566207,same-system,True,False
3028566407,same-system,True,False
2855119983,human,True,False
2855120846,human,True,False
2855133093,human,True,False
2856654774,human,True,False
2894905594,human,True,False
2894909532,human,True,False
2894915800,human,True,False
2894916617,human,True,False
2894919639,same-system,True,False
2894942077,human,True,False
2894964429,same-system,True,False
2894964814,same-system,True,False
2894979089,same-system,True,False
2895123306,human,True,False
2895128384,same-system,True,False
2895141830,human,True,False
2895146954,human,True,False
2895152885,human,False,True
2895165734,same-system,True,False
3005851643,human,True,False
3005938411,human,True,False
3005949989,human,False,False
3008571082,human,False,True
3010871575,human,False,True
2855878228,human,False,True
2895705542,human,False,False
2895711907,same-system,True,True
2883724203,human,True,False
2883736122,same-system,True,False
2925394872,human,True,False
2925738213,human,True,False
2925740885,human,True,False
2926262274,human,True,False
2926336490,human,True,False
2926457864,same-system,True,False
2926462848,human,False,False
2984721276,human,True,False
2984722416,human,True,False
2984735121,same-system,True,False
2984745535,same-system,True,False
3034175373,human,True,False
3034220455,same-system,True,False
3034221199,same-system,True,False
3034221773,same-system,True,False
3034299797,human,True,False
3034316472,same-system,True,False
3034431816,human,True,False
3034449430,same-system,True,False
3034449523,same-system,True,False
3034637455,human,True,False
3034666155,same-system,True,False
3034666487,same-system,True,False
3039269570,human,True,False
3039496614,same-system,True,False
3039497877,same-system,True,False
3039498869,same-system,True,False
2898889191,human,True,False
2898896626,same-system,True,False
2898917812,human,True,False
2898931380,same-system,True,False
2909460384,same-system,True,True
2963614463,same-system,True,False
2976150180,human,False,True
2994795654,human,True,False
2994820464,same-system,True,False
2999289423,human,False,True
3390075488,human,False,False
3390116692,human,True,False
2980154540,human,False,True
2980190585,human,False,False
3035671439,same-system,False,True
2874301736,human,True,False
2874320070,same-system,True,False
2915059796,human,False,False
2894249465,human,True,False
2894262777,same-system,True,False
2922277151,human,True,False
2922283158,same-system,True,False
2932902832,human,True,False
2932908579,human,True,False
2932909421,same-system,True,False
2932916728,same-system,True,False
3037442549,human,True,False
3037491154,same-system,True,False
3037491303,same-system,True,False
3037491765,same-system,True,False
3037523115,human,False,False
2893984324,same-system,True,True
2906047400,human,True,False
2906069709,same-system,True,False
2906069957,same-system,True,False
2911819086,human,True,False
2911823598,same-system,True,False
2936725879,human,True,False
2936741120,same-system,True,False
2972684980,human,False,False
2972707283,human,False,True
2977226508,human,True,False
2977237197,same-system,True,False
2977277530,human,True,False
2977284964,same-system,True,False
2980949430,human,True,False
2980973051,same-system,True,False
2980973127,same-system,True,False
2980973197,same-system,True,False
2984091842,human,True,False
2984133288,same-system,True,False
2984133593,same-system,True,False
2984133862,same-system,True,False
2984134162,same-system,True,False
2984134459,same-system,True,False
2984149338,human,True,False
2984254065,same-system,True,False
2984254395,same-system,True,False
2984401397,human,True,False
2984427502,same-system,True,False
2984427592,same-system,True,False
2925935774,human,True,False
2925939786,human,True,False
2925983844,same-system,True,False
2925998921,same-system,True,False
2926002550,human,False,False
2954262393,human,True,False
2954295183,same-system,True,False
2954295975,same-system,True,False
2961647262,human,True,False
2961696050,same-system,True,False
2961696478,same-system,True,False
2961696869,same-system,True,False
2961697254,same-system,True,False
2961724497,human,True,False
2966063082,same-system,True,False
2966063214,same-system,True,False
2966063340,same-system,True,False
2966063523,same-system,True,False
3005090015,human,True,False
3005112624,same-system,True,False
3005113344,same-system,True,False
3034065013,human,True,False
3034081461,same-system,True,False
3079405814,human,False,True
3083463029,human,True,False
3083495068,same-system,True,False
3086872254,human,True,False
3086900833,same-system,True,False
3086901099,same-system,True,False
3096277478,human,True,False
2995207055,human,False,False
3059554663,human,False,True
3061098142,human,False,False
3042401244,human,False,True
3050389516,human,False,True
3054773138,human,False,True
3054860036,human,False,False
3055856473,human,False,False
2858268815,human,True,True
2858289899,same-system,True,False
2858297018,human,True,True
2858320007,same-system,True,False
2858320752,same-system,True,False
2861804351,human,True,True
2861814721,same-system,True,False
2861815067,same-system,True,False
2861815815,same-system,True,False
2916667129,human,False,False
2932011422,human,False,False
3024680980,human,False,False
2973331906,human,True,False
2973335026,same-system,True,False
3011474046,human,False,True
2994186671,human,True,False
2994202700,same-system,True,False
3009472653,human,True,False
3009473775,human,True,False
3009475061,human,True,False
3009488450,same-system,True,False
3009502620,same-system,True,False
3009502708,same-system,True,False
3010147820,human,True,False
3010163699,same-system,True,False
3015131438,human,False,False
2894653987,human,False,False
2895324261,human,False,False
3047486436,same-system,False,True
3047505987,human,False,False
3047899980,human,False,False
2907708565,human,True,False
2907720173,same-system,True,False
2910649932,human,True,False
2910741570,same-system,True,False
2916533040,human,True,False
2916593607,same-system,True,False
2916593932,same-system,True,False
2916594204,same-system,True,False
2891955526,human,True,False
2891995997,same-system,True,False
2892098699,same-system,True,True
2962783278,human,True,False
2962790865,same-system,True,False
2962830107,human,False,False
2962840663,human,True,False
2962882864,same-system,True,False
2962884797,human,True,False
2962892718,same-system,True,False
2962898758,human,False,False
2962944305,human,True,False
2962949644,human,True,False
2962950501,human,True,False
2962951223,human,True,False
2962951631,human,True,False
2963151408,human,False,False
2963284409,human,False,False
2963311165,human,False,False
2963312347,human,False,False
3034757335,human,True,False
3034785560,same-system,True,False
2913980135,human,True,False
2914033979,same-system,True,False
2914034464,same-system,True,False
2914040415,same-system,True,False
2914043626,same-system,True,False
2914050238,same-system,True,False
2914053323,same-system,True,False
2914056917,same-system,True,False
2914066613,same-system,True,False
2914083774,same-system,True,False
2914084379,same-system,True,False
2914178293,human,True,False
2914191646,same-system,True,False
2914216578,human,True,False
2914222865,human,True,False
2914230404,human,True,False
2914236935,human,True,False
2914241612,same-system,True,False
2914243594,human,True,False
2914247988,human,True,False
2914248244,human,True,False
2914248455,human,True,False
2914248750,human,True,False
2914276508,same-system,True,False
2914276830,same-system,True,False
2914277277,same-system,True,False
2914291950,same-system,True,False
2916226747,human,True,False
2916577028,human,True,False
2916583734,same-system,True,False
3004246274,human,True,False
3004288659,same-system,True,False
3004288798,same-system,True,False
3004313464,human,True,False
3004340177,same-system,True,False
3004347701,human,False,False
3004643901,human,True,False
3004673455,same-system,True,False
3008194983,human,True,False
3008216451,same-system,True,False
3008266783,human,True,False
3008286253,same-system,True,False
3008293381,human,True,False
3008301821,same-system,True,False
3008316460,human,False,False
3008318680,human,False,False
2973112506,human,False,False
2976289689,human,False,False
2891461931,same-system,True,True
2891908813,same-system,True,True
2936991273,human,False,False
2937470435,human,False,True
3018152838,human,False,True
3030380929,human,False,False
3030389392,human,False,False
3030389639,human,False,False
3030389774,human,False,False
3030391140,human,False,False
2858609969,human,True,False
2858612154,human,True,False
2858624448,same-system,True,False
2858643249,same-system,True,False
2858647139,human,True,False
2858648580,human,True,False
2858669181,same-system,True,False
2858677532,same-system,True,False
2859004973,human,True,False
2859023995,same-system,True,False
2859041907,human,True,False
2859043849,human,True,False
2859059193,same-system,True,False
2859065380,same-system,True,False
2859092087,human,True,False
2859098240,human,True,False
2859102357,human,True,False
2859105206,same-system,True,False
2859107602,human,True,False
2859107774,human,True,False
2859226842,human,False,True
2864334004,human,False,False
2963719684,human,False,True
2964244375,human,False,True
2967147288,human,True,False
2967184314,same-system,True,False
2975960471,human,False,False
2976928846,human,False,True
2944333800,human,False,False
2971290095,human,False,False
3050329198,same-system,False,True
3050391407,human,True,False
3050721709,human,True,False
3050723965,human,True,False
3050728371,human,True,False
3050733078,human,True,False
3050736588,human,True,False
3052397237,human,True,False
3052503299,human,True,False
3053544718,human,True,False
3054655348,human,True,False
3054800244,same-system,True,False
3054879979,human,True,False
3054892038,human,True,False
3054893670,human,True,False
3055354361,human,True,False
3055454299,same-system,True,False
3055470339,human,True,False
3055567977,same-system,True,False
3055576486,human,False,True
3083840570,human,False,False
2922757328,human,True,False
2940730751,human,True,False
2940733601,human,True,False
2940764799,human,True,False
2940782437,human,True,False
2940782874,human,True,False
2940800034,human,True,False
2941183806,human,False,False
2915069057,human,True,False
2915079689,same-system,True,False
2915095379,same-system,True,False
2915161781,human,True,False
2915165473,same-system,True,False
2915175966,human,False,False
2915188908,human,False,False
2917961599,human,False,False
2916359727,human,True,False
2916396210,same-system,True,False
2917702765,human,True,False
2917725710,same-system,True,False
2890264756,human,False,True
2894187088,human,False,True
2894425686,human,True,False
2894427760,human,True,False
2894429466,same-system,True,False
2894430048,human,True,False
2894435086,same-system,True,False
2894435248,same-system,True,False
2894440037,human,True,False
2894444686,same-system,True,False
2894444830,human,True,False
2894445614,human,True,False
2894456280,same-system,True,False
2894485943,human,True,False
2894494357,same-system,True,False
2894494468,same-system,True,False
2933235235,human,True,False
2933253807,same-system,True,False
2933739571,human,True,False
2933746281,same-system,True,False
2917052741,human,False,False
2950801791,human,True,False
2950819397,same-system,True,False
2987508468,human,False,True
2996596834,cross-system,False,True
2908208742,human,False,False
2923099523,human,False,True
2926435119,human,True,False
2926464406,same-system,True,False
2906248739,same-system,False,True
2906278719,human,False,False
2908921674,human,False,True
2967928857,human,False,True
2894378586,human,False,True
3082205906,human,True,False
3132994188,same-system,True,False
2887654829,same-system,False,True
2887687540,human,True,False
2887695024,same-system,True,False
2887713093,human,True,False
2887724288,same-system,True,False
3070419704,human,True,False
3070422331,human,True,False
3070430289,human,True,False
3070454865,same-system,True,False
3070478001,same-system,True,False
3070478179,same-system,True,False
3071325965,human,True,False
3071415373,same-system,True,False
3073870041,human,False,False
2900860102,human,True,False
2900936513,same-system,True,False
2900936827,same-system,True,False
2910641729,human,True,True
2910685511,same-system,True,False
2910685804,same-system,True,False
2914315005,human,True,False
2914318647,human,True,False
2914326197,human,True,False
2914328001,human,True,False
2914335555,human,True,False
2914385718,human,True,True
2915242815,human,True,False
2915250759,human,True,False
2915264024,human,True,False
2915264251,human,True,False
2915264348,human,True,False
2915369463,human,True,False
2915370764,human,True,False
2918938041,human,True,False
2918941580,human,True,False
2918969771,human,True,False
2919036085,human,False,False
2921810239,human,False,False
2903856015,same-system,False,True
2922578337,human,False,True
2923514341,human,True,False
2923514509,human,True,False
2923519531,same-system,True,False
2923519717,same-system,True,False
2923583130,human,True,False
2923583654,human,True,False
2923583916,human,False,True
2923588367,same-system,True,False
2923595578,same-system,True,False
2951008317,human,False,True
2951312060,human,False,True
2964496603,human,False,False
2966960371,same-system,True,True
2967258424,human,False,False
3065745621,same-system,True,True
3065760001,human,False,True
3073640381,human,False,False
2881611708,human,True,True
2881639181,human,False,True
2881653784,same-system,True,False
2881654154,same-system,True,False
2881654467,same-system,True,False
2881655260,same-system,True,False
2881655712,same-system,True,False
2881656018,same-system,True,False
2881647021,human,True,False
2881675371,human,True,False
2881685000,same-system,True,False
2881685701,same-system,True,False
2881686054,same-system,True,False
2881686406,same-system,True,False
2881690683,same-system,True,False
2881691125,same-system,True,False
2881721347,human,True,False
2881723901,human,True,False
2881736866,human,True,False
2881748481,same-system,True,False
2881749050,same-system,True,False
2881839230,human,True,False
2881840965,same-system,True,True
2881854773,same-system,True,False
2970551474,human,False,True
3025502351,human,False,True
3055487601,human,False,False
2963260575,human,False,True
2963303908,human,False,True
2963471509,human,False,True
2883130072,same-system,False,True
3052170714,human,False,False
2907219370,human,True,False
2907230628,same-system,True,False
2907230850,same-system,True,False
2907230966,same-system,True,False
2907231068,same-system,True,False
2983623489,human,True,False
2983630689,same-system,True,False
2983635245,human,True,False
2983682818,same-system,True,False
2984728921,human,False,False
2906431103,human,False,False
2981353844,human,True,False
2981360371,same-system,True,False
3073697635,same-system,True,True
3073717746,same-system,True,True
3017433621,human,True,True
3017451348,same-system,True,False
3021340481,human,False,False
2857828182,human,True,False
2857841027,same-system,True,False
2858304013,human,True,False
2858603747,same-system,True,False
2858604049,same-system,True,False
2858604349,same-system,True,False
2858604628,same-system,True,False
2858604882,same-system,True,False
2858605170,same-system,True,False
2858605476,same-system,True,False
2858605774,same-system,True,False
2858606144,same-system,True,False
2858606627,same-system,True,False
2858606958,same-system,True,False
2858607206,same-system,True,False
2858711491,human,True,False
2858732024,human,True,False
2858743281,same-system,True,False
2858743694,human,True,False
2858753226,same-system,True,False
2858799790,human,True,False
2858807140,same-system,True,False
2858832501,human,True,False
2858839506,same-system,True,False
2858887627,human,True,False
2858897317,same-system,True,False
2859076285,human,True,False
2859083041,same-system,True,False
2859146123,human,True,False
2940896008,human,False,False
2941164308,human,True,False
2941193324,same-system,True,False
2941193464,same-system,True,False
2941193601,same-system,True,False
2942740076,human,True,True
2942799766,same-system,True,False
2943394304,human,False,False
2943486588,human,False,False
2944115480,human,False,False
3013610339,human,True,False
3013642166,same-system,True,False
3013642453,human,False,False
2921699724,human,False,False
2921817212,human,False,False
2923732300,human,False,False
3102212871,human,False,False
2995490500,human,False,False
2995803731,human,True,False
2995813475,same-system,True,False
2995815502,human,True,False
2995820868,same-system,True,False
2995839378,human,False,False
2997760134,human,True,False
2997776945,same-system,True,False
2997793193,human,False,False
2997955010,human,False,False
2998074712,human,True,False
2998102249,human,True,False
2998109387,human,False,True
2998130695,same-system,True,False
2998159619,human,False,False
2998184242,human,False,False
2998439843,human,False,False
3071491395,human,False,False
3072309663,human,False,False
2866377494,human,True,False
2866377566,human,True,False
2866377593,human,True,False
2866379288,same-system,True,True
2866384778,same-system,True,False
2866385596,same-system,True,False
2866385618,same-system,True,False
3050640631,human,True,False
3050674737,same-system,True,False
3050675039,same-system,True,False
3050706067,human,False,False
3292867336,human,True,False
3292896578,same-system,True,False
3293465323,human,True,False
3293480582,same-system,True,False
3293855909,human,True,False
3293869863,human,True,False
3293881572,same-system,True,False
3045414330,human,False,True
3048099646,human,False,True
3059411786,human,True,False
3059412129,human,True,False
3059412355,human,True,False
3059412397,human,False,False
3059414201,human,True,False
2880548394,human,False,False
2859245985,human,True,False
2859246665,human,True,False
2859248258,human,True,False
2859250096,same-system,True,False
2859254264,same-system,True,False
2859254456,same-system,True,False
2859303523,same-system,True,True
2870307670,same-system,False,True
3051918520,human,True,False
3051922285,human,True,False
3051924040,human,False,False
3051963258,same-system,True,False
3051968206,human,False,True
3051970167,same-system,True,True
2972827282,human,True,False
2972828474,human,False,False
2968511942,human,True,False
2968608035,human,True,False
2968776123,human,False,False
2865006732,human,False,False
3048752449,human,False,False
2980064802,human,True,False
2980113104,same-system,True,False
2980113639,same-system,True,False
2980114128,same-system,True,False
2980114550,same-system,True,False
2980114854,same-system,True,False
2980115196,same-system,True,False
2980115550,same-system,True,False
2980115874,same-system,True,False
2980116173,same-system,True,False
2980116620,same-system,True,False
2980116961,same-system,True,False
2980117338,same-system,True,False
2980117701,same-system,True,False
2980118063,same-system,True,False
2980118419,same-system,True,False
2980118768,same-system,True,False
2980119087,same-system,True,False
2980119515,same-system,True,False
2980119863,same-system,True,False
2980120321,same-system,True,False
2980120692,same-system,True,False
2980121069,same-system,True,False
2980121390,same-system,True,False
2980121911,same-system,True,False
2980122264,same-system,True,False
2980122637,same-system,True,False
2980122978,same-system,True,False
2980123314,same-system,True,False
2980895944,human,True,False
2995880301,human,False,False
2939990485,human,True,False
2939996476,human,True,False
2940009674,same-system,True,False
2943429944,human,True,False
2943820458,human,False,False
2908173345,human,True,False
2908173372,human,True,False
2908173467,human,True,False
2908177354,same-system,True,False
2908184212,same-system,True,False
2908184335,same-system,True,False
2908304120,human,True,False
2908304170,human,True,False
2908305171,same-system,True,False
2908313611,same-system,True,False
2911899281,human,True,False
2911899426,human,True,False
2912714381,human,True,False
2912714829,human,True,False
2912715289,human,True,False
2912715804,human,True,False
2912716445,human,True,False
2912719529,human,True,False
2912720021,human,True,False
2912720313,human,True,False
2912724239,same-system,True,False
2912737326,same-system,True,False
2912737680,same-system,True,False
2912738067,same-system,True,False
2912738421,same-system,True,False
2912738766,same-system,True,False
2912739159,same-system,True,False
2912739601,same-system,True,False
2913407897,human,False,False
2913935364,human,False,False
2943065013,human,False,False
3042842363,human,False,False
3042844984,human,False,False
2896908497,human,True,False
2896966538,human,False,True
2897005418,same-system,True,False
2897005930,same-system,True,False
2897006631,same-system,True,False
2897007166,same-system,True,False
2900541983,same-system,True,True
2914580139,human,True,True
2914939038,human,True,False
2914939627,human,True,False
2914941022,human,True,False
2914946232,same-system,True,True
2914963125,same-system,True,False
2914963412,same-system,True,False
2917577297,human,True,False
2917753648,human,True,False
2918027713,human,True,False
2918085259,human,True,False
2918124636,human,True,False
2919133673,human,True,False
2864568034,human,True,False
2864576233,same-system,True,False
2864576279,same-system,True,True
2864590088,human,True,False
2864596228,same-system,True,False
2864606001,human,True,False
2864616749,same-system,True,False
2864628441,human,True,False
2864634188,same-system,True,False
2864637157,human,True,False
2864641554,human,False,True
2864644787,same-system,True,False
2864693664,human,True,False
2864700287,same-system,True,False
2891553378,human,False,False
2924924427,human,True,True
2925068108,same-system,True,False
2925068801,same-system,True,False
2925134401,human,True,False
2925139425,human,True,True
2925294461,same-system,True,False
2925295191,same-system,True,False
2925381653,human,False,True
2925591437,human,True,False
2925970396,human,True,False
2926225472,human,True,False
2926298711,same-system,True,False
2926419837,human,False,True
3084668849,human,False,False
2950545158,human,True,False
2950564700,same-system,True,False
2952254721,human,True,False
2952282265,same-system,True,False
2965206014,human,False,True
2967088283,human,True,False
2967111020,same-system,True,False
2973750919,human,False,False
3024056898,human,False,True
3024928421,human,False,False
2895646003,same-system,False,True
2895801465,human,False,True
2902148685,human,False,False
2905121679,human,False,False
2856594712,human,False,True
2856700966,human,False,False
3028726070,human,True,False
3028792555,same-system,True,False
2861962116,human,True,False
2861985899,same-system,True,False
2862005486,human,True,False
2862040055,same-system,True,False
2862664607,human,True,False
2862690488,same-system,True,False
2862934004,human,False,True
2862934788,human,True,False
2862945651,same-system,True,False
2865302009,human,True,True
2865336911,same-system,True,False
2865337662,same-system,True,False
2872435783,human,True,False
2882502884,human,True,False
2882504855,human,True,False
2882511730,human,False,True
2905272853,human,True,False
2943732545,human,True,False
2943743410,same-system,True,False
2944039918,same-system,True,True
2947072923,human,True,False
2947086433,same-system,True,False
2947091273,same-system,True,False
2947273155,human,False,False
2947273421,human,False,True
3002165319,human,False,False
3002178519,human,False,False
2955185178,human,True,False
2955202661,same-system,True,False
2955210902,human,True,False
2955231193,same-system,True,False
2955514455,human,True,False
2955546177,same-system,True,False
2955881701,human,True,False
2955881853,human,True,False
2955920309,same-system,True,False
2955920389,same-system,True,False
2958706825,human,True,False
2958750512,same-system,True,False
2958761807,human,False,True
3014828721,human,True,True
3014847650,same-system,True,False
3014847723,same-system,True,False
3014847767,same-system,True,False
3014847835,same-system,True,False
3014847884,same-system,True,False
3014849495,human,True,False
3014919271,same-system,True,False
3014919807,same-system,True,False
3014919901,same-system,True,False
3014920002,same-system,True,False
3014920117,same-system,True,False
3014920607,same-system,True,False
3014920702,same-system,True,False
3014920806,same-system,True,False
3014920907,same-system,True,False
3014921008,same-system,True,False
3014921564,same-system,True,False
3014921683,same-system,True,False
3014921785,same-system,True,False
3014921901,same-system,True,False
3014922012,same-system,True,False
3014922545,same-system,True,False
3014922647,same-system,True,False
3014922767,same-system,True,False
3014922877,same-system,True,False
3014923003,same-system,True,False
3014923604,same-system,True,False
3014923736,same-system,True,False
3014923837,same-system,True,False
3054699499,human,False,False
3104832406,human,False,False
3104833443,same-system,False,True
3063295979,same-system,True,True
3063327583,human,False,False
2928466108,human,True,False
2928468114,same-system,True,False
2928468918,human,True,False
2933643841,human,True,False
2933960382,human,False,False
2936262813,human,True,False
2855724584,human,False,False
3071373666,human,True,False
3071579103,same-system,True,False
3071579985,same-system,True,False
3071615808,human,False,False
3074593236,human,True,False
3074752386,same-system,True,False
3074823029,human,False,False
3074837289,human,False,False
3083918607,human,False,False
2963315707,human,False,False
2976339730,human,False,False
2980749673,human,False,False
2894489271,same-system,False,True
2895327562,human,False,True
2897754721,human,False,False
2897772971,same-system,False,True
2898257977,human,False,False
2925052854,human,True,True
2925082058,same-system,True,False
2925082405,same-system,True,False
2925101176,human,False,True
2858292436,human,True,False
2858311621,same-system,True,False
2938483024,human,False,True
2970265751,human,True,False
2970272274,same-system,True,False
2970330057,human,True,False
2970371605,human,True,False
2970383701,same-system,True,False
2982141199,human,False,False
2982586430,human,False,False
2982589000,human,False,False
3054758898,human,False,False
2889511792,human,True,True
2889543931,same-system,True,False
2889544677,same-system,True,False
2889545005,same-system,True,False
2890949920,human,True,False
2890974984,same-system,True,False
2890975500,same-system,True,False
2891462328,human,True,False
2893658915,human,False,False
2895615683,human,False,False
2895676557,human,False,False
2897199468,human,True,False
3004005050,human,True,False
3004006649,human,True,False
3004010649,same-system,True,False
3004034065,same-system,True,False
3004034134,same-system,True,False
3004034196,same-system,True,False
3004034266,same-system,True,False
3004034331,same-system,True,False
2905254695,human,False,True
2905572141,human,False,False
2906120856,human,False,False
2899743488,human,True,False
2899770898,same-system,True,False
2899797815,human,True,False
2899818964,same-system,True,False
2899919611,same-system,True,False
2901760884,human,False,True
2905128774,human,False,False
2905245174,human,False,False
3071281502,human,False,True
3071541347,human,False,False
3074886559,human,False,False
2908892143,human,False,False
3065676876,human,False,True
3065677913,human,False,True
2940130898,human,False,False
2940431714,human,False,False
3057363248,human,True,True
3057369200,same-system,True,False
3058170258,human,False,True
2981812105,human,True,False
2981822171,same-system,True,False
2981822181,same-system,True,False
2981843738,human,True,False
2981881135,human,True,False
2981890344,same-system,True,False
2982076547,human,True,False
2982096866,same-system,True,False
3028536989,human,True,True
3028591049,same-system,True,False
3028591247,same-system,True,False
3028591411,same-system,True,False
3028591706,same-system,True,False
3028591873,same-system,True,False
3028592011,same-system,True,False
3028592180,same-system,True,False
3028623715,human,False,False
3028629395,human,False,True
3028711798,human,False,False
2955285876,human,True,False
2955334177,same-system,True,False
2955365353,human,False,True
2955489977,human,True,False
2955604567,human,True,True
2955622612,same-system,True,False
2955640309,human,True,False
2955674726,same-system,True,False
2955674902,same-system,True,False
2955731251,human,True,False
2955784166,same-system,True,False
2950063752,human,False,False
2950114175,human,False,False
2950617308,human,False,False
2950619311,human,False,False
3031651368,human,False,True
3032112090,human,False,True
3032171675,human,False,True
2863971286,human,False,False
2936650108,same-system,False,True
2936766628,human,False,False
2966059397,human,False,False
3055485348,human,False,False
2855461467,same-system,True,False
2855461789,same-system,True,False
2855462017,same-system,True,False
2855710178,human,False,False
3010642202,human,False,True
2911544047,human,False,True
2911556003,human,True,False
2911563001,same-system,True,False
2911572900,human,True,False
2911594301,same-system,True,False
2911595728,human,False,False
2911616610,human,False,False
2911617537,human,False,False
2911618699,human,False,False
2911622706,human,False,False
2911622788,human,False,False
2874597487,human,True,False
2877523583,same-system,True,False
2877831751,human,True,False
2877931459,same-system,True,False
2896532844,human,False,False
2863760106,human,True,False
2863804856,same-system,True,False
2863805465,same-system,True,False
2863805964,same-system,True,False
2863806626,same-system,True,False
2863807188,same-system,True,False
2863807693,same-system,True,False
2863808358,same-system,True,False
2863809064,same-system,True,False
2864246562,human,True,False
2864247386,human,True,False
2876246721,human,True,False
2877826382,human,True,False
3010957893,human,False,False
3010996823,human,False,False
3063692921,human,False,False
3054778079,human,True,False
3054788186,same-system,False,True
3054843642,same-system,True,False
3055180858,human,False,False
3063104456,human,False,True
2919257475,human,True,False
2919289979,same-system,True,False
2897954422,human,False,True
2967309929,human,False,False
2980938840,human,False,False
2980969936,human,False,False
2981086886,human,False,False
2981090989,human,False,False
2981121124,human,False,False
2981196416,human,False,False
2863477383,same-system,False,True
2863725892,human,False,True
3045812395,human,True,False
3045939995,same-system,True,False
3045940865,same-system,True,False
3045941363,same-system,True,False
3045941825,same-system,True,False
3046015128,human,True,False
3046380329,human,True,False
3046389263,human,True,False
3046389920,human,False,False
3046429828,human,False,False
3046442186,human,False,False
3050455733,human,True,False
3050472385,same-system,True,False
3050477550,human,True,False
3050508701,same-system,True,True
3050509900,same-system,True,False
3050510053,same-system,True,False
2969356742,same-system,True,True
2995459997,human,False,False
2995918466,human,True,False
2995921868,human,True,False
2995947141,human,True,False
2995995299,human,True,False
2999431194,human,True,False
2999841819,human,True,False
2999855251,human,True,False
3021123391,human,True,False
3021386683,human,True,False
3021389883,human,True,False
3021812313,human,True,False
3024446584,human,True,False
3026875686,human,True,False
3194865712,human,False,False
2862361786,human,False,True
2862398758,human,True,False
2862430424,same-system,True,False
2862430995,same-system,True,False
2862431471,same-system,True,False
2862528887,human,True,False
2862551582,same-system,True,False
2879411185,human,True,False
2879476755,same-system,True,False
2879476991,same-system,True,False
3034982864,human,False,True
3035831352,human,False,True
3047023315,human,False,False
2965311632,human,True,True
2965394421,same-system,True,False
2965394554,same-system,True,False
2965394661,same-system,True,False
2965534749,human,True,False
2965562888,same-system,True,False
2965563180,same-system,True,False
2965563439,same-system,True,False
2965640919,human,False,True
2967365120,human,False,False
2967387878,human,False,False
2852446118,human,True,False
2852447972,same-system,True,False
2852449571,human,True,False
2852454297,same-system,True,False
2852459483,same-system,True,True
2904812370,human,False,False
2904815246,human,False,False
2853977713,human,True,True
2854044556,same-system,True,False
2854044975,same-system,True,False
2854045359,same-system,True,False
2854048559,human,True,False
2854065979,same-system,True,False
2854066341,same-system,True,False
2856712012,human,False,True
2858106123,human,True,False
2858953082,human,True,False
2860026960,human,True,False
2874680779,human,True,False
2878723463,human,True,False
2869023433,human,True,False
2869045299,same-system,True,False
2869045819,same-system,True,False
2948086328,human,True,True
2948090606,same-system,True,False
2950035270,human,True,False
2950077908,same-system,True,False
2969910652,human,False,False
2914877038,same-system,False,True
2915558863,human,False,False
2966439142,human,False,True
3047908518,human,False,False
3049104516,human,True,False
3049152963,same-system,True,False
3049206634,human,False,True
3049281590,human,True,True
3049310652,same-system,True,False
3049372477,human,False,False
3052711281,human,False,False
3054212377,human,False,False
2965776126,human,False,True
2966237824,human,False,False
2966266192,human,False,False
3023659381,human,True,False
3023705733,same-system,True,False
3023705835,same-system,True,False
3023705945,same-system,True,False
3023718027,human,True,False
3023730259,same-system,True,False
3024315639,human,True,False
3024356809,same-system,True,False
2981752305,human,True,False
2981754115,human,True,False
3071896829,human,True,False
3071937571,same-system,True,False
3071963021,human,False,False
2925113303,human,True,False
2925178374,same-system,True,False
2925178945,same-system,True,False
2925179628,same-system,True,False
2925180004,same-system,True,False
2925180965,same-system,True,False
2925868744,human,True,False
2925910236,same-system,True,False
2962154015,human,True,False
2962179146,same-system,True,False
2962179316,same-system,True,False
2962194922,same-system,True,False
2962195136,same-system,True,False
2962195336,same-system,True,False
2962195496,same-system,True,False
2962195647,same-system,True,False
2962195836,same-system,True,False
2962196057,same-system,True,False
2962196209,same-system,True,False
2987807845,human,True,False
2987831421,same-system,True,False
2994285460,human,True,False
2994310024,same-system,True,False
2994310233,same-system,True,False
2994310471,same-system,True,False
2994310754,same-system,True,False
2994311043,same-system,True,False
3034043349,human,True,False
3034072613,same-system,True,False
3034072845,same-system,True,False
2968147456,same-system,True,True
2968155733,human,False,False
3049469154,human,False,True
3056115558,same-system,True,True
3056127276,human,True,False
3062700926,human,True,False
3062705123,human,True,False
3062717871,same-system,True,False
3062752343,human,True,False
3062795251,same-system,True,False
3062835841,human,True,False
3062864279,same-system,True,False
3062991675,human,False,True
3063060572,human,False,True
2994807004,human,False,False
2994815613,human,False,False
2936631098,same-system,True,True
2936653656,human,True,False
2936654479,human,True,False
2936734698,human,False,False
2936755065,human,False,False
2939222447,human,False,False
2902535455,human,True,False
2902558539,same-system,True,True
2902808912,human,False,False
2905256884,human,False,False
2941992759,human,False,True
3020956102,human,True,False
3021055063,same-system,True,False
3027854768,same-system,True,True
3030569423,human,False,False
3031116558,human,True,False
3031165425,human,True,False
3031165649,human,True,False
3031169891,human,True,False
3013866813,human,True,False
3013868242,same-system,True,False
3013868377,human,True,False
3013874482,same-system,True,False
3013976915,human,True,False
3013981336,same-system,True,False
3013981971,human,True,False
3013982029,human,True,False
3013997411,same-system,True,False
3013999217,human,True,False
3014001432,same-system,True,False
3014020476,same-system,True,False
3014151333,human,True,False
3014152420,same-system,True,False
3014176053,human,True,False
3014179225,same-system,True,False
3062667097,human,True,False
3062740708,human,True,False
3062748970,same-system,True,True
3064763254,human,False,False
3018269687,human,False,False
3021830564,human,False,False
3022031225,human,False,False
3064952271,human,True,False
3064982022,same-system,True,False
3068943694,human,True,False
3069024716,same-system,True,False
3069035620,human,True,False
3069036871,human,True,False
3069044220,human,True,False
3069066121,same-system,True,False
3069119574,same-system,True,False
3069119911,same-system,True,False
3069142847,human,True,False
3069182458,same-system,True,False
3069230785,human,True,False
3069231757,human,True,False
3069260112,same-system,True,False
3069283947,same-system,True,False
3085820058,human,True,False
3085865505,same-system,True,False
3085872610,human,True,False
3085888712,same-system,True,False
3085901495,human,True,False
3085936638,same-system,True,False
3085971858,same-system,True,True
3085975185,human,True,False
3085975950,human,True,False
3085976113,human,True,False
3085973286,human,True,False
3085985128,human,True,False
3085997140,same-system,True,False
3086044934,same-system,True,False
3007341368,same-system,False,True
3007354788,human,True,False
3007385418,same-system,True,False
2925313835,human,True,False
2925443567,same-system,True,False
2925443796,same-system,True,False
2925466670,human,False,False
2961120880,human,False,True
2961183927,human,True,False
2961197373,same-system,True,False
2961546400,human,True,False
2961650362,same-system,True,False
2961833551,human,False,False
2970929178,human,True,False
2970929851,human,True,False
2970934746,human,True,False
2970945135,human,False,True
2971011584,human,True,False
2971029103,human,True,False
2971031341,same-system,True,False
2971031475,same-system,True,False
2971031594,same-system,True,False
2971041974,human,True,False
2971049777,same-system,True,False
2992727232,human,True,False
2992731233,human,False,False
2993308822,human,True,False
3033486367,human,True,False
3033540175,same-system,True,False
3037802041,human,False,False
3039453137,human,False,True
2918502675,human,True,False
2918541854,same-system,True,False
2918542188,same-system,True,False
2918889790,human,False,False
2926758172,human,True,False
2926793687,same-system,True,False
2926793880,same-system,True,False
2926794266,same-system,True,False
2932983572,human,True,False
2933033065,same-system,True,False
2933069085,human,True,False
2933474207,human,True,True
2933512209,same-system,True,False
2935762329,human,False,False
2974754916,human,False,False
2983166140,human,False,False
2983219834,human,False,False
2926026243,human,True,False
2926071030,same-system,True,False
2926071253,same-system,True,False
2926071465,same-system,True,False
2926071702,same-system,True,False
2926078376,human,True,False
2926097961,same-system,True,False
2926101619,human,False,False
3005116005,human,False,False
3005116027,human,False,False
3005311164,human,False,False
2976279068,human,False,False
3013884828,human,True,True
3013887346,same-system,True,False
2978813337,human,True,False
2978859817,same-system,True,False
2978860122,same-system,True,False
2978860418,same-system,True,False
2978860713,same-system,True,False
2978883021,human,True,False
2978898569,same-system,True,False
2978898660,same-system,True,False
2978937796,human,False,False
2980281099,human,True,False
2980998672,human,True,False
3001147372,human,True,False
3001149791,human,False,False
3002250430,human,False,False
3003682631,human,False,True
3086530301,same-system,True,True
2871443528,human,True,False
2871472128,same-system,True,False
2871472572,same-system,True,False
2871814090,human,True,False
2871840681,same-system,True,False
2871841482,same-system,True,False
2871842276,same-system,True,False
2871845890,human,True,False
2871860865,same-system,True,False
2871861224,same-system,True,False
2871879190,human,True,False
2871879546,human,True,False
2871888691,same-system,True,False
2871909423,same-system,True,False
2871957248,human,True,False
2871961130,same-system,True,False
2952791548,human,False,True
3065980252,human,False,True
3056035914,human,True,False
3056068378,same-system,True,False
3056068631,same-system,True,False
3056068962,same-system,True,False
3056069326,same-system,True,False
3056069537,same-system,True,False
3056069760,same-system,True,False
3056069982,same-system,True,False
3056070228,same-system,True,False
3056070465,same-system,True,False
3056070643,same-system,True,False
3056071001,same-system,True,False
3056081553,human,False,True
2966632407,human,True,False
2966635880,human,True,False
2966637376,human,True,False
2966637881,human,True,False
2915509927,human,True,True
2915521033,same-system,True,False
2915521131,same-system,True,False
2915521233,same-system,True,False
2915530821,human,True,False
2915533525,human,True,False
2915534858,same-system,True,False
2915535197,same-system,True,False
2915535527,same-system,True,False
2915540737,same-system,True,False
2917580390,human,False,False
2917679498,human,False,False
2995129420,human,False,True
2995192785,human,True,False
2995213537,same-system,True,False
2995227204,human,True,False
2995249202,same-system,True,False
2995249278,same-system,True,False
2995249358,same-system,True,False
2995249429,same-system,True,False
2995249507,same-system,True,False
2995249571,same-system,True,False
2995249632,same-system,True,False
2995249714,same-system,True,False
2995249797,same-system,True,False
2995249896,same-system,True,False
2995249978,same-system,True,False
2995266226,human,False,True
2995957632,human,False,False
3044004972,human,True,False
3044007311,human,True,False
3044019124,human,True,False
3044021029,human,True,False
3044031562,same-system,True,False
3044063650,same-system,True,False
3044064292,same-system,True,False
3044259813,human,True,False
3044280646,human,True,False
3044295088,same-system,True,False
3044322272,same-system,True,False
3044331029,human,False,False
3044364021,human,False,False
3029562035,human,True,False
3029602969,same-system,True,False
3029603595,same-system,True,False
3030280478,human,True,False
3030300513,same-system,True,False
3030311885,human,True,False
3030333357,same-system,True,False
3030333472,same-system,True,False
3030333600,same-system,True,False
3030397962,human,False,True
3030425389,human,False,False
3030426512,human,False,False
2877537414,human,True,False
2877630676,same-system,True,False
2877630984,same-system,True,False
2877631306,same-system,True,False
2877652121,human,True,False
2877707842,same-system,True,False
2877708220,same-system,True,False
2877770896,human,True,False
2877865344,same-system,True,False
2877865833,same-system,True,False
2877866061,same-system,True,False
2878044422,human,True,False
2878074782,same-system,True,False
2878075045,same-system,True,False
3016003942,human,True,True
3016029128,human,False,True
3016057141,same-system,True,False
3016089513,human,False,False
3016112195,human,False,True
2977901052,human,True,False
2977910891,same-system,True,False
2977910944,same-system,True,False
2977917726,human,True,False
2977942183,same-system,True,False
2977961033,human,False,True
2898326494,human,True,False
2898327674,human,True,False
2898335729,same-system,True,False
2898348789,same-system,True,False
2898568700,human,False,False
2898570362,human,True,False
2898578679,same-system,True,False
2902498875,human,True,False
3124234395,human,False,False
2937390958,human,False,True
2937618075,human,True,False
2937627844,same-system,True,False
2937628005,same-system,True,False
2937659506,same-system,True,True
2906237027,human,True,False
2906240521,same-system,True,False
2906247558,human,True,False
2906249790,human,True,False
2906255383,same-system,True,False
2906263559,same-system,True,False
2906419496,human,True,False
2906419663,human,True,False
2906419702,human,True,False
2906422355,same-system,True,False
2906425456,same-system,True,False
2906425522,same-system,True,False
2910584120,human,False,False
2877453025,human,False,True
2880992575,same-system,True,True
2890644231,human,True,False
2890649601,same-system,True,False
2890694289,human,False,False
2985444657,human,False,False
2944128392,same-system,True,True
2962799526,human,True,False
2962803153,human,False,True
2962821047,same-system,True,False
2966917935,human,True,False
2966925234,human,True,False
2966936490,same-system,True,False
2966936983,human,True,False
2966958800,same-system,True,False
2967093045,human,True,False
2967099342,human,True,False
2967104298,human,True,False
2967106905,human,True,False
2980929259,human,True,False
2981755139,human,True,False
2981830522,human,True,False
2981842295,human,True,False
2999400157,human,True,False
2999404947,human,True,False
2999409846,human,True,False
2999410957,human,True,False
2999411853,human,True,False
3002360412,human,True,False
3002544295,human,True,False
3002944957,human,True,False
3003460061,human,True,False
3003461429,human,True,False
3003464738,human,True,False
3003472940,human,True,False
3005883674,human,False,True
3013578924,human,True,False
3013582985,same-system,True,False
3013582988,same-system,True,False
3013582995,same-system,True,False
3013676748,human,False,False
3013988901,human,False,False
3014917322,human,False,False
3016180426,human,False,False
2858534127,human,True,False
2858546886,same-system,True,False
2918971094,human,False,False
2921651259,human,True,False
2921674716,same-system,True,False
2968848054,human,True,True
2968854290,same-system,True,False
2968863156,human,False,False
2969163239,human,True,False
2969270640,human,True,False
2969271586,same-system,True,False
2969271594,same-system,True,False
2969272383,same-system,True,False
2969285111,human,False,False
2969337944,human,False,True
3021782900,human,False,False
2925526689,human,False,False
2911962235,human,True,False
2911966713,same-system,True,False
2911968156,human,True,False
2911975732,human,True,False
2911975958,same-system,True,False
2911980125,human,True,False
2911981893,same-system,True,False
2911993972,same-system,True,False
2889648954,same-system,True,True
2889662403,same-system,True,True
2904650035,human,False,False
3070092163,human,True,False
3070097657,same-system,True,False
3072194560,human,False,True
2924076149,human,False,True
3047534001,human,False,False
3048020856,human,True,False
3048044182,same-system,True,False
3048044413,same-system,True,False
3025431307,human,True,False
3025452663,same-system,True,False
3026004319,human,True,True
3026017885,same-system,True,False
3026145079,human,True,True
3026309904,same-system,True,False
3026310115,same-system,True,False
3026310314,same-system,True,False
3026310499,same-system,True,False
3026310788,same-system,True,False
3026311177,same-system,True,False
3026311478,same-system,True,False
3026311773,same-system,True,False
3026312006,same-system,True,False
3026315431,same-system,True,False
3026315687,same-system,True,False
3026315942,same-system,True,False
3026316131,same-system,True,False
3026316335,same-system,True,False
3026316531,same-system,True,False
3026316738,same-system,True,False
3026317081,same-system,True,False
3026317556,same-system,True,False
3026497686,same-system,True,False
3026497817,same-system,True,False
3026497935,same-system,True,False
3026498066,same-system,True,False
3026498178,same-system,True,False
3026498317,same-system,True,False
2963462793,human,False,False
2963463101,same-system,False,True
2963470672,human,False,False
2963480937,human,False,False
2947420241,human,True,False
2947420752,human,False,True
2947421935,same-system,True,False
2947422147,human,False,False
2992352171,human,True,False
2992361915,same-system,True,False
2992374803,human,True,False
2992378364,same-system,True,False
2999486019,human,True,False
2982860327,human,False,False
3020559827,human,True,False
3020610243,same-system,True,False
3020998051,human,True,False
3021044980,same-system,True,False
3021112334,human,True,False
3021132063,same-system,True,False
3024288951,human,True,False
3024289316,human,True,False
3024351480,same-system,True,False
3024394789,same-system,True,False
3041897274,human,False,False
3018910688,human,True,False
3018930992,same-system,True,False
3019003197,human,True,False
3019016820,human,True,False
3019023242,human,False,True
3019024913,same-system,True,False
3110468459,human,False,False
3025564281,same-system,True,True
3025642162,human,True,False
3025696507,same-system,True,False
3025726560,same-system,True,True
3028243605,human,True,True
3028282322,same-system,True,False
3028282426,same-system,True,False
2998583210,human,False,False
2991023028,human,False,False
2993831063,human,False,False
2994161296,human,False,False
2982492903,human,False,False
2995267928,human,False,False
2995473363,human,False,False
2995698878,human,False,False
2981370449,same-system,False,True
2981905373,human,True,False
2982086751,human,True,False
2982115417,same-system,True,False
2982115826,same-system,True,False
2985002292,human,True,False
2986578520,human,False,True
2951145539,same-system,False,True
2951192132,human,False,False
2915309630,human,False,False
2915616934,human,False,False
2932682862,human,False,False
2932728214,human,False,False
2918967304,human,True,False
2918976358,cross-system,False,True
2918982858,same-system,True,False
2918982996,same-system,True,False
2918983104,same-system,True,False
2918983221,same-system,True,False
2918991710,human,True,False
2918994475,same-system,True,False
2919004631,human,False,False
2919013078,cross-system,False,True
2919026552,human,True,False
2919029055,human,False,False
2919031936,human,True,False
2926902735,cross-system,False,True
2926938429,cross-system,False,True
3070368041,human,False,True
2939692253,human,False,False
2943196372,human,False,False
2963744037,human,False,True
3086534526,same-system,True,True
3069257136,human,False,True
3069293775,human,False,False
3062557428,human,False,False
3066875194,human,False,False
2948600565,human,True,False
2948602953,same-system,True,False
2948682417,human,False,False
2854427398,human,True,False
2854438642,same-system,True,False
2854447696,human,True,False
2854449351,human,False,True
2854458580,same-system,True,False
2879357731,human,True,True
2879368406,same-system,True,False
2879753717,human,False,False
3003214426,human,True,False
3003222011,same-system,True,False
3003294189,human,False,False
3006602310,human,False,False
3006989760,human,False,False
2968901199,same-system,True,True
2968931995,human,True,False
2968934711,same-system,True,False
2969059281,human,True,False
2969069026,human,True,False
2969069930,same-system,True,False
2969071521,human,False,False
3021090925,same-system,False,True
3021209752,human,False,False
3021225430,human,True,False
3021460746,same-system,True,False
3027507686,human,False,False
3030392275,human,False,False
2887475781,human,True,False
2887489108,same-system,True,False
2887922481,human,False,True
3044378439,human,False,True
2876840109,human,False,True
2855428996,human,True,False
2855439579,same-system,True,False
2855439940,same-system,True,False
2855440357,same-system,True,False
2855440729,same-system,True,False
2855602664,human,False,False
2858743128,human,False,False
2858745241,human,False,False
3076300619,human,True,False
3076334032,same-system,True,False
3076961427,human,True,False
3076977827,same-system,True,False
3089062943,human,True,False
3089093441,same-system,True,False
3089918013,human,True,False
2986322610,human,False,False
2986336880,human,False,True
2986612125,human,False,False
2987022090,human,False,False
3007409359,human,False,False
3011330102,human,False,False
2984251011,human,False,True
2993933647,human,False,False
2857275674,human,True,False
2857280931,human,True,False
2857321817,same-system,True,False
2857350798,same-system,True,False
2859482581,human,True,False
2859482763,human,True,False
2859494725,same-system,True,False
2859506337,same-system,True,False
2859538164,human,True,False
2859553431,same-system,True,False
2859953457,human,True,False
2859957738,human,False,False
2859958771,human,True,False
2859958963,human,True,False
2859984520,human,True,False
2859984753,human,True,False
2859987315,same-system,True,False
2859987614,same-system,True,False
2860014466,same-system,True,False
2860014931,same-system,True,False
3054786038,human,True,True
3071032448,same-system,True,False
3071033197,same-system,True,False
3071408220,human,True,True
3071657419,same-system,True,False
2948064758,human,True,False
2948066047,same-system,True,False
2948066668,human,True,False
2948068221,same-system,True,False
2948075547,human,True,False
2948077160,same-system,True,False
3018667158,human,True,False
3018740984,same-system,True,False
3018741346,same-system,True,False
2915760744,same-system,False,True
2915760790,human,False,False
2916408976,human,False,False
2958701747,human,False,False
2958851735,human,True,True
2958916257,same-system,True,False
2971325648,human,True,False
2995820199,same-system,False,True
2995820679,human,False,False
2996644353,human,False,False
3025770734,human,False,False
3025980290,human,False,False
3010875703,human,True,False
3011040245,same-system,True,False
3011040472,same-system,True,False
3011040707,same-system,True,False
3011040913,same-system,True,False
3011041084,same-system,True,False
3016059332,human,False,False
2976293109,human,False,True
2976357077,human,False,True
2976568879,human,False,True
2976577692,human,False,True
2976579143,human,False,True
2983111847,human,False,True
2983126962,human,False,True
2983133912,human,False,True
2984560089,human,False,True
2937632802,human,False,False
2943936532,human,False,False
2915142827,human,False,False
2915144063,same-system,False,True
2916623717,human,False,False
3071645719,human,False,False
3283220245,human,True,False
3283239303,human,True,False
3283436944,human,True,False
3284083020,human,False,True
3284237002,human,True,False
3284246437,same-system,True,False
3287655298,human,False,False
3058101968,human,False,True
2888100698,human,False,False
2856210124,human,True,False
2856213266,same-system,True,False
2856220845,same-system,True,False
2856262879,human,True,False
2856279176,same-system,True,False
2858349449,human,True,False
2858350804,human,True,False
2858357114,human,True,False
2858357692,same-system,True,False
2858452816,same-system,True,False
2858453326,same-system,True,False
2867555038,human,False,False
2893810546,human,False,True
2893888386,human,True,False
2893889993,human,True,False
2893901410,same-system,True,False
2893901691,same-system,True,False
2896202335,human,False,False
2896276575,human,False,False
3042658062,human,False,False
2861928883,same-system,False,True
3030511808,human,True,False
3030534241,same-system,True,False
2955832365,same-system,True,True
3093952544,human,False,True
2942089988,same-system,False,True
2942306906,human,False,True
2944587847,human,False,False
3024155768,human,False,False
3024446916,human,False,False
2857283376,human,True,False
2857292945,same-system,True,False
2857295100,human,True,False
2857308109,same-system,True,False
2857581609,human,False,True
2857586265,human,True,False
2857617469,human,True,False
2857635928,human,True,False
2857640817,same-system,True,False
2860728198,human,False,True
3045741432,same-system,False,True
3045753518,human,False,True
3046712277,human,True,False
3046750161,same-system,True,False
3046819745,human,True,False
3046843498,same-system,True,False
3047534054,human,False,False
3047557211,human,False,False
2890358420,same-system,True,True
2893645761,human,True,False
2893684704,same-system,True,False
2893685049,same-system,True,False
2893685363,same-system,True,False
2893685614,same-system,True,False
2893697656,human,True,False
2893718130,same-system,True,False
2915570596,human,True,False
2915583441,same-system,True,False
2915590788,human,True,False
2915599451,same-system,True,False
2915607869,human,False,False
2957480899,human,True,False
2957482474,human,True,False
2957495939,same-system,True,False
2957508543,same-system,True,False
2957547240,human,False,False
2958616978,human,True,False
2958633516,same-system,True,False
2958697577,human,False,False
2964470297,human,False,False
2920079213,human,False,False
2920114908,human,True,False
2920217026,same-system,True,False
2920221207,human,True,False
2920222975,human,True,False
2920230782,same-system,True,False
2920231447,same-system,True,False
2920232530,same-system,True,False
2920233330,same-system,True,False
2923662573,human,True,False
2937671217,human,False,False
3010189219,human,True,False
3010198591,same-system,True,False
3010524327,human,False,False
3041439268,human,True,False
3041450816,human,True,False
3041535925,same-system,True,False
3041536097,same-system,True,False
3041617885,same-system,True,False
3041759332,human,True,False
3041821010,same-system,True,False
3042349082,human,False,True
3042351496,human,False,False
3050514147,human,False,False
3050658408,human,False,False
3054717256,human,True,False
3054756000,same-system,True,False
3054799127,human,False,False
2970663590,human,True,False
2970675284,same-system,True,False
2970832680,human,False,True
2970854725,human,True,False
2974548933,human,False,False
2979198618,human,False,True
2979272846,human,False,True
2979342557,human,False,False
3062323871,human,False,False
3036149518,human,True,False
3036157865,same-system,True,False
3036157926,same-system,True,False
3036157969,same-system,True,False
3036158004,same-system,True,False
3036158258,same-system,True,False
3036170858,human,True,False
3036189805,same-system,True,False
3036189840,same-system,True,False
3036189864,same-system,True,False
3036195632,human,True,False
3036205405,same-system,True,False
3036205425,same-system,True,False
3036205444,same-system,True,False
3036205462,same-system,True,False
3036208158,human,True,False
3036211875,same-system,True,False
3036211886,same-system,True,False
3036211899,same-system,True,False
3036211914,same-system,True,False
3036213185,human,True,False
3036217416,same-system,True,False
2916799077,human,False,False
3003521347,human,True,False
3003521772,human,True,False
3003522078,human,True,False
3003522446,human,True,False
3003522831,human,True,False
3003524031,human,True,False
3003525787,human,True,False
3003546283,same-system,True,False
3003563799,same-system,True,False
3003563848,same-system,True,False
3005878008,human,False,True
3006617362,human,False,True
3038217039,human,True,False
3038263004,same-system,True,False
3038280049,human,True,False
3038349984,same-system,True,False
2997250879,human,False,False
2955939922,human,False,False
2960461094,human,False,False
3029842530,human,True,False
3029864294,same-system,True,False
3030312269,human,True,False
3030397679,human,True,False
3030415365,same-system,True,False
3030432675,human,True,False
3030438475,human,True,False
3030446536,same-system,True,False
3036022535,human,False,False
3036066008,human,False,False
3018683557,human,True,False
3018684498,human,True,False
3018694950,human,True,False
3018697465,human,True,False
3018698697,human,True,False
3018699349,human,True,False
3018701029,same-system,True,False
3018701620,human,True,False
3018702593,human,True,False
3018709132,same-system,True,False
3018709193,same-system,True,False
3018709240,same-system,True,False
3018709292,same-system,True,False
3018709349,same-system,True,False
3018709581,same-system,True,False
3018717094,same-system,True,False
3018759823,human,True,False
3018765727,human,True,False
3018767745,same-system,True,False
3018767943,human,True,False
3018775352,same-system,True,False
3018775432,same-system,True,False
3019814349,human,True,False
3019818099,human,True,False
3019827717,same-system,True,False
3019860461,same-system,True,False
3020961089,human,True,False
3020968463,human,True,False
3020989762,human,True,False
3060811342,human,True,True
3060868388,same-system,True,False
3060868718,same-system,True,False
3060868974,same-system,True,False
3062204654,human,False,False
3062655671,human,True,False
3062659019,human,True,False
3062689705,same-system,True,False
3062717646,same-system,True,False
3070656254,human,False,False
3070885830,human,False,False
3070888530,human,False,False
3046927968,human,False,False
3046941939,human,False,True
3046965167,human,False,False
2991236435,human,False,True
3182220779,human,False,True
2926762465,human,True,False
2926776364,same-system,True,False
2926776751,same-system,True,False
2944126430,human,False,False
2897308224,human,True,False
2897313486,same-system,True,False
2897765448,same-system,False,True
2897768928,human,True,False
2897804086,human,True,False
2897812658,human,True,False
2897828585,human,True,False
2897836691,human,True,False
2994026872,human,False,False
2994377473,human,False,False
2994708782,human,False,False
2929394534,human,False,False
2883496746,human,True,True
2883513332,same-system,True,False
2939980057,human,False,False
2940037784,human,False,False
2940106778,human,False,False
3070585353,human,False,False
2962302081,human,True,False
2962355171,same-system,True,False
2962473354,human,True,False
2962504057,same-system,True,False
3086021569,human,True,False
3086104336,human,False,False
2992906375,same-system,True,True
2996881712,cross-system,False,True
3002274349,cross-system,False,True
3002286382,human,False,False
2884296496,human,False,True
2884310831,human,False,True
2865401546,human,True,False
2865436383,same-system,True,False
2865436661,same-system,True,False
2930546407,same-system,False,True
2930735917,same-system,False,True
2930736921,human,True,False
2930742454,same-system,True,False
2930754631,human,False,False
2913644097,human,True,False
2913668148,same-system,True,False
2913686252,human,True,False
2915278440,human,True,False
2930597006,human,True,False
2930607928,human,False,False
3067273818,same-system,True,True
3070188734,human,False,False
3070190747,human,True,False
3070191720,human,True,False
3070194042,human,True,False
3070237388,same-system,True,False
3070237976,same-system,True,False
3070260629,same-system,True,False
3074300340,human,False,False
3074325652,human,False,False
3072331559,human,True,False
3072335494,human,True,False
2891837878,human,False,False
3010285452,human,True,False
3010293104,human,True,False
3010323115,same-system,True,False
3010372336,same-system,True,False
2932598746,human,True,True
2932636055,same-system,True,False
2932636502,same-system,True,False
2932636926,same-system,True,False
2932641811,human,True,False
2932695434,same-system,True,False
2932695865,same-system,True,False
2932696359,same-system,True,False
2932762034,human,True,False
2932797339,same-system,True,False
2933379420,human,False,False
2933568381,human,True,False
2933573342,human,True,False
2933583759,human,True,False
2933588628,same-system,True,False
2933588884,same-system,True,False
2933600173,human,True,False
2933606892,human,True,False
2933617482,same-system,True,False
2933630182,same-system,True,False
2936989156,human,False,True
2854970110,human,True,False
2855317540,human,True,False
2855323125,human,True,False
2855323581,human,True,False
2855324983,human,True,False
2855328442,human,True,False
2855329186,human,True,False
2855356777,same-system,True,False
2855357461,same-system,True,False
2855357838,same-system,True,False
2855358092,same-system,True,False
2855358317,same-system,True,False
2855358605,same-system,True,False
2855456517,human,True,False
2855481831,human,True,False
2855595190,human,True,False
2967061840,human,False,True
2967425016,human,False,True
2969480748,human,False,True
2928442207,human,False,False
2933244411,human,True,False
2933299148,human,True,False
2933311311,human,True,False
2933363566,same-system,True,False
2936856205,human,False,True
2944332979,human,False,True
2944456010,human,False,False
3029415320,human,False,False
3029416066,human,False,False
3070534830,human,False,False
3070995882,human,False,False
3071253271,human,False,False
3071728242,human,False,False
3072173663,human,False,False
3074495179,human,False,False
3074521772,human,False,False
3000219445,human,False,False
2988332571,human,False,False
2988337233,human,False,False
2984086814,human,True,True
2984105225,same-system,True,False
2984105543,same-system,True,False
2984108283,human,True,False
2984139655,same-system,True,False
2984140010,same-system,True,False
2984143216,human,True,False
2984166300,same-system,True,False
2985224682,human,False,True
2985235810,human,False,True
2985251810,human,True,False
2985258129,same-system,True,False
2985258167,same-system,True,False
2985264327,human,False,True
2985549142,human,False,False
2985556650,human,False,False
3025378281,same-system,True,True
3027282758,human,False,False
2922750013,human,False,False
2955555570,human,False,False
3358208425,human,False,False
3362943552,human,False,False
3368012961,human,True,False
3368015523,human,True,False
3368019843,human,False,True
3013901749,human,True,False
3013903411,same-system,True,False
3013903587,same-system,True,False
3013903737,same-system,True,False
3013903873,same-system,True,False
3013957145,human,True,False
3013958632,same-system,True,False
3013958640,same-system,True,False
3013958651,same-system,True,False
3013958963,human,True,False
3013959580,same-system,True,False
3013964921,human,False,False
3041292597,human,False,False
2999066432,human,True,False
2999085801,same-system,True,False
3001722270,human,False,True
3061530817,human,True,False
2969323637,human,True,True
2969330726,same-system,True,False
2969330782,same-system,True,False
2969330815,same-system,True,False
2969330836,same-system,True,False
2969330874,same-system,True,False
2969330904,same-system,True,False
2969332020,human,False,True
2969366634,human,False,True
2969367405,human,True,False
2969372725,same-system,True,False
2969372734,same-system,True,False
2969372740,same-system,True,False
2969372751,same-system,True,False
2969372757,same-system,True,False
2969372763,same-system,True,False
2969372771,same-system,True,False
2969417785,human,True,False
2969455217,human,True,False
2969456993,human,True,False
2969505988,same-system,True,False
2969506350,same-system,True,False
2969506569,same-system,True,False
2969506748,same-system,True,False
2969506888,same-system,True,False
2969507010,same-system,True,False
2969507122,same-system,True,False
2969507426,same-system,True,False
2969507843,same-system,True,False
2969508234,same-system,True,False
2900705516,human,True,False
2900714544,same-system,True,False
2900858159,human,True,False
2900867041,same-system,True,False
2900886511,human,True,False
2900901018,same-system,True,False
2916715957,human,True,False
2916727628,same-system,True,False
2916837888,human,False,False
2916947414,human,False,True
2933539451,human,False,False
2991021978,same-system,True,True
3005526553,human,False,False
3006216150,human,False,False
2919490552,human,False,False
2926095637,human,False,False
2976940728,human,True,False
2976971456,same-system,True,False
2976971604,same-system,True,False
2976971767,same-system,True,False
2976971897,same-system,True,False
2976975044,same-system,True,False
2979761952,human,True,False
2979810060,same-system,True,False
2979810453,same-system,True,False
2979810802,same-system,True,False
2979811142,same-system,True,False
2979811460,same-system,True,False
2979811729,same-system,True,False
2979812261,same-system,True,False
2979832793,human,True,False
2979886212,same-system,True,False
2979886292,same-system,True,False
2979886464,same-system,True,False
2979886598,same-system,True,False
2979886713,same-system,True,False
2979886830,same-system,True,False
2979951374,human,True,False
2979996091,same-system,True,False
2979996215,same-system,True,False
2979996317,same-system,True,False
2979996434,same-system,True,False
2980056739,human,True,True
2980104522,same-system,True,False
2980104640,same-system,True,False
2980104750,same-system,True,False
2991259228,human,True,False
2991262203,human,False,True
2991268624,same-system,True,False
2991277799,human,False,True
2991313638,human,False,True
2960325974,same-system,True,True
2964064245,human,False,False
2964069041,human,False,False
2890753171,human,False,False
2890757024,human,True,False
2890770484,same-system,True,False
2890810989,human,True,False
2890812815,human,False,False
2890816146,same-system,True,False
2988061633,human,False,True
2988335890,human,False,True
3055298092,human,False,False
2855599958,human,False,False
3058531433,human,False,True
2936741535,human,False,False
3072777838,same-system,True,True
2967656701,same-system,False,True
2967732424,human,False,False
2967775213,human,False,False
2967855882,human,False,False
3038602709,human,False,False
2941193728,human,False,False
2883162717,same-system,True,True
3050993757,human,False,False
2954407729,human,False,False
2957951256,human,True,False
2957966788,same-system,True,False
2958922558,human,True,False
2961276202,human,True,False
2961286480,same-system,True,False
2961296195,human,True,False
2969481436,human,False,True
2969573479,human,True,False
2970366294,human,False,False
2971251630,human,False,False
2971714111,human,False,False
3012898317,human,False,False
2895881519,human,False,False
2932731892,human,True,False
2932733292,human,True,False
2984865771,human,True,False
2984866192,human,True,False
2990159988,human,True,False
2993937752,human,True,False
2993942902,human,True,False
2994016059,human,True,False
3011821946,human,True,False
2968505110,human,False,False
2855100811,human,True,False
2855103567,human,True,False
2855117857,same-system,True,False
2855148929,same-system,True,False
3054615775,human,False,False
2910183043,human,True,False
2910209404,same-system,True,False
2965121682,human,False,False
2911409132,human,True,False
2911431898,same-system,True,False
2911432091,same-system,True,False
2911442605,human,True,False
2911448795,same-system,True,False
2911448992,same-system,True,False
2911449154,same-system,True,False
2911468678,human,True,False
2911471433,same-system,True,False
2911601567,human,False,False
2911612660,human,True,False
2911617060,same-system,True,False
2911617169,same-system,True,False
2911619250,human,False,False
2911894359,human,True,False
2911896521,same-system,True,False
2914117468,human,False,False
2914259004,human,False,False
2851929804,same-system,True,True
2851953092,human,False,True
2851977549,human,False,True
2869159321,human,False,True
2959438548,human,True,False
2959495913,same-system,True,False
2959496003,same-system,True,False
2959496082,same-system,True,False
2959496149,same-system,True,False
2959496228,same-system,True,False
2959496306,same-system,True,False
2959496400,same-system,True,False
2959496469,same-system,True,False
2959496551,same-system,True,False
2959496635,same-system,True,False
2963347290,human,True,False
2963382144,same-system,True,False
2963382224,same-system,True,False
2963391382,human,True,True
2963413004,same-system,True,False
2963413207,same-system,True,False
2963413369,same-system,True,False
2969358310,human,False,True
2921768802,human,True,False
2921789466,same-system,True,False
2921789823,same-system,True,False
2921790142,same-system,True,False
2921790910,same-system,True,False
2921791263,same-system,True,False
2921791644,same-system,True,False
2921792034,same-system,True,False
2921792411,same-system,True,False
2921812229,human,True,False
2921827195,same-system,True,False
2921827501,same-system,True,False
2921827796,same-system,True,False
2921828115,same-system,True,False
2921828440,same-system,True,False
2921828757,same-system,True,False
2921829072,same-system,True,False
2921911452,human,False,False
2882132764,human,False,True
2882157307,human,False,True
2882252486,human,False,False
2904895643,human,True,False
2904903114,same-system,True,False
2905152976,human,False,False
2905183616,human,False,False
2976449709,human,True,True
2976463779,same-system,True,False
2976572492,human,False,True
2979328014,human,True,False
2979343010,same-system,True,False
2979343161,same-system,True,False
2948945869,human,False,False
2948983613,human,False,False
2949090704,human,False,False
2999982917,human,True,False
2999991516,same-system,True,False
3000236414,human,True,False
3000266792,same-system,True,False
3002447247,human,False,True
2903959661,human,False,True
3058549335,human,False,True
3058554536,human,True,False
3058556532,same-system,True,False
3058573602,human,True,False
3058579728,same-system,True,False
2876767402,human,False,False
2995657220,human,True,False
2995660163,same-system,True,False
2998676202,human,False,False
2895654214,human,False,False
2897808950,human,False,False
2897830520,same-system,False,True
3006910427,same-system,False,True
3202836219,human,False,True
2999223088,human,False,False
2961395730,same-system,False,True
2961398238,human,False,False
2961401394,human,False,False
3054070978,human,True,True
3054098015,same-system,True,False
3054098017,same-system,True,False
3054098022,same-system,True,False
3054098030,same-system,True,False
3054098032,same-system,True,False
3054098033,same-system,True,False
3054173749,human,False,False
2915377043,human,True,False
2915391306,same-system,True,False
2915391436,same-system,True,False
2915391562,same-system,True,False
2915942873,human,True,False
2918031116,human,False,False
2943715700,human,True,False
2943716570,human,True,False
2943726705,same-system,True,False
2943734947,same-system,True,False
2943740211,human,True,False
2943747437,same-system,True,False
2985996350,human,False,True
2992745594,human,False,False
2967655812,human,True,False
2967665556,same-system,True,False
2967674312,same-system,True,False
2967674364,same-system,True,False
2967724278,human,False,True
2967893203,human,True,True
2967922776,same-system,True,False
2967922995,same-system,True,False
2967923183,same-system,True,False
2967923474,same-system,True,False
3071200323,human,False,False
3071215011,human,False,False
3016880623,human,True,False
3016908650,same-system,True,False
3017011256,human,False,False
3017011957,human,False,False
3017414410,human,False,False
2960236669,same-system,False,True
2966130558,human,False,True
2980889593,human,False,True
3012964276,human,False,True
3027355748,human,False,True
3027811660,same-system,False,True
3028762160,human,False,False
3036234642,human,False,True
3036245668,human,False,False
3050883475,human,True,False
3050897737,human,True,False
3050903256,human,True,False
3050941319,same-system,True,False
3050985811,same-system,True,False
3050986803,same-system,True,False
2867248313,same-system,False,True
2915149219,same-system,False,True
2915183568,human,False,False
2915247121,human,False,False
2882015367,human,True,False
2882262699,same-system,True,False
2882262978,same-system,True,False
2883358990,human,True,False
2883379370,same-system,True,False
2883528548,human,True,False
2883544079,same-system,True,False
2856077557,human,False,False
2930565825,same-system,False,True
2930567040,human,False,False
2930599499,human,False,False
3058109303,human,False,True
2926379438,human,False,False
2926415818,human,False,False
2861036774,human,True,False
2861056162,same-system,True,False
2892831763,human,True,False
2892840477,human,True,False
2892847963,same-system,True,False
2892864987,same-system,True,False
2892945163,human,True,False
2892962241,same-system,True,True
2892962544,same-system,True,False
2893299602,human,True,False
2893302532,same-system,True,False
2893303067,human,True,False
2893307313,same-system,True,False
2893316859,human,True,False
2893317295,same-system,True,True
2893323385,human,True,False
2893327218,same-system,True,False
2893329963,human,True,False
2893342067,human,True,False
2893351258,same-system,True,False
2893360390,human,True,False
2893361599,human,True,False
2893365738,same-system,True,False
2893371637,same-system,True,False
2998605153,human,False,False
2998643144,same-system,False,True
2998651900,same-system,True,True
2998654441,human,True,False
3029997055,human,False,False
2858728255,same-system,True,True
2859621264,human,False,True
2861802008,human,False,False
2972845711,same-system,False,True
2972845839,human,False,False
3117158364,human,False,False
3117175123,human,False,False
3029759104,human,False,False
2994821148,human,False,True
2998287068,human,False,False
2993575022,human,True,True
2993637191,same-system,True,False
2993637409,same-system,True,False
2993706849,human,True,False
2993742773,same-system,True,False
2993861058,human,True,False
2993914235,same-system,True,False
2994709006,human,True,False
2995050208,same-system,True,False
2995050296,same-system,True,False
2995050402,same-system,True,False
2995050483,same-system,True,False
2997723212,same-system,True,False
2997761774,human,True,False
2997894111,human,True,False
2997984900,human,False,False
3015580404,human,False,False
2955826170,same-system,False,True
2958681433,human,True,False
2958792147,same-system,True,False
2959148611,human,True,False
2959212813,same-system,True,False
2959238759,human,True,False
2959302201,same-system,True,False
2959774298,human,True,False
2959779161,human,True,False
2959817040,human,True,False
2959826652,same-system,True,False
2959836219,human,True,False
2959836637,human,True,False
2959840936,human,True,False
2959882745,same-system,True,False
2959895836,human,True,False
2959914329,same-system,True,False
2959914654,same-system,True,False
2959914789,same-system,True,False
2959947570,same-system,True,False
2959952192,human,True,False
2962874867,human,False,True
2984511990,human,False,False
2984528072,human,False,False
3010528690,human,True,False
3010541294,same-system,True,False
3010693694,human,False,False
3010829138,human,False,False
3011440259,human,False,False
3011774560,human,False,False
2852039848,human,True,False
2852064475,same-system,True,False
2865424676,human,False,False
2871579124,human,False,False
2998507413,human,False,False
2998510447,human,False,False
2998675367,human,False,False
2969469392,human,False,True
3036129720,human,True,False
3036134984,same-system,True,False
3036204132,human,True,False
3036206165,same-system,True,False
2897954265,human,True,False
2898007884,same-system,True,False
2898008322,same-system,True,False
2898008682,same-system,True,False
2898009007,same-system,True,False
2898009319,same-system,True,False
2899299106,human,True,False
2905152486,human,True,False
2905161428,human,True,False
2905681078,human,False,False
2909206792,human,False,False
2983851983,human,True,False
2983869694,same-system,True,False
2983875525,human,True,False
2983904677,same-system,True,False
2985128504,human,False,False
2987677832,human,False,False
2987743908,human,False,False
2914638983,same-system,False,True
3052204156,human,True,False
3052263079,same-system,True,False
3052263080,same-system,True,False
3052530852,human,False,True
3053453835,human,False,False
3053964251,human,True,False
3054759073,same-system,True,False
3054759087,same-system,True,False
3054759091,same-system,True,False
3054759109,same-system,True,False
3057962554,human,True,False
3057964819,same-system,True,False
3057966763,human,True,False
3057971689,same-system,True,False
3066106939,human,True,False
3066133357,same-system,True,False
2926327185,human,False,True
2926334952,human,True,True
2926348464,human,True,False
2926366716,human,True,False
2926379190,human,True,False
2926385138,same-system,True,False
2926386003,human,True,False
2926393260,human,True,False
2926407874,same-system,True,False
2926408283,same-system,True,False
2926408805,same-system,True,False
2926409248,same-system,True,False
2926409946,same-system,True,False
2926410166,same-system,True,False
2926410658,same-system,True,False
2926411669,same-system,True,False
2926423111,human,True,False
2926434027,same-system,True,False
2926434282,same-system,True,False
2926434452,same-system,True,False
2926434912,same-system,True,False
2926435143,same-system,True,False
2926435307,same-system,True,False
2926435486,same-system,True,False
2926435643,same-system,True,False
2926436076,same-system,True,False
2926436287,same-system,True,False
2926436639,same-system,True,False
2926436947,same-system,True,False
2926437214,same-system,True,False
2994828069,human,True,True
2994847356,same-system,True,False
2994847667,same-system,True,False
2994847997,same-system,True,False
2994848345,same-system,True,False
2994848606,same-system,True,False
2994853639,human,False,True
2998290414,human,False,False
2905550399,human,True,False
2905570014,same-system,True,False
2917343162,human,False,False
2946487822,human,False,False
2918958530,human,True,False
2918959308,human,True,False
2918960181,human,True,False
2918963515,human,True,False
2918964005,same-system,True,False
2918968136,same-system,True,False
2918968266,same-system,True,False
2918968377,same-system,True,False
2918968698,human,True,False
2918971869,same-system,True,False
2918979506,human,True,False
2918981339,same-system,True,False
2918983804,human,True,False
2918987751,same-system,True,False
2919101074,human,True,False
2919105163,same-system,True,False
2919105297,same-system,True,False
2919107743,human,True,False
2919113185,same-system,True,False
2919113309,same-system,True,False
2919113449,same-system,True,False
2919115723,human,True,False
2919118062,same-system,True,False
2919121238,human,True,False
2919135911,same-system,True,False
2919136377,same-system,True,False
3022947008,human,True,False
3022961963,same-system,True,False
3022967976,human,True,False
3022984586,same-system,True,False
2860471288,human,True,False
2861812542,human,True,True
2861860804,same-system,True,False
2861861503,same-system,True,False
2861862124,same-system,True,False
2862258826,human,True,False
2862284048,same-system,True,False
2864071502,human,True,False
2865032705,human,True,False
2865040453,human,True,False
2865083523,human,True,False
2865405790,human,True,True
2865435459,same-system,True,False
2875941714,human,False,False
2978916756,human,False,False
2894661113,human,True,False
2894669152,same-system,True,False
2898228759,human,False,False
2859818755,human,True,False
2859822061,same-system,True,True
2859875604,same-system,True,False
2860884902,human,True,False
2860886340,human,True,False
2860887459,human,True,False
2860888796,human,True,False
2860896384,same-system,True,False
2860910749,same-system,True,False
2860911178,same-system,True,False
2860911578,same-system,True,False
2860920044,human,True,False
2860921829,human,True,False
2860959431,same-system,True,False
2860980749,same-system,True,False
2861751358,human,True,False
2861833047,same-system,True,False
2863418233,human,True,False
2863425706,human,True,False
2863426014,human,True,False
2863430061,human,True,False
2863443224,same-system,True,False
2863454734,same-system,True,False
2863455147,same-system,True,False
2863455599,same-system,True,False
2863458798,human,True,False
2863468147,human,True,False
2863485618,same-system,True,False
2863559026,same-system,True,False
2863739168,same-system,True,True
2918355795,human,True,False
2918380692,same-system,True,False
2918394948,same-system,True,False
2892839892,human,False,False
2898109475,human,True,False
2898150269,same-system,True,False
2898150650,same-system,True,False
2898150869,same-system,True,False
2898151107,same-system,True,False
2898151332,same-system,True,False
2898151520,same-system,True,False
2951845630,same-system,False,True
2951854337,human,False,False
2951861149,human,True,False
2951863428,same-system,True,False
2932684298,human,False,False
2855717152,human,False,False
2855730694,human,False,False
2858789144,same-system,True,True
2859646254,human,False,True
2861589315,human,False,False
2889205508,same-system,True,True
2889202856,human,True,True
2889233454,same-system,True,False
2889234127,same-system,True,False
2889235741,same-system,True,False
2889237588,same-system,True,False
2889315455,human,True,True
2889321078,same-system,True,False
2892762263,human,True,False
2900263877,human,False,False
2900796143,human,False,False
2944360937,human,False,False
2944363918,human,False,False
2955659343,human,True,False
2955699523,same-system,True,False
2958016519,human,False,True
2958083464,human,False,True
2974211249,same-system,True,True
2974426072,human,True,False
2974547102,human,True,False
2974586493,same-system,True,False
2978300110,human,False,False
2867457641,same-system,False,True
2867559153,human,True,False
2867567463,same-system,True,False
2947300453,human,False,False
2940053156,human,True,False
2940068971,same-system,True,False
2940069064,same-system,True,False
2940100289,human,True,False
2940129421,human,True,False
2940142418,human,True,False
2940143489,human,True,False
2941084633,same-system,True,False
2943744509,human,False,False
2943812169,human,False,False
3006280995,human,True,False
3006297556,same-system,True,False
2851789833,same-system,True,True
2866263778,human,True,False
2866264858,same-system,True,False
2959969104,human,False,False
2899847062,human,True,False
2899847338,human,True,False
2899847796,human,True,False
2899848069,human,True,False
2899848629,human,True,False
2899848922,human,True,False
2899849181,human,True,False
2899849428,human,True,False
2899851115,human,True,False
2899852166,human,True,False
2899854662,human,True,False
2899861229,same-system,True,False
2899868902,same-system,True,False
2899869191,same-system,True,False
2899869460,same-system,True,False
2899869719,same-system,True,False
2899869968,same-system,True,False
2899870285,same-system,True,False
2899870560,same-system,True,False
2899870832,same-system,True,False
2899882573,same-system,True,False
2899882922,same-system,True,False
2900396885,human,True,False
2900400333,human,True,False
2900464307,same-system,True,False
2900464820,same-system,True,False
2900683494,human,True,False
2900697904,same-system,True,False
2914172612,human,True,False
2914190421,same-system,True,False
2990954783,human,True,True
2990958875,same-system,True,False
2991021382,human,True,False
2991022379,same-system,True,False
2991022401,same-system,True,False
2991028951,human,False,False
3071680256,human,False,True
3072255123,human,False,False
2990678193,human,False,True
2991155970,human,False,False
2869365659,human,False,True
3038629574,human,False,True
3014247572,human,True,True
3014250280,same-system,True,False
3014250452,same-system,True,False
3014250589,same-system,True,False
3014250706,same-system,True,False
3014269495,human,False,False
2923395304,same-system,False,True
2935378977,human,False,False
2948359232,human,False,False
2951489270,human,False,False
2956130950,human,False,False
2954549572,human,False,False
2995080876,human,False,False
2999039962,human,False,False
3124506780,human,False,False
2962822730,human,True,False
2962828602,same-system,True,False
2962847124,human,False,False
2978214936,human,False,True
2925914322,human,False,False
2933138259,human,False,False
2933377270,human,False,False
2933379890,human,False,False
3011175023,human,False,False
3055207493,human,False,False
3075031576,human,False,False
2908174297,human,True,False
2908174532,human,True,False
2908177042,same-system,True,False
2908180961,same-system,True,False
2908183374,human,True,False
2908188625,same-system,True,False
2908286910,human,True,False
2908287060,human,True,False
2908293370,same-system,True,False
2908296575,same-system,True,False
2911893148,human,True,False
2911893298,human,True,False
2911894244,human,True,False
2911894685,human,True,False
2911894945,human,True,False
2911895088,human,True,False
2911896503,human,True,False
2911896730,human,True,False
2911897186,same-system,True,False
2911898084,human,True,False
2911901135,same-system,True,False
2911901256,same-system,True,False
2911901380,same-system,True,False
2911901556,same-system,True,False
2911902572,same-system,True,False
2911903359,same-system,True,False
2911914838,human,True,False
2911916236,human,True,False
2911918984,same-system,True,False
2911919116,same-system,True,False
2948752134,human,False,False
2866892840,human,True,False
2866900139,same-system,True,False
2866900178,same-system,True,False
2866900225,same-system,True,False
2866900267,same-system,True,False
2866971059,human,True,False
2866976366,same-system,True,False
2866976456,same-system,True,False
2866976592,same-system,True,False
2866976712,same-system,True,False
2877574643,human,False,False
2971709965,human,True,False
2971818399,same-system,True,False
2971818500,same-system,True,False
2971818595,same-system,True,False
2971818704,same-system,True,False
2971818786,same-system,True,False
2971827985,human,False,False
2994851324,same-system,False,True
2994947564,human,False,False
2994986631,human,False,True
2995073475,human,False,False
2987255923,human,True,False
2987293258,same-system,True,False
2987341587,human,False,False
2883801926,human,True,False
2883805118,same-system,True,False
2883826292,human,True,False
2883832509,same-system,True,False
2977773967,human,True,False
2977795210,same-system,True,False
2977795263,same-system,True,False
2994283471,human,True,False
2994307995,same-system,True,False
2994313400,human,True,False
2994314889,human,True,False
2994318751,human,True,False
2994325972,same-system,True,False
2994345937,same-system,True,False
2994346069,same-system,True,False
2994417586,human,True,False
2994427049,same-system,True,False
2994431692,human,False,False
2994435488,human,True,False
2994452301,same-system,True,False
2994452889,human,True,False
2994458156,human,True,False
2994481133,same-system,True,False
2994484354,human,True,False
2994493168,same-system,True,False
2994524403,same-system,True,False
2994691760,human,False,False
2994911886,human,False,False
2865302811,human,False,True
2865324923,human,False,True
2865387063,human,False,True
2866656466,human,False,False
3023240937,human,False,False
3023241216,human,False,False
2965992323,human,False,True
2966122294,human,False,True
3051845661,human,True,True
3051952002,same-system,True,False
2936024470,human,True,False
2936059727,same-system,True,False
2936232986,human,False,False
2936236947,human,True,False
2936254727,same-system,True,False
2939266844,human,False,True
2939303123,human,False,False
2982360249,same-system,False,True
2983361225,human,False,False
2930462651,human,True,False
2930466028,same-system,True,False
2930466120,same-system,True,False
2930468001,human,True,False
2930472015,same-system,True,False
2930476458,human,True,False
2930480439,same-system,True,False
2930480532,same-system,True,False
2930482723,human,False,False
2930747031,human,True,False
2930769328,same-system,True,False
2889247933,human,True,True
2889278968,same-system,True,False
2915142717,human,False,True
2915160715,human,False,False
2917962836,human,False,False
2936974675,human,False,False
2936978344,same-system,False,True
2936987971,human,False,False
3084897927,human,False,True
3087288875,human,False,True
3087428060,human,False,False
3088359464,human,False,False
2933724442,same-system,False,True
2933725223,human,False,True
2934861853,human,False,False
2960428933,human,False,True
3064875676,human,False,False
3064878117,human,False,False
3066727816,human,True,False
3066728106,human,False,False
2950314802,human,True,True
2950379035,same-system,True,False
3005242491,human,True,False
3005257387,same-system,True,False
3005723946,human,True,False
3005736976,same-system,True,False
3009081950,human,True,False
3009096844,same-system,True,False
3031583814,human,True,False
3031589936,same-system,True,False
3031614371,human,False,False
3031793436,human,True,False
3031800798,same-system,True,False
3031907174,human,False,True
3033591667,human,False,False
3025562516,human,False,True
3027352165,human,True,False
3027356587,same-system,True,False
3011460880,human,True,False
3011465645,same-system,True,False
3011481296,human,True,False
3011490349,same-system,True,False
2977647168,human,True,False
2977711009,same-system,True,False
2979951376,human,False,False
2990860872,human,False,False
2992336945,human,False,False
2963839788,human,False,True
2965152399,human,False,False
3300077342,human,True,False
3300089607,human,True,False
2969468766,human,True,False
2969526178,same-system,True,False
2969526343,same-system,True,False
2969526564,same-system,True,False
2969526908,same-system,True,False
2969571018,human,True,False
2969571594,human,True,False
2972176252,human,False,False
2972230094,human,False,False
3068200453,human,False,False
2953032823,human,False,True
2958206722,human,False,False
2958285844,human,False,False
2959033415,human,False,False
2906171324,same-system,False,True
2906171325,human,False,True
3008830900,human,False,False
3008831695,human,False,False
2999452834,human,True,True
2999756077,same-system,True,False
2999756115,same-system,True,False
2999756154,same-system,True,False
2999756193,same-system,True,False
2999756237,same-system,True,False
2999756277,same-system,True,False
2999756313,same-system,True,False
2999756351,same-system,True,False
2999756404,same-system,True,False
2999756445,same-system,True,False
2999760291,human,True,True
2999766881,same-system,True,False
2999766939,same-system,True,False
2999843287,human,False,True
3002025709,human,False,False
3012666439,human,False,False
2980193651,human,False,False
3053657787,human,True,True
2916051180,human,True,False
2916073844,same-system,True,False
2916074301,same-system,True,False
2916171931,human,True,False
2916203808,same-system,True,False
2919699247,human,True,False
2922856196,human,True,False
2922862501,human,True,False
2923653870,human,False,False
3046595900,human,True,False
3046623579,same-system,True,False
2862099791,human,True,False
2862105787,human,True,False
2862106489,human,True,False
2862107622,human,True,False
2862112592,human,True,False
2862121566,same-system,True,False
2862123124,same-system,True,False
2862124538,same-system,True,False
2862124875,same-system,True,False
2862127783,same-system,True,False
2862128758,same-system,True,False
2862129862,same-system,True,False
2862134950,human,True,False
2862135898,human,True,False
2862136986,human,True,False
2862137410,human,True,False
2862140474,human,True,False
2862149225,same-system,True,False
2862149629,same-system,True,False
2862150042,same-system,True,False
2862150340,same-system,True,False
2862150601,same-system,True,False
2862170413,human,True,False
2862172173,human,True,False
2862178899,same-system,True,False
2862179157,same-system,True,False
2862247582,human,True,False
2862252166,same-system,True,False
2862258890,human,True,False
2862264153,same-system,True,False
2930739116,human,False,False
2930755536,human,False,False
2860154351,same-system,True,True
2995894839,human,True,False
2995903290,same-system,True,False
2995905891,human,True,False
2995915142,human,True,False
2995915292,same-system,True,False
2995920859,same-system,True,False
2995932274,human,True,False
2995932749,human,True,False
2998622838,human,True,False
2998628085,same-system,True,False
2998944157,human,False,False
3029988793,human,False,False
3028999478,human,False,False
3029002490,human,False,False
3029802140,human,False,False
3021258280,human,True,False
3021305087,same-system,True,False
3021540310,human,True,False
3021587838,same-system,True,False
3025828395,human,True,False
3025847701,human,True,False
3025853818,human,True,False
3025855152,human,True,False
3025885998,same-system,True,False
3025886106,same-system,True,False
3025886212,same-system,True,False
3026341691,human,True,False
3026374310,same-system,True,False
2880131245,human,True,False
2880134420,same-system,True,False
2882008667,human,True,False
2882019804,same-system,True,False
2898068036,same-system,True,False
2898068300,same-system,True,False
2898068555,same-system,True,False
2898068797,same-system,True,False
2898078159,human,True,False
2898080131,human,True,False
2898087136,same-system,True,False
2898094103,same-system,True,False
2898573260,human,False,False
2944035563,human,True,False
2944038059,human,False,True
2944038232,same-system,True,False
2944078074,human,True,False
2944087203,same-system,True,False
2944470681,human,True,False
2944475096,same-system,True,False
3024182089,human,False,False
2968020328,human,False,False
3034735335,human,False,True
2909421501,human,False,True
2999765953,human,True,False
2999778573,same-system,True,False
2999778703,same-system,True,False
2999778814,same-system,True,False
2999778959,same-system,True,False
2999779095,same-system,True,False
2999779224,same-system,True,False
2999779357,same-system,True,False
2999847176,human,True,False
2999870699,same-system,True,False
2999870737,same-system,True,False
2999870791,same-system,True,False
2999870828,same-system,True,False
2999870869,same-system,True,False
2999870923,same-system,True,False
2999870948,same-system,True,False
2999870991,same-system,True,False
2999871030,same-system,True,False
3000259197,human,True,False
3000282296,same-system,True,False
3000282406,same-system,True,False
3249108695,human,False,False
3249111901,human,False,False
3068689829,human,False,False
3010880197,human,True,False
3010904027,same-system,True,False
3010951348,human,False,False
3011059374,human,True,False
3011074858,human,True,False
3011102437,human,True,False
3011206651,human,True,False
3011213843,human,True,False
3011254353,human,True,False
3011228146,human,True,False
3011272180,same-system,True,False
3027512366,human,False,False
3027516565,human,False,False
3027864483,human,False,False
2891580496,human,False,False
2893672170,same-system,True,False
2899833874,same-system,True,False
2899836842,human,False,False
2913939771,human,False,False
2900906600,human,True,False
2900934292,same-system,True,False
2930116344,human,True,True
2862806759,human,False,True
3017495581,human,False,True
2882630944,human,True,False
2882638563,same-system,True,False
2882820801,human,True,False
2882834052,same-system,True,False
2917996273,human,True,False
2918034391,same-system,True,False
2918035529,same-system,True,False
2918797477,human,True,False
2918822404,same-system,True,False
2932046755,human,True,False
2932092702,same-system,True,False
2932093385,same-system,True,False
2932093838,same-system,True,False
2932094342,same-system,True,False
2932454704,human,True,False
2932549985,same-system,True,False
2932739858,human,True,False
2932787725,same-system,True,False
2934332247,human,True,False
2934333114,human,False,False
2935005127,human,True,False
2935042548,same-system,True,False
2935043010,same-system,True,False
2935946360,human,True,False
2935983522,same-system,True,False
2936160713,human,True,False
2936189676,same-system,True,False
2942222797,human,False,True
2942410731,human,False,False
3059745082,same-system,True,True
3059745032,human,True,False
3059753639,same-system,True,False
3059753659,same-system,True,False
3059753697,same-system,True,False
3059753727,same-system,True,False
3059756679,human,False,True
2995303410,human,False,False
3024210694,human,False,False
3027474584,human,True,False
3027491816,same-system,True,False
3027847055,human,True,False
3027870818,human,True,False
3027883755,same-system,True,False
3027884141,same-system,True,False
3027910355,same-system,True,False
3030403928,human,False,False
2998339284,human,True,False
2998363813,same-system,True,False
2998363925,same-system,True,False
2998366869,human,True,False
2998367990,human,True,False
2998373727,same-system,True,False
2998383505,same-system,True,False
2998423024,human,True,False
2998435968,same-system,True,False
2998438513,human,True,False
2998448901,same-system,True,False
2998472867,human,False,True
2971256833,human,False,True
2971337971,same-system,False,True
2955012340,human,False,False
2955585602,human,True,False
2955586872,human,True,False
2955589269,same-system,True,False
2972445101,human,False,False
2972452842,human,False,False
3069950415,human,False,True
3069990270,human,True,False
3070014298,same-system,True,False
2972238281,human,False,True
2976806821,human,False,True
2997759009,human,False,False
2982366830,human,False,False
2928934828,human,True,False
2928936009,same-system,True,False
3064131672,human,True,False
3064154096,same-system,True,False
3080632159,same-system,True,True
3080634010,human,False,True
2964941904,human,False,False
2983740657,human,False,True
2893267745,human,True,False
2893284820,same-system,True,False
2894557644,human,True,False
2894558221,human,True,False
2894558697,human,True,False
2894559305,human,True,False
2894561394,human,True,False
2894565026,same-system,True,False
2894565182,same-system,True,False
2894565304,same-system,True,False
2894763085,human,False,False
3102633870,human,False,False
3102651486,human,False,False
3102652476,human,False,False
3129919336,human,False,False
3129928487,human,False,False
3194888463,human,True,False
3194894919,same-system,True,False
3194894920,same-system,True,False
3194894923,same-system,True,False
3197420327,human,True,False
3206721994,human,True,False
3221070175,human,True,False
3221074821,same-system,True,False
3268541791,human,False,False
3311709866,human,False,False
3332226895,human,False,False
3056941097,human,True,False
3056947501,same-system,True,False
2934797063,human,False,True
2938007182,human,False,False
3028709961,human,False,False
3028715684,human,False,False
3028723201,human,False,False
3028843656,human,False,False
3079571966,human,False,False
2916773230,human,True,False
2916783852,same-system,True,False
2918133536,human,True,False
2918142220,same-system,True,False
2918160292,human,False,True
3016824289,human,False,False
3016970515,human,False,False
3018774118,same-system,True,True
3018343384,human,True,False
3019818009,same-system,True,False
3019818093,same-system,True,False
3019818161,same-system,True,False
3020986472,human,True,False
3022694403,same-system,True,False
3022694447,same-system,True,False
3022694482,same-system,True,False
3022694523,same-system,True,False
3022694773,same-system,True,False
3022811035,human,True,False
3022836816,same-system,True,False
3022836850,same-system,True,False
3022836898,same-system,True,False
3022836937,same-system,True,False
3022836982,same-system,True,False
3022837013,same-system,True,False
3022863829,human,True,False
3022870302,same-system,True,False
3022870352,same-system,True,False
3024405033,human,True,True
3024594870,same-system,True,False
3024595014,same-system,True,False
3024595178,same-system,True,False
3024595324,same-system,True,False
3024595463,same-system,True,False
3024648193,human,True,True
3024680432,same-system,True,False
3024702850,human,True,False
3066111270,human,False,False
2969462577,human,False,True
2915700875,human,False,False
2931178175,human,True,False
2931206766,same-system,True,False
2931355748,human,False,False
2931425840,human,False,False
2931561916,human,False,False
2932007602,human,False,False
2932545373,human,False,False
2933456698,human,False,False
2934390435,human,False,False
2934402148,human,False,False
2936113306,human,False,True
2936381907,human,False,True
2936593878,human,False,True
2936625862,human,False,True
2936645032,human,False,True
2936652349,human,False,True
3021091593,human,True,False
3021118426,same-system,True,False
3021187370,human,False,True
3000718485,human,False,False
3000727673,human,False,False
3000728249,human,False,False
2922636663,human,True,False
2922637057,human,True,False
2922643127,human,True,False
2922651282,same-system,True,False
2922663085,same-system,True,False
2922669385,same-system,True,False
2863655837,same-system,False,True
2868285173,human,False,False
2868687567,human,False,True
2866916571,human,True,False
2866922145,same-system,True,False
2866922197,same-system,True,False
2866922233,same-system,True,False
2866922286,same-system,True,False
2866922872,human,True,False
2866924020,same-system,True,False
2995794883,same-system,False,True
2959103947,human,False,False
3059460544,human,False,False
2959149032,human,False,True
2959358949,human,True,True
2959383162,same-system,True,False
2959383244,same-system,True,False
2959760674,human,False,True
2960525450,human,False,True
3003413823,human,False,True
3021848220,human,True,False
3021915128,same-system,True,False
2963381445,human,True,True
2963854119,same-system,True,False
2984588185,human,True,True
2984663814,same-system,True,False
2984663909,same-system,True,False
2995479906,human,True,True
2995649389,same-system,True,False
2995649428,same-system,True,False
2995649462,same-system,True,False
2995649488,same-system,True,False
2995649517,same-system,True,False
2995649549,same-system,True,False
2995649590,same-system,True,False
2995649626,same-system,True,False
2998147798,human,True,False
2998151222,human,True,False
2998180601,human,True,False
2998187091,same-system,True,False
2998189698,human,True,False
2998199922,human,True,False
2998204624,human,True,False
2998221975,same-system,True,False
2998222113,same-system,True,False
2998226793,human,True,False
2998262850,same-system,True,False
2998262984,same-system,True,False
2998263171,same-system,True,False
2998275226,human,True,False
2999305224,human,True,False
2999312410,human,True,False
2853086720,human,True,True
2853136534,same-system,True,False
2853137208,same-system,True,False
2853138238,same-system,True,False
2853138953,same-system,True,False
2853139830,same-system,True,False
2853140444,same-system,True,False
2853141298,same-system,True,False
2853141953,same-system,True,False
2853154526,human,True,True
2853358824,same-system,True,False
2853359593,same-system,True,False
2853360169,same-system,True,False
2853374238,human,True,True
2853385052,same-system,True,False
2853387310,same-system,True,False
2853397905,same-system,True,False
2992034214,human,True,False
2992046649,same-system,True,False
3003425228,human,True,False
3003441676,same-system,True,False
3003452861,human,True,False
3003480066,same-system,True,False
3003493686,human,True,False
3003510541,same-system,True,False
3006157999,human,True,False
3006162514,human,False,False
3017213879,human,False,False
2950583484,human,True,False
2952298404,human,True,False
2952333991,same-system,True,False
2952334060,same-system,True,False
2952334132,same-system,True,False
2954592780,human,False,True
2995580712,human,True,False
2995601621,same-system,True,False
2995601743,same-system,True,False
2921727954,human,True,False
2921771231,same-system,True,False
2921991299,human,True,False
2922047114,human,True,False
2922088782,human,True,False
2922141459,same-system,True,False
2922141817,same-system,True,False
2922631721,human,True,False
2922635073,human,True,False
2922653064,same-system,True,False
2922657614,human,False,True
2922702748,human,True,False
2994861490,human,False,False
2888482475,human,True,False
2888497877,human,False,True
2888509475,same-system,True,False
2888509944,same-system,True,False
2888510476,same-system,True,False
2888510900,same-system,True,False
2888523656,human,True,True
2888566501,same-system,True,False
2888573539,human,True,False
2888633814,same-system,True,False
2888665047,human,True,True
2888693777,same-system,True,False
2888694218,same-system,True,False
2888694631,same-system,True,False
2888907622,human,True,False
2889045962,human,True,False
2889052907,same-system,True,False
2889091456,human,True,False
2889098862,same-system,True,False
2893338515,human,True,False
2893349254,same-system,True,False
2905076816,human,True,False
2905087708,same-system,True,False
2905088288,same-system,True,False
2905130821,human,True,False
2905139508,same-system,True,False
3046736757,human,True,False
3046755372,same-system,True,False
3046780201,human,True,False
3046824177,same-system,True,False
3046878544,human,False,True
3046881448,same-system,True,True
3047404226,human,True,False
3047474343,same-system,False,True
3047481337,human,True,False
3049389972,human,True,False
3049404750,human,False,False
2919008835,human,True,False
2919013511,same-system,True,False
2919009601,human,True,False
2919027852,same-system,True,False
2919027963,same-system,True,False
2919028088,same-system,True,False
2919028204,same-system,True,False
2919028305,same-system,True,False
2919028392,same-system,True,False
2919022199,human,True,False
2919035879,same-system,True,False
2919035995,same-system,True,False
2919036116,same-system,True,False
2919036228,same-system,True,False
2919036346,same-system,True,False
2919036453,same-system,True,False
2919036551,same-system,True,False
2942306958,human,True,False
2942335774,same-system,True,False
2942409364,human,False,True
2945790394,human,True,False
2945821289,same-system,True,False
3054312991,human,False,False
3007880552,human,True,False
3007889683,same-system,True,False
3058535497,human,True,False
3058535526,human,True,False
3058546096,same-system,True,False
3058550866,same-system,True,False
3063780314,human,False,False
3064601530,human,True,False
3064609453,same-system,True,False
3064620583,human,False,False
3064798301,human,False,False
3064798713,same-system,True,True
3064805294,human,False,False
3064894723,human,False,False
2920433703,human,True,False
2920434440,human,True,False
2920449775,same-system,True,False
2920459853,same-system,True,False
2922024102,human,True,False
2922030070,same-system,True,False
2954525767,human,True,False
2954532562,same-system,True,False
2954553166,same-system,True,False
2955839723,human,True,False
2955841240,same-system,True,False
2956477134,human,False,False
3027957747,same-system,False,True
3028048278,human,False,False
3049963352,human,False,False
3050243376,human,True,False
3050275272,same-system,True,False
3050275493,same-system,True,False
3050275670,same-system,True,False
3050275865,same-system,True,False
2893081345,human,True,False
2893100928,same-system,True,False
2893162970,human,True,False
2898172187,human,True,False
2899373241,human,True,False
2899374223,human,True,False
2899391900,same-system,True,False
2899392303,same-system,True,False
2902185749,human,False,False
3070318556,human,False,False
3070334822,human,False,False
2953044944,human,False,False
2953142343,human,True,True
2953163016,same-system,True,False
2953163106,same-system,True,False
2953163221,same-system,True,False
2962414019,human,True,False
2964881559,human,False,False
2965121876,human,False,False
3068729669,human,False,False
2996973600,human,True,False
2955594209,same-system,True,True
2998650676,human,True,False
2998650977,human,True,False
2998681114,same-system,True,False
2888746527,same-system,True,True
2861628658,human,False,True
2861647770,human,False,True
2862295309,human,False,False
2854856897,human,True,False
2852199837,human,True,False
2852230031,same-system,True,False
2852230190,same-system,True,False
2852230366,same-system,True,False
2852230762,same-system,True,False
2852231142,same-system,True,False
2852231351,same-system,True,False
2852231578,same-system,True,False
2852231775,same-system,True,False
2852232042,same-system,True,False
2852232236,same-system,True,False
2852232410,same-system,True,False
2852232846,same-system,True,False
2852233075,same-system,True,False
2852233348,same-system,True,False
2852233832,same-system,True,False
2852243444,human,True,False
2852244511,human,True,False
2852244680,same-system,True,False
2852249212,human,True,False
2852252998,same-system,True,False
2852253136,same-system,True,False
2852266076,human,True,False
2899864645,same-system,False,True
2908933897,human,False,False
2911029263,human,False,False
2879664833,same-system,False,True
2879842238,human,False,False
3061655248,human,False,True
3063438837,human,True,True
3063452584,human,True,False
3063645901,human,True,False
2948621568,same-system,False,True
2948674846,human,False,True
2964679884,human,False,True
2994815987,human,False,True
2998286476,human,False,False
2959181699,human,True,False
2959193797,human,True,False
2959197860,human,True,False
2959221838,same-system,True,False
2959227213,human,True,False
2959257328,same-system,True,False
2959289061,same-system,True,False
2961022111,human,False,False
2961610848,human,True,False
2961650654,same-system,True,False
2961719598,human,True,False
2961760382,human,True,False
2961996328,human,True,False
2962908678,human,True,False
2962913505,human,True,False
2962956089,same-system,True,False
2963466041,human,True,False
3196848821,human,False,False
3339754245,human,False,False
2915184891,human,True,False
2915188575,same-system,True,False
2915188836,human,True,False
2915194379,same-system,True,False
2932292933,human,True,False
2932307977,human,True,False
2932312561,same-system,True,False
2932347142,same-system,True,False
2932361418,human,True,False
2932371055,human,True,False
2932390424,same-system,True,False
2954781336,human,True,False
2954806952,same-system,True,False
2954950745,human,True,False
2955126286,human,False,False
2955175877,human,False,False
2956639624,human,False,False
2956994133,human,False,False
2961901243,same-system,True,True
2961954047,same-system,False,True
2976074071,human,True,True
2976123768,same-system,True,False
2976123859,same-system,True,False
2976124018,same-system,True,False
2976453147,human,True,True
2976497756,same-system,True,False
2976497866,same-system,True,False
2976497959,same-system,True,False
2976498034,same-system,True,False
2976621475,human,True,True
2976642623,same-system,True,False
2976642862,same-system,True,False
2976643006,same-system,True,False
2976643135,same-system,True,False
2976643249,same-system,True,False
2976643355,same-system,True,False
2976691129,human,False,True
2979322313,human,False,False
2979487829,human,True,False
3061235341,human,False,False
3061543376,human,False,False
3058908907,same-system,True,True
3058910503,human,True,False
3058910575,human,True,False
3058913231,same-system,True,True
3058913915,human,True,False
3058913932,human,True,False
3005995672,human,True,False
3006011946,same-system,True,False
3006133280,human,False,False
3006144898,human,True,False
3006231295,same-system,True,False
3006321281,human,False,False
3006469710,human,False,False
2914727053,human,False,False
2914761868,human,False,False
2914772454,human,False,False
2903817010,human,False,False
2997335184,human,True,False
2997377710,same-system,True,False
2997436283,human,True,False
2997526705,same-system,True,False
3000355673,human,True,False
3000407031,same-system,True,False
3000407163,same-system,True,False
3000407324,same-system,True,False
2952328947,same-system,False,True
2952751270,human,False,False
2898602493,human,False,False
3047286984,human,False,True
3047414105,human,True,True
3047528308,same-system,True,False
3047528608,same-system,True,False
3047528893,same-system,True,False
3047529142,same-system,True,False
3047529462,same-system,True,False
3047529747,same-system,True,False
3047991292,human,True,True
3048114615,same-system,True,False
3048114921,same-system,True,False
3048115168,same-system,True,False
3048150693,same-system,True,False
3048164957,same-system,True,False
3051612238,human,False,True
2922906739,human,True,False
2922907862,human,True,False
2922916558,same-system,True,False
2922943106,same-system,True,False
2925715748,human,True,False
2925717619,human,True,False
2925729359,same-system,True,False
2925767654,human,True,False
2925846733,same-system,True,False
2925865036,same-system,True,False
2941142516,human,True,False
2941143799,human,True,False
2941145125,same-system,True,False
2941176947,same-system,True,False
2947418707,human,True,False
2947419086,human,True,False
2947420901,human,True,False
2947421121,human,True,False
2947430773,same-system,True,False
2947430842,same-system,True,False
2947441186,same-system,True,False
2947441211,same-system,True,False
2958709550,human,True,False
2958739872,same-system,True,False
2959935939,human,False,False
2962869704,human,True,False
2962893528,same-system,True,False
2963063437,human,True,False
2963064528,human,True,False
2963105700,same-system,True,False
2942149449,human,False,True
2942695757,human,False,True
2972101702,human,False,False
2972183131,human,False,False
2889254470,human,False,True
3045900984,human,False,True
3046112801,human,False,False
3031883269,human,True,False
3031906514,same-system,True,False
3034844180,human,True,False
3034848988,same-system,True,False
2980676536,human,True,False
2980679343,human,True,False
2980681278,human,True,False
2980689566,same-system,True,False
2980694587,human,True,False
2980713573,same-system,True,False
2980713613,same-system,True,False
2980730732,same-system,True,False
2981860405,human,True,False
2981871162,same-system,True,False
2982225010,human,False,True
3027873455,human,True,False
3030219643,same-system,True,False
3030230096,human,True,False
2891105645,human,True,False
2891137208,same-system,True,False
2891157692,human,False,True
3018395025,human,False,True
2904915982,human,True,False
2904922836,human,False,True
2904923656,same-system,True,False
2969214606,same-system,False,True
3021774787,human,False,True
3022309416,human,False,True
3027561983,human,False,False
2955800601,human,True,False
2955831127,same-system,True,False
3049091662,human,False,False
3053468466,human,False,False
2889697570,human,True,False
2930440197,human,False,False
2930440249,same-system,False,True
2915174578,human,True,False
2915190930,same-system,True,False
2935843003,human,True,False
2935866857,same-system,True,False
2935867594,same-system,True,False
2935934489,human,False,False
2935937352,human,False,False
2962568658,human,True,False
2962569145,human,True,False
2962576528,human,True,False
2962616484,same-system,True,False
2962616611,same-system,True,False
2962639504,same-system,True,False
2878202009,human,True,False
2878465741,same-system,True,False
2878466082,same-system,True,False
2878466422,same-system,True,False
2878466733,same-system,True,False
2878467083,same-system,True,False
2878467455,same-system,True,False
2878493076,human,True,False
2878525588,same-system,True,False
2878532341,human,True,False
2878561246,same-system,True,False
2878561730,same-system,True,False
2878834893,human,True,False
2878871484,same-system,True,False
2925178827,human,True,False
2925203005,same-system,True,False
2925203332,same-system,True,False
2925235212,human,True,False
2925244850,same-system,True,False
2925245152,same-system,True,False
2925362638,human,False,False
2953199702,human,False,False
2953646773,human,False,False
2958539301,human,True,False
2893987923,human,True,False
2893994864,same-system,True,False
2894002654,human,False,False
2891834492,human,False,False
2893119985,human,False,False
2917409883,human,True,False
2917423359,same-system,True,False
2917429821,human,True,False
2917438515,same-system,True,False
2917495390,human,False,False
2934429641,human,False,True
2934880373,human,True,False
2934905892,same-system,True,False
2934906297,same-system,True,False
2934906699,same-system,True,False
2935286835,human,True,False
2935290757,human,True,False
2937300648,human,True,False
2937321443,same-system,True,False
2937321726,same-system,True,False
2937322065,same-system,True,False
2937322287,same-system,True,False
2937322493,same-system,True,False
2937322639,same-system,True,False
2937322821,same-system,True,False
2937323005,same-system,True,False
2937323128,same-system,True,False
2937323447,same-system,True,False
2937323604,same-system,True,False
2937340814,human,True,True
2937410432,same-system,True,False
2937410580,same-system,True,False
2937410707,same-system,True,False
2937410841,same-system,True,False
2937411020,same-system,True,False
2937411202,same-system,True,False
2937442703,human,True,True
2937456098,same-system,True,False
2937456237,same-system,True,False
2937456377,same-system,True,False
2855954231,human,False,False
2914827535,human,True,False
2914845856,same-system,True,False
2933433513,human,True,False
2933439673,same-system,True,False
3099788633,same-system,True,True
3099797665,human,True,False
3099868005,human,True,False
3099868217,human,True,False
3099869932,human,True,False
3099901214,same-system,True,False
3099901554,same-system,True,False
3099915088,same-system,True,False
3100023759,human,True,False
3100025516,human,True,False
3100027985,human,True,False
3100028755,human,False,False
2991593358,same-system,True,True
2924162682,human,True,False
2924195014,same-system,True,False
2924195280,same-system,True,False
2924195526,same-system,True,False
2924195756,same-system,True,False
2924196000,same-system,True,False
2924196265,same-system,True,False
2924196488,same-system,True,False
2924196686,same-system,True,False
2924196899,same-system,True,False
2925961733,human,True,False
2928007147,human,False,False
2932335341,human,True,False
2932845455,human,True,False
2932846523,human,True,False
2932855540,human,True,False
2933324044,human,False,True
3028410587,human,True,False
3028437209,same-system,True,False
3028488791,human,True,False
3028502965,same-system,True,False
3028517862,human,True,False
3028535248,same-system,True,False
2967372933,human,False,True
2967859250,human,False,False
2957731481,human,True,False
2957755150,same-system,True,False
2947769464,same-system,False,True
2947770367,human,False,False
3057991951,human,True,False
3058243995,human,True,False
3069304419,human,True,False
2962908034,human,False,True
2963301533,human,False,True
2965910257,human,False,False
3013162886,human,False,True
2857901660,human,False,True
2857956911,same-system,True,True
2861367680,human,False,False
2864637513,human,False,False
3031789545,human,True,True
3031814930,same-system,True,False
3031815049,same-system,True,False
3031815124,same-system,True,False
3033025605,human,True,True
3033053454,same-system,True,False
3033053540,same-system,True,False
3033053613,same-system,True,False
3033054276,same-system,True,False
3033211268,human,False,True
3034683685,human,False,False
3035082987,same-system,True,True
3035110777,same-system,True,True
3035119897,same-system,True,True
3035128932,same-system,True,True
3006767075,human,False,False
2957155878,human,False,True
2916525001,human,True,False
2916578714,same-system,True,False
2916582525,human,True,False
2916600248,same-system,True,False
2917451186,human,True,False
2917504335,same-system,True,False
2917517280,human,True,False
2917633079,same-system,True,False
2861863274,same-system,True,True
2861881108,human,False,False
2985807190,same-system,True,True
2929707615,human,True,False
2929728437,same-system,True,False
2929728547,same-system,True,False
2969102594,human,True,False
2969103703,same-system,True,False
3042441372,human,False,True
3059640883,human,True,True
3059643850,same-system,True,False
3059643877,same-system,True,False
3059643893,same-system,True,False
3059682043,human,False,False
3063748247,human,False,True
3044172945,human,True,False
3044179708,human,True,False
3044271794,same-system,True,False
3044340119,same-system,True,False
3044771888,human,True,False
3044819763,same-system,True,False
3044911820,human,False,True
3020348358,human,True,False
3020364629,same-system,True,False
3020386913,same-system,False,True
3020571317,human,False,False
3023814761,human,True,False
3023889848,same-system,True,False
3023890506,same-system,True,False
3023891097,same-system,True,False
3023892003,same-system,True,False
3025161978,human,True,False
3025189962,same-system,True,False
3025190134,same-system,True,False
3025190294,same-system,True,False
3033935383,human,True,False
3033943226,same-system,True,False
3033976033,human,False,False
3041439261,human,False,False
3042616151,human,False,False
2972938014,human,True,False
2972956864,same-system,True,False
2972955181,human,True,False
2972984581,same-system,True,False
2973006388,human,False,False
2973007541,human,False,False
2977235444,human,False,False
2995274701,human,False,False
2915125682,human,False,False
2955550171,human,False,False
2955915287,human,True,False
2967434690,human,True,False
2968154913,human,False,False
3023654651,human,True,False
3024268358,human,True,False
3026906761,human,True,False
3028307406,human,True,False
3031623121,human,False,False
3031623179,same-system,False,True
3031624157,same-system,False,True
3031914111,human,False,True
3032431773,human,False,False
2908806897,human,False,False
2992192470,human,False,False
2895038290,human,True,False
2895086103,same-system,True,False
2895086429,same-system,True,False
2895086745,same-system,True,False
2895087248,same-system,True,False
2895087714,same-system,True,False
2895087943,same-system,True,False
2895334985,human,True,False
2895356051,same-system,True,False
2895356753,same-system,True,False
2895357436,same-system,True,False
2895357975,same-system,True,False
2895359367,same-system,True,False
2895417336,human,True,False
2895557976,human,False,False
2861355457,human,False,False
2864633314,human,False,False
2914505045,human,True,False
2968802000,human,False,True
3069893673,human,False,True
3070354331,same-system,False,True
3071346179,human,False,False
3076218276,human,True,False
3077497808,human,True,False
3077514953,same-system,True,False
2911380094,human,False,True
2911406335,human,False,True
2911454236,human,False,True
3006524796,human,False,False
3064142947,human,False,False
3064144918,human,False,False
2915159959,same-system,True,False
2916968951,human,True,False
2916981965,same-system,True,False
2916982347,same-system,True,False
2916999498,human,False,False
2918965100,human,False,False
2944188810,human,False,False
2934944039,human,True,False
2934946027,human,True,False
2934989645,same-system,True,False
2935016718,same-system,True,False
2935069371,human,True,False
2935111737,same-system,True,False
2935158462,human,True,False
2935182573,same-system,True,False
2942406237,human,True,False
2942453179,same-system,True,False
2942453490,same-system,True,False
2942453890,same-system,True,False
2942454328,same-system,True,False
2942570725,human,True,False
2942572196,human,True,False
2942579732,human,False,True
2852347735,same-system,False,True
2852347740,human,True,False
2852347948,human,True,False
2852354405,same-system,True,False
2852365817,same-system,True,False
3022903038,human,False,True
2944033235,human,True,False
2944044577,same-system,True,False
2944049366,human,True,False
2944070137,same-system,True,False
2944070191,same-system,True,False
2944070244,same-system,True,False
2944070286,same-system,True,False
2944070326,same-system,True,False
2944100415,human,True,False
2944121350,same-system,True,False
2944126961,same-system,True,False
2944129444,same-system,True,False
2944132256,same-system,True,False
2944136518,human,True,False
2944146553,same-system,True,False
2944245709,human,True,False
2944260025,same-system,True,False
2944260057,same-system,True,False
2944260090,same-system,True,False
2944260109,same-system,True,False
2944260141,same-system,True,False
2944260186,same-system,True,False
2944260213,same-system,True,False
2944260241,same-system,True,False
2944260274,same-system,True,False
2944260316,same-system,True,False
2944260359,same-system,True,False
2947354091,human,True,False
2947360397,same-system,True,False
2947363629,same-system,True,False
2944015337,human,False,False
2944016824,human,False,False
2906495652,human,True,False
2906509869,same-system,True,False
2906509911,same-system,True,False
2906509996,same-system,True,False
2906510052,same-system,True,False
2906510101,same-system,True,False
2911270598,human,True,False
2911277307,same-system,True,False
2959798927,human,False,True
2959907224,human,False,False
2967953470,human,True,False
2967960490,same-system,True,False
2968104538,human,False,False
3011819636,human,False,False
2855809617,human,True,False
2855834883,same-system,True,False
2855835092,same-system,True,False
2855849745,human,True,False
2855856557,same-system,True,False
2858391730,human,True,False
2858446242,same-system,True,False
2858447035,same-system,True,False
2858447648,same-system,True,False
2858514561,human,True,False
2858544150,same-system,True,False
2858802832,human,True,False
2858808971,same-system,True,False
2858858251,human,True,False
2858860305,human,True,False
2858881746,same-system,True,False
2858899249,same-system,True,False
2862239357,human,True,False
2862259869,same-system,True,False
2862518807,human,True,False
2862522924,human,True,False
2862528572,same-system,True,False
2862528940,same-system,True,False
2862592487,human,False,False
2865073468,human,True,False
2865093396,human,True,False
2865102453,same-system,True,False
2865154824,human,True,False
2865201205,same-system,True,False
2865850188,human,True,False
3000918291,human,True,False
2937157776,human,True,False
2937175465,same-system,True,False
2854837124,human,True,False
2854850525,same-system,True,False
2937237941,human,False,True
2937315614,human,True,False
2937329872,same-system,True,False
2937334584,human,True,True
2937359506,same-system,True,False
2937366224,human,False,True
2937395847,human,False,True
2937529241,human,False,True
2937543130,human,False,True
2938954725,human,True,False
2938998790,same-system,True,False
2939042220,human,True,False
2940590352,human,False,True
2943569470,same-system,True,False
2943569719,same-system,True,False
2944116460,human,False,True
2944204661,human,False,True
2946460998,human,True,False
2946550045,same-system,True,False
2946550706,same-system,True,False
2946551467,same-system,True,False
2946552471,same-system,True,False
2946583065,human,False,True
2946773451,human,True,False
2946810532,same-system,True,False
2946810640,same-system,True,False
2946913892,human,False,True
2947185717,human,False,True
2947250478,human,False,True
2947353882,human,False,True
2877800126,human,True,False
2877866510,same-system,True,False
2884410608,human,True,True
2884420189,same-system,True,False
2885303544,human,True,False
2885313334,same-system,True,False
2885313353,same-system,True,False
2885313391,same-system,True,False
2885313443,same-system,True,False
2885313481,same-system,True,False
3043883442,human,False,False
2863444097,same-system,False,True
2863448653,human,True,False
2863455932,human,True,False
2863466936,same-system,True,False
2873468881,human,True,False
2873470271,same-system,True,False
2873477568,human,True,False
2873481153,same-system,True,False
2894689954,human,True,False
2894696462,same-system,True,False
2894701852,human,True,False
2894729512,human,True,False
2894744768,human,True,False
2894750377,same-system,True,False
2894763219,human,False,True
2997119468,human,True,False
2997295841,same-system,True,False
2997296755,same-system,True,False
2948381014,same-system,True,True
3122216176,human,False,True
2859278948,human,True,False
2859287018,same-system,True,False
2859293547,human,True,False
2859299387,human,True,False
2859318124,same-system,True,False
2859327991,same-system,True,False
2918485200,human,True,True
3187172480,human,True,False
3187180110,human,True,False
3187189275,same-system,True,False
3187301826,human,False,True
3187302670,same-system,False,True
3187365385,human,False,False
2863443823,human,True,False
2863447595,human,True,False
2863452171,human,True,False
2863454028,same-system,True,False
2863466458,same-system,True,False
2863466914,same-system,True,False
2863502345,human,True,False
2863510236,human,True,False
2863511141,same-system,True,False
2863521202,same-system,True,False
2863551651,human,True,False
2863568467,same-system,True,False
2863986130,human,True,False
2863991289,human,True,False
2864002803,same-system,True,False
2864024378,same-system,True,False
2864319006,human,True,False
2864331120,same-system,True,False
2864641365,human,True,False
2864668015,human,True,False
2864669074,same-system,True,False
2864682028,same-system,True,False
2864801483,human,True,False
2864826333,human,True,False
2864858051,same-system,True,False
2865003615,human,True,False
2865011452,human,True,False
2865021322,same-system,True,False
2865044835,human,True,False
2865055202,same-system,True,False
3012662274,human,True,True
3012672953,same-system,True,False
3012672958,same-system,True,False
3012682388,human,False,True
3012713833,human,True,False
3012714466,human,True,False
3012723101,same-system,True,False
3012809192,human,True,False
3012817449,human,True,False
3012822758,human,True,False
3012837525,same-system,True,False
3014158734,human,False,True
2944127409,human,True,False
2944155653,same-system,True,False
2944155666,same-system,True,False
2944155688,same-system,True,False
2946204786,human,False,True
2947141836,human,False,True
2949368007,human,True,False
2949368940,human,True,False
2950068027,human,True,False
2950082008,human,False,False
2887600742,human,True,False
2887648578,same-system,True,False
2887741163,same-system,True,True
2909073400,human,True,False
2909075946,human,True,False
2909081214,same-system,True,False
2909096889,same-system,True,False
2927673278,human,False,False
2930836128,human,True,False
2930845264,same-system,True,False
2943510190,human,False,False
2943519719,same-system,True,True
2970700710,human,False,False
2970706293,human,False,False
3032770056,human,True,False
3032784952,same-system,True,False
3032796354,human,True,False
3032809819,same-system,True,False
3032861535,human,False,False
3045222996,human,True,False
3045226816,same-system,True,False
2904817661,same-system,False,True
2904818999,same-system,False,True
2904823437,same-system,False,True
2904839543,same-system,True,True
2904949048,human,True,False
2904963987,same-system,True,False
2904998243,human,True,False
2905008040,same-system,True,False
2871659005,human,True,False
2871660281,human,True,False
2871665162,human,True,False
2871677416,same-system,True,False
2871706998,same-system,True,False
2871707531,same-system,True,False
2858565395,human,False,True
2858652025,human,True,False
2858753762,same-system,True,False
2860827959,human,False,True
2861854419,human,True,False
2863548302,human,True,False
2863845254,human,True,False
2863884779,same-system,True,False
2877875144,human,True,False
2877902187,same-system,True,False
3042836299,human,True,False
3078093394,human,True,False
3078095019,human,True,False
3078099151,human,True,False
3078373394,same-system,True,False
3078374486,same-system,True,False
3243811594,human,True,False
2963406595,human,True,False
2963441157,human,True,False
2963468106,human,True,False
2963479067,same-system,True,False
2972892253,human,True,False
2972894805,human,True,False
2972897781,same-system,True,False
2855137670,same-system,False,True
2855573068,human,False,False
2855573465,human,False,False
3004367986,human,True,False
3004459404,same-system,True,False
3007903365,human,True,False
3008087972,same-system,True,False
2911594973,human,False,False
2911595213,same-system,False,True
2907713349,human,False,True
3055160200,human,True,False
3043362303,human,True,False
3043473085,same-system,True,False
3043473381,same-system,True,False
3043473689,same-system,True,False
3043473966,same-system,True,False
3043474247,same-system,True,False
3043474437,same-system,True,False
3043812329,human,True,True
3043859755,same-system,True,False
3048160107,human,False,True
3048185116,human,True,True
3098151998,human,False,False
3098152954,same-system,True,True
2931925697,human,True,False
2978501904,human,True,False
2978502087,human,True,False
2978508977,same-system,True,False
2978509090,same-system,True,False
3066948721,human,False,False
3066956736,human,False,False
2858991810,human,False,True
2859375989,human,True,False
2859381250,same-system,True,False
2859381497,same-system,True,False
2859381664,same-system,True,False
2903617130,human,False,False
2980037310,human,True,False
2980043213,same-system,True,False
3069670212,human,False,True
3069682040,human,False,False
2879794996,human,True,False
2879798833,same-system,True,False
2881306673,human,True,False
2881310674,human,True,False
2881315242,human,True,False
2881330688,same-system,True,False
2881330968,same-system,True,False
2881336901,same-system,True,False
2901159827,same-system,True,False
2901166678,human,True,False
2901188181,same-system,True,False
2901465800,human,True,False
2901702047,human,True,False
2901715218,human,True,False
2901791803,same-system,True,False
2901792904,same-system,True,False
2901794195,same-system,True,False
2901805400,same-system,True,False
2905746914,human,True,False
2906133773,human,True,False
2906174726,human,True,False
2906186994,human,True,False
2906196639,human,True,False
2906208335,human,True,False
2906237411,human,True,False
2906238239,human,True,False
2908873141,same-system,True,False
2908873335,same-system,True,False
2908873905,same-system,True,False
2908874228,same-system,True,False
2991076136,human,False,False
2973332940,human,True,False
2973360952,same-system,True,False
2973360978,same-system,True,False
2973361000,same-system,True,False
2973361026,same-system,True,False
2941662657,human,False,False
2971272756,human,True,False
2971291636,same-system,True,False
2971388843,human,False,False
2915164519,human,False,False
2915171290,human,True,False
2915177503,same-system,True,False
2915199929,human,True,False
2915207743,same-system,True,False
2915283181,human,False,False
2915427686,human,True,False
3004686766,human,True,False
3004749781,human,True,False
2999446637,human,True,False
2999454889,same-system,True,False
2999454892,same-system,True,False
2999454893,same-system,True,False
2999461025,human,False,False
2999462657,human,False,True
2999463670,human,False,False
2999517990,human,False,False
3002858177,human,True,False
3002859770,human,True,False
3002862916,same-system,True,False
3002864990,human,True,False
3002878227,same-system,True,False
3002878404,same-system,True,False
3003041083,human,True,True
3003053646,human,True,False
3003056670,same-system,True,False
3003056953,same-system,True,False
3003064038,same-system,True,False
3003158769,human,False,False
3003170606,human,False,False
3003178746,human,False,False
3003239731,human,False,False
2875384224,human,True,False
2875389425,human,True,False
2875391823,human,True,False
2875399942,human,True,False
2875504207,same-system,True,False
2875537061,same-system,True,False
2875537510,same-system,True,False
2875537990,same-system,True,False
2875576988,human,True,False
2875671751,same-system,True,False
2875672823,same-system,True,False
2875673809,same-system,True,False
2875674489,same-system,True,False
2875790563,human,True,False
2875823485,same-system,True,False
2875827874,same-system,True,False
2875829891,same-system,True,False
2875839196,same-system,True,False
2875840491,same-system,True,False
2875847305,same-system,True,False
2875847917,same-system,True,False
2875852009,same-system,True,False
2875857487,same-system,True,False
2876427084,human,True,False
2876438389,same-system,True,False
3036766759,human,True,False
3036782941,same-system,True,False
3036783083,same-system,True,False
3036783215,same-system,True,False
3036848291,human,True,False
3036860914,same-system,True,False
3036871437,human,True,True
3036900884,same-system,True,False
3036901141,same-system,True,False
3036901366,same-system,True,False
3036901624,same-system,True,False
3036925387,human,False,False
3036941609,human,True,False
3036944557,human,True,True
3037285512,human,False,True
3037447589,same-system,False,True
3038655599,same-system,True,True
3038955130,human,True,False
3045572761,human,True,False
3045610452,human,False,False
3045895387,human,False,True
3023004440,human,True,False
3023020992,same-system,True,False
3023021016,same-system,True,False
3023021069,same-system,True,False
3023451128,human,True,False
3028140582,human,True,False
3028197714,human,True,False
3031727502,human,True,False
3036962961,human,True,True
3040625088,human,True,False
3040633450,human,True,False
3040638641,human,True,False
3041827320,human,True,False
3042149610,human,True,False
3046570120,human,False,True
3049617791,human,False,False
2865143128,same-system,True,True
2900580239,human,False,False
2900629921,human,False,False
2968189058,human,False,False
3070000227,human,False,False
3070483799,human,False,False
3264015120,human,False,False
3264318938,human,True,True
3002609034,human,False,False
2863130856,human,True,False
2863140136,same-system,True,False
2863222544,human,False,True
3051344240,human,False,False
2908217775,human,False,True
2991021478,human,True,False
2991022798,same-system,True,False
2991022800,same-system,True,False
2991022801,same-system,True,False
2991023522,human,True,False
2991025016,same-system,True,False
2991025017,same-system,True,False
2991025045,same-system,True,False
2991031116,human,False,True
2991048567,human,False,False
2991065820,human,False,False
2991313179,human,False,False
2851789249,human,True,False
2851793990,same-system,True,False
2851799277,human,False,True
2852875152,human,True,False
2852879935,same-system,True,False
2852886250,human,True,False
2852890574,same-system,True,False
2854928038,human,True,False
2958560562,human,False,False
3059682435,human,False,False
2948062481,human,True,False
2948065346,same-system,True,False
2948070898,human,True,False
2948071399,human,True,False
2948073105,same-system,True,False
2948075595,same-system,True,False
2948087894,human,True,False
2948089868,same-system,True,False
2980780609,human,False,False
2981165459,human,False,False
2982374557,human,True,True
2983575981,human,True,False
2983576933,human,False,False
2984099672,human,False,False
2941848903,human,True,False
2941862258,same-system,True,False
2941862610,same-system,True,False
2944329051,human,False,False
2971297483,human,True,False
2971309560,same-system,True,False
3055357652,human,True,False
3055422120,same-system,True,False
3055906122,human,False,False
3055997811,human,False,False
2952356635,human,False,False
2962058939,human,False,True
2967330949,human,False,False
2967971261,human,False,False
2908564115,human,False,True
2897667592,human,False,False
2897712255,human,True,False
2897724602,human,True,False
2898001259,human,True,False
2898082719,human,True,False
2898861850,human,False,False
2997547153,same-system,False,True
2997570539,human,False,False
3069587579,same-system,False,True
3069605079,human,False,False
3069606557,human,False,False
3028128337,human,False,True
3058517856,human,False,False
3013651715,human,False,False
3025002550,human,False,False
3015723210,human,True,True
3015760233,same-system,True,False
3015760235,same-system,True,False
3015760237,same-system,True,False
3015803152,human,False,False
3015811471,human,False,False
3070140223,human,False,False
3070508180,human,False,False
3074103142,human,False,False
2908341847,human,False,False
2953852450,human,False,False
2852759121,human,True,False
2852760316,human,True,False
2852766775,same-system,True,False
2852774766,same-system,True,False
2854981358,human,True,False
2855001058,same-system,True,False
2905717125,human,False,False
2911176869,human,False,False
2911956978,human,True,False
2913613350,human,True,False
2873482572,human,False,True
2875288696,human,True,False
2875327964,same-system,True,False
2875477916,human,False,False
2887686606,human,False,False
2947009481,human,True,False
2947177653,human,True,False
2947236828,same-system,True,False
2947236891,same-system,True,False
2947236946,same-system,True,False
2947253648,human,True,False
2947285965,same-system,True,False
2947373869,human,False,False
2950106334,human,True,False
2950108536,human,True,False
2950180860,same-system,True,False
2950192639,human,True,False
2950273260,same-system,True,False
2950273424,same-system,True,False
2950291145,human,True,False
2950412305,same-system,True,False
2950502223,human,True,False
2950591781,same-system,True,False
2950726688,human,True,False
2950776108,same-system,True,False
2950781721,human,True,False
2950836244,same-system,True,False
2950927625,human,False,False
2995109604,human,True,False
2995141504,same-system,True,False
2995160430,human,False,False
2995162742,human,False,False
2883186736,same-system,True,True
3019889851,human,True,False
3019930657,same-system,True,False
2925540888,human,False,True
3031572995,human,False,True
3031587869,human,False,True
3031603377,human,False,True
3010111318,human,True,False
3010138831,same-system,True,False
3019200034,human,False,True
3019258445,human,False,False
3019853417,human,False,False
2968382968,human,True,True
2968396456,same-system,True,False
2968396480,same-system,True,False
2968396500,same-system,True,False
2968404878,human,True,False
2968408218,same-system,True,False
2968408227,same-system,True,False
3047882612,human,True,True
3047929568,same-system,True,False
3047930615,same-system,True,False
3048051523,human,True,False
3048064303,same-system,True,False
3048074348,human,True,False
3048089907,same-system,True,False
3055479488,human,True,True
3055516386,same-system,True,False
3123126806,human,False,False
3051681774,human,False,False
2902896091,human,True,False
2902916354,same-system,True,False
2902968929,human,True,False
2902976320,human,True,False
2902982891,same-system,True,False
2902985858,human,True,False
2902988861,human,True,False
2902992103,same-system,True,False
2903003308,same-system,True,False
2903003709,same-system,True,False
2903179593,human,True,False
2903189180,same-system,True,False
2903239358,human,True,False
2903251476,same-system,True,False
2903556007,human,True,False
2903565087,same-system,True,False
2903574355,human,True,False
2903576357,human,True,False
2903576722,same-system,True,False
2903579614,same-system,True,False
2903670224,human,True,False
2903670758,human,True,False
2903671124,human,True,False
2903674642,same-system,False,True
2905228287,human,False,False
2905243580,human,True,False
2905391576,human,False,False
2905426134,human,True,False
2905426761,human,True,False
2905623396,human,True,False
3166380091,human,False,False
3027850594,human,True,False
3027888788,same-system,True,False
3055435428,human,True,False
3055478919,human,True,False
3055480614,human,True,False
3055502142,same-system,True,False
3055502442,same-system,True,False
3055537517,same-system,True,False
3055538156,same-system,True,False
3055569089,human,True,False
3055634504,same-system,True,False
3057364368,human,True,False
3057384200,same-system,True,False
3057505548,same-system,True,True
3065537324,human,True,False
3065537767,human,False,False
3066030273,human,True,False
3046467000,human,False,True
3046489128,human,True,False
3046578547,same-system,True,False
3046578782,same-system,True,False
3046579100,same-system,True,False
3047745973,human,True,False
3047849067,same-system,True,False
3047850144,same-system,True,False
3047851029,same-system,True,False
3047852349,same-system,True,False
3047853120,same-system,True,False
3049440220,human,True,False
3049457716,same-system,True,False
3049730839,human,True,True
3049794462,same-system,True,False
3049820187,human,False,False
3049820926,same-system,False,True
3049827227,human,False,False
3050189273,human,False,False
3061172330,human,False,False
2871835185,human,False,False
2861824729,human,True,False
2861830580,same-system,True,False
2861832066,human,True,False
2861849590,same-system,True,False
2861850057,same-system,True,False
2861850372,same-system,True,False
2861850688,same-system,True,False
2865208642,human,True,False
2865233292,same-system,True,False
2865242919,human,True,False
2865222709,human,True,False
2865263811,same-system,True,False
2865280851,same-system,True,False
2865281469,same-system,True,False
2865281988,same-system,True,False
2865291274,human,True,False
2865292804,human,True,False
2865299020,same-system,True,False
2865303406,same-system,True,False
2865303856,human,True,False
2865311397,same-system,True,False
2865318156,human,True,False
2865323701,same-system,True,False
2865314530,human,True,False
2865332365,human,True,False
2865334554,same-system,True,False
2865334914,same-system,True,False
2865335544,same-system,True,False
2865343245,same-system,True,False
2865350418,human,True,False
2980800771,human,True,True
2980822983,same-system,True,False
2980823121,same-system,True,False
2980823276,same-system,True,False
2980851899,human,True,True
2980868757,same-system,True,False
2980868997,same-system,True,False
2922129522,human,True,True
2922155138,same-system,True,False
2922347584,human,True,False
2922669415,human,True,False
2922688991,same-system,True,False
2922868312,human,True,False
2922877927,same-system,True,False
2923315251,human,True,False
2925497244,human,True,True
2925506575,human,True,False
2925515260,same-system,True,False
2925515673,same-system,True,False
2943977068,human,True,False
2943981640,same-system,True,False
2987325141,same-system,True,True
2987578866,human,False,False
2944200742,same-system,False,True
2944201622,human,False,False
2944229579,human,False,False
2971687578,human,False,True
2972835970,human,False,False
3006811467,human,True,False
2948454949,same-system,False,True
2948459014,human,False,False
2894958348,human,True,False
2894962716,human,True,False
2894963869,human,True,False
2894964995,same-system,True,False
2894974734,same-system,True,False
2894974958,same-system,True,False
2894983222,human,False,False
2895000405,human,False,False
2898668342,human,False,False
2918177583,human,False,False
2921444561,human,True,False
2921458315,same-system,True,False
2921545006,human,True,False
2921561645,same-system,True,False
2921726350,human,True,False
2921728470,human,True,False
2921746974,same-system,True,False
2921775051,same-system,True,False
2979986597,human,True,False
2980014330,same-system,True,False
2980027556,human,True,False
2980030216,human,True,False
2980050158,same-system,True,False
2980062147,same-system,True,False
2980073521,human,False,False
2980089958,human,True,True
2980106575,human,True,False
2980108614,human,True,False
2980126493,same-system,True,False
2980177569,human,True,False
2980183860,human,True,False
2980233399,same-system,True,False
2980816636,human,False,True
2980833329,human,False,False
2963735924,same-system,False,True
2963738141,human,False,True
2947010210,human,True,False
2947250090,human,True,False
2947256315,human,True,False
2947256868,same-system,True,False
2947257257,human,True,False
2947258794,human,True,False
2947262148,same-system,True,False
2947262189,same-system,True,False
2947266991,same-system,True,False
2947312512,human,True,False
2947313303,human,True,False
2947317040,same-system,True,False
2947320577,same-system,True,False
2951316602,human,False,False
2960032163,human,False,False
2976500140,human,True,False
2976521615,same-system,True,False
2976521685,same-system,True,False
2976529121,human,True,False
2976550085,human,False,True
2994818481,human,False,False
3006143832,human,False,False
3057284959,human,False,True
3057295312,human,False,True
3057296989,human,True,False
3057302321,human,True,False
3057318438,same-system,True,False
3057322878,human,True,False
3057345617,same-system,True,False
3057885117,human,False,False
2890291899,human,True,False
2890306412,same-system,True,False
2890333953,human,True,False
2890341790,same-system,True,False
2973367874,human,False,False
3027961164,same-system,True,True
3027962297,human,False,False
3028222086,human,False,False
3034011564,human,True,False
3034033491,human,True,False
3034037012,same-system,True,False
3034045908,same-system,True,False
3044555793,human,False,False
3044677659,human,False,False
3044790435,human,False,False
2905257308,human,False,False
3003478000,human,False,False
2983680891,human,True,True
2983721637,same-system,True,False
2983721741,same-system,True,False
2983721847,same-system,True,False
2983721916,same-system,True,False
2983722002,same-system,True,False
2983728640,human,False,True
2998285102,human,False,False
2876862767,human,True,False
2876868151,same-system,True,False
2876868274,same-system,True,False
2915522141,human,True,False
2915531755,same-system,True,False
2915531854,same-system,True,False
2915532915,same-system,True,False
2915535901,human,True,False
2915539669,same-system,True,False
2915541001,human,False,False
2915545393,human,True,False
2915548701,same-system,True,False
2915548790,same-system,True,False
2915548890,same-system,True,False
2922480877,same-system,True,True
2929712717,human,True,False
2933396457,human,True,False
2933431914,human,False,False
2935916492,human,True,False
2935987520,human,True,False
2936075346,human,True,False
2936077227,human,True,False
2936091865,same-system,True,False
2936136364,human,True,False
2936147143,same-system,True,False
2936262869,human,False,False
2936983140,human,False,False
2918137056,human,False,True
2911639612,human,True,False
2911641351,human,True,False
2911642129,human,True,False
2911659253,same-system,True,False
2911659416,same-system,True,False
2911663599,human,True,False
2911665667,human,True,False
2911668408,human,True,False
2911670690,same-system,True,False
2911671760,human,True,False
2911674438,same-system,True,False
2911681464,human,False,True
2911686376,human,True,False
2911687273,human,True,False
2911691045,same-system,True,False
2911692642,human,True,False
2911703069,same-system,True,False
2911782849,human,True,False
2911796387,same-system,True,False
2913827432,human,True,False
2913832581,human,True,False
2915562684,human,True,False
2915564519,human,True,False
2917418555,human,True,False
2918954262,human,True,False
2899469756,human,True,False
2899470473,human,True,False
2899474384,human,True,False
2899478297,human,True,False
2899480678,human,True,False
2899483040,same-system,True,False
2899521170,same-system,True,False
2899521668,same-system,True,False
2899522151,same-system,True,False
2899522748,same-system,True,False
2899547316,human,True,False
2899553351,human,True,False
2899554213,human,True,False
2899554910,human,True,False
2899557049,same-system,True,False
2899568090,same-system,True,False
2899570104,same-system,True,False
2899570935,same-system,True,False
2899729001,human,False,False
2903906119,human,True,False
2903911205,same-system,True,False
2903987865,human,False,False
3163424215,human,True,False
2927181420,human,True,False
2927184346,same-system,True,False
2927195588,human,False,False
2903176640,human,False,False
2903224386,human,False,False
3006302039,human,True,False
3006344532,same-system,True,False
3006408056,human,False,False
3006447847,human,False,False
3016923417,human,False,True
2854151726,human,True,False
2854167654,same-system,True,False
2854194287,human,True,False
2854238265,same-system,True,False
2872139931,human,False,True
2872938085,human,False,False
2872941431,human,False,False
3054705657,human,False,True
3054965601,human,False,True
3055031339,human,True,False
3055077219,same-system,True,False
3055706559,human,True,False
3055770597,same-system,True,False
3055771102,same-system,True,False
3055771371,same-system,True,False
3056247633,human,False,False
3061426046,human,True,True
3061839163,human,True,False
3061841426,same-system,True,False
3061841874,same-system,True,False
3061842218,same-system,True,False
3061842610,same-system,True,False
3061843250,same-system,True,False
3061843799,same-system,True,False
3061845285,same-system,True,False
3061859832,same-system,True,False
3063354765,human,True,False
3063411907,same-system,True,False
3074530087,human,True,False
3078544917,human,True,False
3078708072,same-system,True,False
3078708729,same-system,True,False
3078727958,same-system,True,False
3078729089,same-system,True,False
3078730593,same-system,True,False
3078731945,same-system,True,False
3078750950,human,True,False
2941333366,human,True,False
2941339687,same-system,True,False
2941339714,same-system,True,False
2941343418,human,False,False
2966393007,human,False,True
2966395834,same-system,True,True
2969258222,human,False,False
2979431598,human,False,False
3071726262,human,True,False
3071749015,same-system,True,False
3071876316,same-system,True,True
3074153241,human,True,False
3074165689,same-system,True,False
3074327113,human,True,False
3074352445,same-system,True,False
3074356502,human,True,False
3074379186,same-system,True,False
3074582436,human,True,False
3074626423,same-system,True,False
3070772769,human,True,False
3070797749,same-system,True,False
3070797987,same-system,True,False
3070798237,same-system,True,False
3070798877,same-system,True,False
3070957442,human,True,False
3070986801,same-system,True,False
3070987353,same-system,True,False
3071408216,human,True,False
3071523308,same-system,True,False
3071524162,same-system,True,False
3001177344,human,True,False
3001198868,same-system,True,False
3001569849,human,False,True
3010520709,human,True,False
3010547373,same-system,True,False
3011224971,human,True,False
3011289312,same-system,True,False
3011289316,same-system,True,False
3011289318,same-system,True,False
3011289321,same-system,True,False
3011289325,same-system,True,False
3011289331,same-system,True,False
2883659101,human,True,False
2883677311,same-system,True,False
2883677333,same-system,True,False
2883677361,same-system,True,False
2883677376,same-system,True,False
2930753986,human,True,False
2930762386,same-system,True,False
2908552564,human,False,True
2936392975,human,False,False
2940297352,human,False,False
2948346966,human,False,True
3055008032,human,False,True
3055087991,human,True,False
3055112206,same-system,True,False
3055194527,human,False,False
2939408123,human,True,True
2939561384,same-system,True,False
2939561806,same-system,True,False
2939562175,same-system,True,False
2939562515,same-system,True,False
2939562882,same-system,True,False
2939563352,same-system,True,False
2939563806,same-system,True,False
2939570741,human,False,False
2918141354,cross-system,False,True
2914942645,human,False,True
2915157967,human,True,True
2915166693,same-system,True,False
2915166852,same-system,True,False
2915166995,same-system,True,False
2918615325,human,False,True
2919111962,human,True,False
2922345784,human,True,False
2923087588,human,True,False
2925517045,human,True,False
2925525716,same-system,True,False
2981685656,same-system,False,True
2981741752,human,False,True
2981750416,same-system,True,True
2981770140,same-system,True,True
2914570126,human,False,False
2947812596,human,False,False
2949439698,human,False,False
2922821432,human,False,False
2923146719,human,False,False
3013257464,human,True,False
3013260462,same-system,True,False
3013290976,human,True,False
3013295423,same-system,True,False
3013298038,human,True,False
3013408048,human,True,False
3013410401,same-system,True,False
3013527419,human,True,False
3013528851,same-system,True,False
2919637119,human,False,False
2921605221,human,False,False
2862904706,human,False,True
2865289904,human,True,False
2865318739,same-system,True,False
2865319099,same-system,True,False
2872456889,human,True,False
2872492807,same-system,True,False
2872493627,same-system,True,False
2879570713,human,True,False
2879586103,same-system,True,False
2879588482,human,True,False
2879623625,same-system,True,False
2879665432,human,True,False
2879697991,same-system,True,False
2879698208,same-system,True,False
2879698405,same-system,True,False
2879698672,same-system,True,False
2879804081,human,True,False
2879817292,same-system,True,False
2879817415,same-system,True,False
2882498559,human,False,True
2893422851,human,True,False
2893554499,same-system,True,False
2893555346,same-system,True,False
2893555777,same-system,True,False
2998400441,human,False,True
2998650140,human,True,False
2998690383,same-system,True,False
3010745433,human,True,False
3010964706,same-system,True,False
3010964944,same-system,True,False
3010965187,same-system,True,False
3010965403,same-system,True,False
3011087731,human,True,False
3011186965,same-system,True,False
3011379011,human,True,False
3011373284,human,True,False
3011492440,same-system,True,False
3011492800,same-system,True,False
3011493789,same-system,True,False
3011494193,same-system,True,False
3011494672,same-system,True,False
3011709145,same-system,True,False
3011709572,same-system,True,False
3011709849,same-system,True,False
3011710203,same-system,True,False
3011710572,same-system,True,False
3011710919,same-system,True,False
3011711226,same-system,True,False
3011711498,same-system,True,False
3011711782,same-system,True,False
3011712007,same-system,True,False
3011988762,human,True,False
3012096573,same-system,True,False
3012096820,same-system,True,False
3001963890,human,True,False
3002017222,same-system,True,False
2862483806,human,True,True
2862537323,same-system,True,False
2862537570,same-system,True,False
2862537918,same-system,True,False
2862538207,same-system,True,False
2862538503,same-system,True,False
2862538935,same-system,True,False
2862539211,same-system,True,False
2979247228,human,False,False
2979290924,human,False,False
2979309445,human,False,False
2936994925,human,True,False
2936999690,same-system,True,False
2937402582,human,True,False
2937403017,human,True,False
2937408082,same-system,True,False
2937414161,same-system,True,False
2940260876,human,True,False
2940284631,human,False,False
2951549007,same-system,True,False
2951555012,human,False,False
2951723669,human,False,False
2951736122,human,False,False
2951738698,human,False,False
2951761386,human,False,False
3269193139,human,False,False
2981949900,human,True,False
2981961901,same-system,True,False
2981961983,same-system,True,False
2981971120,human,False,False
2982008101,human,False,False
2905101991,human,False,True
2905286894,human,True,False
2905288892,human,False,True
2909717571,same-system,True,True
2910005168,human,False,True
2910966982,human,True,False
2910971158,same-system,True,True
2911145386,human,True,False
3043395853,human,False,False
3043398058,same-system,False,True
3043410237,human,False,False
3043489937,human,True,False
2948586653,human,True,False
2948587034,human,True,False
2948594962,same-system,True,False
2948601582,same-system,True,False
3275661414,human,False,True
3275702924,human,False,True
2914301429,human,True,False
2910070278,human,True,False
2910099063,same-system,True,False
2906400737,same-system,False,True
2906403309,human,False,False
2906490027,human,True,False
2906492271,same-system,True,False
2910937214,human,True,False
2911188723,human,True,False
2911195702,same-system,True,False
2911257950,human,True,False
2911387301,human,True,False
2924475639,human,True,False
2924524970,same-system,True,False
2924525284,same-system,True,False
2924525620,same-system,True,False
2924535709,human,True,False
2924553936,same-system,True,False
2924554239,same-system,True,False
2925304582,human,True,False
2932365296,human,False,False
2932385662,human,True,False
2932404205,human,True,False
2932412743,human,True,False
2932413840,human,True,False
2932415788,human,True,False
2932432963,human,True,False
2932444513,human,True,False
2932606094,human,True,False
2932606966,human,True,False
2932708716,human,True,False
2984944688,same-system,True,True
2985675199,human,True,False
2985675793,human,True,False
2985680036,same-system,True,False
2985682021,human,False,False
2985715050,same-system,True,False
2994046477,human,True,False
2994050627,human,True,False
2994059054,human,True,False
2994060676,human,True,False
2994063609,same-system,True,False
2994101770,same-system,True,False
2994101973,same-system,True,False
2994102140,same-system,True,False
2994850506,human,False,False
2891010761,human,False,False
2891010924,human,False,False
3058092135,human,False,True
3058106053,human,False,True
2888390839,same-system,True,True
2888752730,human,False,False
2915195201,same-system,True,True
3025786267,human,True,True
3025808319,same-system,True,False
3025808722,same-system,True,False
3034629710,human,True,False
3034841169,same-system,True,False
3034841306,same-system,True,False
3034841428,same-system,True,False
3034841542,same-system,True,False
3034841663,same-system,True,False
2951752347,human,False,True
2966634591,human,True,False
2966670939,same-system,True,False
2966671046,same-system,True,False
2966771747,human,True,False
2966803902,same-system,True,False
2966815156,same-system,True,True
2969255377,human,False,False
2996065557,human,False,False
2882771482,human,True,False
2882811578,same-system,True,False
2882811686,same-system,True,False
2882811784,same-system,True,False
2882829917,human,True,False
2882843943,human,True,False
2882846452,same-system,True,False
2882846520,same-system,True,False
2882850141,same-system,True,False
2882850898,human,True,False
2882856979,same-system,True,False
2882880710,human,True,False
2882889449,human,True,False
2882889554,same-system,True,False
2882891893,same-system,True,False
2882904212,human,True,False
2882916138,same-system,True,False
2882916467,human,True,False
2882916574,human,True,False
2882918379,same-system,True,False
2882921482,same-system,True,False
2882923236,human,True,False
2882930467,human,True,False
2882932051,same-system,True,False
2882947561,same-system,True,False
2884376436,human,True,False
2884378491,same-system,True,False
2889740977,human,False,False
2868135914,human,True,False
2868142628,same-system,True,False
2868142944,same-system,True,False
2868182024,human,False,True
2871880722,human,True,False
2871885898,human,True,False
2871893991,same-system,True,False
2871894465,same-system,True,False
2889323035,human,False,False
2889347599,human,False,False
2914716765,human,True,False
2914725564,human,True,False
2914725642,same-system,True,False
2914729938,human,True,False
2914732740,human,True,False
2914756431,human,True,False
2914764436,same-system,True,False
2914766437,human,False,False
3020963022,human,True,False
2946661948,human,True,False
2946685786,same-system,True,False
2946685876,same-system,True,False
2946743988,human,True,False
2946754211,same-system,True,False
2946793358,human,False,False
2946814752,human,False,False
2946820873,human,True,False
2946838192,same-system,True,False
2946854468,human,True,False
2946861944,same-system,True,False
2946868082,human,True,False
2946883157,same-system,True,False
2946937655,human,False,False
2947104934,human,True,False
2947110063,same-system,True,False
2947315656,human,False,False
2947341197,human,False,False
3174151728,human,True,True
3174178928,same-system,True,False
3175224031,human,True,False
3176554035,human,True,False
3176555117,human,True,False
3176557372,human,False,False
3176570134,same-system,True,False
3203194204,human,False,False
3205997541,human,True,False
3206022850,same-system,True,False
2990742528,human,True,False
2990746952,same-system,True,False
3007549512,human,True,False
3013116792,human,True,False
3014917519,human,True,False
3016431723,human,True,False
2997982055,human,False,False
2998072237,human,False,False
2909656521,human,False,False
2889962449,same-system,True,True
2893391016,human,True,False
2893404263,same-system,True,False
2893404579,same-system,True,False
2893433997,human,False,False
2894294849,human,False,False
2908011123,same-system,False,True
2908054459,human,False,False
2861503963,same-system,False,True
2861517838,human,False,False
2999414938,human,True,False
2999417506,human,True,False
2999425162,same-system,True,False
2999443610,same-system,True,False
3007434647,human,True,False
3007489129,same-system,True,False
3007877365,human,True,False
3007906170,same-system,True,False
3076246748,human,True,False
3076289521,same-system,True,False
3076902551,human,True,False
3076930970,same-system,True,False
3089057227,human,True,False
3089077179,same-system,True,False
3089920115,human,True,False
2860248501,human,True,False
2860280948,same-system,True,False
2860322025,human,True,True
2860434411,same-system,True,False
2860435271,same-system,True,False
2860436339,same-system,True,False
2860437433,same-system,True,False
2860438316,same-system,True,False
2860439332,same-system,True,False
2860440195,same-system,True,False
2860624677,human,True,True
2860747589,same-system,True,False
2860748270,same-system,True,False
2860748836,same-system,True,False
2861440273,human,True,False
2861456251,human,True,False
2861462433,same-system,True,False
2861463039,same-system,True,False
2864216330,human,False,True
2865011146,human,True,False
2854950148,human,False,False
2855605064,human,False,False
2954133887,same-system,False,True
2954134368,human,False,False
2954154557,human,False,False
2988068051,human,True,False
2988086216,same-system,True,False
2988086246,same-system,True,False
2884208533,same-system,True,True
2888128210,human,True,False
2944002931,human,True,False
2944042038,same-system,True,False
2944113694,human,False,False
2965607494,human,False,True
2969259334,human,False,False
2979421702,human,False,False
2928886549,same-system,False,True
3064873897,human,False,True
3064880612,human,False,False
2997066157,human,False,False
2974549430,human,False,True
2975242193,human,True,False
2975274158,same-system,True,False
2975292771,human,True,False
2975293200,human,True,False
2975297604,human,True,False
2975348404,same-system,True,False
2975348527,same-system,True,False
2975348673,same-system,True,False
2975437096,human,True,False
2975451186,same-system,True,False
2975598486,human,True,False
2975608197,same-system,True,False
2975723485,human,True,False
2975733552,same-system,True,False
2976381491,human,True,False
2976387300,human,True,False
2976394838,same-system,True,False
2976418663,human,True,False
2976448732,same-system,True,False
2978470945,human,True,False
2978475536,human,True,False
2978487511,same-system,True,False
2978563120,human,False,True
2980870452,human,False,False
2982302114,human,False,False
2862730716,human,False,True
2862834524,human,True,False
2862854220,same-system,True,False
2862854418,same-system,True,False
2862867735,human,True,False
2862876191,human,True,False
2862886083,same-system,True,False
2862888648,human,True,False
2862894496,same-system,True,False
2914446494,same-system,False,True
2953003110,same-system,True,True
2970779521,same-system,True,True
2970784218,human,True,False
2974467380,human,False,True
2860966068,same-system,True,True
2861001767,human,True,False
2861003379,human,True,False
2861010472,same-system,True,False
2861038974,same-system,True,False
2861059744,human,True,False
2861064188,human,True,False
2861065709,human,True,False
2862831734,same-system,True,False
2862831935,same-system,True,False
2862832207,same-system,True,False
2863047329,human,True,False
2863056683,same-system,True,False
2863056861,same-system,True,False
2863057043,same-system,True,False
2863057275,same-system,True,False
2863127217,human,True,False
2863550171,same-system,True,False
2866708915,human,True,False
2866710660,same-system,True,False
2866716559,human,True,False
2866717573,same-system,True,False
2866742086,human,True,False
2866743967,same-system,True,False
2866744524,human,True,False
2866747224,same-system,True,False
2866747279,same-system,True,False
2876831367,human,False,False
2994340148,human,False,True
2994474546,human,False,False
3038599230,human,False,False
2876629970,human,True,False
3011067083,same-system,False,True
3022558365,human,False,False
3050300505,human,False,False
2900198130,human,False,False
2963731121,human,True,False
2963752321,same-system,True,False
2964142514,human,False,False
3007286025,human,False,True
2964193327,human,True,False
2964211426,same-system,True,False
2964276209,human,False,False
3072980075,same-system,False,True
3072980855,human,False,False
2897427520,human,False,False
3187368410,human,True,False
3187370854,human,True,False
3187380763,same-system,True,False
3190171315,human,True,False
3190172177,human,True,False
3191175586,human,False,True
3191183044,same-system,True,False
3191183051,same-system,True,False
3273431487,human,False,False
2914914467,human,True,False
2914927845,human,True,False
2914934737,same-system,True,False
2914936729,same-system,True,False
2914956293,human,True,False
2914967628,same-system,True,False
2915095471,human,True,False
2915122244,same-system,True,False
2915521344,human,True,False
2915536750,same-system,True,False
2915543917,human,True,False
2915552324,same-system,True,False
2918143354,human,False,False
2918886786,human,False,False
2999020240,human,True,True
2999037917,same-system,True,False
2999058729,human,True,True
2999119227,human,False,True
3046157920,human,False,False
3046162889,human,False,False
3046163218,same-system,True,True
3048025449,human,False,False
3007526792,human,False,False
2907094198,same-system,True,True
2908055033,human,False,False
2866240858,human,True,False
2866244874,same-system,True,False
2867329716,human,False,False
2984445766,human,True,False
2984451136,same-system,True,False
2987441178,human,True,False
2987448043,same-system,True,False
2987509761,human,True,False
2987568105,same-system,True,False
2989259514,human,True,False
2989835316,human,True,False
2990187137,human,True,False
2860180378,human,True,False
2860222652,same-system,True,False
2860408769,human,True,False
2860449131,same-system,True,False
2860449827,same-system,True,False
2860464317,human,True,False
2860513155,same-system,True,False
2860513557,same-system,True,False
2860524730,human,True,False
2860574955,same-system,True,False
2860575488,same-system,True,False
2860629272,human,True,False
2860671836,same-system,True,False
2860866873,human,True,False
2860892802,same-system,True,False
2860899098,human,True,False
2860924571,same-system,True,False
2860929833,human,True,False
2860967240,same-system,True,False
2860967600,same-system,True,False
2860967963,same-system,True,False
2861374675,human,True,False
2861397037,same-system,True,False
2863801098,human,True,False
2863814249,same-system,True,False
2864078570,human,True,False
2864097940,same-system,True,False
2924088640,human,True,False
2924097692,same-system,True,False
2924367230,human,False,True
2924401372,human,True,False
2924415117,same-system,True,False
2924629218,human,False,False
3149350163,human,False,True
2978638735,human,False,False
2978666640,human,False,False
2985173782,human,False,False
3086470677,same-system,False,True
3086522647,same-system,True,True
3053118038,human,True,False
3053128025,same-system,True,False
3054624593,human,False,False
2961370038,human,False,True
2961474456,human,False,False
2961632279,human,False,False
2852662976,same-system,True,True
2967986588,human,True,False
2967989425,same-system,True,False
2967989739,human,False,False
2967990115,human,False,False
3029012731,human,True,True
3029034400,same-system,True,False
3029034501,same-system,True,False
3029034600,same-system,True,False
3029034707,same-system,True,False
3029115534,human,False,True
2972547557,human,True,True
2972647514,same-system,True,False
2972696788,human,False,True
3117166083,human,False,False
3117195044,human,True,False
3117235394,human,True,False
3117741126,human,True,False
3117741314,human,False,False
3117891477,human,True,False
3117935704,human,True,False
3117962884,human,True,False
3124672704,human,True,False
2878023025,same-system,False,True
2878597447,human,True,False
2878652051,same-system,True,False
2878652334,same-system,True,False
2878652634,same-system,True,False
2878653034,same-system,True,False
2878653362,same-system,True,False
2878653704,same-system,True,False
2878654075,same-system,True,False
2878654387,same-system,True,False
2878654916,same-system,True,False
2878655264,same-system,True,False
2878655638,same-system,True,False
2878655990,same-system,True,False
2878656641,same-system,True,False
2878657325,same-system,True,False
2878657852,same-system,True,False
2878658331,same-system,True,False
2878679249,human,False,False
2878896079,human,True,False
3024687793,same-system,False,True
3025283558,human,False,True
2927164284,human,True,False
2927164450,human,True,False
2927164557,human,True,False
2927164881,human,True,False
2927178996,same-system,True,False
2927180707,human,True,False
2927180941,same-system,True,False
2927180953,same-system,True,False
2927185483,human,True,False
2927185945,same-system,True,False
2930801231,same-system,True,False
2990553296,human,False,False
2990560637,human,False,False
2946943353,human,True,False
2946946650,human,False,False
2946953119,same-system,True,False
2947029645,human,True,False
2950638472,human,False,False
3040008709,human,False,False
3040015888,human,False,True
3040764939,human,False,False
3040967462,human,False,False
3043983235,human,False,False
2943754082,human,False,True
3021778913,human,False,True
3022325329,human,False,True
3022474635,human,False,False
3027808412,human,False,False
3027854955,human,False,False
3029277150,human,False,False
3071341159,human,False,True
3074562062,human,True,False
3074645748,same-system,True,False
3074646046,same-system,True,False
3074646212,same-system,True,False
3074646444,same-system,True,False
3074646630,same-system,True,False
3110833036,human,True,False
3120338677,human,False,False
3120491252,human,False,False
2976129362,human,False,True
2979335437,human,False,False
2982459198,human,True,False
2982490408,human,False,False
3021699421,same-system,False,True
3021705217,human,False,False
2995172283,same-system,True,False
2999183013,human,False,False
3002123118,human,False,False
3021048372,human,True,False
3021048782,human,True,False
3021049147,human,True,False
3021062878,same-system,True,False
3021083525,same-system,True,False
3021083922,same-system,True,False
3021202314,human,True,False
3021223395,same-system,True,False
3023525953,human,False,False
2874642891,same-system,False,True
2919428193,human,False,False
2963683108,human,False,False
2963705253,human,False,False
2963855158,human,False,False
2979141367,human,True,True
2979182307,same-system,True,False
2979182446,same-system,True,False
2979182560,same-system,True,False
2979182680,same-system,True,False
2979182790,same-system,True,False
2979182926,same-system,True,False
2979204279,human,True,False
2979213650,same-system,True,False
2979229582,human,False,True
2979348647,human,True,False
2979379296,same-system,True,False
2979379446,same-system,True,False
3044973381,human,True,False
3044976344,human,True,False
3044990176,same-system,True,False
3045019653,same-system,True,False
3071377737,human,False,False
3071379044,same-system,False,True
3071472466,human,False,False
3072610535,human,False,False
3035339804,same-system,False,True
3055648879,human,False,False
2972683433,human,True,True
2972700520,same-system,True,False
2972700590,same-system,True,False
2972709535,human,False,True
2972853923,human,False,False
2977006399,human,False,False
2977071075,human,False,True
2963712496,human,False,True
2963726259,human,False,True
2963815438,human,True,False
2963838866,same-system,True,False
2963838917,same-system,True,False
2963987445,human,True,False
2964032809,same-system,True,False
2964032966,same-system,True,False
2964033101,same-system,True,False
2964033270,same-system,True,False
2964033423,same-system,True,False
2964033577,same-system,True,False
2965723665,human,True,False
2965738067,same-system,True,False
3304330569,human,False,True
2867022967,same-system,True,True
2867023822,human,True,False
2867202034,human,True,False
2867226171,same-system,True,False
2867492113,human,True,False
2869247934,same-system,True,False
2869526391,human,False,False
2869700474,human,True,False
3069717350,human,True,False
3069743412,same-system,True,False
3069760853,human,True,False
3069774708,same-system,True,False
2971011676,human,False,True
3002693291,human,False,False
3002900527,human,False,False
3002921133,human,False,False
3002921390,human,False,False
3002924227,human,False,False
3025440717,human,True,False
3025467343,same-system,True,False
3025794759,human,False,False
3012492733,human,True,False
3012504997,same-system,True,False
3012520583,human,True,False
3012533537,same-system,True,False
3022648123,human,False,False
2997845601,human,True,True
2997889437,same-system,True,False
2997889598,same-system,True,False
2997977227,human,True,True
3007238348,same-system,True,False
3017404568,human,True,True
3017417525,same-system,True,False
3017417603,same-system,True,False
3017417726,same-system,True,False
3021173328,human,True,False
3021173954,human,False,False
3021834786,human,True,False
2916515324,human,True,False
2916582591,same-system,True,False
2917534781,human,True,False
2917592826,same-system,True,False
2917746901,human,True,False
2917767467,same-system,True,False
2917816309,human,True,False
2917839751,same-system,True,False
2917915725,human,True,False
2917916566,human,True,False
2917941600,same-system,True,False
2917971558,same-system,True,False
2864471618,same-system,False,True
2864675023,human,False,True
2948350458,human,False,True
2948380498,same-system,False,True
2949080982,human,False,True
2983712360,human,True,True
2983743131,same-system,True,False
2983743223,same-system,True,False
2983743320,same-system,True,False
2983743417,same-system,True,False
2983743530,same-system,True,False
3287087274,same-system,False,True
3289504849,human,False,True
3290785753,human,False,False
3291233214,human,False,False
3291350576,human,False,False
2980562233,human,True,False
2980591493,same-system,True,False
2985208265,human,False,False
2991032075,human,False,False
2874737533,human,True,False
2868763647,human,True,False
2868763910,human,True,False
2868765126,human,True,False
2868765567,human,True,False
2868770948,same-system,True,False
2868786421,same-system,True,False
2868786745,same-system,True,False
2868786955,human,True,False
2868787057,same-system,True,False
2868796155,human,True,False
2905657272,human,False,True
2855571480,human,False,True
2855624085,human,True,True
2855640636,same-system,True,False
2855640936,same-system,True,False
3014177686,human,True,False
3014178458,same-system,True,False
3014179092,human,True,False
3014179852,same-system,True,False
3014183034,human,False,False
3015132733,human,True,False
3015136400,human,True,False
3015153733,same-system,True,False
2921894885,human,False,True
2922007183,human,True,False
2922008185,human,False,True
2922184134,human,False,True
2858419515,human,True,False
2858446905,same-system,True,False
2858447462,same-system,True,False
2859095665,human,True,False
2859098530,same-system,True,False
2859103022,human,True,False
2859121421,same-system,True,False
2859186896,human,True,False
2859222082,same-system,True,False
2859235144,human,True,False
2859284556,same-system,True,False
2915147614,same-system,True,True
2915155635,human,False,False
2892972508,human,False,True
2990593189,human,False,False
2918123718,human,False,False
3035370559,human,True,False
3035371772,same-system,True,False
3035388070,human,False,False
2984709669,human,True,False
2984717291,same-system,True,False
2994849827,human,False,True
2998287726,human,False,False
2874571259,human,False,True
2988067681,human,False,False
2874032568,same-system,True,True
2875266501,human,True,False
2875290859,human,True,False
2875354262,same-system,True,False
2875400330,human,False,False
2928931896,human,False,False
2930755891,human,False,False
2933671984,human,False,False
2994814068,human,True,False
2994890363,same-system,True,False
2995006208,human,True,False
2995049956,same-system,True,False
2998728170,human,True,False
2998781944,same-system,True,False
2998782308,same-system,True,False
2998782681,same-system,True,False
2999109404,human,False,False
3061731918,human,False,False
3061747653,human,False,False
3061940145,human,False,False
3061993453,human,False,False
2859759887,same-system,True,True
2859761310,human,True,False
2863408749,human,True,False
2992011185,human,False,False
2887029415,same-system,False,True
2915330639,same-system,False,True
2915330832,human,False,True
3085748145,human,True,False
3085748652,human,False,False
3085759405,same-system,True,False
3023897755,human,True,False
3023913790,human,True,False
3023914391,same-system,True,False
3023916257,human,True,False
3023920019,human,True,False
3023955993,same-system,True,False
3023956128,same-system,True,False
3023980304,same-system,True,False
3037254875,human,False,False
3037777878,human,True,False
3037790968,human,True,False
3037811375,human,False,True
2911319438,same-system,False,True
2950114826,human,False,False
2998277776,human,False,False
3060256209,human,True,False
3060272634,same-system,True,False
2950647117,human,True,False
2950668139,human,True,False
2950687039,same-system,True,False
2955058116,human,True,False
2955069419,same-system,True,False
3033602186,human,True,False
3033610322,same-system,True,False
3039097053,human,False,False
2994249095,human,True,True
2994346301,human,True,False
2994347178,human,True,False
3054680434,human,False,False
3056089859,human,True,True
3064796588,human,False,False
2937632871,human,False,False
2937728344,human,False,False
2939893599,human,False,False
3054256296,human,True,False
3054282041,same-system,True,False
3054750010,human,False,False
2914727180,human,False,False
2914788209,human,True,True
2914800264,same-system,True,False
2914800499,same-system,True,False
2914800687,same-system,True,False
2914800966,same-system,True,False
2914801224,same-system,True,False
2914801477,same-system,True,False
2914801722,same-system,True,False
2914840185,human,False,False
2915035597,human,False,False
2915064768,human,False,False
2932993190,human,False,False
2933008745,cross-system,False,True
2933020290,human,True,False
2933026216,human,True,False
2933109665,cross-system,False,True
2933438743,cross-system,False,True
2933458898,cross-system,False,True
2933515412,cross-system,False,True
2933528441,human,True,False
2933613348,human,True,False
2933615673,human,False,False
2933623057,human,True,False
2933629245,human,True,False
2933632566,cross-system,False,True
2882021980,human,True,False
2882037091,same-system,True,False
2882037329,same-system,True,False
2882293877,human,True,True
2882313228,same-system,True,False
2882347401,human,True,False
2882372536,same-system,True,False
2882414571,human,True,False
2882445637,same-system,True,False
2882629686,human,False,True
2973520069,human,False,True
2973945418,human,True,False
2973988610,same-system,True,False
2985642965,human,True,False
2985649027,same-system,True,False
2985931039,human,True,False
2985931510,human,True,False
2985937559,same-system,True,False
2985951386,same-system,True,False
2979344665,human,False,False
2979354045,human,False,False
2915517015,human,False,False
2917670548,human,False,False
2984915156,human,True,False
2984954012,same-system,True,False
3024405967,human,True,True
3024425040,same-system,True,False
3024474618,human,True,False
3024482229,human,False,True
3024504085,same-system,True,False
3024573708,human,False,True
3024602323,human,False,True
3024794480,human,False,True
3024941894,human,False,True
3025005462,human,False,True
3025021310,human,False,True
3025612729,human,False,False
3045095198,human,False,False
3056455242,human,False,False
2894167721,human,True,False
2894168346,human,True,False
2894168636,human,True,False
2894169122,human,True,False
2894169466,human,True,False
2894169698,human,True,False
2894177912,same-system,True,False
2894184421,same-system,True,False
2894189901,same-system,True,False
2894190434,same-system,True,False
2894190657,same-system,True,False
2894388485,human,True,False
2894388748,human,True,False
2894399558,human,False,True
2894400330,same-system,True,False
2894400887,human,False,True
2894416924,same-system,True,False
2875892784,same-system,True,True
2876534644,human,False,False
2876608162,human,True,False
2914441144,human,False,False
2914446314,human,False,False
2914568523,human,False,False
2914638932,human,False,True
2855018051,human,True,False
2855120853,human,True,False
2855140080,same-system,True,False
3019095210,human,False,True
3019266932,human,False,True
3027923199,human,False,False
3030555983,human,False,False
3030563964,human,False,False
3027984005,human,True,False
3028000632,same-system,True,False
3028009679,human,True,False
3030285453,human,True,False
3030289808,human,True,False
3030298588,same-system,True,False
3030315053,same-system,True,False
2922765063,human,True,False
2922779676,same-system,True,False
2922779861,same-system,True,False
2922787079,human,True,False
2922788160,human,True,False
2922796313,same-system,True,False
2922800307,same-system,True,False
2922800421,same-system,True,False
2937294211,human,False,False
2940687759,human,False,False
2904374250,human,False,False
2904392594,human,True,False
2904393047,human,True,False
2904394916,human,True,False
2904396242,human,True,False
2904398378,same-system,True,False
2904406169,same-system,True,False
2904406495,same-system,True,False
2904406794,same-system,True,False
2904408567,human,True,False
2904409472,human,True,False
2904410523,human,True,False
2904425664,same-system,True,False
2904442577,same-system,True,False
2904442900,same-system,True,False
2934823808,human,False,False
2935098034,human,False,False
2948051849,human,True,False
2948051996,human,True,False
2948053068,same-system,True,False
2955401220,human,True,False
2955413868,same-system,True,False
2865773410,human,True,False
2865781145,same-system,True,False
2947965633,human,True,False
2947971339,same-system,True,False
2983063311,same-system,False,True
2963800194,human,False,False
2963801421,human,True,False
2963831642,same-system,True,False
3007045927,human,True,False
3007083006,same-system,True,False
3007263778,human,True,False
3007291019,same-system,True,False
3007291027,same-system,True,False
3007424453,human,False,False
3039335843,human,True,True
3039398538,same-system,True,False
3039398840,same-system,True,False
3039399096,same-system,True,False
3039399432,same-system,True,False
3039399663,same-system,True,False
3039492751,human,True,True
3039540344,same-system,True,False
3039585347,human,False,False
3047499754,human,False,False
3002176132,human,True,False
3002207281,same-system,True,False
3002207363,same-system,True,False
3007051466,human,False,False
3016776138,human,False,False
3072542699,human,False,True
2943551742,human,True,False
2943558638,same-system,True,False
2943558706,same-system,True,False
2943562106,human,True,False
2943565441,human,True,False
2943566721,same-system,True,False
2943574328,same-system,True,False
2943599228,human,False,False
2944338998,human,True,False
2944341252,same-system,True,False
2944404871,human,True,False
2944405500,human,True,False
2944406976,same-system,True,False
2944409576,same-system,True,False
2944598089,human,True,False
2951290074,human,False,False
2984938536,human,True,False
3026489337,human,True,False
3026507602,same-system,True,False
3027104484,human,False,False
2991512057,human,True,False
2991523322,same-system,True,False
2991523354,same-system,True,False
2991523372,same-system,True,False
2994608870,human,True,False
2997009160,same-system,True,False
2997009289,same-system,True,False
2997009388,same-system,True,False
2997009498,same-system,True,False
2997009594,same-system,True,False
2997009709,same-system,True,False
2997009817,same-system,True,False
2997009898,same-system,True,False
2997010013,same-system,True,False
2997010165,same-system,True,False
2997010278,same-system,True,False
2997010392,same-system,True,False
3001753426,human,True,False
3001821759,same-system,True,False
3002082997,human,True,False
3002202725,same-system,True,False
3002204855,same-system,True,False
3002206659,same-system,True,False
3002207132,same-system,True,False
3002208067,same-system,True,False
3002210109,same-system,True,False
3002213077,same-system,True,False
3002215987,same-system,True,False
3002216407,same-system,True,False
3002217625,same-system,True,False
3048725234,same-system,True,True
3048794304,human,True,False
3048815943,same-system,True,False
3052930473,human,False,False
3001392357,human,True,False
3001394084,human,True,False
3001442302,same-system,True,False
3001442467,same-system,True,False
3003615133,human,True,True
3003618436,same-system,True,False
3003619786,human,True,False
3003621898,same-system,True,False
3003626337,human,True,False
3003628446,same-system,True,False
2951826407,human,False,True
2951866876,human,False,True
2954467242,human,False,False
3022790884,human,True,False
3022791251,human,True,False
3022796995,same-system,True,False
3022797030,same-system,True,False
3022806023,human,True,False
3022807053,human,True,False
3022872189,human,True,False
2959882701,human,False,True
2959891675,human,False,True
2960011715,human,False,True
2960079420,human,False,True
2871133874,human,False,True
2871136336,human,True,False
2968543582,human,True,False
2968558759,same-system,True,False
2955209572,human,False,False
2955259010,human,False,True
2954642518,human,False,True
2955017695,human,True,False
2955105759,human,False,False
2955137101,human,False,False
3006563512,same-system,True,True
2905866423,human,False,False
2925285702,human,False,False
2858727906,human,False,True
2973279303,human,True,False
2973289181,same-system,True,False
2973298051,human,True,False
2973301339,same-system,True,False
2973305848,human,False,False
2973468405,human,False,False
3035672986,human,False,False
3035677428,human,False,False
3035677537,human,False,False
3007831159,human,True,False
3007864100,same-system,True,False
3028515667,same-system,True,True
3030874292,human,False,False
2934098482,human,True,False
2934128068,same-system,True,False
2934139289,same-system,True,False
2934139395,same-system,True,False
2934139501,same-system,True,False
2934139634,same-system,True,False
2936658735,human,True,False
2866983898,human,True,False
2866990484,same-system,True,False
2866990554,same-system,True,False
2866990630,same-system,True,False
2866990684,same-system,True,False
2866990744,same-system,True,False
2876865999,human,True,False
2876875711,same-system,True,False
2876875835,same-system,True,False
2877594628,human,False,False
2936101704,human,True,False
2936117373,human,True,False
2936129032,human,True,False
2936156208,same-system,True,False
2936170913,human,False,False
2940721487,human,False,False
2942109533,human,False,True
2915518241,human,False,False
2915586257,human,False,False
2917672860,human,False,False
2998334521,human,True,False
2998354057,same-system,True,False
2998363524,human,True,False
3029003328,human,True,False
3029031576,human,True,False
3029038654,human,True,False
3029048712,human,False,False
3043758390,same-system,True,True
3052207657,human,True,False
3052246895,human,False,True
2895117429,human,False,True
2982141827,human,True,False
2982146509,human,True,False
2982153624,human,True,False
2982154395,same-system,True,False
2982154632,human,True,False
2982155818,human,True,False
2982171460,same-system,True,False
2982171547,same-system,True,False
2982171662,same-system,True,False
2982171764,same-system,True,False
2983398405,human,False,False
2984485039,human,False,True
2984551745,human,False,True
2984670286,human,False,False
2904864720,human,True,False
2904884203,same-system,True,False
2882611619,human,False,True
2910791758,human,False,True
2911478356,human,False,True
3038602749,human,False,False
3038632095,same-system,True,True
2914355938,human,True,False
2914376553,same-system,True,False
2914405627,human,True,False
2914885043,human,True,False
2914897677,same-system,True,False
2914953142,human,True,False
2914971195,same-system,True,False
2922737672,human,False,False
2922738708,human,False,True
2906423585,human,True,False
2906428401,same-system,True,False
2958834866,cross-system,False,True
3040720284,human,False,False
3171747716,human,False,True
2908423260,human,False,True
2953145561,human,False,True
2919265138,human,True,False
2919297542,same-system,True,False
2919297667,same-system,True,False
2919305678,human,True,False
2919315516,same-system,True,False
2919316998,human,True,False
2919330604,same-system,True,False
2919330763,same-system,True,False
2919330899,same-system,True,False
2919340045,human,True,False
2919364328,same-system,True,False
2919364842,same-system,True,False
2919365731,same-system,True,False
2919366521,same-system,True,False
2919366958,same-system,True,False
2919367849,same-system,True,False
2919368147,same-system,True,False
2919369249,same-system,True,False
2919369530,same-system,True,False
2919393061,human,True,False
2919400516,same-system,True,False
2919401205,same-system,True,False
2919401870,same-system,True,False
2919402337,same-system,True,False
2919402786,same-system,True,False
2919403605,same-system,True,False
2875589710,human,False,True
2875625535,human,False,True
2875629283,human,False,True
2876281519,human,False,True
2856399940,human,True,False
2856413134,human,True,False
2856413523,human,True,False
2856426218,same-system,True,False
2856437098,same-system,True,False
3054115112,human,True,False
3054144799,same-system,True,False
3055215716,human,False,False
3055273840,human,False,False
2950240243,human,False,False
2951414286,human,False,True
2890981533,same-system,False,True
2965569218,same-system,True,True
3015284861,human,False,True
2865394077,human,False,True
2865429254,human,False,True
2871580939,human,False,False
2980308083,human,True,False
2980308793,human,True,False
2980309531,human,True,False
2980316292,same-system,True,False
2980322383,human,True,False
2980322620,same-system,True,False
2980322709,same-system,True,False
2980327151,same-system,True,False
3029039059,human,True,True
3029080658,same-system,True,False
3029080773,same-system,True,False
3029080885,same-system,True,False
3029080979,same-system,True,False
3029084506,human,False,False
3029088566,human,True,True
3029116848,same-system,True,False
3029138192,human,True,False
3029172868,same-system,True,False
3029173005,same-system,True,False
3029187779,human,True,False
3029199984,same-system,True,False
3029206862,human,False,False
3046266030,human,False,False
2922606438,human,True,True
2922671114,same-system,True,False
2922671287,same-system,True,False
2922671481,same-system,True,False
2922671679,same-system,True,False
2922671863,same-system,True,False
2922672033,same-system,True,False
2922672248,same-system,True,False
2922672448,same-system,True,False
2923242478,human,True,True
2923304526,same-system,True,False
2923304661,same-system,True,False
2924832716,human,False,True
2924919440,human,True,True
2926313636,same-system,True,False
2926314365,same-system,True,False
2926315479,same-system,True,False
2926316266,same-system,True,False
2926316602,same-system,True,False
2926317461,same-system,True,False
2926384760,human,True,True
2926426404,same-system,True,False
2926426558,same-system,True,False
2926427077,same-system,True,False
2933142869,human,False,False
2933148562,human,False,False
2921673731,human,True,False
2921691379,same-system,True,False
2921769426,human,True,False
2921783533,same-system,True,False
2921795490,human,True,False
2921811941,same-system,True,False
2923088764,human,True,False
2923099546,same-system,True,False
2923126812,human,True,False
2923129794,same-system,True,False
2923188639,human,False,False
2923635111,human,True,False
2923635437,human,False,True
2923680390,human,True,False
2923680727,human,True,False
2923682895,human,True,False
2923694608,same-system,True,False
2923694870,same-system,True,False
2923702781,same-system,True,False
2923703046,same-system,True,False
2862680335,human,True,False
2862690850,same-system,True,False
2862691069,same-system,True,False
2862696577,human,True,False
2862706792,same-system,True,False
2862710364,human,True,False
2862717477,same-system,True,False
2862717636,same-system,True,False
2862720395,human,True,False
2862722690,same-system,True,False
2862727754,human,True,False
2862742454,human,True,False
2862760560,same-system,True,False
2862776080,same-system,True,False
2862792209,human,True,False
2862799191,same-system,True,False
2862803864,human,True,False
2862811846,same-system,True,False
2883001979,human,True,False
2883016216,same-system,True,False
3013304722,human,False,False
2951460463,human,False,False
2952584032,human,False,False
2941835181,human,False,False
2942003435,human,True,False
2942018214,same-system,True,False
2942018409,same-system,True,False
2942018595,same-system,True,False
2943359682,human,True,False
2943371131,same-system,True,False
2943676612,human,True,False
2943683505,same-system,True,False
2943827095,human,False,False
2943843106,human,True,False
2943851183,same-system,True,False
2944328255,human,False,False
3095971863,human,True,False
3120253311,human,True,False
2880367642,human,False,False
3000568017,human,False,False
3057953703,human,False,False
3057963275,human,False,False
3053925913,same-system,False,True
3053926965,human,False,False
2976594764,human,True,False
2976608979,same-system,True,False
2980551580,human,False,True
2879390109,same-system,True,True
2879408811,human,True,False
2879410864,human,True,False
2879453545,same-system,True,False
2879614681,human,True,False
2879647557,same-system,True,False
2879647720,same-system,True,False
2879647866,same-system,True,False
2879648041,same-system,True,False
2879648204,same-system,True,False
2879648454,same-system,True,False
2879654551,human,True,False
2879674016,same-system,True,False
3076808396,human,False,False
3143806956,human,True,False
3143850885,human,True,False
3143890378,same-system,True,False
3143890918,same-system,True,False
3143891597,same-system,True,False
3145187797,human,False,True
3146540050,human,False,False
2925309561,human,True,False
2925318964,same-system,True,False
2925514572,human,False,True
2925568470,human,True,False
2925569537,human,True,False
2925570396,human,True,False
2970566172,human,False,False
3016022850,human,True,False
3016086051,same-system,True,False
3016086418,same-system,True,False
3016086786,same-system,True,False
3016087140,same-system,True,False
3016087471,same-system,True,False
3016087846,same-system,True,False
3016088177,same-system,True,False
3016088496,same-system,True,False
3016088921,same-system,True,False
3016089282,same-system,True,False
3016089564,same-system,True,False
3016121458,human,True,True
3016164252,human,True,False
3016166296,human,True,False
3016218909,same-system,True,False
3016297398,same-system,True,False
3016297400,same-system,True,False
3016300403,human,True,False
3016353378,same-system,True,False
3016397154,human,True,False
3016425436,same-system,True,False
3016454804,human,True,False
3016462629,same-system,True,False
3017608915,human,False,False
3063063963,human,False,False
3063103576,human,False,False
3063126767,human,False,False
3063144963,human,False,False
3063160866,human,False,False
2975523805,human,False,False
2978739842,human,False,True
2984372231,human,False,True
2970308664,human,False,True
2984521054,human,False,False
2986286041,human,False,False
2977478568,human,False,False
2977486104,human,False,False
2932106815,human,True,True
2932218457,same-system,True,False
2932219340,same-system,True,False
2932219934,same-system,True,False
2932220483,same-system,True,False
2932221082,same-system,True,False
2932221598,same-system,True,False
2932222177,same-system,True,False
2935925369,human,True,True
2935954867,same-system,True,False
2935961616,same-system,True,False
2938474809,human,True,True
2939086084,same-system,True,False
2939086677,same-system,True,False
2939087516,same-system,True,False
2939087944,same-system,True,False
2939088426,same-system,True,False
2939109507,same-system,True,False
2935320353,human,True,False
2935322961,human,True,False
2935324014,human,True,False
2935326841,human,True,False
2935346820,same-system,True,False
2936652954,human,True,False
2936654131,human,True,False
2938464039,human,False,False
2938478755,human,True,False
2938643525,human,True,False
3052532413,human,True,False
3052533533,human,True,False
3052540830,same-system,True,False
2869013953,human,False,True
2869022587,human,False,False
2983715604,same-system,False,True
2983755756,same-system,False,True
2894845507,human,True,False
2894863134,same-system,True,False
2898591962,human,False,False
2969362038,same-system,False,True
2969369985,human,True,False
2969371438,same-system,True,False
2971800297,human,False,False
2951976695,human,False,True
2905996068,human,False,False
2910643496,human,False,False
2914060938,human,False,False
2895998283,same-system,False,True
2896000041,human,True,False
2896017199,same-system,True,False
2896025127,human,False,False
2930140007,human,False,True
2930312795,human,False,False
2995842018,human,True,False
2995850394,same-system,True,False
2995880690,human,False,True
2995888299,human,False,False
2996213215,human,False,False
3052185079,human,True,False
3052231315,same-system,True,False
3052527854,human,True,False
3052579489,same-system,True,False
3054749381,human,True,False
3054797400,same-system,True,False
2982802521,human,False,True
2982835955,human,False,True
2982894346,human,True,False
2982910794,same-system,True,False
2982910892,same-system,True,False
2982928980,human,False,True
2982939339,human,False,False
2989867699,human,False,False
2906811228,human,False,True
2906897394,human,False,True
3029192284,human,True,False
3029231443,same-system,True,False
3029231569,same-system,True,False
3029231680,same-system,True,False
3029231810,same-system,True,False
3029231914,same-system,True,False
3029232020,same-system,True,False
3029232164,same-system,True,False
3029232273,same-system,True,False
3029232417,same-system,True,False
3029232537,same-system,True,False
3029232709,same-system,True,False
3029232843,same-system,True,False
3029232997,same-system,True,False
3029233172,same-system,True,False
3029233351,same-system,True,False
3029233486,same-system,True,False
3029233611,same-system,True,False
3029233759,same-system,True,False
3101089631,human,False,True
3008457040,same-system,True,True
3008547103,human,False,False
3013998719,human,True,False
3013999853,same-system,True,False
2905587537,human,False,False
2905616960,human,False,False
2938061236,same-system,False,True
2938064956,human,True,False
2938083398,same-system,True,False
2938100895,human,True,False
2938114493,same-system,True,False
2938662380,human,False,False
2948946032,human,False,False
2870521535,human,True,False
2870534262,same-system,True,False
2870534655,same-system,True,False
2870571315,human,True,False
2870582841,same-system,True,False
2871227980,human,False,False
2995673973,human,False,False
2995877038,same-system,True,True
2995881593,human,True,False
2907702708,human,False,True
2940373281,human,False,True
2940571581,human,False,True
2940573846,human,False,True
2940739120,human,True,False
2940776526,same-system,True,False
2973050325,human,True,False
2973062604,same-system,True,False
2973062986,same-system,True,False
2973063108,same-system,True,False
2973063209,same-system,True,False
2973064905,human,False,False
2980310724,human,False,False
3008300915,human,False,False
3045979342,human,False,False
3045981146,same-system,False,True
3046015626,human,False,False
2977082371,human,False,True
2968152910,human,True,False
2968153628,human,True,False
2968155153,same-system,True,False
2968328493,human,False,False
2976575586,human,True,False
2976614306,same-system,True,False
2976614382,same-system,True,False
2976614466,same-system,True,False
2997998339,human,True,False
2998051117,same-system,True,False
2998082251,human,True,False
2998133416,same-system,True,False
2998533860,human,True,False
2998574770,same-system,True,False
2998620540,human,True,False
2998641910,same-system,True,False
3002265975,human,True,False
3002290876,same-system,True,False
3002337625,human,True,False
3002347051,same-system,True,False
3016872818,human,True,False
3016888344,same-system,True,False
3040325338,human,True,False
3040358147,same-system,True,False
3040372257,human,True,False
3040395060,same-system,True,False
3056730454,human,False,False
3056974712,human,True,False
3057020744,same-system,True,False
3057021730,same-system,True,False
3063483288,human,False,False
3063567824,human,True,False
3063598944,same-system,True,False
3063599584,human,True,False
2889276438,human,False,True
2889320931,human,False,True
2893718530,human,False,False
2897188513,human,False,False
2885827698,human,True,False
2885844910,same-system,True,False
2886281674,human,True,False
2886283553,human,True,False
2886290567,human,False,False
2929177935,human,True,False
2929204717,same-system,True,False
2969967991,human,False,False
2969999915,human,False,False
2970621235,human,True,False
2902743554,same-system,True,True
2869929835,same-system,True,True
2880545912,human,False,False
2958536549,human,False,True
3066102216,human,False,True
3066403522,human,False,True
3066456084,human,True,False
3066480899,same-system,True,False
3067762038,human,False,False
3068455353,human,False,False
2972770631,human,False,False
2972783539,human,False,False
2983747402,human,False,False
3035507653,human,False,False
3035507739,same-system,True,True
3047248356,human,True,True
3047338864,same-system,True,False
3047367266,human,True,False
3047419795,same-system,True,False
3047446288,human,True,False
3047483714,same-system,True,False
3047547838,human,False,False
3047706365,human,False,False
2852156487,human,False,True
2852183916,human,True,True
2852197168,same-system,True,False
2852197402,same-system,True,False
2852197630,same-system,True,False
2852197862,same-system,True,False
2854939128,human,True,False
2858000995,human,True,False
3029957628,human,True,False
3030102768,same-system,True,False
3030102877,same-system,True,False
3030102984,same-system,True,False
3030103100,same-system,True,False
3030103213,same-system,True,False
3030103321,same-system,True,False
3030103447,same-system,True,False
3030103606,same-system,True,False
3030155323,human,True,False
3031077041,same-system,True,False
3031077118,same-system,True,False
3031077202,same-system,True,False
3038724209,human,False,False
2967594965,same-system,False,True
2969064352,human,False,False
2908194088,same-system,False,True
3087504073,human,False,False
3087569384,human,False,False
2953720357,human,True,False
2953754271,same-system,True,False
2953754391,same-system,True,False
2953754511,same-system,True,False
2953754626,same-system,True,False
2953754767,same-system,True,False
2963141373,human,True,True
2963361202,same-system,True,False
2963361801,same-system,True,False
2963362242,same-system,True,False
2963362744,same-system,True,False
2963543536,human,True,False
2963567219,same-system,True,False
2963567357,same-system,True,False
2963617549,human,True,False
2963623317,same-system,True,False
2964293505,human,True,False
2964293989,human,True,False
2964298193,same-system,True,False
2964308677,same-system,True,False
2971740595,human,True,True
2972316399,same-system,True,False
2972316722,same-system,True,False
2972316943,same-system,True,False
2972317179,same-system,True,False
2972317404,same-system,True,False
2972345803,human,False,True
2972380711,human,True,False
2972384335,same-system,True,False
2972633933,human,False,False
2915090808,human,False,True
2915146514,human,True,False
2915156453,same-system,True,False
2915156609,same-system,True,False
2915156751,same-system,True,False
2915156885,same-system,True,False
2915157026,same-system,True,False
2883593804,human,False,True
2882583627,human,True,True
2882624688,same-system,True,False
2882624847,same-system,True,False
2882626626,human,True,True
2882769616,same-system,True,False
2882770855,same-system,True,False
2882772289,same-system,True,False
2882773746,same-system,True,False
2882774952,same-system,True,False
2882776189,same-system,True,False
2882891886,human,True,False
2882911780,same-system,True,False
2882911994,same-system,True,False
2882912123,same-system,True,False
2882912532,same-system,True,False
2882912779,same-system,True,False
2882912975,same-system,True,False
2882913142,same-system,True,False
2882913561,same-system,True,False
2882913799,same-system,True,False
2882914040,same-system,True,False
2882914190,same-system,True,False
2882914594,same-system,True,False
2882914802,same-system,True,False
2882914892,same-system,True,False
2882956117,same-system,True,False
2882956465,same-system,True,False
2882956869,same-system,True,False
2884546055,human,False,False
2981774578,same-system,True,True
2982782438,human,False,False
2980026703,human,True,False
2980031307,same-system,True,False
2997491155,human,False,False
3067341581,human,False,True
3066042602,human,False,False
3066263817,human,False,False
2869752366,human,False,True
2934932058,same-system,True,True
2882641583,human,True,False
2882668258,same-system,True,False
2882673481,human,True,False
3054240602,human,False,False
3054270310,human,False,False
2925515466,human,True,False
2925551178,same-system,True,False
2925551407,same-system,True,False
2925977008,human,True,False
2926022149,human,True,False
2926114758,human,True,False
2926138214,same-system,True,False
2926290588,human,True,False
2926346680,same-system,True,False
2926363251,human,True,False
2926380191,same-system,True,False
2927197806,human,False,False
2933392678,human,False,False
2859485224,human,True,False
2859490108,same-system,True,False
2859496943,human,True,False
2859500224,same-system,True,False
2860373818,human,False,False
2862340811,human,True,False
2862351577,human,True,False
2862361800,same-system,True,False
2862370074,same-system,True,False
2862370478,same-system,True,False
3043432131,human,False,False
2948454970,human,False,True
2937017275,human,False,True
2937047181,human,True,False
2937052237,same-system,True,False
2937762544,human,True,False
2938063010,human,False,False
2976309113,human,True,False
2976319886,human,True,False
2976331587,same-system,True,False
2976341599,human,True,False
2976351571,human,True,False
2976353998,human,False,False
2976363539,human,False,False
2979092309,human,False,False
2906141190,same-system,False,True
2915111864,human,False,False
2933409115,human,True,False
2933433532,same-system,True,False
2933441963,human,True,False
2933465877,same-system,True,False
2933466196,same-system,True,False
2933480054,human,False,False
2938816265,human,True,False
2938828931,same-system,True,False
2939125146,human,True,False
2939147213,same-system,True,False
2939191225,human,True,False
2939209779,same-system,True,False
2941007298,human,False,False
2920947376,human,False,False
2924506100,human,False,False
2926676168,human,False,False
2852254002,human,True,False
2852256597,same-system,True,False
2852309331,human,False,True
3012801433,human,False,False
2927617508,human,True,False
2927627766,same-system,True,False
2927832013,human,False,False
2927885916,human,False,False
3149102770,same-system,True,True
3149142021,same-system,False,True
2982302399,same-system,False,True
2993149410,human,False,True
2906265348,human,False,False
2906404560,human,False,False
2911416356,human,False,False
2911532714,human,False,False
3012943413,same-system,False,True
3012955826,human,True,False
3012964543,human,True,False
3012971542,human,True,False
3012973027,same-system,False,True
3012973692,same-system,True,False
3012973726,same-system,True,False
3012973754,same-system,True,False
3012973792,same-system,True,False
3012979786,human,True,False
3012982886,same-system,True,False
3013017703,human,False,True
3013032916,human,False,False
3013100187,human,False,True
3013887456,same-system,False,True
3013911381,same-system,False,True
3014716922,human,True,False
3014723451,same-system,True,False
3022156148,same-system,True,False
3022156172,same-system,True,False
3039648731,human,True,False
3039695544,same-system,True,False
3039706865,human,True,False
3039712000,human,False,False
3039713700,same-system,False,True
3043810467,human,False,True
3043811556,human,False,False
2887664081,human,False,False
2894428355,human,False,False
2901549472,human,True,False
2921930901,human,True,False
2906262781,human,True,False
2906263116,same-system,False,True
2906273735,same-system,True,False
2955702464,human,False,False
2955718570,human,False,False
2949776892,human,True,False
2949778391,human,True,False
2949780089,human,True,False
2949780290,human,True,False
2949780847,human,True,False
2949781222,human,True,False
2949782335,human,True,False
2949782760,human,True,False
2949782914,human,True,False
2949783324,same-system,True,False
2949809181,same-system,True,False
2949809286,same-system,True,False
2949809407,same-system,True,False
2949809499,same-system,True,False
2949809612,same-system,True,False
2949809754,same-system,True,False
2949809896,same-system,True,False
2949809995,same-system,True,False
2978806766,human,True,True
2979242931,same-system,True,False
2979243349,same-system,True,False
2979243763,same-system,True,False
2979244114,same-system,True,False
2979244568,same-system,True,False
2979274305,human,True,False
3013598882,human,True,False
3026019868,human,False,False
3030152762,human,True,False
3030172283,human,True,False
3030239142,human,True,False
3030455537,human,True,False
3030458032,human,True,False
2992261244,human,True,False
2992306290,same-system,True,False
2992306504,same-system,True,False
2992429208,human,False,True
2992448927,human,False,False
3023020286,human,True,False
3023041706,same-system,True,False
3023041928,same-system,True,False
3023042173,same-system,True,False
3023397487,human,True,False
3023454492,same-system,True,False
3023454593,same-system,True,False
3023454697,same-system,True,False
3023511265,human,True,False
3023572537,same-system,True,False
3024406178,human,True,True
3027483819,human,True,False
3027483865,human,True,False
3027487207,human,True,False
3027491240,human,True,False
3028098337,human,True,False
3036929366,human,True,False
3036934499,human,True,False
2981135502,same-system,False,True
2981136434,human,False,False
2944197996,human,True,False
2944202356,same-system,True,False
2944202373,same-system,True,False
2944204449,human,False,True
2944213094,human,False,True
2958735072,human,False,False
2934372919,human,False,False
2934410009,human,False,False
2937491443,human,False,False
2937492834,human,False,False
2939723522,human,False,False
2872925253,human,True,False
2872946523,same-system,True,False
2872952346,human,True,False
2872993462,same-system,True,False
2876652429,human,True,False
2876654540,same-system,True,False
2876661494,human,False,False
2876678363,human,False,False
3006252568,human,False,True
3006330014,human,False,False
3019855084,human,True,False
3019961708,same-system,True,False
3019961800,same-system,True,False
3019961899,same-system,True,False
3019962008,same-system,True,False
3020777649,human,True,False
3051937998,human,False,False
2928191946,human,False,True
2987842213,same-system,False,True
2981385438,human,False,False
2996865333,human,False,False
2997795979,human,True,True
2997839339,same-system,True,False
2997871743,human,False,True
2998301482,human,False,False
3028719824,human,False,False
2929045459,human,False,False
2962515300,human,True,False
2962517215,human,True,False
2962601867,same-system,True,False
2909375730,human,False,False
3019838364,human,False,False
3019840853,human,False,False
3020058256,human,False,False
2884266097,human,True,False
2884288630,same-system,True,False
2884288666,same-system,True,False
2884323964,human,False,True
2992871864,human,False,False
2992928940,human,False,False
2993078383,human,False,False
2993086426,human,False,False
2993100227,human,False,False
3036329009,human,True,False
3036338711,same-system,True,False
3036401820,human,True,False
3036410014,same-system,True,False
3038674551,human,True,False
2998715746,human,True,False
2998720656,human,True,False
2998744912,same-system,True,False
2998745254,same-system,True,False
2999066072,human,True,False
2999076559,same-system,True,False
2999088597,human,False,False
2999175109,human,False,True
3002972545,human,False,False
2968033721,human,True,False
2968042169,same-system,True,False
2968042315,same-system,True,False
2968045098,human,False,False
2855182721,human,False,True
2930490704,human,True,False
2930500859,same-system,True,False
2930557529,human,True,False
2930562000,same-system,True,False
2930569695,human,True,False
2932364837,same-system,True,False
2932438281,human,True,False
2932461035,same-system,True,False
2933872866,human,True,False
2933880125,same-system,True,False
2933961248,human,True,False
2933961862,human,True,False
2933962013,human,True,False
2933962605,human,True,False
2933963321,human,True,False
2933965365,same-system,True,False
2933968977,same-system,True,False
2933969113,same-system,True,False
2933969268,same-system,True,False
2933969453,same-system,True,False
2937411709,human,True,False
2937639234,human,True,False
2937678400,human,True,False
2937695940,same-system,True,False
2937894424,human,True,False
2937900662,same-system,True,False
2942566531,human,False,False
2943545800,human,False,False
2861838539,same-system,False,True
2861897834,human,False,False
2861914684,human,False,False
3022996214,human,True,False
3022998527,same-system,True,False
3023145171,human,True,False
3023153228,same-system,True,False
3023154916,human,True,False
3023168045,same-system,True,False
3023209527,human,True,False
3023213447,same-system,True,False
3023354965,human,False,False
2947047075,human,True,False
2947053524,human,True,False
2947057191,same-system,True,False
2947063903,same-system,True,False
2947066833,human,True,False
2947075320,same-system,True,False
2947203147,human,False,False
3034968866,human,True,False
3034972313,same-system,True,False
3069518625,human,False,False
3069520726,human,False,False
3069564510,human,False,False
2972712238,human,False,False
2972767212,human,False,False
2972774774,human,False,False
2976093485,human,False,False
2929380154,human,True,False
2929397612,same-system,True,False
2929610897,human,True,False
2929636684,same-system,True,False
2889347404,human,True,False
2889385813,same-system,True,False
2889483303,human,True,False
2889510920,same-system,True,False
2889642238,human,True,False
2889659349,same-system,True,False
2968527131,human,True,True
2968530275,same-system,True,False
2968832506,human,True,False
2968852995,same-system,True,False
2969372222,human,True,False
2969375305,same-system,True,False
2969431969,human,True,False
2969434541,same-system,True,False
2969574099,human,True,False
2969579001,same-system,True,False
2871217634,human,True,False
2871218093,human,True,False
2871234417,same-system,True,False
2871268329,same-system,True,False
2871281407,human,True,False
2871586885,same-system,True,False
2871587244,same-system,True,False
2871587615,same-system,True,False
2871588016,same-system,True,False
2871588520,same-system,True,False
2871610158,human,True,False
2871610550,human,True,False
2871611367,human,True,False
2871612254,human,True,False
2871616493,human,True,False
2871618624,same-system,True,False
2871630298,same-system,True,False
2871631068,same-system,True,False
2871632203,same-system,True,False
2871633200,same-system,True,False
2885412721,human,True,False
2885413081,human,True,False
2885413327,human,True,False
2885414041,human,True,False
2885416835,same-system,True,False
2885427204,same-system,True,False
2885427640,same-system,True,False
2885428254,same-system,True,False
2885468786,human,True,False
2885469529,human,True,False
2995348878,human,False,False
3060585527,human,True,False
3060733545,same-system,True,False
3060734434,same-system,True,False
3060735066,same-system,True,False
2964911737,same-system,False,True
2964974147,human,False,False
3066679966,human,False,True
3067211780,human,True,False
3068736621,human,False,False
2977505004,human,True,False
2977510093,same-system,True,False
2995161866,human,True,False
2995165871,same-system,True,False
2995324623,human,True,False
2995342263,same-system,True,False
2998828358,human,False,False
3001731432,human,False,False
3002043129,human,False,False
2977078298,human,True,False
2977087290,same-system,True,False
2995502724,human,False,False
2995542190,human,False,False
2998975931,human,False,False
3020039256,human,True,False
3020084154,same-system,True,False
3029820713,human,True,True
3029870702,same-system,True,False
3029870911,same-system,True,False
3029871057,same-system,True,False
3029871213,same-system,True,False
3029871364,same-system,True,False
3030003086,human,True,False
3030040061,same-system,True,False
3032266448,human,True,False
3032314961,same-system,True,False
3032471242,human,True,False
3032551988,same-system,True,False
3032552153,same-system,True,False
3032552286,same-system,True,False
3032552413,same-system,True,False
3032906156,human,False,True
3055152020,same-system,True,True
3055217252,human,True,False
3055219015,human,True,False
3097336234,human,False,True
3054814344,human,True,False
3059613037,same-system,True,False
3068884102,human,True,False
3098325649,human,True,False
3116833060,human,True,False
3116896227,human,True,False
3116905119,human,False,True
3117085318,human,False,False
3025503506,human,False,True
3027354318,human,True,False
3027370141,same-system,True,False
3027370192,same-system,True,False
3027370282,same-system,True,False
3027370346,same-system,True,False
3027370398,same-system,True,False
3069460223,human,True,False
3106850308,human,True,False
3106954630,same-system,True,False
3108516822,same-system,True,False
3108528886,human,True,False
3108547468,same-system,True,False
3110078291,human,True,False
2940303430,same-system,True,True
2940311649,human,True,False
2940312816,human,True,False
2940414259,human,False,False
2941572096,human,False,False
2879231968,human,True,False
2879248433,same-system,True,False
2879250118,human,False,False
2879267081,human,False,False
2879268191,human,True,False
2879701758,human,False,False
2995830692,same-system,False,True
2995833883,human,False,True
2996345871,human,True,False
3000020241,human,True,False
3000039672,human,True,False
3000059207,human,True,False
3000465445,human,True,True
2869893709,human,True,False
2871165947,human,True,True
2871211259,human,False,True
3036011062,human,False,False
3036011334,human,True,False
3036012023,same-system,True,False
3036015204,human,False,False
2855757307,human,True,True
3008372159,human,True,True
3008392678,same-system,True,False
3008392799,same-system,True,False
3008869554,human,True,False
3008904452,same-system,True,False
3066839006,human,True,False
3066888410,same-system,True,False
3070396706,human,True,False
3070478181,same-system,True,False
3070478400,same-system,True,False
3070478553,same-system,True,False
2853156886,human,True,False
2853160175,human,True,False
2853164242,human,True,False
2853165831,human,True,False
2854027571,same-system,True,False
2854028071,same-system,True,False
2854028664,same-system,True,False
2854029212,same-system,True,False
2857433607,human,True,False
2858681159,same-system,True,False
2858682235,same-system,True,False
2860638908,human,True,False
2860640071,human,True,False
2860653040,human,True,False
2860653997,human,True,False
2860676289,same-system,True,False
2860677300,same-system,True,False
3196892761,human,True,False
3196908893,human,True,False
3196909223,human,True,False
3196998823,same-system,True,False
3196999628,same-system,True,False
3197087142,same-system,True,False
2980584618,same-system,True,True
3036072027,human,True,False
3036077397,same-system,True,False
3036080023,human,True,False
3036084377,same-system,True,False
3038654752,human,True,False
3038742992,human,True,False
3038952700,human,True,False
3039003704,same-system,True,True
3040194933,human,False,False
3040208904,human,True,False
3032657740,human,False,False
2858907840,same-system,False,True
2858957381,human,False,False
2859060331,human,True,False
2859063800,same-system,True,False
2862207272,human,False,False
2871952260,human,False,False
2950634718,human,True,False
2950661038,same-system,True,False
2950661445,same-system,True,False
2950664834,human,True,False
2950681510,same-system,True,False
2907365526,human,False,False
2968530755,human,True,True
2968538712,same-system,True,False
2968573761,human,True,False
2968606326,same-system,True,False
2968750823,human,True,False
2968778852,same-system,True,False
2969078610,human,True,False
2969082728,same-system,True,False
2969082737,same-system,True,False
2969082744,same-system,True,False
2969084087,same-system,True,False
2867076829,human,True,False
2867076929,human,True,False
2867087997,same-system,True,False
2867094877,same-system,True,False
2867710476,human,False,False
2852043946,human,True,False
2852056974,human,True,False
2852058567,same-system,True,False
2852066634,same-system,True,False
3010858719,human,True,False
3010903861,same-system,True,False
3011707327,human,False,False
3011775251,human,False,False
3013414741,human,False,False
2962042744,human,False,True
2965399143,human,False,True
3015297026,human,False,True
3070059354,human,False,False
2855417104,human,True,False
2855428615,human,True,False
2855431943,human,True,False
2855434748,human,False,False
2855435762,same-system,True,False
2855436093,same-system,True,False
3025577157,human,False,True
3027349601,human,True,False
3027353816,same-system,True,False
3031002566,human,False,False
2997881711,human,True,True
3007246567,same-system,True,False
3007246755,same-system,True,False
3017334055,human,True,True
3017348443,same-system,True,False
3017362011,human,False,True
3021154972,human,False,False
2880144079,human,True,False
2880171588,same-system,True,False
2880171716,same-system,True,False
2880171867,same-system,True,False
2880191580,human,True,False
2880208179,same-system,True,False
2923225795,human,True,False
2923232724,human,True,False
2923300458,human,True,True
2923312276,same-system,True,False
2923321574,human,True,False
2923328745,human,False,False
2923341379,human,False,True
2962374002,same-system,True,True
2966240808,human,False,True
2969264607,human,False,False
2979428378,human,False,False
3070664996,human,False,False
3070822614,human,False,False
2979791396,human,True,False
2979833327,same-system,True,False
2979841773,human,True,False
2979842628,human,True,False
2979849093,human,True,False
2979863270,same-system,True,False
2979886587,same-system,True,False
2979886704,same-system,True,False
2980578773,human,False,False
2994340877,human,False,False
2854840151,human,True,False
2854856843,same-system,True,False
2854867961,human,True,False
2854894381,same-system,True,False
2854911024,human,True,False
2854923381,human,True,False
2854926172,same-system,True,False
2854943899,human,True,False
2854955077,same-system,True,False
2854975812,same-system,True,False
2854990533,human,True,False
2854994892,same-system,True,False
2855126542,human,True,False
2855129040,human,True,False
2855138738,same-system,True,False
2855153834,same-system,True,False
2857441492,human,True,False
2857484375,human,True,False
2857497657,human,True,False
2857508009,human,True,False
2857660766,human,True,False
2857850352,human,True,False
2858268392,human,True,False
2858358979,human,True,False
2858407733,human,True,False
2858828766,human,True,False
2858828768,human,False,False
2858932123,human,True,False
2859114713,human,True,True
2859230238,human,True,False
2959788802,human,True,False
2959797389,same-system,True,False
2966936583,human,True,False
2966956318,same-system,True,False
2966957096,same-system,True,False
2966960706,same-system,True,False
2966964677,same-system,True,False
2966968406,same-system,True,False
2968015549,human,True,False
2968017090,human,True,False
2968017848,human,True,False
2968018734,same-system,True,False
2968021882,same-system,True,False
2968021915,same-system,True,False
3035308568,human,False,False
2930079646,same-system,True,True
3249374586,human,False,False
3050028130,human,True,True
3050161691,same-system,True,False
3050161696,same-system,True,False
3050161709,same-system,True,False
3050161725,same-system,True,False
3050212751,human,False,False
3050216586,same-system,False,True
3053966984,human,True,True
3053974058,same-system,True,False
3053976238,human,False,False
2859156529,same-system,True,True
2859400888,human,True,False
2888133726,human,False,True
3012479061,human,True,False
3012485269,same-system,True,False
3031634824,human,True,True
3031650635,same-system,True,False
3031650659,same-system,True,False
3043748888,human,True,False
3043774842,same-system,True,False
2940025707,human,True,False
2940036193,human,True,False
2940075625,same-system,True,False
2940147194,human,True,False
2942861455,human,True,False
2942900370,same-system,True,False
2983792254,human,True,True
2983837071,same-system,True,False
2984128181,human,True,False
3039737361,human,True,False
3039866670,same-system,True,False
3039866843,same-system,True,False
3039867019,same-system,True,False
2876068362,human,True,False
2855850005,human,True,True
2855956465,same-system,True,False
2855957434,same-system,True,False
2855958422,same-system,True,False
2855959447,same-system,True,False
2855960356,same-system,True,False
2855961378,same-system,True,False
2855962407,same-system,True,False
2946052004,human,False,False
2997800831,human,False,True
2998299664,human,False,False
3014525245,human,True,False
3014531556,same-system,True,False
3014600271,human,True,False
3014614908,same-system,True,False
3014725683,human,False,True
3014736947,human,False,False
2944119023,human,True,False
2944632641,human,True,False
2944645144,same-system,True,False
2944870232,human,True,False
2944873481,same-system,True,False
2944885143,human,True,False
2944888274,same-system,True,False
3021981443,human,True,False
3021981782,human,True,False
3021990083,same-system,True,False
3022281401,human,False,True
3022287996,human,False,False
3026420161,human,True,False
2972524190,human,False,False
2973108986,human,False,False
2976324095,human,False,False
2968121857,human,False,False
2956820162,human,True,False
2956863979,same-system,True,False
2960456042,human,True,False
2960479782,same-system,True,False
2960479810,same-system,True,False
2960479846,same-system,True,False
2960479873,same-system,True,False
2960479911,same-system,True,False
2964222647,human,False,False
2893164249,human,True,True
2893241095,same-system,True,False
2893241448,same-system,True,False
2893241797,same-system,True,False
2900885175,human,True,False
2956570735,human,False,False
2896157394,human,False,True
2969263549,human,False,False
2979423318,human,False,False
2908637553,human,True,False
2908637643,human,True,False
2967348128,human,False,False
3039271357,human,False,True
3039272254,human,False,False
3041566189,human,False,True
2903905216,cross-system,False,True
2903915446,cross-system,False,True
2903915747,cross-system,False,True
2903921341,human,True,False
2903923421,same-system,True,False
2903924211,cross-system,False,True
2903928915,human,False,True
2903929482,human,False,False
2903973458,human,False,True
2915835670,human,True,False
2915857721,same-system,True,False
2915863481,human,True,False
2915887138,same-system,True,False
2916079741,human,False,False
2914149814,human,True,False
2914191659,same-system,True,False
2914241060,human,True,False
2914252665,same-system,True,False
2915122774,human,False,False
2916949878,human,False,False
3069952475,human,True,False
3069966836,same-system,True,False
3069981663,human,True,False
3070015689,same-system,True,False
3073758512,human,True,False
3073800274,same-system,True,False
2994579811,human,True,True
2994638804,same-system,True,False
2994638831,same-system,True,False
2994638847,same-system,True,False
2994688472,human,False,False
2994689908,human,False,False
2994710248,human,False,False
2994734152,human,False,False
2994756494,human,True,True
2994811633,same-system,True,False
2994811771,same-system,True,False
2994811910,same-system,True,False
2994812042,same-system,True,False
2994812140,same-system,True,False
2994812237,same-system,True,False
2994812395,same-system,True,False
2994982347,human,True,False
2994987746,same-system,True,False
2994999340,human,False,False
2995059506,human,False,False
3066537358,human,True,False
3381168792,same-system,False,True
3381171426,same-system,True,False
3381171427,same-system,True,False
3381171429,same-system,True,False
3381171430,same-system,True,False
3381171431,same-system,True,False
3381171432,same-system,True,False
3381188922,human,True,False
3381666044,same-system,True,False
3381666045,same-system,True,False
3381666047,same-system,True,False
3381666052,same-system,True,False
3381666054,same-system,True,False
3381666055,same-system,True,False
3381666056,same-system,True,False
3381666057,same-system,True,False
3381666059,same-system,True,False
3381666060,same-system,True,False
3381666062,same-system,True,False
3381666064,same-system,True,False
3381666065,same-system,True,False
3381666066,same-system,True,False
3381666067,same-system,True,False
3381666068,same-system,True,False
3381666069,same-system,True,False
3381666071,same-system,True,False
3381666073,same-system,True,False
3381666075,same-system,True,False
3381666078,same-system,True,False
2967002774,human,True,False
2967011219,same-system,True,False
2967021153,human,False,True
2967025371,human,True,False
2984448138,same-system,True,False
2984448196,same-system,True,False
2984473151,human,True,False
2984479754,same-system,True,False
2984479845,same-system,True,False
2984491433,human,True,False
2984499640,same-system,True,False
2984499731,same-system,True,False
2984499817,same-system,True,False
2984502231,human,False,True
2984518040,human,False,False
2984625666,human,False,True
2984657519,human,False,True
2986766231,human,False,False
2986767906,human,False,False
2855289845,human,False,True
2978206399,human,False,True
2978439347,human,False,True
2978858879,human,False,True
2978735931,human,False,True
2984374328,human,False,True
2919019041,human,True,True
2919028261,same-system,True,False
2919028341,same-system,True,False
2919028426,same-system,True,False
2919028533,same-system,True,False
2919028617,same-system,True,False
2919028690,same-system,True,False
2919909315,human,True,False
2919944203,same-system,True,False
2919945301,same-system,True,False
2919946263,same-system,True,False
2919946916,same-system,True,False
2920092608,human,True,False
2920098054,same-system,True,False
2921304780,human,False,False
2914411100,same-system,False,True
2914736094,human,False,False
2958714639,same-system,True,True
2958756018,human,False,False
2958942741,human,False,False
2976142611,human,False,False
3002746040,human,True,False
3002751687,same-system,True,False
3006378829,human,False,False
3006380731,human,False,False
3007625873,human,False,False
2906039280,human,False,False
2910641933,human,False,False
2914057985,human,False,False
3024204871,human,True,False
3024268068,same-system,True,False
3024520490,human,True,False
3024529573,same-system,True,False
3024576672,same-system,True,True
3024587256,human,True,False
3024595263,human,True,False
3024639241,same-system,True,False
3024827261,human,False,False
2996730116,human,False,True
2943529396,human,True,True
2943549607,same-system,True,False
2943631967,human,True,False
2943638387,same-system,True,False
2943676218,human,False,False
3054595257,human,True,False
3054615812,same-system,True,False
3054635672,human,True,False
3054657223,same-system,True,False
2851675997,human,True,False
2851687723,same-system,True,False
2851855542,human,False,True
2858996764,human,True,False
2859021754,same-system,True,False
2859022963,same-system,True,False
2859024804,same-system,True,False
2885281489,human,False,False
3070677364,human,False,False
3070683727,human,False,False
3070860276,human,False,False
3071694106,human,False,False
2941743411,human,False,False
2941767240,human,False,False
2894489633,human,False,True
2894502941,human,False,False
2898143738,human,False,False
2898186704,human,False,False
2855537223,same-system,True,True
2855663594,human,False,True
2855669921,human,False,True
2855673615,human,False,False
2856120581,human,False,True
2911692010,human,True,False
2911700977,same-system,True,False
2911701776,same-system,True,False
2911702168,same-system,True,False
2911702288,same-system,True,False
2914164505,human,True,False
2914176258,human,True,False
2914189530,same-system,True,False
2914195652,same-system,True,False
2914195974,human,True,False
2914250328,same-system,True,False
2914250777,same-system,True,False
2914265958,same-system,True,False
2914376808,human,True,False
2914405197,same-system,True,False
2914405533,same-system,True,False
2914405817,same-system,True,False
2914448960,human,True,False
2914533888,same-system,True,False
2914534390,same-system,True,False
2914534718,same-system,True,False
2914669243,human,True,False
2914679151,same-system,True,False
2914679504,same-system,True,False
2914697855,human,True,False
2914908061,human,True,False
2914917790,same-system,True,False
2914918110,same-system,True,False
2914933382,human,True,False
2914940130,same-system,True,False
3027882006,human,True,False
3027888909,same-system,True,False
3027889931,human,True,False
3029744859,human,False,False
2899258259,same-system,True,True
2899403582,human,False,False
2923945596,same-system,False,True
2963681024,human,False,True
3012076344,human,False,False
3012156344,human,False,False
2997694314,human,False,False
2999473883,human,False,True
2953085543,human,False,False
2953959523,human,False,True
2954024348,human,True,False
2954041243,human,True,False
2968159459,cross-system,False,True
2858946337,human,True,False
2858947475,human,True,False
2858948464,human,True,False
2858950734,human,True,False
2858952101,human,True,False
2858954931,human,True,False
2858956645,human,True,False
2858957366,human,True,False
2858957541,human,True,False
2858958122,human,True,False
2858959010,human,True,False
2858985687,same-system,True,False
2858985950,same-system,True,False
2858986277,same-system,True,False
2858986524,same-system,True,False
2858986765,same-system,True,False
2858987058,same-system,True,False
2858987288,same-system,True,False
2858987625,same-system,True,False
2858988027,same-system,True,False
2858988292,same-system,True,False
2858988557,same-system,True,False
2859130034,human,True,False
2859147161,same-system,True,False
2859152620,human,True,False
2859157116,human,True,False
2859159205,human,True,False
2859159733,same-system,True,False
2859162967,human,True,False
2859165042,same-system,True,False
2941024517,human,False,True
2950945093,human,False,True
2899792178,human,False,False
3000732899,human,True,False
3000743230,human,True,False
3000787477,same-system,True,False
3000787476,same-system,True,False
3000787481,same-system,True,False
3000816268,same-system,True,False
3000840665,human,True,False
3001010546,same-system,True,False
3001512995,human,False,False
3001831716,human,False,False
3004509444,human,False,False
3004509733,human,False,False
3042426668,human,True,False
3072129776,human,True,False
3072284059,same-system,True,False
3072285708,same-system,True,False
3075930032,human,False,False
3083575062,human,False,False
3050379717,same-system,True,True
3050477964,human,False,True
2863343226,same-system,False,True
2863723784,human,False,True
2970474164,human,True,False
2970522887,same-system,True,False
2970522993,same-system,True,False
2970542831,same-system,True,False
2970574513,human,True,False
2970614869,same-system,True,False
2975762743,human,False,False
3125345815,human,False,False
2908522479,human,False,True
2979211069,human,True,True
2979228594,same-system,True,False
2979228750,same-system,True,False
2979236191,human,False,True
2979340813,human,False,False
3020784084,human,True,False
3020799477,same-system,True,False
2959276212,human,True,False
2959283704,same-system,True,False
2971438589,human,True,False
2971449071,same-system,True,False
2971449194,same-system,True,False
2971502564,human,True,False
2971519161,same-system,True,False
2971519332,same-system,True,False
2972699387,human,True,True
2972731342,same-system,True,False
2972731436,same-system,True,False
2973341493,human,True,False
2973341609,human,True,False
2882412315,same-system,True,True
2921113214,same-system,False,True
2968489035,human,False,True
2968582192,human,False,True
2969081537,human,False,False
3005837430,human,True,False
3005860220,same-system,True,False
3006403064,human,False,False
3022081737,human,False,False
3022135417,human,False,False
2925321223,human,True,False
2925337303,same-system,True,False
2925486402,human,False,False
2925511063,human,False,False
3046058353,human,True,False
3046107959,same-system,True,False
3046630257,human,True,False
3046632586,human,True,False
3046641590,human,True,False
3046665275,same-system,True,False
3046685576,same-system,True,False
3046685763,same-system,True,False
3046720404,human,True,False
3046737036,same-system,True,False
3046773122,human,True,False
3046788495,same-system,True,False
2906309987,human,False,False
2915290674,human,True,False
2915299367,human,True,False
2915301121,same-system,True,False
2915301338,same-system,True,False
2915301768,human,True,False
2915305006,human,True,False
2915306994,human,True,False
2915320515,same-system,True,False
2915328797,same-system,True,False
2918590987,human,True,False
2918600720,same-system,True,False
2911004977,human,True,False
2911032786,same-system,True,False
2944165927,human,True,False
2944169672,human,False,True
2944175900,same-system,True,False
2944198421,human,False,False
2944231590,human,False,False
2852041476,human,True,False
2852067000,same-system,True,False
2852067230,same-system,True,False
2852067465,same-system,True,False
2852067716,same-system,True,False
2852068191,same-system,True,False
2852068429,same-system,True,False
2852068605,same-system,True,False
2852068825,same-system,True,False
2852069070,same-system,True,False
2852070021,human,True,False
2852081171,same-system,True,False
2852081360,same-system,True,False
2852081535,same-system,True,False
2852081754,same-system,True,False
2895129326,human,False,False
2895129624,same-system,False,True
2895161860,human,False,False
2855569418,human,False,True
2855616030,human,False,True
2855800510,human,True,False
2938190354,human,True,False
2938212971,same-system,True,False
2938271632,human,True,False
2938279788,human,True,False
2938287132,human,True,False
2938288951,human,True,False
2938320845,same-system,True,False
2938368360,same-system,True,False
2938368709,same-system,True,False
2938386921,same-system,True,False
2938400011,human,True,False
2938401793,human,True,False
2938455145,same-system,True,False
2938486326,same-system,True,False
2938499631,human,True,False
2938557133,same-system,True,False
2895895383,human,False,False
3069453405,human,False,False
3024367423,human,True,False
3024435174,same-system,True,False
3024435478,same-system,True,False
3024435743,same-system,True,False
3024437347,same-system,True,False
3024437720,same-system,True,False
3024437905,same-system,True,False
3024438140,same-system,True,False
3024438667,same-system,True,False
3024440807,same-system,True,False
3024441075,same-system,True,False
3024441641,same-system,True,False
3024442077,same-system,True,False
3024442371,same-system,True,False
3024444013,same-system,True,False
3024444414,same-system,True,False
3024444685,same-system,True,False
3024622145,human,False,True
3025154813,human,True,True
3025221792,same-system,True,False
3025221980,same-system,True,False
3025222190,same-system,True,False
3025222384,same-system,True,False
3025222633,same-system,True,False
3025282729,human,True,False
3025329018,same-system,True,False
3025329229,same-system,True,False
3025329423,same-system,True,False
3025329658,same-system,True,False
3025329857,same-system,True,False
2966553171,human,False,False
2939139727,human,True,False
2939394350,human,True,False
2939409919,same-system,True,False
2939726249,human,False,True
3047905424,human,False,False
3073173507,human,False,True
3075673590,human,False,False
3076232455,human,True,False
3076302906,human,True,False
3076350560,human,True,False
3076385504,same-system,True,False
3076569111,human,True,False
3076599864,same-system,True,False
3076634969,human,False,False
3076656198,human,False,False
3058233533,human,False,False
2992730880,human,True,False
2992789351,same-system,True,False
2992801624,human,False,False
2992827216,human,False,True
2993025603,human,False,False
2993039191,human,False,False
2993044144,human,False,False
2993048465,human,False,False
2993313546,human,False,False
3025452881,human,False,True
3027378753,human,True,False
3027388077,same-system,True,False
3027388133,same-system,True,False
3027388172,same-system,True,False
3029981787,human,True,False
3030344216,human,False,False
2972901624,human,True,False
2972914059,same-system,True,False
2972923682,human,True,False
2972947580,same-system,True,False
2972951188,human,True,False
2972956912,same-system,True,False
2972968078,human,True,False
2972973214,same-system,True,False
2972991325,human,False,False
2975898506,human,False,False
2975902297,human,False,False
2975908822,human,False,False
2975933013,human,False,False
3057354534,human,False,True
3058406061,human,False,True
3058573661,human,False,True
2879089237,human,True,False
2879110843,same-system,True,False
2858388795,human,True,False
2858403940,human,True,False
2858482870,same-system,True,False
2858516559,human,True,False
2858648247,human,True,False
2858648547,human,True,False
2861952215,human,True,False
2862014039,same-system,True,False
2851567577,human,True,False
2851572611,same-system,True,False
2851572881,same-system,True,False
2851602880,human,False,True
2861059700,human,True,False
2861107562,same-system,True,False
2861108531,same-system,True,False
2861954070,human,True,False
3010120353,same-system,False,True
3010126303,human,False,False
2884007538,human,False,True
3029192421,human,False,False
3029376683,human,False,False
2859345466,human,False,True
3038330171,human,False,False
2941623669,human,False,False
2941907344,human,True,False
2941937264,same-system,True,False
2942236709,human,False,False
2908344910,human,False,False
2998750970,human,True,False
2998806744,same-system,True,False
2998806822,same-system,True,False
2998806894,same-system,True,False
2998806991,same-system,True,False
2999084015,human,True,False
2999141196,same-system,True,False
2999141253,same-system,True,False
2999141307,same-system,True,False
2999161065,human,True,True
2999215961,same-system,True,False
2999216042,same-system,True,False
2999216101,same-system,True,False
2999408687,human,True,False
2999426755,same-system,True,False
2999426790,same-system,True,False
3016203585,human,True,False
3016210759,human,True,False
3016254445,same-system,True,False
3016317243,same-system,True,False
3016782698,human,True,True
3016839348,same-system,True,False
3016839585,same-system,True,False
3016839738,same-system,True,False
3016839885,same-system,True,False
3070395040,human,False,False
2892914828,human,False,False
3036014924,human,False,True
2936013690,human,False,True
2967964771,human,True,False
2967982019,same-system,True,False
2968011350,human,True,False
2968026378,same-system,True,False
2972087194,human,False,False
2972098627,human,True,False
2972138211,same-system,True,False
2972165535,human,False,False
3034343161,human,False,False
3169006399,human,False,False
3169982555,human,False,False
3017398319,human,True,True
3017412433,same-system,True,False
3021332813,human,True,False
2918740206,human,False,True
2918812809,human,False,False
2919777583,human,False,True
2921540384,human,True,True
2921573524,same-system,True,False
2921869181,human,False,True
2923696994,human,True,False
2923699331,human,True,False
2923700888,human,False,True
3137170059,same-system,True,False
2871362964,human,True,False
2871369231,same-system,True,False
2871372810,human,True,False
2871373651,human,True,False
2871380966,same-system,True,False
2871390147,same-system,True,False
2857640611,human,True,False
2857648391,same-system,True,False
3045991715,human,True,False
3045996493,human,True,False
3046013507,human,True,False
3046016785,human,True,False
3046017883,same-system,True,False
3046021558,human,True,False
3046026126,human,True,False
3046031672,same-system,True,False
3046031895,same-system,True,False
3046032165,same-system,True,False
3046056695,same-system,True,False
3046057881,human,False,True
3046059822,human,True,False
3046066954,same-system,True,False
3046107824,same-system,True,False
3046175054,human,True,False
3046181381,human,True,False
3048113527,human,True,False
3051240894,human,False,True
3051721213,human,False,True
2932947370,human,True,False
2933016407,same-system,True,False
3019531959,human,False,False
3019914887,human,False,False
3051532417,same-system,True,True
3051538218,human,False,False
2931717488,human,True,False
2931744752,same-system,True,False
2932245461,human,False,False
2932917626,human,False,False
2859410173,same-system,False,True
2860000370,human,False,False
3065419827,same-system,True,True
3141176965,human,True,False
3141198439,human,True,False
2998602349,human,False,False
2998616157,human,False,False
3044798238,human,False,False
2913168378,same-system,True,True
2913173868,human,True,False
2913178087,human,True,False
3035320461,human,True,True
3035340221,same-system,True,False
3035340227,same-system,True,False
3035343733,human,True,False
3035346585,same-system,True,False
3035354990,human,True,False
3035358549,same-system,True,False
3035358556,same-system,True,False
3035358567,same-system,True,False
3035363299,human,True,False
3035367528,same-system,True,False
2908038423,human,True,False
2908039163,same-system,True,False
2908654363,human,True,False
2908655282,same-system,True,False
2908667865,human,True,False
2908668605,same-system,True,False
2915320809,human,True,False
2915331646,same-system,True,False
2946353214,human,True,True
2946409717,same-system,True,False
2946410196,same-system,True,False
2946421654,human,True,False
2946449961,human,True,False
2946457255,same-system,True,False
2946465109,same-system,True,False
2946570627,human,True,False
2946580027,human,True,False
2946580294,same-system,True,False
2946581491,human,True,False
2946582214,human,True,False
2946585743,human,True,False
2946604730,same-system,True,False
2946635463,same-system,True,False
2946635974,same-system,True,False
2946636458,same-system,True,False
2955418255,human,False,False
2963436410,human,False,False
2979980048,human,False,True
3069783579,human,False,False
3000412301,human,True,False
3000454291,same-system,True,False
3000525628,human,True,False
3000553750,same-system,True,False
3000972296,human,True,False
3000999023,same-system,True,False
3019285931,human,False,True
3019580882,human,True,False
3019594972,human,False,False
3019607213,same-system,True,False
3015154168,human,True,False
3015248921,same-system,True,False
2882032837,same-system,False,True
2882065786,human,False,False
2889395570,human,False,False
2922010897,human,True,False
2922029489,human,True,False
2922045414,same-system,True,False
2922045746,same-system,True,False
2983807970,human,False,False
2994680951,human,False,False
2995819440,human,False,False
2980016798,human,False,False
3032196414,human,True,False
3032254851,same-system,True,False
3033686919,human,True,False
3033712140,same-system,True,False
3033779514,human,True,False
3033837200,human,True,False
3033840198,same-system,True,False
3033843860,human,True,False
3033883153,same-system,True,False
3033917298,human,True,False
3033924424,human,True,False
3033926138,human,True,False
3033928469,same-system,True,False
3033938139,same-system,True,False
3035054096,human,False,False
3035085320,human,False,False
3035398885,human,True,False
2980403411,same-system,True,True
2980411790,human,False,True
2980476285,human,False,False
2980806746,human,True,False
2982964518,human,True,False
2983022917,same-system,True,False
2983023629,same-system,True,False
2983024100,same-system,True,False
2983024598,same-system,True,False
2983025169,same-system,True,False
2983477513,human,False,True
3031694715,human,False,True
3031723677,human,False,True
3031768142,human,False,False
2954104122,human,True,False
2954274511,same-system,True,False
2954274622,same-system,True,False
2954529552,human,True,False
2954583873,same-system,True,False
2957003504,human,False,False
2995644492,human,False,False
2980156450,human,True,True
2980203899,same-system,True,False
2980204242,same-system,True,False
2980204477,same-system,True,False
2980232495,human,False,False
2980242804,human,False,False
2944334638,human,False,False
2971278985,human,False,False
3043427232,human,False,True
3043543563,human,True,False
3043569048,human,True,False
3043570631,same-system,True,False
3043588854,same-system,True,False
3043735111,human,False,True
3044023438,human,True,True
3044080905,same-system,True,False
3044082996,same-system,True,False
3044044977,human,True,False
3044258064,same-system,True,False
3044265696,human,True,False
3044288861,same-system,True,False
3044289052,same-system,True,False
3044295983,human,True,False
3044321183,same-system,True,False
3044370004,human,True,False
3044388941,same-system,True,False
3044548697,human,True,False
3044550408,human,True,False
3044553606,human,True,False
3044560691,same-system,True,False
3044581649,same-system,True,False
3044582151,same-system,True,False
3044668889,human,True,False
3044686537,human,True,False
3044695530,same-system,True,False
3044695969,same-system,True,False
3045201900,human,True,False
3048185506,human,False,False
3070855240,human,False,True
3070902081,human,False,True
3070908966,human,False,True
3073573301,human,False,True
3073617049,human,False,False
2939493633,same-system,True,False
2939543518,human,True,False
2939998154,human,True,False
3009340518,human,False,False
3049293047,human,False,True
3056227442,human,True,False
3056228971,human,False,True
3056270853,same-system,True,False
3085197894,human,False,False
3085203189,human,False,False
3137292049,human,False,False
2892460599,human,True,False
2892597625,same-system,True,False
2905447551,human,True,True
2923284315,human,True,False
2853293166,human,True,False
2853298975,same-system,True,False
2853353361,human,False,False
2853362493,human,False,False
3039355685,human,True,False
3039356400,human,True,False
3039365642,same-system,True,False
3039372691,same-system,True,False
2938552991,human,True,False
2958615922,human,True,False
2958625099,same-system,True,False
2958805299,human,True,True
2958818951,same-system,True,False
2958819068,same-system,True,False
2958824018,human,True,False
2958828138,same-system,True,False
2959278286,human,True,False
2959279875,human,False,False
2897537440,human,False,False
2897643487,human,False,False
2897801459,human,False,False
2911012062,human,True,False
2911037528,same-system,True,False
2911219108,human,False,False
2911380230,human,False,False
2940574697,human,True,True
2940584990,same-system,True,False
2940588656,human,False,False
2941248695,human,False,False
2943641935,human,False,False
3141802807,same-system,True,True
3143006107,human,True,False
2862971976,human,True,False
2862972244,human,True,False
2862974111,same-system,True,False
2862974561,human,True,False
2862982959,same-system,True,False
2862983126,same-system,True,False
2865871673,human,False,False
2875949916,human,False,False
2949046487,same-system,True,True
2950247107,same-system,True,True
2942793809,human,True,False
2942812896,same-system,True,False
2949931524,human,False,False
2949941400,human,False,False
2973388219,same-system,True,True
3003605139,human,True,False
3003618296,same-system,True,False
3003618349,same-system,True,False
3003618398,same-system,True,False
2888868703,human,False,False
2946869373,human,True,False
2946876752,same-system,True,False
2954217761,human,True,False
2954253308,same-system,True,False
2954253424,same-system,True,False
2954253548,same-system,True,False
2954253729,same-system,True,False
2954253860,same-system,True,False
2954253996,same-system,True,False
2954254141,same-system,True,False
2961672996,human,False,False
2962068611,human,False,False
2927729450,human,True,False
2927762812,same-system,True,False
2927763450,same-system,True,False
2928181825,human,True,False
2928187462,same-system,True,False
2928187499,same-system,True,False
2928187526,same-system,True,False
2928187548,same-system,True,False
2928187565,same-system,True,False
2928187595,same-system,True,False
2928208418,human,True,False
2928212083,human,True,False
2928222821,same-system,True,False
2928243443,same-system,True,False
2928321313,human,True,False
2928324212,same-system,True,False
2929031719,human,True,False
2929032307,human,True,False
2929033855,same-system,True,False
2929035846,same-system,True,False
2929054798,human,True,False
2929057608,same-system,True,False
2929069192,human,True,False
2929073620,human,True,False
2929074388,same-system,True,False
2929077449,human,True,False
2929080812,same-system,True,False
2929146847,human,True,False
2929178129,same-system,True,False
2953272279,human,True,False
3000397461,human,True,False
3000430033,human,True,False
3000469650,same-system,True,False
3000469732,same-system,True,False
3000469838,same-system,True,False
3000531300,human,True,False
3000551948,same-system,True,False
3010401175,human,False,False
3019585455,human,True,False
3019593827,human,False,False
3019605595,same-system,True,False
3026088808,human,True,False
3026115141,same-system,True,False
3026115312,same-system,True,False
3026115520,same-system,True,False
3028437561,human,False,True
3028526061,human,False,False
2962922260,human,True,False
2962947206,same-system,True,False
2962951293,human,True,False
2962958420,same-system,True,False
2962959251,human,True,False
2962959704,human,True,False
2962963718,human,True,False
2962964083,human,True,False
2962974354,same-system,True,False
2962974815,same-system,True,False
2962996963,human,True,False
2963025648,same-system,True,False
2963026030,same-system,True,False
2963075975,same-system,True,False
2963572718,human,True,False
2963620283,same-system,True,False
2969699258,human,True,False
2969825966,same-system,True,False
2969826015,same-system,True,False
2969826056,same-system,True,False
2969914376,human,True,False
2969918169,same-system,True,False
2970383294,human,True,False
2970390153,same-system,True,False
2970473389,human,True,False
2970479688,same-system,True,False
2970493532,human,True,False
2970499682,same-system,True,False
2970517908,human,True,False
2970543773,same-system,True,False
2902308158,human,True,False
2902409950,same-system,True,False
2902410466,same-system,True,False
2902410904,same-system,True,False
2902411667,same-system,True,False
2902458951,human,True,False
2902565157,human,True,False
2902740249,human,True,False
2905919934,same-system,True,False
2906306506,human,False,False
2906314265,human,True,False
2906328104,same-system,True,False
2906348653,human,True,False
2906364326,same-system,True,False
2906405726,human,True,False
2906408166,same-system,True,False
2918969805,human,True,False
2918971148,same-system,True,False
2922221669,human,True,False
2922636523,human,True,False
2922651337,same-system,True,False
2922701869,human,False,False
2922728967,human,False,False
2922738155,human,False,False
2942275218,human,True,False
2942318242,same-system,True,False
2942318577,same-system,True,False
2942318937,same-system,True,False
2894125486,same-system,True,True
2894365469,human,True,False
2894366271,human,True,False
2894366991,human,True,False
2894368050,human,True,False
2894368358,human,True,False
2894368527,human,True,False
2894368722,human,True,False
2894371807,same-system,True,False
2894371899,same-system,True,False
2894371997,same-system,True,False
2894375977,same-system,True,False
2894376165,same-system,True,False
2894376360,same-system,True,False
2894376478,same-system,True,False
2894383382,human,True,False
2894383467,human,True,False
2894383614,human,True,False
2894383804,human,True,False
2894383949,human,True,False
2894384117,human,True,False
2894384272,human,True,False
2894384367,human,True,False
2894384529,human,True,False
2894384626,human,True,False
2894390458,same-system,True,False
2894390864,same-system,True,False
2894391120,same-system,True,False
2894391353,same-system,True,False
2894391544,same-system,True,False
2951066157,human,True,False
2951066852,human,True,False
2951122165,human,True,False
2951127930,same-system,True,False
2951128126,same-system,True,False
2951193101,same-system,True,False
2954923385,human,True,False
2954923702,human,True,False
2954933448,same-system,True,False
2954946825,same-system,True,False
2954961070,human,True,False
2954977845,human,False,False
2946542954,human,False,False
2946684038,human,False,False
2947150596,human,False,False
3027339875,human,True,False
3027348363,same-system,True,False
3030232335,human,True,False
3030244777,same-system,True,False
2984702675,human,True,False
2984703506,human,False,True
2984707874,human,True,False
2984717274,same-system,True,False
2984724179,human,True,False
2984740578,human,True,False
2984743703,same-system,True,False
2984749349,human,False,True
2984759325,same-system,True,False
2878854864,human,True,False
2878900045,same-system,True,False
2878900419,same-system,True,False
2969325880,human,True,False
2969331266,same-system,True,False
2969331273,same-system,True,False
2969331284,same-system,True,False
2972024702,human,True,False
2972056800,same-system,True,False
2972063928,human,True,False
2972095000,same-system,True,False
2972124388,human,True,False
2972169558,same-system,True,False
2972175787,human,True,False
2972200432,same-system,True,False
2972200503,same-system,True,False
2972204356,human,True,False
2972232774,same-system,True,False
2972233008,same-system,True,False
2972234932,human,True,False
2972263710,same-system,True,False
2972289508,human,True,False
2972321300,same-system,True,False
2972337571,human,True,False
2972338119,human,True,False
2972358523,same-system,True,False
2972438719,human,True,False
2972458331,same-system,True,False
2972488085,human,False,False
2972519577,human,False,False
2972591219,human,False,False
2894194980,human,False,False
2894308235,human,False,False
2866008299,human,True,False
2866013585,same-system,True,False
2866013616,same-system,True,False
2866718557,human,True,False
2866729830,human,True,False
2866730216,same-system,True,False
2876051898,human,False,False
2968137841,same-system,True,True
2968155011,human,False,False
2968158579,human,True,False
2976849314,human,False,False
2931248733,human,True,False
2931275566,same-system,True,False
2931811728,human,True,False
2931858894,same-system,True,False
2957141541,human,True,False
2957177918,same-system,True,False
2958798398,human,True,False
2958805525,human,True,False
2958822221,same-system,True,False
2958832366,human,True,False
2958866415,same-system,True,False
2958891255,same-system,True,False
3001086196,human,True,False
3001108950,same-system,True,False
3005654513,human,True,False
3005685707,same-system,True,False
3042484153,same-system,True,True
3042498363,human,True,False
3042912624,human,True,True
3043105919,human,True,False
3043133186,human,True,False
3043172609,human,True,False
3043180620,human,True,False
3043188490,human,True,False
3043197736,human,True,False
3047306073,human,True,False
3047355098,human,True,False
3047363863,human,True,False
3047371610,same-system,True,True
3044005033,human,True,False
3000284520,human,False,True
3002036124,human,True,False
3002088910,same-system,True,False
3002089026,same-system,True,False
3002089134,same-system,True,False
3002089246,same-system,True,False
3002089390,same-system,True,False
3002089516,same-system,True,False
3002089649,same-system,True,False
3002301898,human,True,False
3002373245,same-system,True,False
3249128461,human,False,False
2908361186,human,False,True
2972997785,human,True,False
2973034118,same-system,True,False
2973034153,same-system,True,False
2973034182,same-system,True,False
2973059758,human,True,False
2973082666,same-system,True,False
2976673252,human,True,False
2976708513,same-system,True,False
2976708582,same-system,True,False
2976708661,same-system,True,False
2976708722,same-system,True,False
2977145012,human,False,False
2922629943,human,True,False
2922631063,human,True,False
2922633131,human,True,False
2922641491,same-system,True,False
2922645490,human,True,False
2922648690,same-system,True,False
2922649004,same-system,True,False
2922654950,same-system,True,False
2946335054,human,False,False
3051492116,human,False,False
3045762023,same-system,True,True
3046075278,human,False,False
3046080975,human,False,False
3049437282,human,True,False
3049446684,same-system,True,False
3068778628,human,True,False
3068857051,same-system,True,False
3068857784,same-system,True,False
3068858477,same-system,True,False
3068874319,same-system,True,False
3068875030,same-system,True,False
3069605668,human,True,False
3069619039,same-system,True,False
3069619283,same-system,True,False
3069619493,same-system,True,False
3069619690,same-system,True,False
3073136694,human,False,False
3073357101,human,False,False
2991559563,human,True,True
2991563943,same-system,True,False
2991563962,same-system,True,False
2991563987,same-system,True,False
2991564042,same-system,True,False
2991564083,same-system,True,False
2991566154,cross-system,True,True
2991567431,human,True,False
2991567532,cross-system,True,False
2991567766,human,True,False
2991567817,cross-system,True,False
2991749071,human,True,False
2991749429,cross-system,True,False
2991757938,cross-system,False,True
2950738331,human,False,True
2950773248,human,False,True
2951853462,human,False,True
2955383070,human,True,False
2955414643,human,False,False
2955418948,same-system,True,False
2955420393,human,True,False
2955445089,same-system,True,False
2955491878,human,False,False
2980520062,human,True,False
2980536265,same-system,True,False
2980566998,human,True,False
2980590645,same-system,True,False
2980937735,human,True,False
2980951234,same-system,True,False
2980951316,same-system,True,False
2980979833,human,True,False
2980992755,same-system,True,False
2980992860,same-system,True,False
2984072036,human,True,False
2984087729,same-system,True,False
2984423838,human,True,False
2984444447,same-system,True,False
2984499221,human,True,False
2984514340,same-system,True,False
2984554471,human,True,False
2984566030,same-system,True,False
2984909063,human,True,False
2984922054,same-system,True,False
2984980493,human,True,False
2984991703,same-system,True,False
2984991857,same-system,True,False
2985002935,human,True,False
2985008594,same-system,True,False
3034189054,same-system,True,True
3056338730,human,True,False
3056339684,human,True,False
3056367276,same-system,True,False
3056393698,human,False,False
3068093212,human,False,True
3068101279,human,False,True
3068140820,human,False,True
3072292047,human,False,True
2902343899,same-system,True,True
2902375374,human,True,False
3008163026,human,False,True
2959181323,human,True,False
2959184128,human,False,False
2959206688,human,False,False
2963613184,human,False,True
2963622794,human,False,False
2852095531,human,False,True
2990877147,same-system,False,True
2990878697,human,True,False
2925485931,human,False,False
2925491590,human,False,False
2928639669,human,False,False
2964480941,human,True,False
2964534913,human,True,False
2966096513,human,True,False
2966108675,same-system,True,False
2966117988,human,True,False
2966126569,human,True,False
2966777504,human,True,False
2966786977,human,True,False
2967564281,human,True,False
2967590564,same-system,True,False
2968306207,human,True,False
2968315576,human,True,False
2968444241,human,True,False
2968473776,human,True,False
2968473815,human,False,False
2947539919,human,False,False
2883913794,human,False,True
2947785011,human,True,False
2947786472,same-system,True,False
2947786480,same-system,True,False
2947787374,human,False,True
2940509808,human,True,False
2940512894,human,True,False
2940539356,same-system,True,False
2940562160,same-system,True,False
3060152002,same-system,True,True
3149559754,human,False,False
3174906597,human,False,False
3089124626,human,False,False
3089128012,human,False,False
3009845140,human,True,False
3009882225,same-system,True,False
3010101413,human,False,False
3045781037,human,True,False
3045795606,same-system,True,False
3046067941,human,True,False
3091967611,human,False,True
2883748255,human,True,False
2883758120,same-system,True,False
2915565962,human,True,False
2915567792,same-system,True,False
2915567978,human,True,False
2915568510,human,True,False
2915574976,same-system,True,False
2915578634,same-system,True,False
2915580487,human,True,False
2915584957,same-system,True,False
2915672670,human,True,False
2915686184,same-system,True,False
2915692472,human,True,False
2915699747,same-system,True,False
2917651025,human,True,False
2917668517,same-system,True,False
2919000312,human,True,False
2919001146,human,True,False
2919001453,human,True,False
2919001586,human,True,False
2921776290,human,True,False
2922174127,human,False,True
2858568431,human,False,True
2860565965,human,False,True
2860603210,same-system,False,True
2863791757,human,False,True
2863855623,human,False,True
2891447899,human,True,False
2891526024,same-system,True,False
2891526688,same-system,True,False
2891592025,human,True,True
2891664638,same-system,True,False
2891665215,same-system,True,False
2891665648,same-system,True,False
2891666054,same-system,True,False
2891666454,same-system,True,False
2891666842,same-system,True,False
2891667159,same-system,True,False
2891667506,same-system,True,False
2891667913,same-system,True,False
2891668321,same-system,True,False
2891668775,same-system,True,False
2891669175,same-system,True,False
2891669585,same-system,True,False
2891669952,same-system,True,False
2891670443,same-system,True,False
2891670837,same-system,True,False
2891671214,same-system,True,False
2891671615,same-system,True,False
2891671955,same-system,True,False
2891672293,same-system,True,False
2891672775,same-system,True,False
2876921363,same-system,True,True
2876929893,human,False,False
2906375424,human,True,False
2906394592,same-system,True,False
2954662875,human,True,True
2954680540,same-system,True,False
2954683686,human,False,True
2954742320,human,False,True
2954782856,human,False,True
2954801694,human,False,True
2954813123,human,False,False
2959722109,human,False,False
3002356263,human,True,False
3002392674,same-system,True,False
3002442259,human,True,False
3003293954,human,False,False
3006541361,human,True,False
3006599771,human,False,False
3006747802,human,False,False
3017929124,human,False,False
2991067493,human,True,False
2991068533,same-system,True,False
2991069583,human,True,False
2991071354,same-system,True,False
2991074050,human,False,False
3064125620,human,True,False
3064178212,same-system,True,False
3064178360,same-system,True,False
3064178557,same-system,True,False
3064178735,same-system,True,False
3064178903,same-system,True,False
3064179038,same-system,True,False
3081607282,human,False,True
3025170249,human,True,False
3025188403,human,True,False
3025230201,same-system,True,False
3025230719,same-system,True,False
3025284845,human,True,False
3025296091,same-system,True,False
2971025681,human,True,False
2971042265,same-system,True,False
2971520896,human,False,False
2971788296,human,False,False
2943601549,human,True,False
2943611225,same-system,True,False
2951974672,human,True,False
2951978164,same-system,True,False
2953998962,human,False,True
2986197314,human,False,False
2986356705,human,False,False
2954338622,human,True,False
2959090146,same-system,True,False
2959090257,same-system,True,False
2959090360,same-system,True,False
2959090462,same-system,True,False
2959090566,same-system,True,False
2959090655,same-system,True,False
2959090746,same-system,True,False
2959090834,same-system,True,False
2959301036,human,True,False
2959331174,same-system,True,False
2959331508,same-system,True,False
2959331730,same-system,True,False
2959332000,same-system,True,False
2959332266,same-system,True,False
2959332457,same-system,True,False
2959332637,same-system,True,False
2959332810,same-system,True,False
2959332974,same-system,True,False
2959333142,same-system,True,False
2959333283,same-system,True,False
2959419924,human,False,False
2959499134,human,True,True
2959522136,same-system,True,False
2959522234,same-system,True,False
2959522326,same-system,True,False
2959522458,same-system,True,False
2959522583,same-system,True,False
2959522693,same-system,True,False
2946185509,human,False,False
2957945460,human,False,False
2898564474,human,True,False
2898581298,same-system,True,False
2898668317,human,True,False
2898680200,same-system,True,False
2898693248,human,True,False
2898706924,same-system,True,False
2898733658,human,True,False
2898758544,same-system,True,False
2898758656,same-system,True,False
2898758788,same-system,True,False
2898874139,human,True,False
2898895505,same-system,True,False
2912235338,human,True,False
2912251293,same-system,True,False
2913625337,human,True,False
2913627266,human,True,False
2915237833,human,True,False
2915399359,human,True,False
2915417802,human,True,False
2915443364,human,False,False
2991864705,human,False,True
3006584300,human,False,False
3060203315,human,False,False
3060207125,same-system,True,True
2853853553,human,True,False
2853882812,same-system,True,False
2853986469,human,True,False
2854032793,same-system,True,False
2854282896,human,True,False
2854287823,human,True,False
2854301816,same-system,True,False
2854320490,same-system,True,False
3009907267,human,True,True
3010009872,same-system,True,False
3010010547,same-system,True,False
3012636368,human,False,True
3012637598,human,False,True
3012638439,human,False,True
3012643326,human,False,True
3012644585,human,False,True
3012644631,human,False,True
3012808031,human,False,True
2999933624,same-system,False,True
2947022025,human,False,True
3062322964,human,False,False
3066876166,human,False,False
2865786192,human,True,False
2865805416,same-system,True,False
2865805638,same-system,True,False
2865805989,same-system,True,False
2865848903,human,True,False
2865859496,same-system,True,False
2865859907,same-system,True,False
2865860195,same-system,True,False
2865861941,same-system,True,False
2871502336,human,False,False
2925372073,human,True,False
2925441346,same-system,True,False
2925378617,human,True,False
2925630347,same-system,True,False
2925631195,same-system,True,False
2925631743,same-system,True,False
2925632276,same-system,True,False
2925632906,same-system,True,False
2925633672,same-system,True,False
3038517404,same-system,True,True
3038537844,human,False,False
2933443422,human,True,True
2933461163,same-system,True,False
2933529590,human,True,False
2933534386,same-system,True,False
2934521649,human,True,False
2934529920,same-system,True,False
2936852057,human,True,False
2936856503,human,True,False
2938904868,same-system,True,False
2938905256,same-system,True,False
2938905686,same-system,True,False
2940349040,human,False,False
3046602594,human,True,False
3046649907,same-system,True,False
3046113844,human,True,True
3049955053,human,True,False
3049979726,human,True,False
3049994706,human,True,False
3065531679,human,True,False
3065558468,human,True,False
3082673035,human,True,False
3082680053,human,True,False
3082688442,human,True,False
3082905783,human,True,False
3082928100,human,True,False
3082942728,human,True,False
3084629265,human,True,True
3087294186,human,True,False
3087300265,human,True,False
3087342662,human,True,False
3091917171,human,True,True
3092150026,human,True,False
3092281005,human,True,False
3093800239,human,False,False
2983258340,human,True,True
2983290245,same-system,True,False
2983290254,same-system,True,False
2983290269,same-system,True,False
2983290274,same-system,True,False
2983290286,same-system,True,False
2983308617,human,True,True
2983337958,same-system,True,False
2983338449,same-system,True,False
2983432078,human,True,True
2983456251,same-system,True,False
2996697977,human,True,False
2996730619,same-system,True,False
2996896692,human,True,False
2996923744,same-system,True,False
2998162973,human,True,False
2998205414,same-system,True,False
3000578027,human,False,False
3000608623,human,False,False
3069731475,human,False,True
3069740795,human,False,False
2946607247,same-system,True,True
2946625649,human,True,False
2957043224,human,True,False
2957046693,human,True,False
2957060708,same-system,True,False
2957063267,human,True,False
2957076984,human,True,False
2957090370,same-system,True,False
2957328258,human,False,False
2983538962,human,True,True
2983557907,same-system,True,False
2983558032,same-system,True,False
2983709151,human,False,True
2998285957,human,False,False
2857346184,human,True,False
2857358356,same-system,True,False
2857358879,same-system,True,False
2857359439,same-system,True,False
2857370845,same-system,True,True
2877779937,human,True,False
2877820070,same-system,True,False
2877820326,same-system,True,False
2877820550,same-system,True,False
2877820760,same-system,True,False
2878089564,human,False,False
2887990164,human,False,False
2872346981,human,False,False
2968990765,human,True,False
2968999046,same-system,True,False
2968999168,same-system,True,False
2968999215,same-system,True,False
2968999238,same-system,True,False
2968999253,same-system,True,False
2968999261,same-system,True,False
2968999270,same-system,True,False
2968999278,same-system,True,False
2968999286,same-system,True,False
2968999295,same-system,True,False
2968999303,same-system,True,False
2969001250,human,True,False
2969002447,same-system,True,False
2969002453,same-system,True,False
2969002457,same-system,True,False
2969002461,same-system,True,False
2969002469,same-system,True,False
2969002475,same-system,True,False
2969004202,human,False,False
2861718487,human,False,False
2861899220,human,False,False
2881567814,same-system,True,True
2881576232,human,True,False
2881586269,same-system,True,False
2881635572,human,True,False
2881640776,same-system,True,False
2947274444,human,True,False
2947280214,human,True,False
2947283020,human,True,False
2947295072,same-system,True,False
2947412213,human,True,False
2947423621,same-system,True,False
2964520839,human,True,False
2964522893,human,True,False
2964525802,human,True,False
2964530472,same-system,True,False
2964542868,same-system,True,False
2964542926,same-system,True,False
2968297550,human,True,False
2968350485,human,True,False
2972838255,human,True,False
2972988761,human,True,False
2973011559,human,True,False
2973058988,human,True,False
2973076938,same-system,True,False
2973082488,human,True,False
2973126672,same-system,True,False
2977408000,human,False,True
2977579996,human,True,False
2978311292,human,False,False
2978607405,human,False,True
3044366919,human,False,False
3053447348,human,False,True
3053478172,same-system,True,True
3055396342,human,False,False
3056004037,human,False,True
2924175056,human,True,False
2924187740,same-system,True,False
2924190063,human,False,False
2925087859,human,True,False
2925161953,human,True,False
2925243302,human,True,False
2925248406,human,False,False
2926021227,human,True,False
2926049897,same-system,True,False
2944127635,human,False,False
2945630081,human,False,False
2982164127,human,False,False
2998711190,same-system,True,True
3034724398,human,True,True
3034786422,same-system,True,False
3034856877,human,False,True
3027349175,human,True,False
3027376509,same-system,True,False
3027376667,same-system,True,False
3027383312,human,True,False
3027393239,same-system,True,False
3030786303,human,True,False
3030840107,same-system,True,False
3030840500,same-system,True,False
3162983361,human,False,False
3163389196,human,False,False
3029513896,human,False,False
3030603679,human,False,False
2972056658,human,True,False
2972071989,same-system,True,False
2969335392,human,False,True
2969351765,human,False,True
2969362802,human,True,False
2969365606,same-system,True,False
2969367036,human,False,True
2969460686,human,True,False
2969461018,human,True,False
2969462449,same-system,True,False
2969465620,same-system,True,False
2969573329,human,True,False
2969578822,same-system,True,False
2976763663,human,True,False
2976783002,same-system,True,False
2956354496,human,False,False
2858356499,human,True,False
2858361930,same-system,True,False
3004534837,human,False,False
2906126798,human,True,False
2906139502,same-system,True,False
2906146659,human,True,False
2906176873,same-system,True,False
2995275793,same-system,True,True
2995295782,human,True,False
2995304389,same-system,True,False
2995329664,same-system,True,True
2995350176,same-system,True,False
2995355765,same-system,True,True
2923667908,same-system,True,True
3021749771,human,True,False
3021790766,same-system,True,False
3021962775,human,True,False
3022005419,same-system,True,False
3025420050,human,True,False
3025463080,same-system,True,False
3032280874,human,False,True
3054614761,human,False,True
3054681793,human,False,False
3051857491,human,True,False
3051899407,same-system,True,False
3052052833,human,True,False
3052101876,same-system,True,False
2959853867,human,False,False
2961871439,human,True,False
2961969582,same-system,True,False
2961969699,same-system,True,False
2961969783,same-system,True,False
2961969943,same-system,True,False
2962116555,human,True,False
2962138286,same-system,True,False
2962138445,same-system,True,False
2962138590,same-system,True,False
2962138743,same-system,True,False
2982369849,same-system,True,True
2925523749,human,True,False
2925525683,human,True,False
2925527633,same-system,True,False
2925535632,same-system,True,False
2990227851,human,True,False
2990246344,same-system,True,False
2953605559,same-system,True,True
2970713540,human,False,False
2984241288,human,False,False
2984267268,human,False,False
2853683444,human,True,False
2853695172,same-system,True,False
2853702456,human,True,False
2853710034,same-system,True,False
2853732304,human,False,True
3067063105,human,True,False
3067163489,same-system,True,False
3067163796,same-system,True,False
2941578435,human,True,False
2941606073,same-system,True,False
2941619612,human,True,False
2941649662,same-system,True,False
3058168446,human,False,True
3082161964,human,True,True
3082169301,same-system,True,False
3082169321,same-system,True,False
3082169353,same-system,True,False
3082169376,same-system,True,False
2932609460,same-system,True,True
2932634546,human,False,True
2932666718,human,False,False
2898903337,same-system,False,True
2898905592,human,True,False
2898915378,same-system,True,False
2900695258,human,False,False
2921730696,human,True,False
2921892961,human,True,False
2922586282,human,True,False
2922646693,human,False,False
2968181228,human,True,False
2968183143,same-system,True,False
2973392381,human,False,False
2958766739,human,False,True
2959235144,human,False,False
2959387527,human,False,False
2959744749,human,False,False
2959756568,human,False,False
2959794927,human,True,False
2959805145,same-system,True,False
2972930960,human,False,True
2980728623,human,False,False
2991545518,cross-system,True,True
2991548189,human,True,True
2991551677,cross-system,True,False
2991551680,cross-system,True,False
2991553103,same-system,True,False
2991553737,human,True,False
2991555332,same-system,True,False
2991557171,human,True,False
2991558061,same-system,True,False
2991563439,human,False,False
2991563421,cross-system,False,True
2994418880,human,False,False
2889740642,human,True,False
2889759949,same-system,True,False
2908010609,same-system,False,True
3002640578,same-system,True,True
3003789322,human,False,False
2919038704,human,True,False
2919060229,same-system,True,False
2919060338,same-system,True,False
2919060481,same-system,True,False
2921782497,human,True,False
2921798731,same-system,True,False
2921833196,human,True,False
2921852576,same-system,True,False
2921863453,human,True,False
2921888475,same-system,True,False
2922391266,human,False,False
2923099808,human,False,False
2923639248,human,False,False
2924992217,human,False,False
2857681418,human,True,False
2857719950,same-system,True,False
2860718501,human,True,False
2860729814,same-system,True,False
3007094343,human,True,False
3011520972,human,True,False
3011522020,human,True,False
3011525002,human,True,False
3011556545,same-system,True,False
3011556624,same-system,True,False
3011708639,human,True,False
3011745482,same-system,True,False
3016392648,human,True,False
3016739512,human,True,False
3016766003,same-system,True,False
2923988726,human,True,False
2924025128,same-system,True,False
2924025509,same-system,True,False
2924025843,same-system,True,False
2924046083,human,True,False
2924083528,same-system,True,False
2924145449,human,False,False
2998197362,human,True,False
2998198209,human,True,False
2998198872,human,False,False
2924126309,human,True,False
2924161770,same-system,True,False
2924162855,same-system,True,False
2925066034,human,True,False
2925094669,same-system,True,False
2925095070,same-system,True,False
2931197482,human,False,False
2931586208,human,False,False
2931600630,human,False,False
2923433013,human,False,False
3014081362,human,False,True
3015513420,human,False,False
3022332686,human,False,False
3017009916,same-system,True,True
3017249913,human,True,False
3017712749,human,False,False
2892783501,human,False,True
2894342186,human,False,True
2854172147,same-system,True,False
2854172604,same-system,True,False
2854173036,same-system,True,False
2854173487,same-system,True,False
2854173937,same-system,True,False
2854174391,same-system,True,False
2854205051,human,True,False
2854207875,human,True,False
2854237206,human,False,False
2854240106,same-system,True,False
2928890388,human,True,False
2928893746,same-system,True,False
2970381923,human,False,True
2970466009,human,True,False
2970488586,same-system,True,False
2995062790,human,False,False
2943939638,human,False,False
2946309920,human,False,False
2877371267,human,False,False
2901057904,human,False,False
2906362536,human,True,False
2906370830,human,True,False
2906375931,same-system,True,False
2906390029,same-system,True,False
2906424903,human,True,False
2906427458,same-system,True,False
2906449876,human,False,False
2990915700,same-system,True,True
2889695119,human,True,False
2889710557,same-system,True,False
2889710898,same-system,True,False
3357060236,same-system,True,True
2851567653,human,False,False
2851631247,human,False,True
2973106703,human,False,False
2973109109,human,False,False
2976289226,human,False,False
2947718788,human,True,False
2947720063,same-system,True,False
2947731887,human,False,True
2914394347,same-system,True,True
2937456824,human,False,False
2940124182,human,True,False
2940127971,human,True,False
2940156106,human,True,False
2940160826,human,True,False
2940166375,human,True,False
2940169632,human,True,False
2940170914,human,True,False
2940173599,human,True,False
2980016586,human,False,False
2980021906,human,True,False
2980022055,human,True,False
2980032842,human,True,False
2980036793,human,True,False
2980138780,human,True,False
2980154267,same-system,True,False
2994733135,human,False,False
2958750843,same-system,False,True
2958752365,human,False,False
2976935442,human,False,True
2976982050,human,False,True
2980894119,human,False,False
2989310747,human,False,False
3000750974,human,False,False
3000783208,human,False,False
3000896059,human,False,False
2944950710,human,False,False
2947314244,human,False,True
3019365845,human,False,False
2984388487,human,False,False
2984551129,human,False,False
2984654601,human,False,False
2870122924,human,True,False
2870131264,same-system,True,False
2870138262,human,True,False
2870150240,human,False,True
2870153022,same-system,True,False
2870153468,human,True,False
2870170224,same-system,True,False
2870192547,human,True,True
2870243223,same-system,True,False
2870243852,same-system,True,False
2870244586,same-system,True,False
2870245371,same-system,True,False
2965855029,human,True,True
2965930225,same-system,True,False
2965930562,same-system,True,False
2965930904,same-system,True,False
3005125577,human,False,False
3005328429,human,False,False
3024891761,human,False,False
3025123434,human,False,False
2994765198,same-system,False,True
2994777247,human,False,False
2994796775,human,False,False
2995102485,human,False,False
2995105524,human,False,False
2940341514,human,False,True
2940404230,human,False,True
3017411905,human,False,True
3021346245,human,False,False
2915769831,same-system,True,True
2915872430,human,True,False
2915889696,same-system,True,False
2915932434,human,True,False
2915951370,same-system,True,False
2916335958,human,False,False
2852192081,human,True,False
2852195349,same-system,True,False
2852195482,same-system,True,False
2852201604,human,True,False
2852203075,same-system,True,False
2875904447,human,True,True
2875939276,same-system,True,False
2875939689,same-system,True,False
2899413220,same-system,False,True
2901460406,human,False,True
2980394597,same-system,False,True
2982191767,human,False,False
2866243665,human,True,False
2869856961,same-system,True,False
2869858034,same-system,True,False
2869859050,same-system,True,False
2869860085,same-system,True,False
2884422530,human,True,True
2884429562,same-system,True,False
2884433010,same-system,True,False
2884433962,same-system,True,False
2884435316,same-system,True,False
2884436151,same-system,True,False
2885297837,human,True,True
2885309014,same-system,True,False
2885309052,same-system,True,False
2885309086,same-system,True,False
2885309116,same-system,True,False
2885309148,same-system,True,False
2957942299,human,False,False
2948788823,human,False,False
2948898153,human,False,False
2957073394,human,True,False
2957075481,human,True,False
2957076354,human,True,False
2957082527,human,True,False
2957115017,same-system,True,False
2957199122,same-system,True,False
2957199247,same-system,True,False
2957199332,same-system,True,False
2957311474,human,True,False
2957317695,human,True,False
2957325352,human,True,False
2957362510,same-system,True,False
2957362634,same-system,True,False
2959344799,human,True,False
2959376166,same-system,True,False
2959376254,same-system,True,False
2960562419,human,False,False
2960591621,human,False,False
2914894742,human,False,True
2915086206,human,False,False
2915151575,human,False,False
2915169908,human,False,False
2918343522,human,False,False
2918783241,human,False,False
2918785445,human,False,False
2889756541,same-system,True,True
2745646536,human,False,True
2745659529,human,False,True
2742927139,human,False,False
3052604887,cross-system,True,False
3068224121,cross-system,True,False
3080561898,human,True,False
3080562377,human,True,False
3080590236,cross-system,True,False
3080603930,cross-system,True,False
3080704263,human,True,False
2943758476,cross-system,False,True
2873663048,cross-system,False,True
2734489235,human,False,True
2734550731,human,False,True
3008096620,human,True,False
3008096797,human,True,False
3008096950,human,True,False
3008123838,human,False,False
2807537914,human,False,False
2829797257,human,False,False
2829798067,cross-system,False,True
2829803462,human,True,False
2829804257,cross-system,True,True
2761194018,human,True,False
2619192701,human,True,False
2619193199,human,True,False
2619194731,human,True,False
2619197713,human,True,False
2884010665,human,True,False
2884013010,human,True,False
2884030762,human,True,False
2884032596,human,True,False
2884036477,human,True,False
2831749518,human,True,False
2831749623,human,True,False
2915002039,human,False,False
2720236258,human,False,True
2720327519,human,False,True
3003299700,cross-system,True,True
3003476648,human,False,False
2937852209,human,True,False
2948729847,human,False,False
2560528707,human,True,False
2560840997,human,False,False
2564666685,human,True,False
2625145014,human,False,False
2700618904,cross-system,True,False
2700618941,cross-system,True,False
2706760178,human,False,False
2895451982,human,False,False
3047457169,cross-system,False,True
3047897417,human,True,False
3049473764,cross-system,True,False
2888588881,cross-system,False,True
2888579741,cross-system,True,False
2888674964,cross-system,False,True
2888754879,cross-system,False,True
2888819781,cross-system,False,True
2772066259,human,True,False
3047908790,cross-system,False,True
3047958854,cross-system,False,True
3048033007,cross-system,False,True
3048100244,cross-system,False,True
3048143526,cross-system,False,True
3049460053,cross-system,True,False
3049477185,cross-system,True,False
3056429863,human,True,False
3056434759,human,True,False
3056625714,human,False,False
3073248179,human,False,False
2845124391,human,False,False
3011576804,cross-system,False,True
3027282922,human,False,False
2844513409,human,True,False
2876516989,cross-system,False,True
3010749232,cross-system,True,True
3010814151,human,False,False
2763255873,human,False,True
2545344787,human,True,False
2545389706,human,True,False
2545446622,human,True,False
2986919286,cross-system,True,True
2986943427,human,True,False
2986991879,human,True,False
2986995271,human,False,False
2987260029,human,True,False
2987308081,human,True,False
2987311079,human,False,True
2987892872,human,True,False
2987923479,human,True,False
2579830179,human,False,True
2587911282,cross-system,True,True
2664179628,human,True,False
2664196983,human,True,False
2664224562,human,True,False
2664236355,human,True,False
2664344273,human,True,False
2855069145,human,True,False
2855105450,human,True,False
2855206991,human,True,False
2858425616,human,False,False
2764894624,human,False,False
2797718584,human,True,False
2797718872,human,True,False
2797719795,human,True,False
2673438644,human,False,False
2673463038,human,False,False
2673463510,human,False,False
2890721900,human,True,False
3074492104,human,True,True
3074499478,cross-system,True,True
3074532426,human,False,True
3013901887,human,True,False
2584970697,human,True,False
2584971214,human,True,False
2584971693,human,True,False
2584974763,human,True,False
2584975303,human,True,False
2584981191,human,True,False
2584981833,human,True,False
2585047942,human,True,False
2585052262,human,True,False
2585053253,human,True,False
2585086591,human,True,False
2585218761,human,True,False
2585220291,human,True,False
2585999771,human,True,False
2587451863,human,True,False
2587511861,human,True,False
2587524484,human,False,False
2552993356,human,True,False
2553158780,human,False,False
3064586746,human,False,False
2730895660,human,True,False
2730929132,human,True,False
2730930278,human,True,False
2730933017,human,True,False
2574426672,human,True,False
2574426796,human,True,False
2574427068,human,True,False
2574427091,human,True,False
2574427133,human,True,False
2887079827,human,False,False
2574432247,human,True,False
2574432443,human,True,False
2574432506,human,True,False
2574432542,human,True,False
2574432568,human,True,False
2574432606,human,True,False
2574432663,human,True,False
2574432719,human,True,False
2574432756,human,True,False
2574481108,human,True,False
2574481226,human,True,False
2574481292,human,True,False
2574481356,human,True,False
2574481442,human,True,False
2574481488,human,True,False
2574481697,human,False,False
2568167545,human,True,False
2568221017,human,True,False
2742644620,human,False,True
2742726321,human,False,True
2961585364,human,True,False
2961586674,human,True,False
2961589966,human,False,False
2727635466,human,False,False
2727637156,human,False,True
2727639676,human,True,False
2727640913,human,False,False
2525938830,human,False,False
2755285006,human,False,True
2755709696,human,False,True
2760449279,human,False,False
2652580360,human,False,False
3010539293,human,False,True
2983682975,human,False,False
3021505619,cross-system,False,True
3022177216,human,False,True
3022561428,human,False,True
3025991954,human,False,False
3026231375,human,True,False
3026612134,human,False,False
3026615573,human,False,False
2920408342,human,False,False
2949217097,human,False,True
2949227599,human,False,True
2562833596,human,True,False
2563895253,human,True,False
2566814312,human,True,False
2566942735,human,True,False
2566992041,human,True,False
2567294107,human,True,False
2567300056,human,True,False
2567300659,human,True,False
2567306669,human,True,False
2567308290,human,True,False
2567316042,human,False,False
2567651828,human,True,False
2567653616,human,True,False
2567654288,human,True,False
2722705391,human,False,False
2866838133,human,False,False
2979852864,cross-system,False,True
2979849313,cross-system,True,False
2979858882,cross-system,False,True
2979888444,cross-system,True,False
2979889256,cross-system,False,True
2979923318,cross-system,False,True
2985144986,human,True,False
2979916775,cross-system,True,False
2996350986,human,True,True
2998180040,human,True,False
2998194559,cross-system,False,True
3002226977,cross-system,False,True
3002257472,cross-system,False,True
2612762212,human,False,False
2531471383,human,True,False
2531475167,cross-system,True,False
2531475191,cross-system,True,False
2531489378,cross-system,True,False
2531489410,cross-system,True,False
3006013907,human,True,False
3006014848,human,True,False
3006015243,human,True,False
3006015864,human,True,False
3006093266,human,False,False
3044402910,cross-system,False,True
3079736951,cross-system,False,True
2646350992,cross-system,True,False
2649410577,human,True,False
2649411906,human,True,False
2649436561,human,True,False
2649438745,human,True,False
2649472745,human,True,False
2649484915,human,False,False
2796177080,human,True,False
2939844664,cross-system,False,True
2919010992,human,True,False
3044198606,cross-system,False,True
3044225422,cross-system,False,True
3044235027,cross-system,False,True
3044293043,cross-system,False,True
3044313533,cross-system,False,True
3047507791,cross-system,False,True
3047521919,cross-system,False,True
3047601597,cross-system,False,True
3047636726,cross-system,False,True
3047651993,cross-system,False,True
3047709566,cross-system,False,True
3063498096,cross-system,True,False
2813577843,human,False,False
2858587288,human,True,False
2858599489,human,False,False
2816213606,cross-system,True,True
2587135613,human,True,False
2587853001,human,True,False
2790786488,cross-system,False,True
2790786600,cross-system,False,True
3008074628,human,False,False
2827695822,cross-system,True,True
2827826204,human,True,False
2827888361,human,True,False
2837240832,human,False,False
2871236385,cross-system,True,False
2964777382,human,True,False
2964805547,human,False,False
2967932177,human,True,False
2967938508,human,False,True
2968081166,human,False,True
3053292307,cross-system,False,True
3072518319,human,True,False
3072618459,human,True,False
3072839408,human,False,False
3075791959,human,True,False
3075846970,human,False,False
3075907300,human,True,False
2742284286,human,True,False
2742412711,human,False,True
2742596165,human,True,False
2742597316,human,False,True
2644871981,cross-system,True,False
2644872030,cross-system,True,False
2644872090,cross-system,True,False
2879909282,cross-system,False,True
2879914808,cross-system,True,True
2882213383,human,False,False
2597862467,human,False,True
2669575175,cross-system,True,False
2669575196,cross-system,True,False
2669577379,human,True,False
2758889735,human,False,False
2962896992,human,False,False
2955939177,human,False,False
2956726200,human,False,True
2705630643,human,False,True
2709593881,human,False,True
2715354132,human,False,True
2923022564,human,True,False
2929770393,human,False,True
2727944046,human,True,True
2759816901,human,True,False
2665819804,human,True,False
2673029222,human,False,False
2681544190,human,True,False
2681818837,human,True,False
3070959490,human,False,True
3073936589,human,True,False
3073936706,human,False,False
3073937517,cross-system,True,True
3073939388,human,True,False
3073940259,cross-system,True,False
3074002243,human,False,False
2638112015,human,False,False
3036180275,cross-system,False,True
3036189904,cross-system,False,True
2869252778,human,True,False
2846917049,human,False,False
2594291131,human,False,False
2525946080,human,False,False
2642534219,human,True,False
2642535078,human,False,True
2642575373,human,True,False
2642654609,human,False,False
2709151641,human,False,True
2709314815,human,False,False
2668490462,human,False,False
2884094713,human,True,False
2844054843,human,True,False
2844068183,human,True,False
2751926808,human,True,False
2932369943,human,True,False
2932393429,human,True,False
2944819113,human,False,False
2956747224,human,True,False
2956748283,human,False,True
2956761764,human,True,False
2956763479,cross-system,True,False
2957009428,human,True,False
2957011047,cross-system,True,False
2811900329,human,True,False
2811902087,human,True,False
2811903617,human,True,False
2811906468,human,True,False
2811907969,human,True,False
2811912093,human,True,False
2811914278,human,True,False
2811915381,human,True,False
2811916555,human,True,False
2811979026,human,True,False
2811993402,human,True,False
2812014967,human,True,False
2812016490,human,True,False
2812022623,human,True,False
2817510844,human,True,False
2817530094,human,True,False
2817540111,human,True,False
2812038559,human,True,True
2833719590,human,True,False
2833725413,human,False,True
2833727597,human,True,False
2833728669,human,True,False
2833732636,human,False,True
2833733813,human,True,False
2833735260,human,True,False
2833736387,human,True,False
2833740247,human,True,False
2833741263,human,True,False
2833742668,human,True,False
2833743314,human,True,False
2834248050,cross-system,False,True
2785647702,human,False,False
2808839096,human,False,True
2809077919,human,True,False
2810597278,human,False,False
2859527323,human,False,False
2862030574,human,False,False
2678493640,human,True,False
2678850133,human,False,False
2559549623,human,False,False
2683812061,human,True,False
2683855544,human,False,False
2685017740,human,True,False
2685152700,human,True,False
2685237438,human,False,False
2539614579,human,True,False
2540184501,human,True,False
2540366537,human,True,False
2540795353,human,False,False
2665454949,human,False,False
3024961948,cross-system,False,True
3025505486,human,False,False
3025614232,human,False,False
2983010647,human,True,False
2985166855,human,False,False
2985269714,human,False,True
2848601934,cross-system,True,True
2851346845,human,True,True
2851592970,human,True,False
2854114041,human,False,True
2663285924,human,True,False
2663294303,human,True,False
2663299299,human,True,False
2663334529,human,True,False
2663355703,human,False,False
3050328569,cross-system,False,True
3056352142,human,False,False
2646312579,human,True,False
2646312758,human,True,False
2646313114,human,True,False
2646313431,human,False,False
2646347282,human,True,False
2648880523,human,False,False
2542494324,human,False,False
2947384820,human,True,False
2947385149,human,True,False
2947397080,human,True,False
2947409366,human,True,False
2947409838,human,True,False
2902043187,human,False,False
2869174033,human,True,False
2869183810,human,True,False
2869184135,human,True,False
2869184320,human,True,False
2869185008,human,True,False
2869186174,human,True,False
2869187687,human,False,True
2869191067,human,True,False
2869191168,human,True,False
2869191241,human,True,False
2869191378,human,True,False
2869191618,human,True,False
2869191840,human,True,False
2869192087,cross-system,False,False
2869192300,human,True,False
2869192428,human,True,False
2999180751,human,False,False
2999180218,cross-system,False,True
2826581527,human,False,False
2706876019,human,True,False
2706917118,human,True,False
2706933315,human,False,False
2635361594,human,True,False
2635361942,human,True,False
2635371868,human,True,False
2859808922,human,False,False
2683640656,human,True,False
2683644444,human,True,False
2683676334,human,True,False
2683685881,human,True,False
2683700583,human,True,False
2907455876,cross-system,False,True
2907493593,human,True,False
2907494119,human,True,False
2907500820,cross-system,False,True
2910848253,human,False,False
2811179038,human,False,False
2915355867,human,True,False
2915358151,human,True,False
2917971341,human,True,False
2980490391,human,True,False
2980505334,human,True,False
2980543742,human,False,False
2845035898,human,True,False
2846230728,human,True,False
2846232394,human,True,False
2846234632,human,True,False
3044813005,cross-system,False,True
3044842942,cross-system,False,True
3045116084,cross-system,False,True
3045296786,cross-system,False,True
2833888488,human,False,False
2884655611,human,True,False
2884660708,human,False,False
2723077920,human,True,False
2723270227,human,False,False
2726318004,human,True,False
2726358602,human,True,False
2726377416,human,True,False
2726382102,human,True,False
2726399672,human,True,False
2726447708,human,True,False
2726487610,human,True,False
2726952631,human,True,False
2727106209,human,True,False
2727107213,human,False,True
2728702896,human,True,False
2729860567,human,False,False
2780827642,human,True,True
2780847559,human,True,True
2781204211,human,False,True
2774689470,human,True,False
2774715892,human,True,False
2774716722,human,True,False
2774719309,human,True,False
2774789967,human,True,False
2774790948,human,True,False
2722358784,human,True,False
2722359327,human,True,False
2722365207,human,True,False
2780259838,human,True,False
2780259881,human,True,False
2780259914,human,True,False
2780259950,human,True,False
2780260133,human,True,False
2780260239,human,False,False
2797849610,human,False,False
3069386277,cross-system,True,False
3073665975,human,False,True
2846415434,human,False,True
2846455721,human,False,True
2936401459,human,False,False
3034739465,cross-system,False,True
3034901784,human,False,False
2835246615,human,True,False
2835250335,human,False,False
2858828789,human,True,False
2858842022,human,True,False
2858844039,human,True,False
2858844761,human,True,False
2858864505,human,True,False
2858866352,human,True,False
2858867735,human,True,False
2858870043,human,True,False
2858874574,human,True,False
3025183342,cross-system,False,True
3025272454,cross-system,False,True
3055329152,human,False,False
3055340672,human,False,True
3055470093,human,False,False
2680579412,human,False,False
2646466129,human,True,False
2646466472,human,True,False
2646466905,human,True,False
3025210190,human,False,False
2911195944,cross-system,False,True
2687153483,human,True,False
2687156112,human,True,False
2687156910,human,True,False
3066501219,human,True,True
3066548861,human,True,False
3066553043,human,True,False
3073702240,human,True,False
3073703846,human,True,False
3073703898,human,True,False
3073705230,human,True,False
3073818280,human,False,True
2626808478,human,True,False
2626977293,human,True,False
2635505286,human,True,False
2635581714,human,True,False
2635610372,human,True,False
2636293950,human,True,False
2643790669,human,True,False
2643816541,human,True,False
2643827797,human,True,False
2644317877,human,True,False
2653537384,human,False,True
2774219906,human,True,True
2774385923,human,False,False
3036769372,human,False,False
2925168950,cross-system,True,False
2642784429,human,False,True
2652569286,human,False,False
2568672618,human,False,True
2568680034,human,False,True
2865305710,human,True,True
2865751787,human,False,True
2865865000,human,True,False
3014255257,cross-system,False,True
3014257769,cross-system,False,True
3014265064,cross-system,False,True
3014273487,cross-system,False,True
3014283227,cross-system,False,True
3014291956,cross-system,False,True
3014292833,cross-system,False,True
3014301633,cross-system,False,True
3014302297,cross-system,False,True
3017298687,cross-system,False,True
3017312892,cross-system,False,True
3017470813,cross-system,False,True
2782681570,human,True,False
2782682635,human,True,False
2805652774,human,True,False
2619260309,human,False,False
2893177776,human,False,False
2876204381,human,False,False
2808196171,human,False,False
2524455633,human,False,False
2602668500,human,True,False
2602670930,human,True,False
2605337106,human,True,False
2611700893,human,False,False
2831363517,human,False,False
2813297761,human,True,False
2813298952,human,True,True
2813299579,human,False,False
2813300169,human,True,False
2848616031,cross-system,True,False
2848616036,cross-system,True,False
3001376647,human,True,False
2951061789,cross-system,True,True
2951560369,human,True,False
2858747589,human,False,False
2969790814,cross-system,False,True
3065562180,human,True,False
3065564131,cross-system,True,False
3066133814,human,False,False
3066137035,cross-system,True,True
3066159990,human,True,False
3069831205,human,True,True
3073769926,human,False,True
3073811056,human,True,False
3073835498,human,True,False
2817354372,human,True,False
2584914425,human,False,True
2967996945,cross-system,False,True
2972060583,human,False,False
2969061442,cross-system,False,True
2984573146,human,True,False
2985107277,human,True,False
2985139112,human,True,False
2985220800,human,True,False
2985224823,human,True,False
2988090433,human,True,False
2988091282,human,True,False
2994598711,human,False,False
2921912748,cross-system,True,False
3067177416,human,False,False
2998940475,cross-system,False,True
2999745923,human,False,True
2866643746,human,True,False
2866649144,human,True,False
2866650503,human,False,False
2599760831,human,True,False
2600018297,human,True,False
2600067341,human,False,True
2942288098,human,True,False
2944133850,human,False,False
2946484358,human,False,False
2794835824,human,False,False
2741377773,human,True,False
2741482246,human,False,False
2742388355,human,False,True
2907545189,human,False,False
2861478525,human,True,False
3011153537,cross-system,False,True
3011201430,cross-system,False,True
3011260188,cross-system,False,True
2798471798,human,True,False
2798692125,human,True,False
2798705537,human,True,False
2798707770,human,False,True
2798709881,human,True,False
2856987597,human,False,False
2942888274,human,False,False
3044301294,cross-system,False,True
3044331189,cross-system,False,True
3055465104,human,True,True
3039538567,cross-system,False,True
3042429247,human,False,False
2733806045,human,False,False
2819241719,human,True,False
2819581149,cross-system,False,True
2819695871,human,True,False
2819809565,human,True,False
2535738017,human,False,False
2535831908,human,False,False
2704392118,human,True,False
2706643682,human,False,False
2929741806,human,True,False
2929769286,human,True,False
2652498015,human,True,False
2773050594,human,False,True
3069417335,human,False,False
2622428949,human,True,False
2959514135,human,False,False
2809089418,human,True,False
2809089503,human,False,True
2809181200,human,False,True
2562159139,human,False,False
2847121765,cross-system,True,True
3058022511,human,False,True
2531464276,human,True,False
2531464514,human,True,False
2531464717,human,True,False
2531465233,cross-system,True,False
2531465251,cross-system,True,False
2779222792,human,False,False
3069410232,human,False,False
2762039328,cross-system,False,True
2851754370,human,False,True
2852126150,human,False,False
2603876352,human,False,True
2603885077,human,False,False
2822868734,human,True,False
2567685111,human,True,False
2570071836,human,True,False
2527919599,cross-system,True,True
2532076150,cross-system,True,False
2532082315,cross-system,True,False
2532082351,cross-system,True,False
2888529246,cross-system,False,True
2888556053,cross-system,False,True
2888592969,cross-system,False,True
2890074373,cross-system,False,True
2898591195,cross-system,False,True
2557948601,human,True,False
2957309960,cross-system,False,True
2957961172,human,True,False
2960318818,human,False,True
2999889515,human,False,False
3000585491,human,False,True
2821215227,human,True,False
2828569443,cross-system,True,True
2828869728,human,False,True
2829421520,human,False,False
2859219447,human,False,True
2859247351,human,False,False
2618858462,human,True,False
2618859606,human,True,False
2618866290,human,True,False
2618866632,human,True,False
2618872102,human,True,False
2618988745,human,True,True
2736925820,human,True,False
2736937885,human,False,False
2866377786,cross-system,True,True
2866378505,cross-system,True,True
2866730788,cross-system,True,True
2866734825,cross-system,False,True
2525728218,human,False,False
2875538054,human,False,False
2914945777,human,False,False
2884025252,human,True,False
2884026499,human,True,False
2884054658,human,True,False
2884065324,human,True,False
2884065585,human,True,False
2884066328,human,True,False
2891673796,human,True,False
2891731166,human,True,False
2893640101,human,True,False
2893800371,human,True,False
2907137716,human,True,False
2719167242,human,True,False
2719186357,human,True,False
2719234568,human,True,False
2801075643,human,False,False
2801077269,human,True,False
2848785613,cross-system,True,True
2848788392,cross-system,True,True
2859365177,human,True,False
2859384702,human,False,False
2574429150,human,True,False
2574429215,human,True,False
2574429312,human,True,False
2574429409,human,True,False
2574429455,human,True,False
2574429537,human,True,False
2574429575,human,True,False
2574484826,human,False,False
2887351102,human,False,False
2789707913,human,True,False
2628112911,human,False,False
2960594025,cross-system,False,True
2960594328,human,False,False
2763558696,human,False,False
2797860276,human,False,False
2531305901,human,True,False
2531306097,human,True,False
2531306294,human,True,False
2531306449,human,True,False
2531306825,human,True,False
2531429935,cross-system,True,False
2602986559,human,True,False
2603028089,human,False,False
2603063177,human,False,False
2851305323,human,True,False
2851400921,human,False,True
2851481155,human,False,False
2895759864,human,True,False
2795405706,human,False,False
2907518267,cross-system,False,True
2932827769,cross-system,False,True
2932882976,human,False,False
2851109687,human,True,False
2851155400,human,True,False
2851345556,human,False,False
3025653738,human,True,False
3050448619,human,False,False
2773481966,human,True,False
2773497317,human,True,False
2773701149,human,True,False
2773904313,human,True,False
2944850889,human,False,True
2945278378,human,False,True
2762336944,human,False,False
2805329880,human,False,False
2793647285,human,True,False
2797858271,human,True,True
2746053292,human,True,False
2746053635,human,True,False
2746056739,human,True,False
2746057538,human,True,False
2746057878,human,True,False
2746061542,human,True,False
2746064483,human,True,False
2746064966,human,True,False
2753926730,cross-system,True,True
2754692000,cross-system,True,True
2756185706,human,True,False
2759354980,human,False,False
2588506115,cross-system,True,True
2888841661,human,True,False
2773339333,human,True,False
2884017261,human,True,False
2778407870,cross-system,True,True
2907819947,human,False,False
2908053422,human,True,False
2908053733,human,True,False
2999169841,human,True,False
3003858215,human,False,True
3005220114,human,False,False
2985305832,cross-system,True,True
2985308031,human,True,False
2985311466,cross-system,True,False
2986370993,human,False,True
2665980597,human,False,True
2666063048,human,True,True
2668118306,human,False,False
3063849940,cross-system,True,False
3063860465,cross-system,True,False
2798342033,human,True,False
2798600062,human,False,True
2798697306,human,False,True
2926105986,human,True,False
2823706760,human,False,False
2589117858,human,False,False
2681115005,human,False,False
2727937094,human,True,False
2727937280,human,False,False
2531149835,human,True,False
2723356042,human,False,False
2791494553,human,False,True
2814583678,human,True,False
2584695820,human,False,False
2584782635,human,True,False
2587719132,human,True,False
2587728364,human,False,False
2846979264,human,False,False
2605261537,human,True,False
2608019271,human,False,True
2604152259,cross-system,True,True
2649654043,human,False,True
2650311879,human,False,True
2872879842,human,True,False
2911864249,human,False,False
2912137034,human,False,True
2908690756,human,False,True
2908774988,human,False,False
3043830364,cross-system,False,True
3043851539,cross-system,False,True
3044001066,cross-system,False,True
3044112940,cross-system,False,True
2556117777,human,False,False
2733106818,human,False,True
2733136281,human,True,False
2733209449,human,False,False
2858323203,human,False,False
3064583020,human,True,False
3064601027,cross-system,True,False
3064615569,human,True,False
3064626564,human,True,False
2652361337,human,True,False
2652362092,human,True,False
2652596636,human,True,False
2652613852,human,True,False
2653513322,human,True,False
2653532876,human,False,False
2653536258,human,False,False
2658863690,human,True,False
2659519234,human,True,False
2659521877,human,True,True
2659525014,human,False,False
2867890563,human,False,True
2958420166,human,True,False
2958498694,human,True,False
2958651458,human,False,False
2904224319,human,False,False
2904262939,human,False,False
2727340920,human,False,False
2687026877,human,False,False
2952376026,cross-system,True,True
2841206268,human,False,False
2604440028,human,False,False
2908882069,human,False,False
2908888099,human,False,True
2807814200,human,True,False
2808064855,human,True,False
2808077834,human,True,False
2741355195,human,True,False
2741400256,human,False,False
2742342868,human,True,False
2742726828,human,False,False
2743465443,human,True,False
2743473791,human,True,False
2715100552,human,False,False
2918058237,human,False,True
2900705945,human,False,False
2522469823,human,True,False
2941712583,human,True,True
2941729894,human,True,True
2648576516,human,True,False
2654535143,human,True,False
2654550738,human,False,False
2903812305,human,False,False
2835190771,cross-system,True,True
2789865650,human,False,False
2820004011,human,True,False
2820047908,human,True,False
2820115516,cross-system,False,True
2821609502,human,False,False
2821662753,human,False,True
3044306690,cross-system,False,True
3045130515,cross-system,False,True
3046790605,cross-system,False,True
3046848596,cross-system,False,True
3049544422,cross-system,True,False
2603058491,human,True,False
2603059066,human,True,False
2603166819,human,True,False
2603166973,human,True,False
2603167306,human,True,False
2603213751,human,False,True
2884040213,human,True,False
2884040241,human,True,False
2884040429,human,True,False
2884040508,human,True,False
2884069063,human,True,False
2884073076,human,True,False
2884073640,human,True,False
2884074184,human,True,False
2884075715,human,True,False
2884076496,human,True,False
2884076997,human,True,False
2884077205,human,True,False
2884077592,human,True,False
2894205652,human,True,False
2895074305,human,True,False
2911787421,human,False,False
2911788832,human,False,True
2588704370,cross-system,True,True
2729836063,human,False,False
2787124868,human,True,True
2789784384,human,True,False
3021064440,cross-system,False,True
3021084752,cross-system,False,True
3021148677,cross-system,False,True
3021162392,cross-system,False,True
3021605553,cross-system,False,True
3021740037,cross-system,False,True
3022032955,cross-system,False,True
3022091057,cross-system,False,True
3022151436,cross-system,False,True
3026359155,cross-system,False,True
3030883302,cross-system,False,True
2864908980,cross-system,True,False
2865370817,cross-system,True,False
2865877856,cross-system,True,False
2861737569,human,True,False
3028216204,cross-system,False,True
3028216207,human,False,False
3028615847,human,True,True
2860113974,human,False,False
2700283866,human,False,True
3069816658,human,True,False
3069817675,human,True,False
3069818502,human,True,False
3069819155,human,True,False
3069820314,cross-system,True,True
3069822375,human,True,False
3070087335,human,False,True
2953016586,human,True,False
2956786928,human,True,False
2956841322,human,True,False
2956846554,human,True,False
2956854675,human,True,False
2956872163,human,True,False
2956874515,cross-system,True,False
2956889337,human,True,False
2956891004,cross-system,True,False
2956896646,human,True,False
2956898034,cross-system,True,False
2956961229,human,True,False
2956962938,cross-system,True,False
2957035937,human,True,False
2957040889,human,True,False
2957043162,human,True,False
2957043528,human,True,False
2957120511,human,False,True
2882457000,cross-system,False,True
2882461289,cross-system,False,True
2884603937,cross-system,False,True
2884610910,cross-system,False,True
2964214547,cross-system,False,True
2964610400,human,False,True
2708171073,human,False,False
2569156263,human,True,False
2569157099,human,True,False
2570087198,human,True,False
2570107335,human,True,False
2570109629,human,True,False
2570128429,human,True,False
2570455955,human,True,False
2571866304,human,True,False
2572176331,human,True,False
2572193827,human,True,False
2572194919,human,False,True
2680206503,cross-system,True,True
2665885127,human,True,False
2792917199,human,False,True
2587871263,human,False,True
2587987009,human,False,False
2790287119,human,False,True
2790395070,human,False,True
2879897916,cross-system,False,True
2879901613,cross-system,False,True
2879927598,cross-system,False,True
2879933308,cross-system,False,True
2879943786,cross-system,False,True
2882344059,cross-system,False,True
2882411299,cross-system,False,True
2882429532,cross-system,False,True
2882474411,cross-system,False,True
2882631131,cross-system,False,True
3041789795,cross-system,False,True
3045099047,cross-system,False,True
2604442404,human,False,False
2950917507,human,True,False
2950920187,human,True,False
2950925363,human,True,False
2950928462,human,True,False
2950931734,human,True,False
2950936361,human,True,False
2950944339,human,True,False
2950950679,human,True,False
2950961630,human,True,False
2950963154,human,True,False
2577299722,cross-system,False,True
2577307468,cross-system,True,True
2892987301,human,True,False
2893316366,human,False,False
2814629262,human,True,False
2810461634,human,True,True
2810489010,human,True,False
2810489639,human,True,False
2815588002,human,False,False
2859809631,human,False,False
2859816136,human,False,True
2862820704,human,False,False
2780284293,cross-system,False,True
2781820924,human,False,False
2858554792,human,False,False
2681121615,human,False,True
2681265363,human,False,True
2797886071,human,False,False
2779379371,human,True,False
2779382702,human,True,False
2934390593,human,False,False
2934578873,human,False,True
2834744444,human,True,False
2838344212,human,True,True
2854762241,human,True,False
2854805486,human,False,False
2813074289,human,False,False
2937450241,cross-system,True,True
2937450811,cross-system,True,False
2937460768,cross-system,True,False
2937464470,cross-system,True,False
2879807356,human,False,False
2744856834,cross-system,False,True
2744858954,human,True,False
2744859433,human,False,False
2812897734,human,False,False
2756908931,human,True,False
2756914124,human,True,False
2756921919,human,True,False
2756923099,human,True,False
2749833762,human,True,False
2749937854,human,True,False
2577042207,human,False,False
2577058115,human,False,False
2577221902,human,False,False
2579022875,human,False,False
2549722677,human,False,False
2550338358,human,True,False
2866394947,human,True,False
2866395689,human,False,False
2622073430,human,False,False
2679554857,human,False,True
2753686784,human,False,False
2597527560,cross-system,True,True
3005819843,human,False,False
3001936944,cross-system,False,True
2652975233,human,True,False
2653572323,human,True,False
2744828434,cross-system,False,True
2744829966,human,False,True
2726216949,human,False,False
2676207701,cross-system,False,True
3053708219,human,False,False
2987841503,human,True,False
2987843470,human,True,False
2987845156,human,True,False
2987848562,human,True,False
2987849351,human,True,False
2987850455,human,True,False
2987851917,human,True,False
2987852822,human,True,False
2987855221,human,True,False
2987856741,human,True,False
2987859056,human,True,False
2987861389,human,False,False
3003816925,human,False,False
3003951043,human,False,True
2966812666,human,True,False
2966814520,human,False,False
2936607358,human,True,False
2943365803,human,False,False
2721831563,human,False,False
2701348106,human,False,False
2764629992,human,False,False
2829607555,human,True,False
2829763337,human,False,False
3066331107,cross-system,False,True
3071457136,cross-system,False,True
3072130923,cross-system,False,True
3074409040,cross-system,True,True
3074503740,cross-system,False,True
3075020628,human,False,False
3024369763,human,True,False
3030703790,human,False,False
3030707513,human,False,False
2727711605,human,True,True
2727712112,human,True,False
2727712557,human,True,False
2727713078,human,False,False
2948029743,cross-system,True,True
2579752222,human,False,False
2894498032,human,False,False
2895551508,human,False,True
2828275707,human,True,False
2723165632,human,False,False
2576764691,human,False,False
2722092917,human,False,False
2790712167,cross-system,False,True
2790712272,cross-system,False,True
2805346922,human,False,True
2805399381,human,False,False
2807967720,human,False,False
2807991885,human,False,False
2857666906,human,False,False
2857764988,human,True,False
2857807224,human,True,False
2857851449,human,True,False
2858026564,human,False,False
2759867715,human,True,False
2759893427,human,False,True
2759903160,human,True,False
2759904816,human,True,False
2759942995,human,True,False
2759950210,human,True,True
2759968072,human,False,True
2759970518,human,True,False
2816341404,human,True,False
2816342201,human,True,False
2816342944,human,True,False
2816343117,human,True,False
2816343283,human,False,True
2816719088,human,True,False
2816719627,human,True,False
2816719852,human,True,False
2816726690,human,True,False
2816729392,human,True,False
2816861328,human,True,False
2741362964,human,True,False
2741401668,human,True,True
2741549043,human,False,False
2746205637,human,False,False
3059526169,human,False,True
2884744536,human,True,False
2804834383,cross-system,True,True
2824373901,human,True,False
2825864643,human,True,False
2825871357,human,True,False
3055611384,cross-system,False,True
2526318396,human,False,False
2526349661,human,False,False
3000274989,human,False,False
2775173327,cross-system,False,True
2775189531,human,False,False
2621987479,human,False,False
2526999344,human,False,False
2797694235,human,True,False
2797695096,human,True,False
2797701209,human,True,False
2759650939,cross-system,True,True
2761673976,cross-system,True,True
2996307477,human,False,False
2996313196,cross-system,True,True
2996433867,human,False,True
2521284749,cross-system,True,False
2521285664,cross-system,True,False
2521285668,cross-system,True,False
2521285671,cross-system,True,False
2521288733,cross-system,True,False
2521288742,cross-system,True,False
2521288758,cross-system,True,False
2521291401,cross-system,True,False
2521291406,cross-system,True,False
2521291418,cross-system,True,False
2521292167,cross-system,True,False
2521292172,cross-system,True,False
2521292185,cross-system,True,False
2521292190,cross-system,True,False
2521303913,cross-system,True,False
2521303921,cross-system,True,False
2521303927,cross-system,True,False
2521303934,cross-system,True,False
2521311456,cross-system,True,False
2521315181,cross-system,True,False
2521315199,cross-system,True,False
2521315213,cross-system,True,False
2521315224,cross-system,True,False
2521315233,cross-system,True,False
2521315250,cross-system,True,False
2521315266,cross-system,True,False
2521317855,cross-system,True,False
2521317871,cross-system,True,False
2521317882,cross-system,True,False
2521317895,cross-system,True,False
2778637627,human,True,False
2827975591,human,True,False
2828009924,human,True,False
2828087420,human,True,False
2828091742,human,True,False
2828153337,human,True,False
2828178128,human,False,True
2604143861,cross-system,True,True
2589465003,cross-system,False,True
3023839901,cross-system,False,True
3023869763,human,False,False
3024405502,human,False,False
3027633065,human,False,True
2755649463,human,False,True
2755730779,human,True,False
2755733064,human,False,True
2755736649,human,True,False
2862930049,human,False,False
2863142013,cross-system,True,True
2863142928,cross-system,True,True
2581159096,human,True,False
2581202264,human,True,False
2581213118,human,False,False
2527338131,human,True,False
2676728788,human,False,True
2676736880,human,False,True
3072655653,cross-system,False,True
2574478986,human,False,False
2538598717,human,True,False
2541073280,human,False,False
3047211052,cross-system,False,True
3047227163,cross-system,False,True
3047523277,cross-system,False,True
3047537395,cross-system,False,True
3047619105,cross-system,False,True
3047761497,cross-system,False,True
2535599498,human,True,False
2538486048,human,True,False
2538851754,human,True,False
2642163666,human,True,True
2642217723,human,True,False
2642284662,human,False,False
2859517676,human,False,False
2906541927,human,False,True
2906599894,human,True,False
2906602747,human,True,False
2816367487,human,False,False
2754003599,human,False,False
2688109230,human,True,False
2688115602,human,True,False
2637995810,human,True,False
2638145834,human,True,False
2761638891,cross-system,False,True
2594521220,human,True,False
2594533066,human,True,True
2596810844,human,True,False
2597006372,human,False,False
2597431823,human,False,False
2809067701,human,False,True
2811019426,human,False,True
2904929227,human,False,False
2723861378,human,False,False
2879875125,human,False,False
2567349610,human,True,False
3072221714,human,True,False
3072243219,human,True,True
2744085186,cross-system,False,True
2745279864,human,True,True
2747474876,human,True,True
2747903240,human,True,False
2854741808,human,False,False
2833146249,human,True,False
2616809246,human,True,False
2616876633,human,True,False
2616896991,human,True,False
2616920026,human,True,False
2617071474,human,False,True
2898717550,human,False,False
2898823136,human,False,True
2774651459,human,False,False
2774741464,human,True,True
2775470169,human,True,False
2775593019,human,True,False
2777399787,human,True,False
2777429407,human,True,False
2777462927,human,True,False
2777827116,human,True,False
2777829714,human,True,True
2777895854,human,True,False
3048201161,cross-system,False,True
2986841004,human,False,False
2991929355,human,True,False
2991930052,cross-system,True,False
2991939221,human,True,False
2991942847,human,True,False
2991957981,human,True,False
2991958196,human,True,False
2991962097,human,True,False
2991965844,human,False,True
2991971575,human,False,True
2639366390,human,True,False
2639366772,human,False,True
2524945626,human,True,False
2524945679,human,True,False
2525558603,human,False,False
2528950695,human,False,False
2880411825,human,True,False
2880491587,cross-system,False,True
2880524570,human,True,False
2880605875,human,False,False
2892260810,human,True,False
2895789436,human,True,False
2896156050,human,False,False
2603856056,human,True,False
2877901034,human,False,False
2811010774,human,False,False
3018983178,human,False,False
2706195089,human,False,False
2706210964,human,False,True
2706391851,human,False,True
2706400742,human,False,True
2706401447,human,False,False
2706428953,human,False,True
2894310366,human,False,True
2810046052,human,False,False
2759760899,human,False,False
2742849554,human,True,True
2742916861,human,False,True
2851596534,human,False,False
2730814696,human,False,False
2976833888,cross-system,False,True
2976862139,cross-system,False,True
2976904840,cross-system,False,True
3031593653,human,True,False
3031635197,human,False,True
2987065856,human,True,False
2987320111,human,True,False
3002225357,human,True,True
3010553896,human,False,False
2751941423,human,False,True
2751955419,human,False,True
2737087084,human,True,False
2737093787,human,True,False
2737095447,human,True,False
2737100393,human,True,False
2737116907,human,False,False
2858420104,human,False,False
2821902689,cross-system,False,True
2871485640,human,True,False
2873416421,human,True,False
2873417307,human,True,False
2873419514,human,True,False
2873662432,human,False,False
2752982631,human,True,False
2752990411,human,True,False
2752996144,human,True,False
2752998594,human,True,False
2753002133,human,True,False
2753079257,human,True,False
2868807567,human,False,False
2907021169,cross-system,False,True
2934216754,human,False,False
2934243030,human,True,True
2715093350,human,True,False
2717562281,human,False,False
2537300561,human,False,False
2650875701,human,True,False
2655018000,human,False,True
3011797531,human,True,False
3011981947,human,False,False
3045132045,human,True,False
2934426449,human,False,False
2934651073,human,False,True
2660935915,cross-system,True,True
2593675567,cross-system,True,True
3007892033,human,True,False
3007920350,human,False,False
2712879623,human,True,True
2713250728,human,True,False
2713287944,human,True,False
2713301028,human,True,False
2713313888,human,True,False
2714183592,human,True,False
2714421378,human,False,False
2609820013,human,False,False
3016899312,cross-system,False,True
3017244935,human,True,False
3017261737,cross-system,False,True
3017265442,human,False,False
3017269760,human,True,False
3017277843,cross-system,False,True
3017290100,cross-system,False,True
3020100226,cross-system,False,True
3042041710,human,False,False
3078845759,human,False,False
3078869316,human,False,False
3183971417,human,False,False
2966478794,cross-system,False,True
2969629841,human,False,False
2978498850,human,False,True
2890071825,human,False,False
2754763879,human,False,False
3071690241,human,False,False
3068317964,human,False,False
2564365426,human,False,True
2991095725,human,True,False
2991831596,cross-system,False,True
3002953723,cross-system,False,True
3003016435,cross-system,False,True
2883966780,human,True,False
2883967036,human,True,False
2883967206,human,True,False
2883972570,human,True,False
2587859920,human,True,False
2587862079,human,True,False
2587953314,human,False,False
2859808010,human,False,False
2748777448,human,True,False
2748819061,human,False,False
2749333251,human,False,True
2914342194,human,True,False
2547627660,human,False,False
2813319146,human,False,True
2557083507,human,True,True
2557329594,human,True,False
2557566084,human,True,True
2557789735,human,True,False
3032263576,human,False,False
2741629931,human,False,False
2742456726,human,False,True
2874336509,human,True,False
2874348699,human,False,False
2754727209,human,False,False
2852832761,human,False,False
2852868545,human,False,False
2854242355,human,False,False
2549301932,human,True,False
2550746100,human,True,False
2550864675,human,True,False
2571866487,human,True,False
2539986728,human,False,True
2539987533,cross-system,True,False
3007629845,cross-system,True,True
3008195199,human,False,False
2793225925,human,False,False
2793321249,human,False,True
2793319933,human,True,True
2793322432,human,False,True
2798589951,human,True,False
2798731282,human,False,True
2798929707,human,False,True
2720339296,human,False,True
2720468119,human,False,True
3009611226,cross-system,False,True
3009611469,human,False,True
3009686392,human,False,True
2884090960,cross-system,False,True
2845852981,human,False,True
2628141826,human,False,False
2847466336,cross-system,True,True
2842254875,human,False,False
3056811177,human,False,False
2858966540,human,False,False
2793381260,human,False,True
2805469508,human,False,False
2717050876,cross-system,False,True
2816151814,cross-system,False,True
2597053732,human,False,False
2801942427,human,True,False
2805433555,human,True,True
2805526002,human,False,False
2805540542,human,False,False
2763045191,human,True,False
3063577238,human,True,False
3063628310,human,True,False
3064215812,human,False,False
2798571867,human,False,True
2798695182,human,False,True
2725815947,human,True,False
2725827551,human,False,False
2916356429,human,False,False
2916374261,human,False,True
2834055163,human,True,True
2834092281,human,True,True
2834298884,human,True,True
3100893378,human,False,False
2881917589,cross-system,False,True
2864567174,human,True,False
2864575534,human,True,False
2864590806,human,True,False
2864594480,human,True,False
2865088138,human,False,False
3008012789,human,True,False
3008019800,human,True,False
3008060774,human,False,False
2858664885,human,False,False
2858720810,human,False,False
2988523588,human,True,False
2988529352,human,True,False
2524896515,human,False,False
2689492031,human,True,False
2908818963,human,False,False
2908919528,human,False,True
2553258900,human,False,False
2692564166,cross-system,False,True
2735690602,human,True,False
2735696458,human,True,False
2735698360,human,True,False
2739255902,human,True,False
2739257986,human,True,False
2742105566,human,True,True
2742113615,human,True,False
2742170699,human,False,True
2926393443,human,False,False
2684088303,human,True,False
2684148588,human,True,False
2684155157,human,False,False
2685004697,human,True,False
2685008671,human,True,False
2685026786,human,True,False
2685140306,human,False,False
2685214007,human,True,False
2685248981,human,True,False
2685252735,human,True,False
2751551919,human,False,False
2822538917,human,False,True
2999412634,human,True,False
3059747823,human,False,False
3059748077,cross-system,True,True
3061279511,human,False,True
3044960367,human,True,False
2848078485,cross-system,True,True
2848163875,human,True,True
2848184698,human,False,True
2855235837,human,False,False
2856248626,human,False,True
2866422356,human,True,False
2867811040,human,True,False
2720815349,human,True,True
2723355245,human,False,True
2648940273,human,True,False
2648969060,human,True,False
2649887654,human,True,False
2649888171,human,True,False
2662579174,human,True,False
2664048763,human,True,False
2664151635,human,True,False
2665404059,human,True,False
2666434559,human,True,False
2667424221,human,False,False
2633865788,human,False,True
2551559195,human,True,False
2551567414,human,False,False
2908582595,cross-system,False,True
2723190564,human,False,False
2777824690,human,False,True
2780360745,human,False,False
2884015744,human,True,False
2884016047,human,True,False
2946713596,cross-system,False,True
2946740889,cross-system,False,True
2946746971,cross-system,False,True
2946773195,cross-system,False,True
2946777268,cross-system,False,True
2946807612,cross-system,False,True
2946815010,cross-system,False,True
2946819424,cross-system,False,True
2946853922,cross-system,False,True
2969331061,cross-system,False,True
2984685315,cross-system,False,True
2984715860,cross-system,False,True
2984606895,cross-system,True,False
2984727178,cross-system,False,True
3075729641,human,False,False
2698239470,human,True,False
2698246876,human,True,False
2698249224,human,True,False
2698250980,human,True,False
2698256541,human,True,False
2698280697,human,True,False
2698297837,human,True,False
2698700621,human,True,False
2698705357,human,True,False
2732131302,human,True,False
2732147616,human,True,False
2732163923,human,True,False
2732172384,human,True,False
2732183509,human,True,False
2732429819,human,True,False
2733798313,human,True,False
2733806677,human,True,False
2733809055,human,True,False
2733817171,human,True,False
2734005851,human,True,False
2734008008,human,True,False
2736914485,human,True,False
2736916827,human,True,False
2736919055,human,True,False
2736934099,human,True,False
2736953758,human,True,False
2736962374,human,True,False
2736964409,human,True,False
2736965456,human,True,False
2736967124,human,True,False
2579696701,human,False,False
2824532728,human,False,False
2878593909,cross-system,False,True
2600659525,human,True,False
2805549490,human,True,False
2805549607,human,False,True
2805555689,human,True,False
2805561412,human,True,False
2805567393,human,True,False
2805568003,human,False,True
2768676480,human,True,False
2805890255,human,False,False
2832890083,human,True,False
2832891023,human,True,False
2832892046,human,True,False
2832892689,human,True,False
2832893719,human,False,False
2776889121,cross-system,False,True
2776893878,human,True,False
2776896625,human,True,False
2777004724,human,True,False
2701209475,human,False,False
2588639794,cross-system,True,True
2678411208,cross-system,True,True
2989542778,cross-system,False,True
2947587382,human,True,False
3070864264,cross-system,True,True
2933234115,human,True,True
2933595585,human,False,False
3031186136,cross-system,True,False
3031190607,cross-system,True,False
3031196847,cross-system,True,False
3031197211,cross-system,True,False
3031287854,cross-system,True,False
2686015761,human,True,False
2686066303,human,True,False
2686084106,human,True,False
2686096007,human,True,False
2686129211,human,False,True
2689944932,human,False,False
2753492768,human,True,False
2753493748,human,True,False
2753592291,human,True,False
2787435134,human,False,False
2787441620,human,False,False
2810615516,human,False,False
3068173280,human,False,False
2934356141,human,False,True
2969607498,human,False,True
2969611069,human,False,False
2764637751,human,False,False
2738496143,cross-system,True,True
2738552244,human,True,False
2738565326,human,True,False
2970592085,human,True,False
2970593536,human,False,False
2970636126,human,False,False
2725152495,human,True,False
2726024017,human,False,False
2908762537,human,False,False
2908915036,human,False,True
2737044877,human,True,False
2772911110,human,False,False
2554022972,human,False,False
2980369626,human,True,False
2980442832,human,False,False
3036210560,cross-system,False,True
2860895942,human,True,False
2860904438,human,True,False
2835931970,human,False,False
2873184819,cross-system,True,True
2873254071,cross-system,True,True
2714616072,human,False,False
2793799422,human,True,False
2797860836,human,False,True
2968573991,cross-system,True,True
2968575103,cross-system,True,True
2969056982,cross-system,True,True
2969057093,cross-system,True,True
2969059357,human,True,False
2969059398,cross-system,True,False
2969059487,cross-system,True,True
2969060452,cross-system,True,True
2969060553,cross-system,True,True
2969061504,human,True,False
2969061649,cross-system,True,True
2969061814,cross-system,True,True
2969062299,human,True,False
2969062508,human,True,False
2969063123,cross-system,True,True
2969063218,cross-system,True,True
3034922740,cross-system,False,True
3034991154,cross-system,False,True
3034997291,cross-system,False,True
3035013764,cross-system,False,True
2893151439,human,False,False
2530707032,human,True,True
2530729401,human,False,False
2784583222,human,True,False
2861064045,human,True,False
2861084091,human,True,False
2861098513,human,True,False
2861102744,human,True,False
2861139031,human,True,False
2861156678,human,True,False
2861167686,human,True,False
2861174273,human,False,False
2574427838,human,True,False
2574427909,human,True,False
2574427955,human,True,False
2574428031,human,True,False
2574428252,human,True,False
2574428334,human,True,False
2574428443,human,True,False
2574428514,human,True,False
2574476852,human,False,False
2862260523,cross-system,True,False
2871158813,cross-system,True,False
2871210620,cross-system,True,False
2876645386,cross-system,False,True
2882824012,cross-system,False,True
2882877555,cross-system,False,True
2884674339,cross-system,False,True
2884677515,cross-system,False,True
2939663728,human,True,False
2790638323,cross-system,False,True
2893596538,human,True,False
2893630543,cross-system,False,True
2893839514,human,True,False
2893840136,human,True,False
2895129732,human,False,False
2685150012,human,True,True
2686775135,human,False,True
2798737742,human,True,False
2798925389,human,False,True
2798932518,human,False,True
2976857152,human,True,False
2977035316,human,False,False
2881886351,human,False,False
2653548579,human,False,False
2654439708,human,False,False
2790310975,human,True,False
2790520188,human,True,True
2790576152,human,True,False
2790700228,human,True,False
2790701994,human,True,False
2704178714,cross-system,True,False
2704178776,cross-system,True,False
2704178839,cross-system,True,False
2820567237,human,True,False
2823648813,human,True,False
2823667960,human,False,True
2738563764,human,True,True
2738570324,human,True,False
2738590068,human,False,True
2738619489,human,False,True
2793845902,human,True,False
2797861474,human,False,True
2861677576,human,False,True
2899263245,human,False,False
3007714999,human,False,False
2787367299,human,False,False
2962258409,cross-system,False,True
2985743603,cross-system,True,False
2985782792,cross-system,False,True
2985896729,cross-system,False,True
2986028867,cross-system,False,True
2598182512,human,True,False
2598186760,human,True,False
2798204563,human,True,False
2798264069,human,False,True
2909404800,human,False,False
2725722869,human,True,False
2725775056,cross-system,False,True
2725780010,human,False,False
2872020383,cross-system,False,True
3071507349,human,False,True
2870761554,human,True,False
2870770430,human,True,False
2870772251,human,True,False
2870869495,human,True,False
2530790763,human,True,False
3042165880,human,True,False
3043345878,human,True,True
3046317569,human,False,False
2758755239,human,False,False
2754167653,human,True,False
2767991558,human,True,False
2762300602,cross-system,False,True
2995565201,cross-system,True,True
3004594648,human,False,False
2604497461,human,True,False
2604498395,human,True,False
2604498662,human,True,False
2604498788,human,True,False
2604503909,human,True,False
2604504024,human,True,False
2604504468,human,True,False
2604504863,human,True,False
2604505934,human,True,False
2604507320,human,True,False
2619175685,human,True,False
2619179750,human,True,False
3052709961,cross-system,True,False
3054332717,cross-system,True,False
3054519544,cross-system,True,True
3054558105,cross-system,True,False
2938199953,human,False,True
2938218160,human,False,True
2938236524,human,True,True
2938260490,human,True,False
2938268476,human,True,False
2748526826,human,True,False
2752463170,human,False,True
2865467184,human,False,False
2866257260,human,True,False
2866333863,human,True,False
2680925211,cross-system,True,True
2942846475,human,False,True
2944259650,human,True,True
2947268353,cross-system,False,True
2947348232,cross-system,False,True
2947385004,cross-system,False,True
3040661963,human,True,False
3040662461,human,True,False
3040663217,human,False,False
3040664493,cross-system,True,True
3040671022,human,True,False
3040673331,human,False,True
2847263240,human,False,False
2856674493,human,True,False
2894267009,human,True,False
2949983675,human,True,False
2950005986,cross-system,False,True
2950117550,human,True,False
2761298899,human,True,False
3041639179,cross-system,True,True
3041657349,human,False,True
3016106633,human,False,False
2899555739,human,False,False
2900445429,human,False,False
2948601934,cross-system,True,True
2951585460,human,False,False
2852632407,human,False,True
2619385528,human,False,True
2632522878,human,True,False
2632545691,human,False,False
2789739625,human,True,False
2789741086,human,False,True
2789741566,human,False,True
2792845457,human,False,True
2680567531,human,False,True
3039261901,cross-system,False,True
3039276842,cross-system,False,True
3039357632,cross-system,False,True
3045303660,cross-system,False,True
3073676377,human,False,True
3073686591,cross-system,True,False
3073692845,cross-system,True,False
3073700458,cross-system,True,False
2789864818,human,False,False
2667769888,human,False,False
3007724593,human,False,False
2891804546,human,False,False
2652644669,human,False,False
2976840298,cross-system,False,True
2976864333,cross-system,False,True
2988431174,cross-system,False,True
2665430643,human,False,False
2988343182,human,False,False
2711968824,human,False,False
2712717579,human,True,False
2712721742,human,True,False
2712739477,human,True,False
2712765169,human,True,False
2712819016,human,False,False
2876479789,human,False,False
2876524482,human,True,False
2879316982,human,False,True
2782681331,human,False,True
2783052723,human,False,True
2589914562,human,True,False
2861883029,human,True,False
2861884070,human,True,False
2865631374,human,True,False
2865699788,human,True,False
2726893614,human,False,False
2530759949,human,True,False
3053028702,human,True,False
3053058245,human,True,False
3053132163,human,False,True
3004279438,cross-system,False,True
3005319845,human,False,False
2894124626,human,False,False
2848281266,cross-system,False,True
2524414675,human,True,False
2836834550,human,False,False
2784397331,cross-system,False,True
2784430351,human,False,True
2954203883,human,True,False
2954690347,human,True,False
2954690992,human,True,False
2954694620,human,True,False
2965524410,human,True,False
2965559241,human,True,False
2965563783,human,True,False
2965575716,human,True,False
2965607977,human,True,False
2967032240,cross-system,False,True
2967036779,human,True,False
2967037244,human,False,False
2993968958,cross-system,False,True
2993999506,cross-system,False,True
2994062499,cross-system,False,True
2994098002,cross-system,False,True
2994155300,human,False,False
2994218357,human,True,False
2994274242,cross-system,False,True
2994348729,human,True,False
2994361253,human,True,False
2995051820,human,True,False
2995058301,human,True,False
2995060335,human,True,False
2995060344,cross-system,False,True
2995108394,human,True,False
2995167260,cross-system,False,True
3072467367,human,False,True
2693511766,human,True,False
2693521883,human,True,True
2693856230,human,False,False
2587939531,human,False,False
2588098741,human,False,True
2893881637,human,True,False
2893913259,human,True,False
2848337476,cross-system,False,True
2619486456,human,True,False
2766536993,human,True,False
2766628512,human,True,False
2766630399,human,True,False
2766752626,human,False,True
2768055514,human,False,True
3056874366,cross-system,False,True
2548433034,human,False,False
2922310577,human,True,False
2922310670,human,False,False
2988582662,cross-system,True,False
2988582727,cross-system,True,False
2848735895,human,False,True
2542681179,human,False,False
2830720527,human,True,False
2582681310,human,False,True
2676106868,human,True,False
2676225077,human,False,False
2604125004,human,True,False
2604125036,human,True,False
2604125085,human,True,False
2604125127,human,True,False
2604125173,human,False,True
2858731429,human,False,False
2813016886,human,True,True
2814910110,human,True,False
2814911787,human,True,False
2814960216,human,True,False
2815000501,human,True,False
2833587757,human,True,False
2908154153,cross-system,True,True
2989471672,cross-system,False,True
2754755699,human,False,True
2754763840,human,False,True
2754801251,human,False,False
2764631023,human,True,False
2764747966,human,False,False
2765372487,human,True,False
2765579290,human,False,False
2895507255,human,False,False
2895522913,human,False,False
2936794308,cross-system,True,True
2936838508,human,False,True
2936889091,human,True,False
2604014498,human,False,False
2755527202,human,False,False
3007681756,human,True,False
3007682805,human,False,True
3007769951,human,False,False
2851599847,human,False,True
2752669678,human,False,True
2752684851,human,False,False
2816008741,human,True,False
2862201761,human,True,False
2862202726,human,True,False
2862233247,human,True,False
2862248665,human,True,False
3036123178,cross-system,True,False
2739144101,human,False,True
2739756675,human,True,False
2741527153,human,True,False
2742408317,human,True,False
2742408952,human,False,True
2890423927,human,False,True
2890461527,human,False,True
2619370318,human,False,True
2785520402,human,True,False
2785522284,human,True,False
2792747772,human,False,False
3044113858,cross-system,True,True
3044327021,human,True,False
3044349902,human,True,False
3044532930,human,False,False
3044545925,human,False,False
2968316550,human,True,False
2968316707,human,True,False
2968316771,human,True,False
2968316898,human,True,False
2890545428,human,True,False
2890545775,human,False,False
2890690890,human,True,False
2890715186,human,False,True
2728219908,human,False,True
3062721141,cross-system,True,True
3062768545,cross-system,False,True
3062843255,cross-system,False,True
3063213649,cross-system,False,True
3063276133,cross-system,False,True
2860125714,human,False,False
3079243746,cross-system,True,False
3007895792,human,True,False
3007895925,human,True,False
3007896069,human,True,False
3007896200,human,True,False
3007896517,human,True,False
3007896875,human,True,False
3007897073,human,True,False
3007902633,human,False,False
2542157520,human,False,False
2809104658,human,False,False
2557575277,human,True,False
2796449876,human,True,False
2796450172,human,False,False
2717404609,human,True,False
2717462620,human,True,False
2717525680,human,True,False
2717575342,human,True,True
2557764222,human,False,False
3033652906,human,True,True
3033947960,human,True,False
3033988030,human,True,False
3033991376,human,True,False
3037574753,human,True,False
3037676084,human,True,False
3037918713,human,True,False
3038266191,human,True,False
3088208837,human,False,True
2871005277,human,False,False
2912095714,human,False,False
2915452090,human,True,True
2968983424,human,True,False
2968983904,human,True,False
2968984064,human,True,False
2968987783,human,True,False
3012227947,human,False,True
2908318693,human,False,False
2723478932,human,False,False
2764366539,cross-system,False,True
2829814936,human,False,False
2845224321,human,False,True
2845234547,human,True,False
2762069768,human,False,False
2812635223,human,True,False
2812637274,human,False,False
2550739842,human,False,False
3006688481,cross-system,False,True
3006742979,human,False,False
2762153843,cross-system,False,True
2762154601,human,True,False
2762155608,cross-system,False,True
2762156334,cross-system,False,True
2762159763,cross-system,False,True
2762163381,cross-system,False,True
2762164689,cross-system,False,True
2762165482,cross-system,False,True
2762170384,cross-system,True,True
2762171098,cross-system,True,True
2762171582,cross-system,True,True
2762190842,cross-system,True,True
2762190900,human,False,True
3074350089,cross-system,True,True
3074354604,human,False,True
2976486563,human,True,True
2976815407,human,False,False
2946700069,cross-system,False,True
2946707601,cross-system,False,True
2946730344,cross-system,False,True
2946752825,cross-system,False,True
2946760684,cross-system,False,True
2946784388,cross-system,False,True
2947699004,human,True,False
2947699922,cross-system,False,True
2543546534,human,True,False
2819325918,human,True,True
2820913442,human,True,False
2855552122,cross-system,True,False
2619372265,human,False,True
2919720471,human,False,False
2919853796,human,False,False
2563499310,human,False,False
2730525118,human,False,False
2665856201,human,False,True
2668685316,human,False,False
3008511704,cross-system,False,True
3008597380,cross-system,False,True
3023522160,cross-system,False,True
2727703481,human,True,False
2727708128,human,False,False
2825824903,cross-system,False,True
2826705691,human,False,False
2829881812,human,True,False
2932710004,human,True,False
2933707566,human,True,True
2933743963,cross-system,False,True
2908915491,human,False,False
2908922430,human,False,True
2743638353,human,True,False
2743639707,human,True,False
2743640606,human,True,False
2743641082,human,True,False
2743641666,human,True,False
2743645705,human,True,False
2743646447,human,True,False
2743647114,human,True,False
3021393128,cross-system,False,True
2604129628,cross-system,True,True
2911652137,human,False,False
2548926727,human,False,False
3007664697,human,False,False
2727612889,human,True,False
2727625080,human,False,False
2645026282,human,False,False
2645128968,human,True,False
2866703993,human,False,False
2716775458,human,False,False
2776213078,human,False,False
2845771067,human,True,False
2845974337,human,False,False
2668157939,human,False,False
2688117996,human,True,False
2688143923,human,True,False
2688153323,human,True,False
2841267100,human,False,True
2841303102,human,True,False
2841303431,human,True,False
2841303963,human,False,True
2618540287,human,False,False
2947427153,human,True,False
2947430042,human,True,False
2947433087,human,False,False
2532188821,human,True,False
2532203350,human,True,False
2532213525,human,True,False
2532216250,human,True,False
2532237194,human,True,False
2532526319,human,False,False
2886602481,human,True,False
2886603984,human,True,False
2886605127,human,True,False
2741722632,human,True,False
2741851769,human,False,False
2749797700,human,False,True
2846212772,human,True,False
2846218374,human,True,False
2853002734,human,True,False
2864997830,human,True,False
2864998202,human,False,False
2932146940,human,False,False
3011382549,cross-system,False,True
3011401780,cross-system,False,True
3011406736,cross-system,False,True
3011956811,cross-system,False,True
3012007963,cross-system,False,True
3012130990,cross-system,False,True
3012147290,cross-system,False,True
2703947677,human,False,False
2638765658,human,True,False
2638765946,human,True,False
2638783791,human,True,False
2638785297,human,True,False
2646425801,human,True,False
2646444744,human,True,False
2999735560,human,False,False
2999750437,human,False,True
2988270144,human,False,False
2664167187,human,True,True
2664210678,human,True,False
2664863825,human,True,False
2665035171,human,True,False
2665058219,human,False,False
2747613880,human,True,True
2958644712,cross-system,False,True
2958777086,cross-system,False,True
2958819240,cross-system,False,True
2959298220,cross-system,False,True
2959324349,cross-system,False,True
2959346430,cross-system,False,True
2959376581,cross-system,False,True
2959408267,cross-system,False,True
2974637950,cross-system,False,True
2974632413,cross-system,True,False
2974672672,cross-system,False,True
2974855474,cross-system,False,True
2974848478,cross-system,True,False
2974922127,cross-system,False,True
2974972044,cross-system,False,True
2848871697,cross-system,False,True
3007774424,human,True,False
3007800521,human,False,False
3007838377,human,False,False
3008082569,human,False,False
2830534576,human,True,False
2780859417,cross-system,False,True
2780859509,cross-system,False,True
2537559595,human,False,False
2777734514,human,False,True
2619297613,human,False,False
2835006242,human,False,True
2835409817,human,False,True
3040387223,cross-system,False,True
3040426571,cross-system,False,True
3040446923,cross-system,False,True
3040490619,cross-system,False,True
3040526114,cross-system,False,True
3040549307,cross-system,False,True
3053492006,cross-system,True,False
3056897537,cross-system,True,False
2698910021,human,True,True
2699069062,human,False,False
2721033416,human,False,True
2724081547,human,False,True
2724087276,human,True,False
2724087717,human,False,False
3000543127,human,False,True
3000580464,human,False,True
2726199322,human,True,False
2818278676,cross-system,True,False
2818638948,human,True,False
2818708007,human,False,False
2847590275,cross-system,False,True
2837884514,human,True,False
2837891570,human,True,False
2837892074,human,True,False
2871559930,human,True,False
2872358654,human,True,False
2872462945,human,True,False
2872469431,human,True,False
2872535268,human,True,False
2872984306,human,True,False
2873419939,human,True,False
2873422271,human,True,False
2876720368,human,True,False
2882384183,human,True,False
2882391514,human,True,False
2882392584,human,True,False
2882392930,human,False,True
2882395409,human,True,False
2882405321,human,True,False
2889520858,human,True,False
2889541870,human,True,True
2894087269,human,True,False
2860265434,human,False,True
3068565191,cross-system,False,True
3069851661,human,True,False
3069890996,cross-system,False,True
2798366891,human,True,False
2798607547,human,True,False
2798674650,human,True,False
2798679563,human,True,False
2798679896,human,False,True
2798709584,human,False,True
2798713151,human,True,False
2866372275,human,True,False
2866372704,human,False,True
2785103636,human,False,False
2639061938,human,True,False
2639270728,human,False,True
3031381997,human,True,False
3031388589,human,True,False
3031390266,human,True,False
3031395415,human,True,False
3031399154,human,True,False
3031423319,human,True,False
2741706194,human,True,False
2741862410,human,False,False
2742701114,human,False,False
2743742621,human,True,False
2743762319,human,True,False
2743931465,human,True,False
2744000950,cross-system,True,True
2744002084,human,False,False
2808424206,human,False,True
2848848807,cross-system,False,True
2848850659,cross-system,True,True
2848851069,cross-system,True,True
2523621517,human,False,False
2884532126,cross-system,False,True
2884544221,cross-system,False,True
2926326584,cross-system,True,False
2700114680,human,True,False
2726152046,human,True,False
2817677484,human,True,False
2817711100,human,False,False
2998913364,cross-system,False,True
2998971128,human,False,False
2683497486,human,False,False
2857551269,cross-system,False,True
2857554393,cross-system,False,True
2860438983,cross-system,True,True
2860616980,human,False,False
2899214721,human,False,False
2899231045,human,False,False
2801981120,human,False,False
2696182169,human,False,False
2717123416,human,True,False
2718445045,human,False,True
2835108424,human,True,False
2838023924,human,True,False
2838040350,human,True,False
2838041650,human,True,False
3001249453,human,False,False
3001258407,human,False,False
2952480302,cross-system,True,True
2952527193,human,False,False
2952932452,human,False,False
2646493283,human,True,False
2646497759,human,True,False
2646499370,human,True,False
2646501060,human,True,False
2646503538,human,True,False
2646506731,human,True,False
2646507582,human,True,False
2646510647,human,True,False
2646512784,human,True,False
2646514288,human,True,False
2831497231,human,True,False
3027404344,cross-system,False,True
2912726402,human,False,False
3008024030,human,True,False
3008085991,human,False,False
2749718584,human,False,True
2661658215,human,True,False
2661711724,human,True,False
2662249204,human,False,True
2875153357,human,False,False
2903740021,human,True,False
2817344552,human,True,False
2763096039,human,False,False
2941746207,human,True,False
2941747363,human,True,False
2941748485,human,True,False
2941749358,human,True,False
2941750362,human,True,False
2941751874,human,True,False
2823724639,human,False,True
2699643076,human,True,False
2726204649,human,True,False
2839663996,human,True,False
2840897865,human,True,False
2842731867,human,False,False
2842868931,human,False,False
3008692823,cross-system,False,True
3011875243,human,False,True
3018013883,human,False,True
2725725781,human,True,False
2725729218,human,True,False
2725735761,human,True,False
2725741265,human,True,False
2725769103,human,True,False
2725769859,human,False,False
2667595917,human,False,False
2805451764,human,False,False
2973484293,cross-system,False,True
2973524493,cross-system,False,True
2973533103,cross-system,False,True
2676726262,human,False,True
2676777452,human,False,True
2529333779,human,True,False
2529457686,human,True,False
2807690295,human,True,False
2807770459,human,True,False
2814743028,human,False,True
2814754276,human,False,False
2590103821,human,False,False
2753462228,human,True,False
2753462790,human,True,False
2753496925,human,True,False
2600554807,human,True,False
2610591191,human,False,False
2671837093,human,False,False
2539439367,human,False,False
2855851389,human,False,False
2876533019,cross-system,False,True
2823478640,human,False,False
2968309267,cross-system,True,True
2980395544,human,False,True
2844459215,human,True,False
3007850700,cross-system,True,True
2692880524,human,True,True
2722530147,human,False,False
2797715978,human,True,False
2797720356,human,True,False
2791873872,cross-system,False,True
2791873979,cross-system,False,True
2851795658,cross-system,True,False
2851805470,cross-system,True,False
2746569512,human,False,True
2760897250,human,False,True
2760918361,human,True,False
2760921283,human,True,False
2760955265,human,True,False
2760960849,human,True,False
2760986697,human,True,False
2904658748,human,True,False
2904708099,human,True,False
2904736190,human,True,True
2916683267,human,True,True
2603166312,human,False,True
2603170503,human,False,False
2562150052,human,True,False
2562443344,human,True,True
2562541517,human,False,False
2646430380,human,True,False
2646455505,human,False,False
2749147735,human,True,False
2749210144,human,True,False
2749230774,human,True,False
2749252194,human,True,False
2787442883,human,False,True
2791273379,human,False,False
2795562334,human,True,False
2742756913,human,False,True
2742763835,human,False,False
2717021078,human,True,False
2717031302,human,True,False
2717054913,human,True,False
2800347088,human,True,False
2801519692,human,False,False
2876542963,cross-system,False,True
2762843126,human,True,False
2696397669,human,True,False
2696445807,human,True,False
2698034043,human,False,True
2739517794,human,True,False
2741990296,human,True,False
2748375958,human,False,True
2748577797,human,False,True
2847907277,human,False,True
2944032273,cross-system,False,True
2944057397,human,True,False
2944057946,human,False,True
2944070784,cross-system,False,True
2897717123,human,False,False
3031564296,human,True,False
3031567065,human,False,False
3031568844,human,True,False
3031570639,human,True,False
2903304648,human,True,False
2907072849,human,True,False
2907079187,cross-system,True,False
2907138042,human,True,True
2533028857,human,True,False
2534867869,human,True,False
2819977585,human,False,False
2746365584,human,False,True
2748495678,human,False,True
2812698589,human,True,False
2812722899,human,True,False
2812734088,human,True,False
2722811825,human,True,False
2722817879,human,True,False
2722863975,human,False,False
2669238469,human,False,True
2651287506,human,False,False
2878203936,human,False,False
2878205186,human,False,False
2946296261,human,True,False
2946320221,human,True,False
2953627556,human,True,False
2970483242,human,True,False
2984981906,human,True,False
2984982243,human,True,False
2984983726,human,True,False
2984984277,human,True,False
2985299684,human,False,False
2985301141,human,False,True
2985301398,human,False,False
2985861509,human,True,False
2986638623,human,True,False
2996501973,human,True,False
2996516105,human,True,False
2996519185,human,True,False
2996526085,human,True,False
2996527644,human,True,False
2996535395,human,True,False
2996540804,human,True,False
2996542145,human,True,False
3368065399,human,False,True
2540808028,human,True,False
2540864308,human,True,False
2543021388,human,True,True
2543099774,human,True,False
2934548834,human,False,True
2934763770,human,False,False
3046349452,human,False,False
3046351396,cross-system,False,True
3049682443,human,False,True
2831060850,human,False,False
3041794479,human,False,False
3041797181,cross-system,True,True
3041834310,human,False,True
2659790075,human,True,False
2659791770,human,True,False
2659807329,human,True,False
2659807917,human,True,False
2660207472,human,False,False
2979983366,human,False,False
2837972063,human,False,False
2837973415,human,False,False
2837974855,human,False,False
2772781831,human,True,False
2772789526,human,False,False
2872102117,human,False,False
2872111265,human,False,False
2965145851,human,True,False
3007747217,human,False,False
2779648162,human,True,False
2779650153,cross-system,True,True
3031661352,human,True,False
3031675304,human,True,True
3031690387,human,True,True
3033473339,human,True,False
3033603927,human,True,False
3034304971,human,True,False
3034308067,human,True,False
3044795311,human,True,False
3045080570,human,True,False
3047069073,human,False,True
2727983628,human,True,False
2727985077,human,False,False
2933774157,cross-system,False,True
2730830055,cross-system,False,True
2669641700,cross-system,True,True
2617009782,human,False,True
2533094723,human,False,False
2533141843,human,True,False
2533273220,human,True,False
2533276332,human,True,False
2533290923,human,True,False
2535418585,human,True,False
2533127139,human,True,False
2533127925,human,True,False
2533128302,human,True,True
2533193444,human,False,True
2883965683,human,True,False
2883966197,human,True,False
2883966418,human,True,False
2883979339,human,True,False
2883988535,human,True,False
2715354855,human,True,False
2715369485,human,True,False
2908760388,human,True,True
2909828689,human,True,True
2909976250,human,True,False
2909978889,human,True,False
2911955107,human,True,False
2912226056,human,True,False
2912275661,human,True,False
2912513167,human,True,False
2912522359,human,True,True
2912588842,human,True,False
3068255466,human,True,False
3068532839,human,False,False
3073274659,human,False,False
2979209562,cross-system,False,True
2979202417,cross-system,True,False
2979255286,cross-system,False,True
2924242032,human,True,False
2924247052,human,True,False
2924278314,human,False,False
2793504320,human,True,False
2793756304,human,True,False
2793763888,human,False,False
2741561761,human,False,False
2908642228,cross-system,False,True
2884622795,human,True,False
2884631160,human,False,False
2967484279,cross-system,False,True
2785097540,cross-system,False,True
2955815603,human,True,False
2955975148,human,False,True
2956678755,human,False,False
2956681389,cross-system,False,True
3016852528,cross-system,False,True
2763095318,human,True,False
2763095613,human,False,True
2763289408,human,False,True
2827647032,cross-system,True,True
2886868032,human,True,False
2860137489,human,True,False
2860180789,human,False,False
2860186126,cross-system,True,True
2600689374,human,False,True
2726147063,human,True,False
2841097826,human,True,False
2857034476,cross-system,True,False
2857039496,human,False,False
2708877724,human,True,False
2709080454,human,True,False
2710889101,human,True,False
2530774613,human,False,False
2915577602,human,False,False
2938223637,human,False,True
2938401737,human,True,True
2938419535,human,False,True
2941816246,human,True,False
2941823409,human,True,False
2668407852,human,False,False
2778730329,cross-system,True,True
2778740578,human,False,False
2778802667,human,False,True
2582009689,human,True,False
2638760837,human,True,False
2646480311,human,False,False
2856262094,human,True,False
2869470000,human,True,False
2869473173,human,True,False
2869475039,human,True,False
2869482810,human,True,False
2869487593,human,False,False
2869779344,human,False,False
2877046089,human,False,False
2550486812,human,True,False
2811124408,human,False,True
2996889103,human,False,False
2997464260,human,True,False
2830887188,cross-system,False,True
2912628077,human,False,False
2915448921,human,False,True
2867502514,human,True,False
2633804121,human,False,False
2820396927,cross-system,False,True
2823550737,human,False,True
3024235145,human,True,False
3027288530,human,False,True
3027295538,human,False,True
2664778773,human,True,False
2664837510,human,False,False
3009316649,human,False,True
3009382351,human,False,True
2763257718,human,True,False
2764228083,human,True,False
2764236284,human,True,False
2764238515,human,True,False
2764245074,human,True,False
2764245928,human,False,False
2764251812,human,True,False
2764285585,human,True,False
2764288682,human,True,False
2766940327,human,True,False
2604312811,human,False,False
2562505262,human,False,False
2984874487,cross-system,False,True
2987874457,human,True,False
2987898953,human,True,False
2988296262,human,False,False
2995579396,human,False,False
2692578472,cross-system,True,True
2578198765,human,True,False
2911867662,human,False,False
2911878717,human,False,True
3044866643,human,False,True
3047012944,human,False,False
2654942813,human,True,False
3024462837,human,True,True
3024866027,human,True,False
3025025954,human,False,True
2871149647,cross-system,True,False
2700525286,human,True,False
2700538471,human,False,False
2702529960,human,False,False
2869172465,human,True,False
2692468392,human,True,False
2692564868,human,False,False
2625075412,human,True,False
2995204569,cross-system,True,True
2995209717,cross-system,True,False
2995570169,cross-system,True,False
2845301854,human,False,False
3022538783,human,True,False
2678832742,human,False,False
2693437182,human,True,True
2693884191,human,True,False
2693902580,human,False,False
2753515728,human,True,False
2754354793,human,True,False
2754359280,human,True,False
2756271578,human,True,False
2756380577,cross-system,True,True
2757222186,human,True,False
2757275335,human,True,False
2672219970,human,True,False
2538420366,human,False,False
3079124889,cross-system,True,True
3082510717,human,False,True
3082513665,human,True,False
2629948196,human,True,False
2695052947,human,False,False
3064551912,cross-system,True,True
2896502997,cross-system,False,True
2896521034,cross-system,False,True
2896666252,cross-system,True,False
2896666467,cross-system,False,True
2896855874,cross-system,False,True
2897025445,cross-system,False,True
2897140041,cross-system,False,True
2983889231,cross-system,False,True
2983968829,cross-system,False,True
2594579961,human,True,False
2596591349,human,True,False
2596596917,human,True,False
2596603945,human,True,False
2597005013,human,False,False
2597433592,human,False,False
2524516397,human,False,False
2526856882,human,False,True
2907463498,cross-system,False,True
2907500321,human,False,False
2560563391,human,True,False
2560564234,human,True,False
2560564397,human,True,False
2560564522,human,True,False
2560564645,human,True,False
2560568111,cross-system,True,False
2560568123,cross-system,True,False
2560568137,cross-system,True,False
2560588899,cross-system,True,False
2560588928,cross-system,True,False
2560588943,cross-system,True,False
2560605210,cross-system,True,False
2827301338,human,False,True
2665538009,human,True,False
2665541081,human,True,False
2665571930,human,True,False
2665939394,human,True,False
2665947844,human,True,False
2665959646,human,False,False
2881857876,cross-system,False,True
2966575149,human,True,False
2966583578,human,True,False
2966596069,human,True,False
2966600727,human,False,False
2967003225,human,True,False
2967360158,human,True,False
2967365577,human,True,False
2967552765,human,True,False
3015647126,human,True,False
3062151217,human,True,True
3100828712,human,True,True
3115312962,human,True,False
3116745371,human,False,True
2763701363,human,True,False
2763703765,human,True,False
3040231102,human,True,False
3040243648,cross-system,False,True
3040243663,human,False,False
3040363093,human,False,True
2896161066,human,True,False
2703863559,human,True,True
2714448554,human,False,False
2889199050,human,True,False
2679861617,human,False,False
2524688546,human,True,False
2524688670,human,True,False
2866318891,human,True,False
2866733630,human,False,False
2916709317,human,False,False
2654680085,human,True,False
2831761847,human,False,True
2791660413,cross-system,False,True
2794432852,human,True,False
2857042313,cross-system,True,False
2576492361,human,False,False
2576707130,human,False,False
2951926976,cross-system,True,True
2655058866,human,False,True
2728433984,human,False,True
3062017402,cross-system,True,False
3062056938,cross-system,True,False
3062398213,cross-system,True,False
3062494014,cross-system,True,False
3064798504,cross-system,True,False
2870848641,human,True,True
2872855341,human,False,False
2687213651,human,False,False
2642300648,human,True,False
2642524228,human,True,False
2642524751,human,True,False
2642525116,human,True,False
2642526835,human,True,False
2642536166,human,True,False
2642537818,human,True,False
2642554327,human,True,False
2642555639,human,True,False
2642627706,human,True,False
2642644239,human,True,False
2642748022,human,True,True
2642765287,human,False,False
2750570529,human,False,False
2687949227,human,False,False
2987033532,human,True,False
2987039441,human,True,False
2987081388,human,True,False
2987098062,human,False,False
3069955553,human,False,False
3069956224,cross-system,True,True
3069961460,human,False,True
2876529594,cross-system,False,True
2775674819,human,False,False
2900929001,cross-system,False,True
2901294878,cross-system,False,True
2901353778,cross-system,False,True
2901366312,cross-system,False,True
2894971082,human,False,False
2895552006,human,True,False
2895561319,human,True,False
2895612744,human,True,False
2895615462,human,False,True
2812172355,human,True,False
2812180959,human,False,False
2812192786,human,False,True
2812252928,human,False,True
2812350922,human,False,False
2900189349,cross-system,False,True
2900265250,cross-system,False,True
2985422042,human,True,True
2985666179,human,True,False
2985670262,human,True,False
2985672079,human,True,False
2985684766,human,False,False
3006634016,human,False,False
3007496403,cross-system,True,True
3026501574,human,True,False
3026640316,human,True,False
2947254814,cross-system,True,True
2947258156,cross-system,True,True
2948274996,human,True,False
3008284168,cross-system,False,True
3011548953,human,False,False
3009429457,human,True,False
3009439766,human,True,False
3009470617,human,True,False
3010839549,cross-system,True,True
3011050560,human,True,False
3011504533,human,False,False
2703253495,human,True,False
2703322048,human,True,False
2703377286,human,False,False
2703447079,human,False,False
3017930984,human,True,False
2651314282,human,False,False
2734061087,human,False,False
2868681003,human,True,False
2880697475,human,True,False
2880800903,human,False,False
2532231597,human,False,False
3069411395,human,False,False
2715535428,human,True,False
2715834593,human,True,True
2898811545,human,False,True
2898835032,human,False,True
2928452420,human,True,False
2928844611,human,True,False
2937091269,human,True,False
2578966671,human,False,False
2802393199,human,False,True
2559633040,human,True,False
2559634845,human,True,False
2854255738,human,False,True
2727720261,human,True,False
2727722235,human,True,False
2727722675,human,False,False
2732217663,human,False,True
2810825732,human,True,False
2811032214,human,False,True
2798554303,human,True,False
2798726287,human,False,True
2533119877,human,True,False
2533121040,human,True,False
2533127431,human,True,False
3028780890,human,True,False
3035780091,human,True,False
3035782634,human,True,False
3035807017,human,True,False
3035888708,human,True,False
3035889430,human,True,False
3035948401,human,True,False
3035983323,human,True,False
3036874472,human,True,False
3042108595,human,True,False
3042594246,human,True,False
3049743721,human,True,False
3050944487,human,True,False
3051067919,human,True,False
3051751376,human,True,False
3053600726,human,True,False
3059379216,human,True,False
3059413094,human,True,True
3059449654,human,True,False
3059449660,human,True,False
3062042524,human,False,True
3113799341,human,False,False
2681847169,human,True,False
2530839937,human,False,True
2530848702,human,True,True
2727979265,cross-system,False,True
2982713324,human,True,False
2652306823,human,False,False
2788537879,cross-system,False,True
2679275411,human,True,False
2679276335,human,True,False
2679276981,human,True,False
2679278092,human,True,False
2679280528,human,True,False
2679317067,human,True,False
2679318713,human,True,False
2679338051,human,False,True
2679467952,human,True,False
2679480419,human,True,False
2679585968,human,False,False
2859033582,human,True,False
2792397492,human,False,False
3073715173,human,False,True
2912259479,human,False,False
2912300789,human,False,True
2665199629,human,False,False
2560949053,human,False,False
3044295810,cross-system,False,True
3044307137,human,True,False
3044333053,cross-system,False,True
3044389434,cross-system,False,True
3044475576,cross-system,False,True
3044529670,cross-system,False,True
3044547122,cross-system,False,True
3045108287,cross-system,False,True
2530614352,human,True,True
2530679969,human,False,False
2808820325,human,True,True
2809089411,human,True,False
2810400617,human,False,False
3042654873,human,True,False
3046737284,human,False,True
2961895480,cross-system,False,True
3051891016,human,False,False
2646202286,human,False,False
3056910181,human,False,False
2574431760,human,True,False
2574431831,human,True,False
2574431871,human,True,False
2574431893,human,True,False
2574431931,human,True,False
2574431967,human,True,False
2574431999,human,True,False
2574482864,human,True,False
2574482942,human,False,False
2726145119,human,False,False
2526157514,human,False,False
2652559864,human,False,True
3031409950,human,True,False
3031428878,human,True,False
3031436584,human,True,False
3031443049,human,True,False
2918954060,human,True,False
2918954451,cross-system,True,False
2835743793,human,False,False
2642363298,human,True,False
2642363725,human,True,False
2646307079,human,True,False
2646310727,human,True,False
2646310935,human,True,False
2646319806,human,True,False
2646342590,human,True,False
2646345901,human,True,False
2646354697,human,False,False
2750346072,human,True,False
2751780376,human,False,True
2544528828,human,True,False
2544592669,human,False,True
3029689116,cross-system,False,True
3031432704,cross-system,False,True
3031462968,cross-system,False,True
3031476672,cross-system,False,True
3031498055,cross-system,False,True
3035021824,cross-system,False,True
2851392687,human,True,False
2813062546,cross-system,False,True
2826807523,cross-system,False,True
3027521176,human,False,False
2870896558,human,True,False
2800474644,human,True,False
2815321654,human,True,True
2680901198,human,False,True
2680902807,human,False,True
2988392440,cross-system,True,True
2988408732,cross-system,True,False
2988622056,cross-system,False,True
2628339527,human,True,False
2628344311,human,False,False
3030372325,cross-system,False,True
3069590247,human,False,False
3069590847,cross-system,True,True
3069752800,human,False,True
3060146542,human,False,False
3060147877,cross-system,True,True
3060186979,human,False,True
2655073448,human,True,False
2655074345,human,True,False
2655275075,human,True,False
2850986438,human,True,False
2851692831,human,False,False
2946725289,cross-system,False,True
2946739677,cross-system,False,True
2919737873,human,False,True
2829885980,human,True,False
2829895788,human,True,False
2829896171,human,True,False
2829903209,human,True,False
2829932676,human,False,False
2678954305,human,True,False
2678954599,human,True,False
2911004637,human,True,False
2911012521,human,True,False
2911014223,human,True,False
2911020029,human,True,False
2911191512,human,True,False
2911595279,human,True,False
2923317977,human,True,False
2558307837,human,False,False
2977137035,human,True,False
2977198460,human,True,True
2979271483,human,True,False
2979408602,human,True,False
2980598405,human,True,False
2980838329,human,True,False
2980838816,human,True,False
2984584666,human,True,True
2984850125,human,True,False
2984857794,human,True,False
2984866286,human,True,False
2984866856,human,True,False
2987286250,human,False,True
2810958489,human,True,False
2810958964,human,True,False
2810959123,human,True,False
2810959547,human,True,False
2810959991,human,True,False
2810960343,human,True,False
2810962097,human,True,False
2810962396,human,True,False
2810965352,human,True,False
2811130918,human,True,False
2812859545,human,True,False
2814476953,human,True,False
2735056718,human,False,True
3032000480,human,False,False
3032055073,human,False,False
2868948654,human,True,True
2650275966,cross-system,True,False
2741710708,human,True,False
2741855913,human,True,False
2742092288,human,False,True
2805530046,human,False,False
2665725618,human,False,False
2893936138,human,False,False
2752034222,cross-system,False,True
2752075414,cross-system,False,True
2755447859,cross-system,True,True
2755933354,cross-system,False,True
2970878356,human,False,False
2656660674,human,False,False
2656724922,human,False,False
2594029413,human,False,True
2582699993,human,True,False
2973047410,human,False,False
2973048535,human,False,False
2805728673,human,True,False
2806850428,human,True,False
2810029314,human,True,False
2978274276,human,True,False
2978277795,human,True,False
2978279257,human,True,False
2832374524,human,True,False
2837032195,human,True,False
2837273204,human,True,False
2845702556,human,False,True
2961294238,human,False,False
2965552321,human,False,True
2854423073,cross-system,True,True
3066459360,cross-system,True,True
2802006250,human,True,False
2802015248,human,False,False
2984777360,human,True,False
2984777901,human,True,False
2531433168,cross-system,True,False
2531433500,human,True,False
2531433689,human,True,False
2531433838,human,True,False
2531449594,cross-system,True,False
2531449619,cross-system,True,False
3072124030,human,False,False
2850419185,human,True,False
2850421114,human,True,False
2850476159,human,True,False
2850478300,human,True,False
2850490590,human,True,False
2850509827,human,False,True
2855180737,human,False,False
2855253463,human,True,False
2855269890,human,True,False
2855289143,human,False,False
2707286353,human,False,False
3007322421,cross-system,True,False
3007325627,cross-system,True,False
3007334212,cross-system,True,False
2941347245,human,False,False
2944368243,human,False,True
2921182013,human,True,False
2921186768,human,True,False
2921195433,human,True,False
2921198588,human,True,False
2921200546,human,True,False
2928847558,human,False,True
3073669955,human,True,True
3073695968,cross-system,True,True
3073758777,human,True,False
2879729595,human,True,False
2879743505,human,True,False
2879768437,human,False,False
2925036146,human,True,False
2925050181,human,True,False
2966274120,human,False,False
2906892765,cross-system,False,True
3012937313,human,True,False
3015009782,human,True,False
3015149103,human,True,False
2563489400,human,False,False
3079227911,cross-system,True,True
3079790406,human,False,True
3080024536,cross-system,True,True
2926444817,cross-system,True,False
2926461982,cross-system,True,False
2749087528,human,False,True
2781330620,cross-system,False,True
2823814115,human,False,True
2835214338,human,True,False
3009709220,cross-system,False,True
3009842230,human,False,False
3045085420,cross-system,False,True
3049461212,cross-system,True,True
3056227342,cross-system,True,False
3074659321,cross-system,True,True
3074666528,human,False,False
3074669766,human,True,False
3074671849,human,True,False
3074948286,human,False,True
3007826512,cross-system,True,True
3011892574,human,False,False
3096212702,human,False,True
3063958450,cross-system,True,False
3064075906,cross-system,True,False
2909290444,human,False,False
2909713964,human,False,False
2826741177,human,False,False
2826746500,human,False,False
2727988539,human,False,False
2719336638,human,True,False
2719369936,human,True,False
2811603455,human,False,False
2862435995,human,True,False
2862439834,human,True,False
2535582988,human,True,False
2535618757,human,False,False
2898675104,human,False,False
2898807514,human,False,False
2635581221,human,True,False
2635606905,human,True,False
2635607533,human,True,False
2636111012,human,True,False
2636267043,human,False,True
2869198375,human,True,False
2869198663,human,True,False
2764575934,human,True,False
2765073817,human,True,False
2765313412,human,False,False
3055481856,cross-system,True,True
2854867350,human,False,False
2898699899,human,False,False
2898847934,human,False,True
2694009045,human,True,False
2741380366,human,True,False
2741555830,human,False,False
2742329286,human,True,True
2660107671,cross-system,True,True
2745934110,human,True,False
2746309920,human,False,False
2746310656,human,False,False
2974848963,cross-system,False,True
2974845434,cross-system,True,False
3043043718,cross-system,False,True
3043090262,cross-system,False,True
3043123918,cross-system,False,True
3043177747,cross-system,False,True
2794319588,human,False,False
2794326729,human,True,False
2794327559,human,True,False
2794350058,human,False,False
2794501123,human,True,False
2794502498,human,True,False
2794504502,human,True,False
2905216401,human,True,False
2905216961,human,True,False
2905217434,human,True,False
2905217903,human,True,False
2905225013,human,True,False
2905723350,human,True,False
2905738037,human,True,False
2905745007,human,True,False
2905760237,human,False,False
2741434699,human,False,False
2742307755,human,True,False
2742563863,human,True,True
2812895079,human,False,False
2899516136,human,False,True
2899569456,human,False,True
2958943663,human,True,False
2958953998,human,True,False
2958964213,human,True,False
2959148119,human,True,False
2959176316,human,True,False
2959218511,human,True,False
2662581519,human,False,False
2898705860,human,False,False
2898761721,human,True,False
2898761809,human,False,False
3043387849,human,True,False
3043389609,human,True,False
2790898349,human,False,True
2791248241,human,True,False
2791319910,human,True,False
2791384871,human,True,False
2791393591,human,False,False
2799102706,human,False,False
3022651306,human,True,False
2638169105,human,True,False
2638490505,human,True,False
2558114347,human,False,False
2605203104,human,True,True
2605226494,human,True,False
2558581317,human,True,True
2560514407,human,False,False
2560514422,human,False,False
2891267861,cross-system,False,True
2944371303,human,False,True
2898650925,human,True,False
2898655088,human,False,True
2898661509,human,False,True
2898665521,human,False,True
2602621154,human,True,False
2602623683,human,False,True
2602624139,human,True,False
2602627931,human,True,False
2908742838,human,False,False
2908890810,human,True,True
2908902812,human,True,False
2749706597,human,False,True
2981228931,human,False,True
2981231905,human,False,False
2834072113,human,True,False
2834204991,human,True,False
2870855741,human,False,False
2703330741,human,False,False
3038672038,cross-system,False,True
2619367646,human,True,False
2619367706,human,True,False
2726028874,human,True,False
2726128717,human,False,False
2841095111,human,True,False
2857025244,human,False,False
3068040368,cross-system,True,False
2849074035,human,True,False
2999450691,cross-system,False,True
2999483334,human,False,False
2582889131,human,False,True
2667202641,cross-system,True,False
2741704450,human,True,False
2741861507,human,False,False
2742708083,human,False,False
3033053444,cross-system,True,True
3033544453,human,False,False
2765637965,cross-system,False,True
2765685150,human,False,False
2878444201,human,True,False
2878586687,human,True,False
2692229724,human,True,False
2692258435,human,True,False
2696353488,human,True,False
2696400928,human,True,False
2696463754,human,True,False
2653233831,human,True,False
2653268143,human,True,False
2653309579,human,False,False
2957373233,human,False,True
2957425130,human,False,True
2957425885,human,False,False
2731058176,human,False,False
2998263308,human,False,False
2875157317,human,False,True
2861337660,cross-system,True,False
3060218060,human,False,False
2646122354,human,True,False
2646198884,human,True,False
2646209984,human,False,True
2727608314,human,True,False
2727609854,human,False,False
2963104885,human,False,False
2881854217,cross-system,False,True
2889932674,human,False,False
2899089566,human,False,False
2899144272,human,False,True
2755160955,human,False,True
2932783414,cross-system,True,False
2932795451,cross-system,True,False
2932987833,human,True,False
2933002560,human,True,False
2933038306,human,True,False
2933063836,human,True,False
2933132559,human,True,False
2933164606,human,True,False
2933166229,human,True,False
2933182214,human,True,False
2933402792,human,True,False
2958198108,human,True,False
3076055658,human,True,False
3084872838,human,True,False
2933173429,cross-system,True,False
3084967769,human,True,False
2591529204,cross-system,True,True
2741974910,human,True,False
2742608749,human,True,False
2742762930,human,True,True
2639071690,human,True,False
2643501512,human,False,True
2751978871,human,True,False
2599005405,human,True,False
3069739564,cross-system,False,True
2936559899,human,True,True
2936594072,human,True,False
2936631014,human,True,False
2936632079,human,True,False
2936703915,human,True,False
2707424552,human,True,False
2707530984,human,False,False
3030348648,cross-system,False,True
3030396992,cross-system,False,True
2826444534,human,True,False
2826570129,human,True,False
2546022625,human,True,False
2870920889,human,False,False
2991137509,cross-system,True,False
2983707687,cross-system,False,True
2983761921,cross-system,False,True
2983801828,cross-system,False,True
2983829146,cross-system,False,True
2991448449,cross-system,False,True
2991752895,cross-system,False,True
2991766951,cross-system,False,True
2864315427,human,False,True
2864326965,human,False,True
2871599309,human,False,False
2552982316,human,False,False
2628319045,human,False,False
2628340629,human,False,True
2663348386,human,True,False
2663365733,human,False,False
2642779803,human,True,True
2764796538,human,False,False
2780285121,cross-system,False,True
2780311900,human,True,False
2793578905,human,True,False
2793912116,human,True,False
2793929473,human,True,False
2793952348,human,True,False
2793954855,human,True,True
2794012079,human,True,False
2794013105,human,True,False
2795498733,human,False,False
2759748739,human,True,False
2767535026,human,True,False
2767553457,human,True,False
2787996665,human,False,False
2741360318,human,True,False
2741400736,human,False,False
2742816093,human,False,True
2626923001,human,True,False
2635594782,human,True,False
2635614258,human,False,False
2723163535,human,False,False
2865570088,human,True,True
2865658444,human,False,False
3007929419,human,True,False
3007956962,human,False,False
2951983724,human,False,True
2952012374,human,False,True
3006874519,human,False,False
3007414143,human,False,True
2856541582,human,False,False
3038345585,cross-system,False,True
3038570633,human,False,False
2705108137,human,True,False
2705593335,human,True,False
2705593679,human,False,True
2756242622,human,True,False
2756252043,human,True,False
2756258359,human,True,False
2756265305,human,True,False
2756270774,human,True,False
2756275262,human,False,True
2759183355,human,True,False
2759183510,human,False,True
2799735708,human,False,True
2984858037,cross-system,False,True
2984860793,cross-system,False,True
2984882986,cross-system,False,True
2985238996,cross-system,False,True
2985255533,human,True,False
2991764659,cross-system,False,True
3066447058,human,True,False
3066459016,human,True,False
3066468005,human,True,False
3066861412,human,True,False
3067387790,human,True,False
3067449226,human,True,False
3067457930,human,True,False
2813483907,human,True,False
2813498034,human,True,False
2956188669,cross-system,True,True
2957456440,human,False,False
2960332992,human,True,True
2960348246,human,True,False
2960349281,human,True,False
2960366505,human,True,False
2960414506,human,True,False
2745130298,cross-system,True,True
2745165183,human,True,False
2745165567,human,True,False
2745193003,human,False,False
2695026998,human,False,False
2695700629,human,False,False
3014579558,human,False,False
3014579684,cross-system,False,True
3014591361,human,False,True
2975322716,human,False,False
2621757323,human,True,False
2686053994,human,False,True
2694668623,human,False,False
2704371145,human,False,False
3054089045,cross-system,True,True
3054091034,human,False,False
3054238789,human,False,True
2550102927,human,False,False
3005138320,human,False,False
2562354941,human,False,True
2908383307,cross-system,False,True
2908386695,cross-system,False,True
2908398700,cross-system,False,True
2908413732,cross-system,False,True
2649518946,cross-system,True,False
2649518969,cross-system,True,False
2649536699,human,True,False
2889028980,cross-system,False,True
2871772945,human,True,False
2871809995,human,True,False
2871842773,human,False,False
2819653128,human,False,True
2819679708,human,True,False
2819821792,human,False,False
2971920963,cross-system,False,True
2971931316,cross-system,False,True
2976917802,cross-system,False,True
2841054099,human,True,False
2941248503,human,False,True
2941249815,human,True,False
2729986305,human,False,False
2840765353,human,True,False
2840824798,human,False,False
2979479002,human,False,False
2530756906,human,False,True
2530760045,human,True,False
2982554894,human,False,True
2812390474,human,False,True
2812795686,human,True,False
2639431605,human,False,True
2920101515,human,False,True
2680808503,cross-system,True,True
2745008284,human,True,False
2745015324,human,True,False
2745029739,human,True,False
2745033992,human,True,False
2745034709,human,True,False
2745035306,human,False,True
2745763678,human,False,True
2750596822,human,True,False
2664273767,human,False,False
3070627695,human,False,False
3070628816,cross-system,False,True
3070725546,human,False,True
3070970144,human,False,True
2584806872,human,False,False
2691736407,human,False,False
3021470407,human,True,False
2853348239,human,False,False
2854498151,human,False,False
2649613455,cross-system,True,False
2649613486,cross-system,True,False
2649613519,cross-system,True,False
2649613548,cross-system,True,False
2649613573,cross-system,True,False
3066648474,human,False,False
2652619366,human,True,False
2903881386,human,True,False
2903885249,human,True,False
3012303984,cross-system,False,True
3033224010,cross-system,False,True
3033231679,cross-system,False,True
3033579344,cross-system,False,True
3033683407,cross-system,False,True
3075072446,cross-system,True,False
3035938703,human,False,False
2917850882,human,False,True
2703651720,human,False,False
2631056326,human,True,False
2631224119,human,True,False
2631358036,human,True,False
2631366870,human,True,False
2631370798,human,True,False
2631371758,human,True,False
2631372344,human,True,False
2631374242,human,True,False
2631374575,human,True,False
2631374846,human,True,False
2631680094,human,True,False
2631755328,human,False,False
2853340498,human,True,True
2853455470,human,True,False
2632436018,human,False,True
2837713100,cross-system,False,True
2844608790,human,False,False
3007366901,cross-system,True,True
3007570774,human,False,False
2813304035,human,False,False
2879291007,human,True,False
2524878198,human,False,False
2725991055,human,True,False
2726003784,human,False,False
2960297115,human,True,False
2961668214,human,True,True
2962069318,human,True,False
2843765692,human,False,True
2602764595,human,False,False
2834233596,cross-system,False,True
2793392845,human,False,True
2870863361,human,False,False
2871639422,human,True,False
2659681327,human,True,False
2563546242,human,True,False
2570161405,human,False,False
2840652496,human,False,False
3008372745,cross-system,False,True
3011514356,human,False,False
2939069850,human,False,False
2529403874,human,True,False
2529404088,human,True,False
2529404282,human,True,False
2529404455,human,True,False
2949275761,human,False,False
2707441249,human,False,True
2707788282,human,False,False
3058254073,cross-system,True,False
3058326040,human,True,False
3058336074,cross-system,True,False
3058402730,cross-system,True,False
2847278862,human,True,False
2847667456,human,False,False
3002895975,human,False,False
3082928741,human,False,False
2676730948,human,False,True
2676839816,human,False,True
3054771297,human,True,False
3068298309,human,False,False
2669047295,human,False,False
2669047316,human,False,False
2918380690,cross-system,True,False
2533381306,human,False,False
2912578426,human,True,False
2912578751,human,True,False
2912771349,human,True,False
2599941253,cross-system,True,True
2604444504,human,False,False
2915777216,human,False,False
2915808146,human,True,True
2827724007,cross-system,True,True
3035016481,cross-system,True,False
3059603959,cross-system,True,False
3074009377,cross-system,True,False
3074019360,cross-system,True,False
3074048586,cross-system,True,False
2762271194,cross-system,False,True
2762426330,cross-system,False,True
2762430869,cross-system,False,True
2659919025,cross-system,True,True
2911843957,human,False,False
2911976843,human,False,True
3069412279,human,False,False
3006664308,cross-system,False,True
3006683058,human,False,False
2736936681,human,True,False
2736940165,human,False,False
2656907978,cross-system,True,True
2656933637,human,True,False
2656934427,cross-system,True,False
2657103568,cross-system,True,True
2668734504,cross-system,False,True
2668758884,human,False,True
3036211810,cross-system,False,True
2762807043,human,True,False
2762807106,human,True,False
2762807394,human,False,False
2981771577,cross-system,True,False
2745709471,human,True,False
2745734661,human,False,True
2745735390,human,True,False
2745737464,human,True,False
2562269468,human,False,True
2562093410,cross-system,False,True
3019118501,human,True,True
3019417255,human,True,True
2946264128,human,True,False
2946267241,human,True,False
2946268024,human,True,False
2946279702,human,True,False
2959107165,human,True,False
2964327286,human,False,True
2995214801,human,True,False
2997803942,human,True,False
3000310328,human,True,False
3001399377,human,True,False
3012440879,human,True,False
2889333135,cross-system,False,True
2889338592,cross-system,False,True
2889373540,cross-system,False,True
2890074296,cross-system,False,True
2898593929,cross-system,False,True
2898605302,cross-system,False,True
2900810939,human,True,False
2807887215,human,False,True
2927162221,cross-system,True,False
2562182691,human,False,True
2888808621,human,True,False
2795684237,human,True,False
2714138325,human,False,False
2908927393,human,False,True
2858264943,human,True,False
2866867238,human,False,True
2602902185,human,False,False
2745940680,human,True,False
2748332278,human,False,False
2750778149,human,False,True
2750847177,human,True,False
2750866453,human,True,False
2750866559,human,True,False
2976844901,cross-system,True,True
2995587752,human,False,False
2999464373,cross-system,True,True
3002777624,human,False,False
2714429985,human,False,False
2870866520,human,False,False
2685544472,human,True,False
2685557628,human,True,False
2685577756,human,True,False
2685578410,human,True,False
2685580740,human,True,False
2685587562,human,True,False
2685587967,human,False,False
2685667663,human,True,False
2685673256,human,True,False
2685677212,human,True,False
2685790394,human,True,False
2685790989,human,True,False
2685831203,human,True,False
2957516375,human,True,False
2957518761,cross-system,True,False
2959876604,human,True,False
2959877305,cross-system,True,False
2960617958,human,True,False
2960618873,cross-system,True,False
2964234858,human,True,False
2964237194,cross-system,True,False
2964250071,human,True,False
2964252961,cross-system,True,False
2966309307,human,True,False
2966386196,human,True,False
2966389690,cross-system,True,False
2966422645,human,True,False
2966426278,cross-system,True,False
3022900120,cross-system,True,True
2965530314,cross-system,True,True
2965561257,human,False,True
2954026959,human,True,False
2864953689,human,True,False
2864975071,human,True,False
3026914753,human,False,False
2931716576,human,True,False
2931718279,human,False,False
2821244314,human,False,True
2823666147,human,False,True
2664308757,human,False,False
2664908570,human,False,True
2850687383,human,False,False
2646332057,human,True,False
2646332998,human,True,False
2646333652,human,True,False
2646333870,human,True,False
2646386455,human,True,False
2646394004,human,False,False
2788018934,human,False,False
2585089112,human,True,False
2585123843,human,True,False
2585182609,human,True,True
2524937005,human,True,False
2524937040,human,True,False
2524937071,human,True,False
2524937103,human,True,False
2524386718,human,False,False
2599582867,human,True,False
2599585862,human,True,False
2776969162,human,False,True
2652258824,human,False,False
2524687077,human,False,False
3056539655,cross-system,True,False
3056625749,cross-system,False,True
3056628325,human,True,False
3063839553,cross-system,True,False
3063823418,human,True,True
3063876858,human,True,False
3063957464,cross-system,True,False
2840620472,human,False,False
2792089899,human,True,False
2793412549,human,True,False
2794422596,human,True,False
2794473763,human,True,False
2794486543,human,True,False
2804585888,human,False,False
2642325331,human,True,True
2645418210,human,True,False
2645453932,human,True,False
2645592043,human,True,False
2646302896,human,True,False
2646303635,human,True,False
2646361837,human,True,False
2859519923,human,False,False
2862029978,human,False,False
2647734571,human,True,False
2647734831,human,True,False
2647735135,human,True,False
2647766634,cross-system,True,False
2647815618,cross-system,True,False
2647815684,cross-system,True,False
2647839520,cross-system,True,False
2669072097,cross-system,True,False
2669072098,cross-system,True,False
2669072105,cross-system,True,False
2669072107,cross-system,True,False
2669093580,cross-system,True,False
2669093585,cross-system,True,False
2669305434,human,False,True
2675589298,human,False,False
2958094004,cross-system,True,True
2961467610,human,False,False
2766210329,human,False,False
2797567542,cross-system,False,True
2797570063,human,False,True
2813308318,human,True,False
2813310369,human,False,False
2631923938,human,True,False
2631931184,human,True,False
2632500596,human,False,True
2652501770,human,True,False
2906272017,human,True,False
2906272127,human,True,False
2711313555,human,False,False
2748200141,human,True,True
2748338685,human,True,False
2748751248,human,False,False
2749677141,cross-system,True,True
2749726392,human,True,False
2750235858,human,True,False
2750246803,human,True,False
2750251369,human,True,False
2750273069,human,True,False
2750614643,human,True,False
2750620512,human,True,False
2750813915,human,True,False
2750847252,human,True,False
2750863160,human,True,False
2750867563,human,True,False
2750981136,human,False,True
2798773746,human,False,True
2798790057,human,True,False
2798792826,human,True,False
2798793001,human,True,False
2798813389,human,True,False
2985171116,human,False,False
2835923480,human,True,False
2837279961,human,False,True
2838509951,human,False,False
2564377822,human,True,False
2564378087,human,True,False
2564378792,human,True,False
2564380540,human,True,False
2717954001,cross-system,True,False
2741582459,human,False,False
2668763469,cross-system,True,True
2607004897,human,True,True
2812463731,human,False,False
2746270257,human,True,False
2752002065,human,False,True
2905925367,cross-system,True,False
2905935284,cross-system,False,True
2906061582,cross-system,False,True
2906075462,cross-system,False,True
2906167886,cross-system,False,True
2966674035,cross-system,False,True
2764167364,human,False,False
3066808476,human,True,False
3069688532,human,True,False
3069702358,human,True,False
3069707766,human,True,False
3069708509,human,True,False
3069720544,cross-system,True,True
3069721188,human,False,True
3069722160,human,True,False
3069723528,human,False,False
2766282082,human,False,False
2655327890,cross-system,True,False
2655328045,cross-system,True,False
2655328191,cross-system,True,False
2848398118,human,False,False
2848398145,human,False,False
2806535450,cross-system,False,True
2703971461,human,False,False
3272492708,human,False,True
3272500218,human,False,False
2797695933,human,True,False
2797695983,human,True,False
2797696296,human,True,False
2797699683,human,True,False
2797711593,human,True,False
2652306667,human,False,False
2718812459,human,False,False
2718841112,human,False,True
2669665968,human,False,True
2669671825,human,False,True
2602556794,human,True,True
2856786960,human,False,False
2848698847,cross-system,True,True
3063171530,cross-system,True,False
3063338737,human,True,False
2900193046,cross-system,False,True
2900260660,cross-system,False,True
2900306437,cross-system,False,True
2900355552,cross-system,False,True
2900408713,cross-system,False,True
2900821418,cross-system,False,True
2900825270,cross-system,False,True
2634715816,human,True,False
2634873633,human,True,False
2634896081,human,True,False
2634896465,human,True,False
2634896799,human,True,False
2634967633,human,True,False
2635214540,human,False,True
2787049393,human,True,False
2787085447,cross-system,True,True
2787106149,human,False,False
2845408523,human,True,True
2846544963,cross-system,False,True
2846554212,human,True,False
2846556047,human,True,False
2846578577,human,True,False
2846590259,human,True,False
2846587982,human,True,False
2846601762,human,True,False
2846607126,human,True,False
2846608687,human,True,False
2846722423,human,True,False
2846819359,human,True,False
2846842491,human,True,False
2846879539,human,True,False
2847138697,human,True,False
2847398472,human,True,False
2847398722,human,True,False
2847400641,human,True,False
2847404576,human,True,False
2847419217,human,True,False
2847726195,human,True,False
2581862629,human,False,False
2540340705,human,True,False
2980652271,human,False,False
2563919344,human,False,True
2657385563,human,False,False
2657704403,human,False,False
2981535364,human,True,False
2981536503,human,True,False
2981536878,human,False,False
2981687929,human,False,True
2804244713,human,False,False
2947770895,cross-system,False,True
2793497917,human,False,True
2793550831,human,False,True
2793827402,human,True,False
2618254152,human,True,False
2618302475,human,True,False
2618314133,human,True,False
2618655111,cross-system,False,False
2988546979,human,True,False
2675617219,human,False,False
2829140297,human,False,True
2725908659,cross-system,False,True
2860188658,human,True,False
2852767642,human,False,False
2908054032,human,True,False
2869217913,human,True,False
2869217986,human,True,False
2869218136,cross-system,False,False
2869223252,human,True,False
2869223338,human,True,False
2869223561,human,True,False
2869223713,human,True,False
2869224838,human,True,False
2869277085,human,True,False
3056854584,human,False,False
3056872075,human,False,True
2740737492,human,True,False
2740772539,human,True,False
2652641706,human,True,False
2890752949,human,False,False
2890871397,human,False,True
2743262617,human,True,False
2743383666,human,False,False
2743406821,human,False,False
2708877323,human,True,False
2708877607,human,True,False
2708882745,human,True,False
2808818735,human,True,False
2808827942,human,False,False
2530754972,human,True,True
2672791343,human,False,True
2828583215,human,False,False
2949095144,human,False,True
2949540010,human,False,True
2530578646,human,True,True
2530688602,human,False,False
2966255739,human,True,False
2966284349,human,False,True
2539074963,human,True,True
2546411518,human,False,False
2773835393,human,True,False
3009740307,cross-system,False,True
3009755155,human,False,False
2662430415,human,True,False
2949108235,cross-system,True,True
2872040497,human,True,False
2872049890,human,False,True
2988385467,cross-system,True,True
2990086029,cross-system,True,True
2990112860,cross-system,True,True
2990154127,cross-system,True,True
2990277525,cross-system,True,True
2990310273,human,True,False
2990311235,cross-system,True,False
2990311999,human,True,False
2990313246,cross-system,True,False
2990524166,cross-system,True,True
3027528868,human,True,False
3027953160,human,True,False
3027973032,human,True,False
3028459902,human,True,False
3028475915,human,True,False
3007503164,cross-system,False,True
3007693308,human,False,False
2603216509,human,False,True
3046502215,human,True,False
3046896226,human,True,False
3047125522,human,True,False
3047322237,human,True,False
3047693145,human,True,False
3048196232,human,True,False
3048240300,human,True,False
3048261182,human,True,False
3063798299,human,False,False
2741348131,human,True,False
2741391728,human,False,False
2742332601,human,True,False
2742347524,human,True,False
2742692244,human,False,False
2862631167,human,True,False
3005840972,human,True,False
2860185610,human,False,False
2908582901,human,True,False
2911888889,human,False,True
2899102599,human,False,True
2899215182,human,False,True
2805335205,human,True,False
2805381311,human,False,False
2969121938,cross-system,True,True
2526878065,human,False,False
2924427947,human,False,False
2789265042,human,False,True
2789420121,human,False,True
2758740519,human,False,False
2723904132,human,False,False
2813316480,human,False,False
2650662104,human,True,False
2729890887,human,False,False
3043822428,cross-system,False,True
3043893052,cross-system,False,True
3043956340,cross-system,False,True
2761434986,cross-system,True,True
2761440154,human,True,False
3008093386,cross-system,True,True
3011582098,human,False,False
2749955325,human,True,False
2750420962,human,False,False
2920380143,human,False,False
2833779860,human,True,False
2833792275,human,False,False
3031438861,cross-system,False,True
2899393327,human,False,False
2899478846,human,False,True
3047658433,cross-system,False,True
3047807446,cross-system,False,True
3047823063,cross-system,False,True
3048140650,cross-system,False,True
3052385613,cross-system,True,False
3064207414,human,True,False
3064208788,human,True,False
3064265826,cross-system,True,False
3064402087,cross-system,True,False
2856222275,human,False,False
2858234522,human,True,True
2858962715,human,True,False
2858963090,human,True,False
2811344483,human,False,False
2741702453,human,True,False
2741836849,human,False,False
2743066529,human,True,False
2744225995,human,True,False
2744832273,human,False,True
2756179959,human,True,True
2756240701,human,True,False
2756245500,human,False,True
2758887187,human,True,True
2759016598,human,True,False
2759023759,human,True,False
2759023722,human,True,True
2759021740,human,True,False
2759026361,human,False,True
2793991892,human,True,False
2794007207,human,False,False
2916476735,human,False,False
2838077976,cross-system,True,True
2766195748,human,True,False
2766197799,human,True,False
2766209425,human,True,False
2766210190,human,True,False
2766210801,human,True,False
2766210942,human,True,False
2766214758,human,False,False
2995928030,cross-system,True,True
2995929497,human,False,False
2996061716,human,False,True
2993450815,cross-system,False,True
2993493045,cross-system,False,True
2993531363,cross-system,False,True
2993674975,human,True,False
2993733907,cross-system,False,True
2993771420,cross-system,False,True
2999494696,cross-system,False,True
2597596305,human,True,False
2597599687,human,False,True
2727727713,human,False,False
2792529698,cross-system,False,True
2655582819,human,True,True
2666521945,human,True,True
2666625503,human,True,False
2666647042,human,True,False
2666647922,human,True,False
2666648261,human,True,False
2676709312,human,True,False
2679175650,human,True,False
2679179934,human,True,False
2741707903,human,True,False
2741931763,human,True,False
2741998186,human,False,False
2742065481,human,False,True
2745204375,human,False,True
2745474679,human,True,False
2746309603,human,False,False
3009486351,cross-system,False,True
2776123804,human,True,False
2776125286,human,False,False
3007700284,human,True,False
3007731115,human,True,False
3007732878,human,False,False
3007885897,human,False,False
2652500996,human,False,False
2896516888,cross-system,False,True
2896528196,cross-system,False,True
2896671221,cross-system,False,True
2934243956,human,False,False
2934329064,human,True,True
2934333764,human,False,True
2934335113,human,False,True
2899147927,human,False,True
3003780586,cross-system,True,True
3005372914,human,False,True
2934084112,human,False,False
2934097340,human,False,True
2837330440,human,False,False
3064668086,human,False,False
3010557458,human,False,False
3010627102,human,False,False
2573749163,human,False,False
2582986108,human,False,True
3074121794,cross-system,True,True
3074429513,human,True,False
3074431226,human,True,False
3074436326,human,True,False
3074437607,human,True,False
3074468639,human,True,False
3082564425,human,True,False
3082579376,human,False,True
2725681776,human,True,False
2725690492,human,False,False
3059489794,human,False,True
2629842680,human,False,True
2727991523,human,False,False
2879585324,cross-system,False,True
2879590681,cross-system,False,True
2879599527,cross-system,True,False
2879602386,cross-system,False,True
2879626560,cross-system,True,False
2879631838,cross-system,True,False
2879639191,cross-system,False,True
2879652606,cross-system,False,True
2879656858,cross-system,False,True
2879708561,cross-system,False,True
2879713978,cross-system,False,True
3066080029,human,False,True
3066081084,cross-system,False,True
3070066206,human,False,True
3071901348,human,True,False
3071966382,human,True,False
3072542965,human,False,False
2852181751,human,False,False
2852209786,human,False,False
2852702230,human,False,False
2857911976,human,True,False
2582442642,human,False,False
2794162462,human,False,False
3024786267,human,False,False
2604162160,cross-system,True,True
3055487748,human,False,True
3055769205,human,False,False
3055773176,human,True,False
3055852496,human,False,False
3055855204,human,True,False
3056157376,human,False,False
3066398023,human,True,False
3066402004,human,False,True
3066404666,cross-system,True,True
3066430384,human,True,False
3066443356,human,True,False
3066466771,human,False,True
2854634676,human,False,True
2854723207,human,False,False
3034404269,human,True,False
2857511741,human,True,False
2857539194,human,True,False
2857601311,human,True,False
2857733526,human,True,False
2858292144,human,True,False
2858387536,human,True,False
2858400556,human,False,False
2578999600,human,True,False
2943476408,human,False,False
3027100148,human,False,False
2843528795,human,True,False
2854262930,human,True,False
2855723367,human,False,False
2819293121,human,False,False
2801517733,human,False,False
2921155115,human,True,False
2921157615,human,True,False
2921158408,human,True,False
2921159551,human,True,False
2921161396,human,True,False
2921162292,human,True,False
2921163629,human,True,False
2921171781,human,True,False
2921173135,human,True,False
3018177357,human,False,False
3070239081,cross-system,True,True
3035402520,cross-system,False,True
3035574242,cross-system,False,True
2741842437,human,True,False
2741842792,human,True,False
2741856733,human,True,False
2741858590,human,True,False
2741859085,human,True,False
2741859256,human,True,False
2741901218,human,True,False
2764527175,human,True,False
2855402621,human,False,False
2909131447,human,False,True
2898760085,human,True,False
2898768666,human,False,False
2898847026,human,False,True
2805385278,cross-system,True,True
3052215268,cross-system,True,False
3055540035,cross-system,True,False
3055637699,cross-system,True,False
2892343661,human,True,False
2741370359,human,True,False
2741446867,human,False,False
2741679175,human,True,False
2741687211,human,False,False
2742349945,human,False,True
2943752197,cross-system,False,True
2537282018,human,False,False
3008620181,human,False,True
3009091111,human,False,True
3009094213,human,False,True
3009108700,human,False,True
2530481307,human,True,True
2530561172,human,True,False
2530664381,human,True,False
2530725138,human,False,False
2885370510,human,True,False
2885374316,human,True,False
2885384964,human,False,False
2728002968,human,False,True
2728023361,human,True,False
2728023507,human,True,False
2728035432,cross-system,False,False
2837573920,human,True,False
2837577785,human,True,False
2837905396,human,True,False
2667203624,cross-system,True,False
3046711356,cross-system,False,True
2876692973,cross-system,False,True
2876695157,cross-system,False,True
2876700908,cross-system,False,True
2876702222,cross-system,False,True
2876704852,cross-system,False,True
2876712227,cross-system,False,True
2876714548,cross-system,False,True
2876716998,cross-system,False,True
2876727551,cross-system,False,True
2876734002,cross-system,False,True
3036152565,cross-system,False,True
3036155244,cross-system,False,True
3036169951,cross-system,False,True
3036265891,cross-system,False,True
3036278500,cross-system,False,True
3036407323,cross-system,False,True
3039323467,cross-system,False,True
2652495700,human,False,False
2998018568,human,True,False
2588631397,human,False,False
3009596874,human,False,False
2826331191,human,False,True
2665479038,human,False,True
2938779994,human,False,False
2938788077,human,False,False
2851356847,cross-system,True,False
2792151127,human,False,True
2792163007,human,False,False
2741629404,human,True,False
2741765748,human,False,False
2742842611,human,True,False
2742899352,human,True,False
2744095051,human,True,False
2744097644,human,True,False
2744098088,human,True,False
2744185352,human,False,False
2744831928,human,True,False
2745004615,human,True,False
2745225383,human,False,False
2862312717,human,False,False
2861303774,human,False,False
2741350655,human,True,False
2741393263,human,True,False
2742344235,human,True,False
2742725101,human,False,False
2743468024,human,True,False
2580945898,human,False,False
2922886954,cross-system,True,False
2922899590,cross-system,True,False
3018028129,cross-system,False,True
3026239917,human,False,True
3030478495,human,False,False
2948138960,human,False,False
2666286758,human,True,False
2666287310,human,True,False
2666294406,human,False,True
2666302483,human,False,True
2745898607,human,True,False
2748250521,human,False,False
2750708281,human,True,False
2750735678,human,False,False
2750790521,human,False,False
2960493557,cross-system,True,True
2899458657,human,True,True
2980163188,human,False,True
2980277631,human,False,False
2983504781,human,False,True
2884243730,human,True,False
2884246761,human,True,False
2727977492,cross-system,False,True
2722833394,human,True,True
2824590489,human,False,False
2934294236,cross-system,True,True
3025657608,human,True,False
3009508128,cross-system,False,True
3009539138,cross-system,False,True
3010303645,cross-system,False,True
2869122053,human,True,False
2968829833,cross-system,False,True
3067430025,human,False,False
3067430137,human,False,True
3068069732,human,False,True
2828250874,human,False,False
2977325439,cross-system,True,True
2695145743,human,False,False
2938929885,human,True,False
2938931278,human,True,False
2938932090,human,True,True
2938993342,human,True,False
2942460606,human,False,True
3062219243,human,True,False
3062240240,human,True,False
3070582520,human,True,False
3074735904,human,False,False
2669048502,cross-system,True,False
2669049579,cross-system,True,False
2669050929,cross-system,True,False
2669051771,human,False,False
2669051784,cross-system,True,False
3029959462,cross-system,False,True
3070310157,human,False,False
3070310919,cross-system,False,True
3070358217,human,False,True
2847848214,human,True,False
2847895280,human,False,True
3053550109,human,True,False
3053566068,human,False,False
2841684775,human,True,True
2841692075,human,True,False
2979174243,human,False,False
2799554855,human,True,False
2799565805,human,True,False
2799567528,human,True,False
3042936473,human,False,False
2532288712,human,True,True
2532316076,human,False,True
2726150249,human,True,False
2628090506,human,False,False
2758458238,human,True,False
2650205759,cross-system,True,False
2650205832,cross-system,True,False
2655723816,human,True,False
2625258867,human,True,False
2625262444,human,True,False
2627691916,human,True,False
2627847486,human,True,False
2628002431,human,False,False
2848281477,cross-system,True,True
2848284241,cross-system,False,True
2848284438,cross-system,True,True
3009710031,cross-system,False,True
3009770449,human,False,False
3009816510,human,False,False
2801624877,human,False,False
2816126896,human,False,False
3050876398,human,False,False
2939944256,cross-system,True,True
2940488162,human,True,False
2940840458,human,False,False
2980534897,human,False,True
2837620832,human,True,False
2837623974,human,False,True
2742365446,human,False,False
2742371096,human,False,False
2744631079,human,True,False
2744639555,human,True,True
2745788020,human,True,False
2825434209,human,True,False
2753025570,human,True,False
2763282515,human,True,False
2763850358,human,True,False
2763855722,human,True,False
2763943282,human,True,False
2763944440,human,False,False
2800314361,human,True,False
2805425964,human,False,False
3009043357,human,False,False
2559411416,human,False,False
3043772019,human,True,False
3044890999,human,False,False
3051845119,human,False,True
3052496608,human,False,False
2763069756,human,True,False
2763108923,human,True,False
2763109510,human,True,False
2763109903,human,True,False
2763404147,human,False,True
2763904428,human,False,True
2863175586,cross-system,True,True
2866028862,cross-system,True,True
2866029292,human,False,False
2604591498,cross-system,True,True
2802021390,human,False,False
2805402717,human,True,False
2805605311,human,True,False
2808007242,human,False,False
2907947857,human,False,False
2849591582,human,True,False
2852296831,human,False,True
2852304930,human,False,True
3009374522,cross-system,False,True
3009396067,human,False,False
2893968334,human,True,False
2723311959,human,False,False
2919246413,human,False,True
2805536386,human,False,True
2805612251,human,False,False
2751838210,human,False,False
2897920743,human,True,False
2897942047,human,True,True
2897972112,human,False,True
2641972491,human,True,False
2795035485,human,False,False
2937980258,human,False,False
2938016451,human,False,True
2868990664,human,True,True
2850522790,cross-system,True,False
2579324236,human,False,True
2756655145,human,False,False
3069414716,human,False,False
3064856314,cross-system,True,True
3064864697,human,True,False
3064872872,human,True,False
3064874695,human,False,False
3068161780,human,False,True
2778300517,human,False,False
2523080105,human,False,False
2854652641,human,True,False
2888821141,human,True,False
2888834179,human,True,False
2888858206,human,True,False
3026361354,cross-system,False,True
3026378726,cross-system,False,True
3026410157,cross-system,False,True
3026479842,cross-system,False,True
3026576229,cross-system,False,True
3030319855,cross-system,False,True
3030390520,cross-system,False,True
3030430066,cross-system,False,True
3030468266,cross-system,False,True
3030483665,cross-system,False,True
3030523367,cross-system,False,True
3030566250,cross-system,False,True
3030589932,cross-system,False,True
3030597868,cross-system,False,True
3030651416,cross-system,False,True
3030691966,cross-system,False,True
3030748990,cross-system,False,True
3030767738,cross-system,False,True
3030860470,cross-system,False,True
2755046953,human,False,False
2979969656,human,True,True
2790704445,human,True,False
2793093303,human,True,False
2793106805,human,True,False
2793109875,human,True,False
2890889585,human,True,False
2890890914,human,False,False
2558541443,human,True,False
2558545088,human,True,False
2558628291,human,False,False
2891614948,human,False,False
2830862046,cross-system,False,True
2995749783,cross-system,False,True
2876797211,human,False,True
2898625184,cross-system,False,True
2898654849,cross-system,False,True
2898671663,cross-system,False,True
2898685387,cross-system,False,True
2900815587,human,True,False
2900816749,human,True,False
2900817581,human,True,False
2900841851,cross-system,False,True
2900877504,cross-system,False,True
2905085894,cross-system,False,True
2905269928,cross-system,False,True
2905304473,cross-system,False,True
2847594842,human,True,False
2847597264,human,False,False
2798149941,human,True,False
2798177060,human,False,True
2814783466,human,True,False
2815124006,human,True,False
2815994322,human,True,False
2815996641,human,True,False
2818672725,human,True,False
2821505657,human,False,False
3070422185,cross-system,False,True
3071378439,human,False,False
2576697427,human,True,False
2576698156,human,True,False
2578943034,human,False,True
2578970860,human,True,False
2579151482,human,True,False
3017141159,human,False,False
3017339008,human,False,False
3017426654,human,False,True
3017458909,human,False,False
2687535597,human,False,False
2696979771,cross-system,True,True
2975060222,human,False,False
2728259364,human,False,True
2969085776,human,False,False
2890117347,human,False,False
2679144079,human,True,False
2679152156,human,True,False
2679153795,human,True,False
2679154272,human,True,False
2681777089,human,True,False
2883964338,human,True,False
2893442327,human,True,True
2893555691,human,False,True
2728907701,human,False,True
2698903488,human,False,False
2890917798,human,True,True
2890923158,human,True,False
2890924973,human,False,True
2890953315,human,True,False
2545469987,human,True,False
2545633299,human,True,False
2545633685,human,True,False
2545634142,human,True,False
2547279492,human,False,False
2874264806,human,False,False
2965165536,human,False,False
2798425904,human,True,False
2798687531,human,False,True
2798719640,human,False,True
2699006546,human,True,True
2699180295,human,False,False
2949006103,human,False,True
2949237484,human,False,True
2949238545,human,False,False
2594411986,cross-system,True,True
2907921697,cross-system,True,False
2782998604,human,False,True
2782999877,human,False,True
3037584091,cross-system,True,True
2847209219,human,True,False
2849110165,human,False,False
2871196960,human,False,False
2871204768,human,True,False
2811411554,cross-system,False,True
2671753113,human,False,False
2671777759,human,False,False
2638426750,human,True,False
2638494098,human,True,False
2638494695,human,True,False
2638494963,human,True,False
2638724335,human,True,False
2638724821,human,True,False
2944400605,cross-system,False,True
2944403518,cross-system,False,True
2944413873,cross-system,False,True
2944429385,cross-system,False,True
2944438552,cross-system,False,True
2945661408,cross-system,False,True
2946682415,cross-system,False,True
2850296445,human,True,True
2855146405,human,False,False
2855158863,human,True,False
2855228610,human,False,False
3018165802,human,True,False
3069723264,human,True,False
3069723924,human,True,False
3069724038,human,False,False
3069778583,cross-system,True,True
3069825696,human,False,True
2822549125,human,False,False
2768583028,human,True,False
2768584574,human,True,False
2768587706,human,True,False
2768589302,human,True,False
2768590300,human,True,False
2768591691,human,True,False
2768592651,human,True,False
2768593235,human,True,False
2768593640,human,True,False
2768594282,human,True,False
2768596080,human,True,False
2707365424,human,True,False
2707366327,cross-system,False,False
2707372123,human,True,False
2707380202,human,True,False
2726156628,human,True,False
2839820246,human,True,False
2839872653,human,True,False
2839899682,human,False,True
2857050222,human,False,False
2789203125,human,True,True
2789428584,human,False,True
2806765183,human,True,False
2806848937,human,True,False
2811191842,human,True,False
2812815849,human,False,True
2711872674,human,False,False
2827781523,human,True,False
2827784670,human,True,False
2827784880,human,False,False
3048522130,cross-system,False,True
3048785612,human,False,True
2652621549,human,True,False
2652621618,human,True,False
2814580192,human,False,True
2718044910,cross-system,False,True
3043877440,cross-system,False,True
2712469768,human,True,False
2712470059,human,True,False
2712470247,human,True,False
2712501338,human,False,True
2712756799,human,False,True
2881981360,human,False,False
2752408242,human,False,False
2754169333,human,True,False
2754196018,human,False,False
2840279883,human,False,False
2828237201,human,True,False
2939757950,human,False,False
2939880691,human,True,False
2939883819,human,True,False
2939898974,human,False,False
2962021769,human,True,False
2683555253,human,True,False
2683595335,human,True,False
2684105752,human,False,False
2898256607,human,True,False
2898277939,human,True,False
2898773849,human,False,True
2898802207,human,True,False
2903390885,human,True,False
2943860965,cross-system,False,True
2625354284,human,True,False
2625355018,human,False,True
2625823505,human,False,True
3002248250,cross-system,False,True
3002374119,cross-system,False,True
3008106418,cross-system,False,True
3030320824,cross-system,False,True
3047563523,cross-system,False,True
3063441134,cross-system,True,False
3064242150,cross-system,True,False
2720706041,human,False,True
2725012152,human,False,True
2642631612,cross-system,True,False
2642650897,human,True,False
2642700326,human,True,False
2866292156,human,False,True
2524414619,human,False,False
2938456217,human,False,True
2938539199,human,False,False
2844099881,human,False,False
2633879922,human,True,False
2646215162,human,False,False
2980591858,human,True,False
2980625983,human,False,False
2582925842,human,True,False
2582929687,human,True,False
2588326127,human,True,False
2588647008,human,True,False
2588647619,human,True,False
2588968147,human,False,True
2890307576,cross-system,True,False
2890312663,cross-system,False,True
2890338710,cross-system,False,True
2890347917,cross-system,False,True
2890413904,cross-system,False,True
2890425513,human,True,False
2890434693,cross-system,False,True
2890454783,cross-system,False,True
2890495456,cross-system,False,True
2890535807,cross-system,False,True
2890550667,cross-system,False,True
2866817417,human,True,False
2866817461,human,True,False
2866817628,human,True,False
2866826320,human,False,False
2669044094,cross-system,True,True
2559347039,human,False,False
2829318255,human,True,False
2829332906,human,True,False
2910918628,human,False,True
2913002898,human,True,False
2913015752,human,True,False
2913045582,human,True,False
2913068604,human,True,False
2913088830,human,True,False
2913089815,human,False,True
2918915638,human,True,False
2918920247,human,True,False
2918965711,human,True,False
2918966661,human,True,False
3059560167,human,False,True
2797862935,human,False,False
2581489095,human,False,False
3017596994,cross-system,False,True
2793836285,human,True,False
2797861123,human,False,True
3046841165,human,False,False
2913475458,human,True,False
2913475906,human,True,False
2913481622,human,True,False
2913484767,human,True,False
2913502449,human,True,False
2913503660,human,True,False
2913506554,human,True,False
2920746538,human,False,False
2998698533,cross-system,False,True
2858277235,human,False,False
2652621125,human,True,False
2652621364,human,True,False
2882992833,cross-system,False,True
2882998868,cross-system,False,True
2726185937,human,True,False
2839781829,human,True,False
2842914338,human,False,False
2858777314,human,True,False
2858779604,human,False,False
2858781546,human,True,False
2966734613,cross-system,False,True
2968527520,human,False,True
2968581829,human,False,True
2554106551,human,False,False
2668479266,human,False,False
2811065435,human,True,False
2845299631,cross-system,True,False
2548041132,human,True,False
2548049207,human,True,False
2548051995,human,True,False
2859905455,human,True,False
2974256704,human,False,False
3051329523,human,False,False
2898312978,human,False,False
2863671689,human,True,False
2655606596,human,True,False
2655606817,human,True,False
2842949271,cross-system,False,True
2915400114,cross-system,False,True
2657945369,human,True,False
2951801538,cross-system,True,True
2952043569,human,True,False
2952050831,cross-system,True,True
2952057038,human,True,False
2952070319,cross-system,True,True
2623555245,cross-system,True,True
3012033913,cross-system,True,True
3012302965,human,True,False
3012425933,human,True,False
3060468520,human,False,False
3060469579,cross-system,True,True
3060472502,human,True,False
3060472838,human,True,False
3060522118,human,True,True
2727907410,human,False,False
2743668190,human,False,False
2848007341,cross-system,True,True
2881640353,cross-system,False,True
3022595215,human,True,False
2841472859,human,True,False
2841657535,human,False,False
2607655095,cross-system,True,True
2889387477,cross-system,False,True
2889399308,cross-system,False,True
2889412935,cross-system,False,True
2889435304,cross-system,False,True
2889448617,cross-system,False,True
2940052718,cross-system,False,True
2602385815,human,True,False
2615567062,human,False,False
2752584086,human,False,True
2752596352,human,False,True
2945061745,human,False,True
2945365754,human,False,True
3021579999,cross-system,False,True
3021676987,human,False,False
3026114945,human,False,False
2910105823,cross-system,False,True
2785167101,cross-system,False,True
2785167102,cross-system,False,True
2787933523,human,False,False
2867191982,human,False,False
2871091760,human,False,False
2877046922,human,False,False
2563876961,human,True,False
2563884988,human,False,True
2915075778,cross-system,True,False
2915163381,human,True,False
3069375306,human,False,False
2762155404,human,True,True
2762237563,human,True,False
2762320913,human,False,False
2659518379,cross-system,True,False
2659518400,cross-system,True,False
2659535620,cross-system,True,False
2659535649,cross-system,True,False
2661679887,cross-system,True,False
2661679953,cross-system,True,False
2662734423,cross-system,True,False
2783623953,human,False,True
3040737084,human,False,False
2982970498,human,False,False
3056816998,cross-system,True,True
3073626765,human,True,False
2588493243,cross-system,False,True
2947275600,cross-system,False,True
2947699801,cross-system,False,True
2947700765,cross-system,False,True
2969331382,cross-system,False,True
3006655834,cross-system,False,True
3008090657,cross-system,False,True
3014264867,cross-system,False,True
3014268027,cross-system,False,True
3063441914,cross-system,True,False
2837103242,human,False,False
2899714514,human,True,False
2900905834,human,True,False
2900989078,human,True,False
2900990671,human,False,False
2903862150,human,True,False
2903864008,human,False,False
2983230337,cross-system,True,False
2886462194,cross-system,True,False
2886462624,cross-system,True,False
2906234761,cross-system,False,True
3056840980,human,True,False
3056859641,human,True,False
3056870593,human,False,False
2793738535,human,True,False
2797859226,human,False,True
2955024118,cross-system,False,True
2955120982,cross-system,False,True
2955134378,cross-system,False,True
2741325423,human,True,False
2823281262,cross-system,False,True
2823307585,cross-system,False,True
2823344099,human,False,False
2825060191,human,False,False
2687016536,human,False,False
2708880010,human,False,False
2738387723,human,True,False
2738398464,human,False,True
2738586249,human,False,True
2596793504,cross-system,True,True
3008004790,human,True,False
3008007736,human,False,False
3017887126,human,True,False
3017904913,human,False,False
3049832509,cross-system,False,True
2985868910,human,False,False
2985882119,human,False,True
2687947935,cross-system,False,True
2725525151,human,False,False
3027324994,cross-system,False,True
3027377420,cross-system,False,True
2946167069,cross-system,True,True
2946745027,human,True,False
2947044495,human,False,False
2763221666,human,False,False
2634778764,human,True,False
2894617826,human,False,False
2894909575,human,False,False
2590919430,cross-system,True,True
2903890544,human,True,False
3055934654,human,False,False
3055984657,human,False,True
3056059643,human,False,False
2533965116,human,True,False
2539323238,human,True,False
2539462235,human,True,False
2851947736,human,True,False
2851967677,human,False,False
2962145985,human,True,False
2962147992,human,False,False
2778552520,cross-system,False,True
2779104146,human,True,False
2779104213,human,True,False
2779104282,human,True,False
2779104357,human,True,False
2779106096,cross-system,False,True
2779106188,cross-system,False,True
2779106392,cross-system,False,True
2779106576,cross-system,False,True
2779106887,cross-system,False,True
2779367011,human,True,False
2779790946,human,False,True
2779790957,human,True,False
2779791158,cross-system,False,True
3055541780,human,False,False
3055554533,human,True,False
3055561297,human,True,False
3055565035,human,False,True
3055959758,human,True,False
3055974452,human,True,False
3055977803,human,True,False
3056006782,human,True,False
3056053877,human,True,False
3056109790,human,True,False
3056288404,human,True,False
3056323272,human,True,False
3056324279,human,False,False
3056595890,human,False,False
2762270020,human,True,False
2616698004,human,False,False
2778704949,cross-system,True,True
3171661431,human,True,False
3171661930,human,True,False
3171664993,human,True,False
2895963146,human,False,False
2898592113,human,False,True
2898637043,human,False,True
2985156523,human,True,False
2985164479,human,False,False
2951794352,human,False,False
2831257440,human,True,False
2812372230,human,True,False
2955020191,human,True,False
2955042043,human,True,False
2962016027,human,True,False
2962285916,human,False,False
2874873831,human,False,False
2951231331,cross-system,False,True
2951310524,cross-system,False,True
2987073130,human,False,False
2987094484,human,False,False
3014291332,cross-system,False,True
3014293180,cross-system,False,True
3014309556,cross-system,False,True
3014311989,cross-system,False,True
3014386671,cross-system,False,True
3045226971,cross-system,False,True
2813785667,human,True,False
2813786955,human,True,False
2925259874,human,False,False
2931131624,human,False,False
2931547743,human,False,False
3003818355,cross-system,True,True
2858154436,human,True,False
2858176511,human,False,False
2663820575,human,False,False
2664140467,human,False,False
2869184935,cross-system,True,True
2877304337,human,True,False
2877330539,human,True,True
2877371640,human,True,True
2877392808,human,False,False
2556464110,human,True,False
2801527864,human,False,False
2537728890,human,False,False
2847368943,human,False,False
2619487217,human,False,False
2911778348,human,False,False
2911782867,human,False,True
2559600329,human,True,False
2589342724,human,True,False
2589343715,human,True,False
2589344245,human,True,False
2589346313,human,True,False
3052183116,cross-system,False,True
3052186741,human,False,False
2906654621,human,True,True
2907143041,cross-system,True,True
2907144222,human,True,False
2907148636,human,True,False
2907148814,human,True,False
2907150025,human,True,False
2907151312,human,True,False
2926095144,human,True,False
2926099334,human,True,False
2926668774,human,True,False
2926669463,human,True,False
2926670036,human,True,False
2926637048,human,True,True
2926676999,human,True,False
2926681119,human,True,False
2926691229,human,True,False
2926699316,human,True,False
2926770665,human,True,False
2852073424,human,True,False
2852077260,human,True,False
2852132269,human,True,False
2852136441,human,False,True
2852142991,human,True,True
2852148272,human,True,False
2852159952,human,True,False
2852160516,human,True,False
2852161691,human,False,False
2852183391,human,False,False
3040672972,human,False,False
3040673776,cross-system,True,True
2726194942,human,True,False
2815632303,human,False,False
2871152285,cross-system,True,False
2876184053,human,True,False
2876201641,cross-system,False,True
2877674934,cross-system,False,True
2797801715,human,True,False
2672213987,human,True,False
3029121403,cross-system,False,True
3029497046,human,False,False
2949412808,human,True,True
2950592983,human,True,False
2953966774,human,True,False
2957405629,human,False,True
2957908538,human,True,False
2958250253,human,False,False
2739225328,human,False,True
2739229825,human,True,False
2739281407,human,True,True
2739489669,human,True,False
2739493787,human,True,False
3055292858,human,False,False
2831855879,human,False,True
3069827408,human,False,False
3069827703,cross-system,False,True
3069830480,human,False,True
2874299780,human,False,False
2797750578,human,False,False
2889332391,cross-system,False,True
2889437520,cross-system,False,True
2894002643,cross-system,False,True
2944390952,cross-system,False,True
2745025358,cross-system,False,True
2659473287,cross-system,True,False
2659473310,cross-system,True,False
2741692300,human,True,False
2741768668,human,False,False
2742696270,human,False,False
2727896758,human,True,False
2727897574,human,False,False
3071973751,human,False,False
3071981382,human,False,True
2793894651,human,True,False
2797861978,human,False,True
3052942488,human,True,False
2646199572,human,False,False
2652306921,human,False,False
2625565282,human,True,False
2625567530,human,True,False
2625572118,human,True,False
2625573087,human,True,False
2625833740,human,False,True
2659697811,human,True,False
2792904268,human,False,True
2792905651,human,False,False
2955048016,cross-system,False,True
2577003824,human,False,True
2579011999,human,True,False
2579012642,human,True,False
2579013381,human,True,False
2579014276,human,True,False
2579017677,human,False,True
2593519119,human,True,False
2579170544,human,False,False
2619383502,human,False,True
2741238446,cross-system,True,True
2741301168,human,True,False
2741329137,human,False,False
2919820926,human,False,False
2920020826,human,False,False
3020732052,cross-system,False,True
2864528188,cross-system,False,True
2554931920,human,False,False
2635403844,human,True,False
2635403932,human,True,False
2635404540,human,True,False
2635407693,human,False,True
2574431372,human,True,False
2574431415,human,True,False
2574431456,human,True,False
2574431508,human,True,False
2574431611,human,True,False
2574431629,human,True,False
2604500650,human,False,True
2604576270,human,True,False
2607484563,human,False,False
2659341035,human,True,False
2943566870,cross-system,False,True
2943578219,cross-system,False,True
2943763093,cross-system,False,True
3004641802,human,False,True
2844522336,cross-system,False,True
2845487423,human,False,True
2858235834,human,False,False
2894438098,human,True,False
3012367785,cross-system,True,True
3012392880,human,False,False
2663352708,human,True,False
2664556175,human,False,True
2664571798,human,False,True
2664630360,human,False,True
2665015854,human,False,False
3002171120,cross-system,False,True
3033414660,human,True,False
3033419057,human,True,False
3033420484,human,False,False
2874782083,human,False,False
2622788846,human,False,False
2957115726,cross-system,True,True
2960002653,human,False,True
3063493027,human,False,False
2928349008,human,False,True
2638664507,human,False,False
2780541481,human,False,True
2782639863,human,False,True
2893348095,human,False,False
2680312211,cross-system,True,True
2840442670,cross-system,True,True
3057700244,cross-system,True,False
3057701419,cross-system,True,False
2743025500,human,False,True
2555938904,human,False,False
2887348465,cross-system,False,True
2787633191,human,False,False
2584319598,human,True,False
2584321708,human,True,False
2584532449,human,False,False
2628641311,human,True,False
2649421121,human,False,True
2998436886,human,True,False
3039045629,human,False,True
3039527131,human,False,False
2847511023,human,True,False
3007964013,human,True,False
3007985880,human,False,False
3008125131,human,False,False
2750230992,human,True,False
2750305877,human,True,False
2750312319,human,True,False
2750315963,human,True,False
2750354168,human,True,False
2752258955,human,True,False
2752267582,human,True,False
2752458729,human,True,False
2752460515,human,True,False
2752513953,human,True,False
2753222505,human,True,False
2753236472,human,True,False
2753266891,human,True,False
2753270594,human,True,False
2753344107,human,True,False
2763246634,human,True,False
2763417903,human,True,False
2763585184,human,True,False
2763602023,human,False,False
2764301488,human,True,False
2764306456,human,True,False
2764594709,human,True,False
2770932312,human,False,False
2771376058,human,False,False
2772298433,human,False,False
2656537190,human,True,False
2634431624,human,True,False
3052333169,cross-system,False,True
3053721796,human,False,False
2529235296,human,False,False
3001162624,human,True,False
3001163791,human,True,False
3001246333,human,False,False
2603113059,human,True,False
2603117053,human,True,False
2603117528,human,False,False
2603118366,cross-system,False,False
2574432063,human,True,False
2756636491,human,False,False
2895098596,human,True,False
2895107894,human,True,False
2895114037,human,True,False
2895117037,human,True,False
2895125987,human,True,False
2663404953,cross-system,True,True
2663521945,cross-system,True,True
3022983365,human,True,False
2762818383,human,True,False
2891116886,human,True,False
2891119127,human,True,False
2912551195,human,False,False
2912753697,human,False,False
2751955684,human,False,True
2751958629,human,True,False
2751958818,human,False,True
2980577550,cross-system,False,True
2582148908,human,False,True
2582224153,human,True,True
2582521294,human,True,True
2583046402,human,True,False
2583047634,human,True,False
2583048525,human,True,False
2583049649,human,True,False
2583056110,human,True,False
2609675562,human,False,True
2609766291,human,False,True
2957021379,human,True,False
2957022588,human,True,False
2957045184,cross-system,True,True
2957053734,human,True,False
2957459020,human,False,False
2957535871,human,True,False
2957536149,human,False,False
2890301820,cross-system,False,True
2684682524,human,True,True
2685240125,human,False,False
3031459997,cross-system,True,False
3031460379,cross-system,True,False
2642829748,human,True,False
2642830030,human,True,False
2642971546,human,False,True
2751915492,human,True,False
2730976003,human,True,False
2730976464,human,True,False
2730977090,human,True,False
2730980373,human,False,True
2730998710,human,True,False
2731011006,human,True,False
2907435174,cross-system,False,True
2908112619,cross-system,False,True
2908550312,cross-system,False,True
2908553128,cross-system,False,True
2910988729,human,False,False
3075833169,human,False,False
2831851538,human,False,True
2917095979,human,False,False
2881624850,human,False,False
3007706072,human,True,False
3007850304,human,True,False
3007852453,human,False,False
3007876717,human,True,False
3007889660,human,False,False
2574428626,human,True,False
2574428712,human,True,False
2846766941,human,True,False
2846768507,human,True,False
2846774080,human,True,False
2846777191,human,True,False
2846822113,human,True,False
2846823051,human,True,False
2846830054,human,True,False
2846832130,human,True,False
2846840520,human,True,False
2846862365,human,True,False
2746449254,human,False,False
2573055434,human,False,False
2676534040,human,True,False
2683813218,human,True,False
2683814963,human,True,False
2683818439,human,True,False
2684024152,human,False,True
2915057017,cross-system,True,False
2915068575,cross-system,True,False
2826270006,human,False,False
2575450621,human,False,False
2870818060,human,True,False
2870826624,human,False,True
2952129483,cross-system,True,True
2952130785,human,True,False
2970994827,human,True,False
2970996939,human,True,False
2971233979,human,True,False
2971326301,human,True,False
2971847333,human,False,False
2957786025,human,False,False
2957940977,human,False,False
2725961278,human,True,True
2725972671,human,False,False
2787275029,human,False,False
2805348846,human,True,False
2805472454,human,True,False
2805599261,human,False,False
2625655423,human,False,False
2625665162,human,False,False
3046719986,cross-system,False,True
2796713031,human,True,False
2548733635,human,True,False
2548760960,human,True,False
2548818289,human,True,False
2551587584,human,False,True
2702330572,human,True,False
2702339975,human,True,False
2702344205,human,True,False
2702352425,human,True,False
2702371453,human,True,False
2702377227,human,True,False
2702444490,human,True,False
2702475453,human,True,False
2702492063,human,True,False
2702509623,human,True,False
2702515021,human,True,False
2702630348,human,True,False
2702632968,human,True,False
2702714164,human,True,False
2702752912,human,True,False
2705127429,human,True,True
2708477160,human,False,False
3017281716,cross-system,False,True
3025841851,cross-system,False,True
3026161036,human,False,False
2866281761,human,False,False
2593829624,human,False,False
3047245826,cross-system,False,True
3047270616,cross-system,False,True
3055557197,cross-system,True,False
3055608243,cross-system,True,False
2668790520,cross-system,False,True
3069377255,human,False,False
2557254063,human,False,True
2708091131,human,True,False
2761555864,human,True,False
2761571000,human,False,False
2834295508,human,False,False
2661860040,cross-system,True,True
2720497618,human,False,True
2823045273,human,False,False
3045401165,cross-system,False,True
3045456924,cross-system,False,True
2727649307,human,True,False
2727651243,human,True,False
2727658705,human,False,False
2957698979,human,True,False
2957726414,human,False,True
2960303002,human,True,False
2960307490,human,True,False
2960313421,human,False,True
2942883827,human,False,False
2610884769,human,False,False
2656486545,cross-system,True,True
2741696891,human,True,False
2741826643,human,True,False
2741974869,human,True,False
2741977329,human,False,True
2742085701,human,False,False
2749367090,human,False,True
2847410882,human,True,False
2847449841,human,True,False
2847465587,human,True,False
2847494543,human,True,False
2847513108,human,True,False
2847513667,human,True,False
2847527338,human,True,False
2847578873,human,True,False
2847579244,human,True,False
2847580616,human,True,False
2847581679,human,True,False
2847581750,human,True,False
2847583312,human,True,False
3032167383,human,False,False
3032376156,human,False,True
2755871938,human,True,False
2755881925,human,True,False
2755885342,human,True,False
2755888936,human,True,False
2884648920,cross-system,False,True
2884660809,cross-system,False,True
2884664090,cross-system,False,True
3009440565,cross-system,False,True
3009498744,cross-system,False,True
3009700026,cross-system,False,True
2560936062,human,False,False
2573598322,human,True,False
2573616075,human,True,False
2573667869,human,False,False
2708883040,human,True,False
2851552729,human,False,True
2524637834,human,True,False
2524637881,human,True,False
2524643878,human,False,False
2808054812,human,False,False
2970924935,human,True,False
2994046459,human,False,False
3004143099,human,False,False
2969042386,human,False,True
2798082357,human,False,True
2798083795,human,False,True
2977230767,cross-system,False,True
2977243651,human,False,True
2957004645,cross-system,False,True
2957084817,cross-system,False,True
2957173900,cross-system,False,True
2809244742,human,True,False
2809244853,human,False,True
2809253901,human,False,True
2898282480,human,True,False
2898848332,human,True,False
2903931559,human,True,False
2907042714,human,True,False
2907054643,cross-system,True,False
2805471146,human,False,True
2805547841,human,True,False
3031509109,cross-system,False,True
3031556602,cross-system,False,True
3050459556,cross-system,True,False
3104208076,cross-system,True,False
3104243205,human,False,False
3045318142,cross-system,True,False
3050219208,cross-system,True,False
3050246300,cross-system,True,False
2646415728,human,True,False
2646435573,human,False,False
2862032056,human,False,False
2680236109,cross-system,False,True
2998480506,cross-system,True,True
3019949292,cross-system,False,True
3024445109,human,True,False
3024522809,cross-system,False,True
3024564744,cross-system,False,True
3027343977,cross-system,False,True
3027386628,cross-system,False,True
2810078689,human,False,False
2810079460,human,False,False
3039967988,human,False,True
2847389078,human,False,False
2891283183,cross-system,False,True
2891653468,human,True,False
2891682360,human,False,False
2980733676,human,False,False
2809794827,human,True,False
2809835503,human,True,False
2809869142,human,False,False
3011746737,human,False,False
2805445057,human,False,False
2805608195,human,False,False
3049768328,cross-system,False,True
3059685007,cross-system,True,True
2827075016,human,False,True
2790142852,human,False,True
2792883868,human,False,True
3042102470,human,True,False
3042103159,human,True,False
3042232859,human,False,False
3043191168,human,True,True
3043218676,human,True,False
2678546650,human,False,False
3070386726,cross-system,False,True
3071301822,human,True,False
3071535933,cross-system,True,True
3074340965,cross-system,True,False
3081241491,cross-system,True,True
3081258490,cross-system,False,True
3082113513,cross-system,True,True
3082208949,human,True,False
3082219689,cross-system,True,True
3082669052,human,True,False
3082669783,cross-system,True,False
3082718350,cross-system,False,True
3083361684,human,True,False
3083371125,human,False,False
2937346010,human,True,False
2937347993,human,True,False
2937352872,human,True,False
2937355243,human,True,False
2937356260,human,True,False
2937360083,human,True,False
2937398293,human,True,False
2937398990,human,True,False
2937402882,human,True,False
2937403115,human,True,False
2937403372,human,True,False
2937403514,human,True,False
2937404095,human,True,False
2937449370,human,True,False
2937451893,human,True,False
2944008571,human,True,False
2725862884,human,False,False
2725863498,cross-system,False,True
2899341552,human,True,False
2899344205,human,True,False
2908969156,human,False,False
2909260003,human,True,False
2909283579,human,False,True
2642610349,human,True,False
2642613984,human,True,False
2642616458,human,True,False
2642619060,human,True,False
2642621493,human,True,False
2642622765,human,True,False
2642623624,human,True,False
2642624625,human,True,False
2642625014,human,True,False
2642653684,human,False,False
2642737172,human,False,False
2655533629,human,True,False
2655571522,human,False,False
2655657242,human,False,False
2995712641,cross-system,False,True
3056287729,human,True,False
3058345862,human,True,False
3058347490,human,True,False
3058358464,human,True,False
2911916222,human,True,False
2914099339,human,True,False
2934709404,human,True,True
2935719134,human,True,False
2935722941,human,True,False
2935725023,human,True,False
2935728469,human,True,False
2935755247,human,True,False
2935803472,human,True,False
2935805165,human,True,False
2936634526,human,True,False
2936644663,human,True,False
3046086250,human,True,True
3046427945,human,True,True
3064944736,human,True,False
3064945025,human,True,False
3074963595,human,True,True
3076552484,human,True,False
2956232873,cross-system,False,True
2957303327,human,True,False
2957327880,human,True,False
2960007456,human,False,True
3065362951,cross-system,True,True
2924985718,cross-system,False,True
3040627354,human,False,True
3041255718,human,False,True
3041300273,human,False,True
3058760006,cross-system,True,True
3058884693,cross-system,False,True
2976286736,cross-system,True,True
2976365244,cross-system,True,True
2976434234,human,True,False
2976435414,cross-system,True,False
2976436757,cross-system,True,True
2976514694,cross-system,True,True
2948101180,human,False,True
2831454565,human,True,False
2658155254,cross-system,False,True
3031815897,cross-system,True,True
3031819241,human,True,False
3031823341,cross-system,False,True
3031823454,cross-system,False,False
3013957170,human,True,True
3015381567,human,True,False
3015407280,human,True,False
3015532120,human,True,False
3015651103,human,True,False
3015685532,human,True,False
3015786182,human,True,False
3015841652,human,True,False
2681388032,human,False,True
2681856843,human,False,True
2682350063,human,False,True
2682908679,human,False,True
3060836530,cross-system,True,False
2865044064,cross-system,True,False
2866164053,human,True,False
2866164217,human,True,False
2866164423,human,True,False
2866209176,cross-system,True,False
2867677077,cross-system,True,False
3035651338,human,False,True
3036055571,human,False,True
3038908944,human,False,True
2926988872,cross-system,False,True
2995146793,cross-system,True,True
2976521752,human,False,False
2976526216,human,False,False
3058551870,cross-system,True,True
3058556660,cross-system,True,True
3058707951,cross-system,False,True
2868760968,cross-system,True,True
3040099225,cross-system,False,True
2675823823,cross-system,False,True
3037624512,cross-system,True,True
3040775259,cross-system,True,True
3042243943,cross-system,True,True
3042738081,cross-system,True,True
3042855323,cross-system,True,True
3042879873,cross-system,True,True
3055063873,human,False,False
3055084145,cross-system,True,True
3090819884,cross-system,True,True
2679915807,cross-system,False,True
2971650824,cross-system,True,True
2971716848,cross-system,True,True
3031402236,human,False,False
2933843828,cross-system,True,True
3069404479,cross-system,True,True
3064023054,human,True,False
3064091170,human,False,False
3037316936,cross-system,False,True
3038667335,human,True,False
3038746414,cross-system,False,True
3038768280,cross-system,False,True
3038771331,human,False,False
3070930341,human,True,False
3070930751,human,True,False
3070932855,human,True,False
3070934035,human,True,False
2926995970,cross-system,True,True
2930817007,cross-system,True,True
2930822717,cross-system,True,True
2930925098,cross-system,True,True
2931190563,cross-system,True,True
2933894046,cross-system,True,True
2933920935,human,True,False
2933922112,cross-system,True,False
2933923446,cross-system,True,True
2933989146,human,False,True
2934168550,human,False,True
2934269018,human,True,True
2941306357,cross-system,True,True
2941589526,human,False,True
2941710538,human,False,False
3067027006,cross-system,True,True
3067243168,cross-system,True,True
3067349502,cross-system,True,True
3067446341,cross-system,True,True
3067598383,cross-system,True,True
3011938086,human,True,False
3034262238,human,False,False
3013778335,cross-system,False,True
3013781232,cross-system,True,True
3013782140,cross-system,False,True
3013787256,cross-system,False,True
3013828450,cross-system,False,True
3013849640,cross-system,False,True
3069755604,cross-system,True,False
3069774285,cross-system,True,False
3069789435,cross-system,True,False
3069797217,cross-system,True,False
3069819819,cross-system,True,False
2951536787,cross-system,False,True
2834207200,cross-system,False,True
2835743904,human,False,False
2836039071,human,False,True
2838044358,human,False,False
2918863704,cross-system,True,True
2919034399,cross-system,True,True
2898403364,cross-system,False,True
2899388804,human,False,True
3023537811,human,True,False
3023552045,human,True,False
2813254905,human,False,False
3069203804,cross-system,False,True
2948057904,cross-system,False,True
2948058028,cross-system,True,True
2948058091,cross-system,True,True
2948061172,cross-system,False,True
3030610810,cross-system,False,True
3000422611,cross-system,True,True
3000431667,cross-system,False,True
3000446797,cross-system,True,True
3000450492,cross-system,False,True
3000455481,cross-system,True,True
3066982423,cross-system,True,True
3003473330,human,False,True
3008372442,human,False,True
2991874373,cross-system,False,True
2991876349,cross-system,True,True
3035843604,human,False,True
2813456857,cross-system,False,True
2813609831,human,False,True
2814811256,human,False,True
3035141126,cross-system,False,True
3010483959,human,True,False
3010490920,human,True,False
3011992456,human,True,False
3013003631,human,True,False
3018623270,human,True,False
3041366090,human,True,False
3008569579,cross-system,False,True
2780740066,human,False,True
3036196301,human,False,False
3036196526,human,False,False
3036196567,human,False,False
3059587397,human,True,False
3059589121,human,True,False
3091625525,human,True,False
2669557762,human,True,False
3052105385,cross-system,True,True
3052788482,cross-system,True,True
3052925279,human,True,False
3053021857,human,True,False
3053034056,human,True,False
3053034940,human,True,False
2640086584,human,True,False
2743244478,cross-system,False,True
2743303581,human,True,False
2743304666,human,False,True
2805734132,human,False,True
2973229141,cross-system,True,True
2973297391,human,False,True
2982081204,cross-system,True,True
2982083671,human,True,False
2982084858,cross-system,False,True
2982086722,human,True,False
2982196188,human,True,True
2982211437,human,True,False
2982213463,human,True,False
3097241379,human,False,False
2982798385,cross-system,True,True
2982841442,cross-system,True,True
2982915049,cross-system,True,True
2982955112,cross-system,True,True
2947393546,cross-system,True,True
2947398998,cross-system,True,True
2951849512,human,True,False
2951966253,human,True,False
2951982642,human,True,False
3045653760,human,True,False
3045734272,human,False,True
3069370883,cross-system,True,True
3035199724,cross-system,False,True
3035200031,cross-system,True,True
3035200651,cross-system,True,True
3035214529,cross-system,True,True
3035294221,cross-system,False,True
3058149254,human,True,False
3058154035,cross-system,True,False
3035119258,cross-system,True,True
2908642646,cross-system,False,True
2908643014,cross-system,True,True
2908940149,human,True,False
3136946957,human,False,True
2921298697,cross-system,True,True
2921496481,human,False,False
3047170194,cross-system,True,True
3047209756,cross-system,True,True
3048133326,cross-system,False,True
3048143668,cross-system,True,True
3048393976,human,False,False
2913539827,cross-system,False,True
2968508879,cross-system,True,True
3019966388,cross-system,False,True
3078120806,cross-system,False,True
3083336640,cross-system,True,False
3084119459,human,False,True
3106130038,human,False,False
3106165952,human,True,False
2913069395,human,True,False
2913078599,human,True,False
2913085976,human,True,False
2913091850,human,False,False
2914278473,human,True,False
2914328575,human,False,False
3062719412,cross-system,True,True
2941205502,cross-system,False,True
3050281193,human,False,True
3051292320,human,True,True
3052707371,human,True,False
2873410389,cross-system,True,True
2873414292,cross-system,True,True
2873572155,human,True,False
2873573074,cross-system,True,False
2873578181,human,True,False
2873578731,cross-system,True,False
2873594115,human,True,False
2873594711,cross-system,True,False
2873609127,cross-system,True,True
2873661786,human,False,True
2893638852,human,False,False
2652023013,human,False,False
3033913759,cross-system,False,True
2996480089,human,False,False
3042738048,cross-system,True,True
2960486307,human,True,False
2960490249,human,True,False
2960542346,cross-system,False,True
2960608779,human,False,True
2960612609,human,False,True
3039241276,cross-system,False,True
3001586234,human,True,False
3002605291,cross-system,True,True
3002670375,human,True,False
3002670528,human,True,False
3002652464,human,True,True
3002673699,human,True,False
3005289139,human,False,True
3005484020,human,False,False
3005812610,human,True,False
3005921349,human,True,False
3005923807,human,True,False
3005924573,human,True,False
3006081409,human,False,True
3007002725,human,True,False
2878403574,cross-system,True,False
2879698516,cross-system,True,True
2882469227,cross-system,True,True
2882597059,cross-system,True,False
2882618317,human,False,False
3000059926,human,True,False
3000200586,human,True,False
3000229431,human,True,False
3000757665,human,True,False
3001096047,human,True,False
3004947086,human,True,False
3004964365,human,True,False
3008350434,human,False,True
2928748919,human,False,True
2937013228,human,False,True
2990832546,cross-system,True,True
2919114268,cross-system,True,True
2898686690,human,False,False
2933931044,cross-system,False,True
3001472185,cross-system,False,True
3001478791,cross-system,True,True
3003645519,human,False,True
2932371025,cross-system,False,True
2932374422,cross-system,True,True
2957018476,human,True,True
2955847846,human,True,False
2957031495,human,True,False
2957034997,human,True,False
2957036272,human,True,False
2957038118,same-system,True,False
2957056595,human,True,False
2957095034,human,True,False
2957097719,human,True,False
2957106250,human,True,False
3035608783,cross-system,False,True
3035608983,cross-system,True,True
3013526233,cross-system,False,True
3013532913,cross-system,False,True
3013535607,cross-system,False,True
3013539007,cross-system,False,True
3000258039,cross-system,False,True
3036289765,cross-system,False,True
2823709408,human,True,False
2823715409,human,True,False
2823723671,human,True,False
2823726444,human,True,False
2823734971,human,True,False
2823740379,human,True,False
2823743782,human,True,False
2823744182,human,False,False
2823754064,human,True,False
2824044792,human,True,False
3062395157,cross-system,True,True
3062416679,cross-system,True,True
3044937949,human,False,False
3006857587,human,True,False
2913063508,human,False,False
2913096140,human,True,False
2914409869,human,True,False
2908126540,cross-system,False,True
2908127359,cross-system,True,True
2679356200,human,False,False
3009362682,human,True,False
3009365999,human,True,False
3009371849,human,True,False
3009374951,human,True,False
3009381680,human,True,False
3009383882,human,True,False
3009413363,cross-system,True,True
3009428280,human,True,False
3009439632,human,True,False
3009441194,cross-system,True,False
3009461274,human,True,False
3014703325,human,False,True
2918595621,human,False,True
2925500168,human,False,False
3035387218,cross-system,True,True
2728192327,human,False,True
2866389127,cross-system,True,True
2866393218,human,False,False
2918905411,cross-system,True,True
2966227167,human,True,False
3001272042,human,True,False
3001274093,human,True,False
3002447226,human,True,False
3002482529,human,False,False
2908619098,cross-system,False,True
2908619677,cross-system,True,True
2997278782,cross-system,True,True
3069706678,human,True,False
3069782065,human,True,False
3069785528,human,True,False
3074929665,human,True,False
3075169954,human,True,False
2767654473,human,True,False
2780395720,human,True,False
2716071647,human,False,False
2716252262,human,True,False
2717408278,human,True,False
2717410091,human,True,False
2718848099,human,True,False
2719764582,human,True,False
2990148310,cross-system,True,True
3007761089,human,True,False
3007774947,human,True,False
3007778311,human,True,False
3007805242,human,True,False
3009307008,human,False,False
3058232899,cross-system,True,True
3194206170,cross-system,True,True
3046471491,cross-system,False,True
3047609071,cross-system,False,True
3051494079,cross-system,True,False
3051528759,human,True,False
3051569907,human,False,True
3051605404,human,False,True
3056322992,cross-system,True,True
3056348792,cross-system,True,True
3056397150,cross-system,False,True
3056419399,cross-system,False,True
2673404846,cross-system,True,True
2828970511,human,False,False
3011833125,human,True,False
3013933382,human,True,False
3013938601,human,True,False
3013986907,human,True,False
3014044059,human,True,True
3015707422,human,True,False
3015713137,human,True,False
3028471073,human,False,True
3052683073,cross-system,True,True
3053227233,cross-system,False,True
3068048233,human,True,True
3068253017,human,True,False
3038575271,cross-system,False,True
3047655418,cross-system,False,True
3051099001,human,False,True
3051652315,cross-system,True,False
3052415717,human,False,True
3052419006,human,False,False
3052855071,cross-system,True,False
3014249853,cross-system,False,True
3016491371,cross-system,False,True
3016539930,cross-system,False,True
3016630287,cross-system,False,True
3016646289,cross-system,False,True
3016963448,cross-system,False,True
3018842285,cross-system,False,True
3018865427,cross-system,False,True
3018925797,cross-system,False,True
3018952343,cross-system,False,True
2951537045,cross-system,True,True
2953421519,human,True,False
2953455622,human,True,False
2959105804,human,False,False
2647205417,human,False,True
2874455770,human,True,True
2929253940,cross-system,True,True
2929274638,human,True,False
2929274895,human,True,False
2929275374,human,True,False
3072041196,cross-system,True,True
3073969032,cross-system,True,True
2934402003,human,False,False
3009081363,human,False,False
2972297432,cross-system,True,True
2973879827,human,True,False
2973880104,cross-system,True,True
2973881647,cross-system,True,False
2973894107,cross-system,True,True
2974034865,cross-system,True,True
2974272521,cross-system,True,True
2974404009,cross-system,True,True
2974490574,cross-system,True,True
2980907959,cross-system,True,True
2855392504,human,True,False
2856737037,human,True,True
2857009944,human,True,False
2857016825,human,True,False
2857288318,human,True,False
2857289875,human,True,False
2857293741,human,True,False
2857316216,human,True,False
2857320333,human,True,False
2857335398,human,True,False
2857340826,human,True,False
2857347023,human,True,False
2857352402,human,True,False
2857352700,human,True,False
2857357997,human,True,False
2857360620,human,True,False
2857362771,human,True,False
2857383439,human,False,True
3028681294,human,True,False
3028687724,human,True,False
3028692231,human,True,False
3028729765,human,True,False
3029421041,human,True,False
3029424054,human,True,False
3031626643,human,False,True
2888869336,human,False,True
2911235274,cross-system,False,True
2911277584,human,False,False
2694620092,human,True,False
2694620739,human,False,False
2694802961,human,True,False
2813848916,human,False,True
2814686677,human,False,True
2947158033,cross-system,False,True
2947161297,cross-system,False,True
3039858146,cross-system,True,True
3039861779,cross-system,True,True
3039865075,cross-system,True,True
3039872957,cross-system,True,True
3042967464,cross-system,True,True
3042973997,cross-system,True,True
3043053553,cross-system,True,True
3043920269,cross-system,True,True
2948197490,cross-system,True,True
3004410106,human,False,False
2679908484,cross-system,False,True
2686618657,cross-system,False,True
2711105929,human,True,False
2711368339,human,True,False
2711505689,human,True,False
2722861419,human,True,False
2811062249,human,True,False
2811135702,human,True,False
2857044501,human,True,False
2859650958,human,True,False
2859789875,human,True,False
2861631610,human,True,False
2861643522,human,True,False
2861703937,human,True,False
2873147815,human,True,False
2873220079,human,True,False
2875738280,human,False,False
3035441224,cross-system,False,True
3035543274,cross-system,False,True
3069913136,human,False,False
2669664930,human,False,True
3020036759,cross-system,True,True
3059539579,cross-system,True,True
2991692224,cross-system,True,True
2885691382,cross-system,True,True
2885712797,cross-system,True,True
2678966305,human,False,True
2679113194,human,False,True
3010618367,cross-system,True,True
3016097884,human,False,True
2920148319,human,False,False
2945430897,human,False,True
2711320912,human,True,False
2711325743,human,True,False
2712057978,human,True,False
2957702865,cross-system,False,True
2957787742,human,True,False
2957968885,cross-system,False,True
2653412912,human,False,True
2946027203,cross-system,False,True
2946031349,cross-system,False,True
2946164808,human,False,True
2680962240,human,False,False
2681196091,human,False,True
2682336603,human,False,True
2942048904,cross-system,False,True
2942052194,cross-system,True,True
2942240806,human,True,False
2942247193,human,True,False
3378720109,human,False,False
3014619335,human,True,False
3015429110,human,True,False
3015475146,human,True,False
3015570421,human,True,False
3015600990,human,True,False
3015617626,human,True,False
3015663279,human,True,False
3016555348,human,True,False
3016558030,human,True,False
3016559015,human,True,False
3016559659,human,True,False
3016560105,human,True,False
3016561463,human,True,False
3016563097,human,True,False
3016815191,human,False,True
3018264213,human,True,False
3018272185,human,True,False
3069309764,human,True,True
3069327899,human,True,False
3069332681,human,True,False
3069351683,human,True,False
3069409386,human,True,False
2952059409,cross-system,False,True
2952060685,cross-system,True,True
2878034874,human,True,False
2878591121,human,True,False
2878659478,human,True,False
2878898586,human,True,False
2878911454,human,True,False
2878957336,human,True,False
2878965930,human,True,False
2879336520,human,True,False
2879341022,human,True,False
2879346929,human,True,False
2879348294,human,True,False
2879499295,human,True,False
2879573686,human,True,False
2879589585,human,True,False
2879600097,human,True,False
2879603721,human,True,False
2879607356,human,True,False
2879625073,human,True,False
2879648243,human,True,False
2879672591,human,True,False
2991569644,cross-system,True,True
3047266705,cross-system,True,True
3049598567,cross-system,True,True
3049626708,cross-system,True,True
3054106627,human,True,False
3066517093,human,True,False
3066527532,human,True,False
3066566545,human,True,False
3066718478,human,True,False
3066737736,human,True,False
3066966270,human,True,False
3066980423,human,True,False
3067010451,human,True,False
3067015002,human,True,False
3067016639,human,True,False
3067065423,human,True,True
3090483502,human,True,False
3090604368,human,True,False
3092425215,human,True,False
3092426293,human,True,False
3099542351,human,True,False
3099544522,human,True,False
3099548259,human,True,False
3099559490,human,True,False
3099561202,human,True,False
3099562058,human,True,False
3099562248,human,True,False
3099562606,human,True,False
3099562801,human,True,False
3099563234,human,True,False
3099565339,human,True,False
2934406513,human,True,False
2934408070,human,True,False
2935955610,human,True,False
2935957307,human,False,False
2894236384,cross-system,False,True
2954920667,human,True,False
2958887959,human,False,False
3003575733,human,True,True
3005958178,human,True,False
3005959025,human,True,False
3005964079,human,True,False
3005968036,human,True,False
3011433088,human,False,True
3015452003,human,False,True
2916737406,cross-system,False,True
2883798609,cross-system,True,True
2933161713,human,False,True
2907640052,cross-system,True,True
2908249443,cross-system,False,True
2908408016,cross-system,False,True
2848787560,cross-system,True,True
2892024920,cross-system,False,True
2897235837,human,True,False
3030876080,human,False,False
2898317963,cross-system,True,True
3042125144,cross-system,True,True
2886733596,cross-system,False,True
2864147962,human,False,False
3075743507,human,False,False
3005666605,cross-system,False,True
2855575032,cross-system,True,True
2849958018,human,False,False
2866847589,cross-system,True,True
2932553742,human,False,True
3028152828,cross-system,True,True
3028774631,cross-system,True,True
2853848390,cross-system,False,True
2853865558,human,False,False
2889950915,cross-system,False,True
2889944128,cross-system,True,True
2928355678,cross-system,True,True
2991903265,cross-system,False,True
2991903745,cross-system,False,True
2992144030,human,False,False
2864812323,human,False,True
3033236542,cross-system,False,True
3033240278,cross-system,True,True
2917928383,cross-system,True,True
2917932193,human,True,False
2917933009,cross-system,True,False
2917933923,human,True,False
2917934593,cross-system,True,False
2917935305,cross-system,False,False
2981719687,cross-system,True,False
2981719929,cross-system,True,False
2981869261,cross-system,True,False
2981869609,cross-system,True,False
2929154816,cross-system,False,True
2932296309,cross-system,False,True
2856463919,cross-system,False,True
2856468942,cross-system,False,True
2856493732,human,False,True
2937305470,human,False,True
2889205473,human,False,False
2853920936,human,False,True
3060927104,cross-system,False,True
3060927256,cross-system,True,True
3060932103,cross-system,True,True
2895720830,cross-system,False,True
2895723912,cross-system,True,True
2895731054,cross-system,True,True
2851550521,cross-system,True,True
2887058209,cross-system,False,True
2968579889,cross-system,True,True
2851070330,cross-system,True,True
2859368868,cross-system,True,True
2997944960,cross-system,False,True
2898902274,cross-system,True,True
2893738492,human,False,False
2880891212,cross-system,True,True
2849086156,cross-system,False,True
2908280919,human,False,False
3042611884,cross-system,True,True
3044990402,cross-system,True,True
2850787422,human,False,True
2907105268,cross-system,False,True
2908483844,cross-system,False,True
2908489602,cross-system,False,True
2908494854,cross-system,False,True
3062966375,cross-system,True,True
2935919144,cross-system,False,True
2935935716,cross-system,False,True
2937693113,human,False,True
3042567933,human,True,False
3043683810,human,True,False
3057965282,cross-system,True,True
3057979066,human,True,False
3057979383,cross-system,True,False
2896532687,cross-system,False,True
2945457267,human,False,False
2909726284,cross-system,False,True
2848923738,cross-system,False,False
2894034776,cross-system,True,False
2894036359,cross-system,True,False
2895635695,cross-system,True,False
2895799246,cross-system,True,False
2896653061,human,False,False
2897125129,cross-system,True,False
2981113227,human,True,False
2873374419,cross-system,True,True
2854950938,cross-system,True,True
2951689490,human,False,True
3036244916,cross-system,True,True
3036271986,cross-system,True,True
2946806516,human,False,True
3013188539,cross-system,False,True
3013189518,cross-system,True,True
3013294563,human,True,False
3056865168,cross-system,False,True
3056871092,human,False,True
2899520527,cross-system,False,True
2871029982,cross-system,False,True
2872814516,human,False,False
3069358846,cross-system,True,True
3069381478,human,True,False
3069382337,human,True,False
3069440405,human,True,True
3073689550,human,True,False
3073690141,human,True,False
3073690657,human,True,False
3073691099,human,True,False
3073692010,human,True,False
3073748364,human,True,False
3073748430,human,True,False
3073749903,human,True,False
3073750048,human,True,False
3073975308,human,True,False
3056986621,human,True,False
2859193416,cross-system,False,True
2849405482,cross-system,False,True
2847777263,cross-system,False,True
2898276690,cross-system,False,True
2899581450,cross-system,False,True
2899599649,human,False,True
2897334620,cross-system,True,True
2908053760,cross-system,False,True
2969621084,human,False,False
3009216659,human,False,False
2848924522,cross-system,False,True
2969099216,cross-system,False,True
2848361190,cross-system,False,True
2939039327,cross-system,False,True
2939039120,cross-system,False,True
2858776661,human,False,False
2878988202,human,False,False
2944039342,cross-system,False,True
2864184882,cross-system,True,True
3001084489,cross-system,False,True
3001118012,cross-system,False,True
3001327889,cross-system,True,True
3001372414,cross-system,False,False
3024411866,cross-system,False,True
3024520671,cross-system,False,False
2991839934,cross-system,True,True
2991905128,cross-system,False,True
3065668560,cross-system,True,True
3068095454,cross-system,False,True
3068587096,cross-system,True,True
3068708681,human,True,False
3068709793,cross-system,True,False
2984296842,cross-system,True,True
2990790440,cross-system,True,True
2990821364,cross-system,True,True
2990821997,human,True,False
2990822417,cross-system,True,False
2990822471,cross-system,True,True
2990824669,human,True,False
2990824913,cross-system,True,False
2948331360,human,False,True
2898335444,cross-system,False,True
2879708586,cross-system,False,True
2879708671,cross-system,False,True
2879719737,human,False,False
2889652956,human,False,False
2948254013,human,False,True
2851643285,cross-system,True,True
2951665266,human,False,True
2893440757,cross-system,True,True
2854285783,cross-system,False,True
2880889758,cross-system,True,True
2969331807,cross-system,True,True
2930584723,human,False,False
2869215232,cross-system,False,True
2874917046,human,True,True
2876645299,human,True,False
2876793484,human,True,False
2900757350,human,False,False
2989918796,human,False,False
2847969945,cross-system,True,True
2882404097,cross-system,False,True
2920618347,human,False,False
3044820624,human,False,False
2909808416,cross-system,False,True
2915173724,cross-system,True,True
2915361262,human,False,False
2915387686,human,True,False
2939537693,cross-system,True,True
2963566168,cross-system,False,True
2947587306,human,False,True
2940638427,human,True,False
2943570694,human,True,True
2943639699,human,True,False
2910093178,human,False,False
2969249047,human,False,False
2894381239,cross-system,False,True
2894385661,cross-system,False,True
3036621198,human,False,True
2895263933,cross-system,True,True
2948390867,human,False,True
2947129136,cross-system,True,True
2927252764,cross-system,False,True
2923470675,human,False,False
2880532320,cross-system,False,True
2880543054,human,False,True
2909031321,cross-system,False,True
2894428458,cross-system,False,True
2894430872,cross-system,False,True
2897063230,human,False,True
2897223969,human,False,False
3108768947,human,False,True
3116060839,cross-system,True,True
3119217685,human,False,True
3121271546,cross-system,True,False
3121935041,cross-system,True,False
3122001249,cross-system,True,False
3141276940,cross-system,True,False
3183988222,human,False,True
2965765843,cross-system,False,True
2897319359,cross-system,True,True
2897330550,human,True,False
2923120559,human,False,False
3316471819,human,False,False
3021824362,cross-system,True,True
3021918804,cross-system,True,True
2879844650,human,False,False
2942597408,human,False,False
2918486634,cross-system,False,True
2956335090,human,False,True
2848993587,cross-system,False,True
2850656155,human,False,False
2852450431,human,False,False
3016347686,cross-system,True,True
3016644131,human,True,False
3016644345,human,True,False
3016644537,human,True,False
2849087546,cross-system,True,True
2908085302,cross-system,True,True
2852039229,cross-system,False,True
2850756526,cross-system,True,True
2855706017,cross-system,True,True
2959693223,cross-system,True,True
2946052381,human,False,False
2887232712,cross-system,False,True
2996318413,cross-system,False,True
2996326145,cross-system,True,True
2996348576,cross-system,True,True
2880894429,cross-system,True,True
2913528305,cross-system,False,True
2947439556,human,True,False
2906577580,human,False,False
2861619575,human,False,True
2912833249,cross-system,False,True
2848313413,cross-system,True,True
2856555689,cross-system,True,True
2897258561,human,True,False
2900609159,human,True,False
2896751361,cross-system,False,True
2897172365,human,False,False
2851355470,cross-system,False,True
2896927143,cross-system,True,True
2897125762,cross-system,True,True
3012886731,cross-system,False,True
3013544519,cross-system,False,True
2909600206,cross-system,True,True
2865105598,human,False,False
3026145770,cross-system,False,True
3017939347,human,True,False
2930537566,human,False,True
2936270605,human,True,False
2937885466,human,True,False
2938351733,human,True,False
2938352434,human,True,False
2938364133,human,True,False
2938961791,human,True,False
2939196639,human,True,False
2941885053,human,True,False
2943560191,human,True,False
2917982465,cross-system,True,True
2918011231,human,True,False
2918012039,cross-system,True,False
2918012068,human,True,False
2918020291,cross-system,True,False
2863774203,cross-system,False,True
3031730236,human,False,True
2897167688,cross-system,False,True
2899467812,cross-system,False,True
2915836375,human,True,False
2877409776,human,False,True
2853984627,cross-system,True,True
2881863914,human,False,True
2881903951,cross-system,False,True
2849052050,human,True,False
2918335002,cross-system,False,True
2895432127,cross-system,False,True
2947106673,cross-system,False,True
2879927905,cross-system,True,True
3016973269,human,True,True
2848353234,cross-system,True,False
2848353313,cross-system,True,True
2848358236,cross-system,True,False
2848368146,cross-system,True,True
2850968493,human,True,False
2850997855,human,True,False
2851019136,human,True,False
2851022120,human,True,False
2851028816,human,True,False
2851032866,human,True,False
2851034846,human,True,False
2851185724,human,False,True
2852014609,human,True,False
2852014856,human,True,False
2852028404,human,True,False
2852031954,human,True,False
2852042733,human,True,False
2919836945,cross-system,True,True
2944367013,human,True,True
2866431769,cross-system,False,True
2954552558,human,False,False
2908088144,cross-system,True,True
2913062049,human,False,True
2930604845,human,False,True
2988386467,human,False,False
2915256159,human,False,True
2916872255,human,False,True
2921991840,human,False,False
2893693766,human,False,False
2854469986,cross-system,True,True
2940045710,human,False,True
2967900985,cross-system,True,True
2908576250,cross-system,True,True
2865107841,human,False,False
2939677498,cross-system,True,True
2976805229,cross-system,False,True
2853143367,cross-system,False,True
2847980025,cross-system,False,True
2849219794,cross-system,False,True
2941336746,human,False,False
2866387094,cross-system,False,True
2979148673,human,False,False
2848921555,cross-system,True,True
3025714059,cross-system,False,True
3025716983,cross-system,True,True
3028483282,cross-system,True,True
3028521004,cross-system,True,True
2903500449,cross-system,False,True
2873927818,human,False,True
2904707084,human,False,False
3014284123,cross-system,False,True
2905958864,human,True,False
2937254418,human,True,False
2937401715,human,True,False
2937689763,human,False,False
2990031381,cross-system,False,True
2990033283,cross-system,True,True
2990535098,cross-system,False,True
2990538743,cross-system,False,True
2990573269,cross-system,True,True
2909574837,cross-system,False,True
2896726197,human,False,True
2852139796,cross-system,True,True
2995108001,cross-system,True,True
2922513410,cross-system,True,True
2964221206,human,True,False
2853722268,cross-system,True,True
2853732036,human,True,False
2861061805,human,False,False
2851578424,cross-system,False,True
2925317973,human,True,True
2930559974,human,False,True
2914839160,cross-system,False,False
2847932076,cross-system,False,True
2847932627,cross-system,True,True
3069555166,cross-system,False,True
2959071029,cross-system,False,True
2969478587,cross-system,False,True
3015019906,cross-system,True,True
2939824324,human,True,False
2939826553,human,True,False
2861964593,human,False,True
2915278777,human,False,False
2917824333,cross-system,False,True
2917922168,human,False,True
3039728676,human,False,True
2863774786,cross-system,True,True
2878225584,cross-system,False,True
2878231359,cross-system,True,True
2878376530,cross-system,False,True
2885525629,human,False,False
2856581174,cross-system,False,True
2856585558,cross-system,True,True
2995117532,cross-system,True,True
3021053481,cross-system,False,True
3021060506,cross-system,True,True
2911866748,cross-system,True,True
2848203964,cross-system,False,True
2848803313,human,False,False
2998282503,human,True,False
2998948563,human,False,False
2933547191,human,False,False
2961350912,cross-system,False,True
2909411116,cross-system,False,True
2877385825,human,False,True
2877385549,human,True,True
2879787732,human,False,False
2863777525,cross-system,False,True
3010629315,cross-system,True,True
2909832840,cross-system,True,True
2940557746,human,True,False
2851673319,cross-system,True,True
3026980758,cross-system,True,True
2937271888,human,False,False
2901746225,cross-system,False,True
2917933850,cross-system,False,True
3025503573,cross-system,False,True
2924493802,cross-system,False,True
3053541988,cross-system,True,True
2912284833,human,False,False
2855396334,cross-system,False,True
2855402336,cross-system,False,True
2908383777,cross-system,False,True
2908384289,cross-system,False,True
3045257063,human,False,True
3049046554,human,True,False
3049067875,human,True,False
3049069527,human,True,False
3049086895,human,True,False
3049178563,human,True,True
3049332497,human,False,True
3049434710,human,True,False
3049435266,human,True,False
2908622268,cross-system,False,True
2912472782,cross-system,True,True
2912476961,cross-system,False,True
2912808486,cross-system,False,True
2913062574,cross-system,True,True
2913080475,cross-system,False,True
2913113499,cross-system,False,True
2913313714,cross-system,True,True
2880889836,cross-system,False,True
2852197493,cross-system,False,True
2931716452,human,False,False
2969937702,cross-system,True,True
2911740008,cross-system,False,True
2912156575,human,False,False
2848459513,cross-system,False,True
2909726245,cross-system,True,True
2855303194,cross-system,False,True
2858092249,cross-system,False,True
3076914182,cross-system,True,True
2941339120,cross-system,False,True
2941342175,cross-system,False,True
2857150660,cross-system,False,True
2856415868,human,False,False
2894559401,cross-system,False,True
2894831303,human,False,False
2877461244,cross-system,True,True
2879628336,human,False,False
2922822334,human,False,False
2889120985,cross-system,True,True
2890038797,human,False,False
2958787510,human,False,False
2954332747,cross-system,False,True
2930314533,cross-system,False,True
2930314896,cross-system,True,True
2855041220,cross-system,True,True
2937087296,human,False,True
2848982490,cross-system,False,False
2880896296,cross-system,True,True
2847986464,cross-system,False,True
2937866959,human,False,True
2943843329,cross-system,True,True
2943918908,cross-system,True,True
2943926389,cross-system,False,False
2890169447,human,False,True
2984950456,human,False,False
2855971993,human,True,False
2855972636,cross-system,True,False
2856097343,human,True,False
2937993396,human,False,True
2914939311,human,False,False
2914945250,human,False,False
2897395622,cross-system,True,True
2900493442,cross-system,False,True
2900173620,cross-system,False,True
2862983414,cross-system,False,True
2862986957,human,False,True
2915150534,cross-system,True,True
2915178615,cross-system,True,True
2915197097,cross-system,True,True
2851529374,cross-system,False,True
2910639560,human,False,True
2930320830,human,False,True
2870117850,cross-system,False,True
2925021673,cross-system,False,True
2925035859,cross-system,False,True
2926612693,human,False,False
2926754077,cross-system,False,True
2926757137,cross-system,False,True
2958753960,cross-system,True,True
2958758550,cross-system,True,True
2863175239,cross-system,True,True
2940386596,human,False,True
2940296094,human,False,True
2874064393,human,False,False
2923368865,human,False,False
3058000016,human,False,False
2938649014,human,False,True
2964910423,human,False,False
2880891996,cross-system,True,True
2959626608,cross-system,False,True
2976249855,human,False,True
2864923696,cross-system,True,True
2908429847,cross-system,False,True
2898388986,cross-system,True,True
2898648153,cross-system,False,True
2898651184,cross-system,True,True
2848336393,cross-system,False,True
2855896070,cross-system,True,True
3036197632,cross-system,True,True
2866991289,cross-system,False,True
2977818762,cross-system,False,True
2959513236,cross-system,True,True
2849237299,cross-system,True,True
2849126423,human,True,False
2849183338,human,True,False
2919853346,human,True,False
2920481803,human,True,False
2920614921,human,False,True
2930775069,human,False,False
2850688328,cross-system,False,True
2849129657,cross-system,True,True
3016982296,human,True,False
3017165545,human,False,False
2849963905,human,False,False
2909726141,cross-system,False,True
2854431733,cross-system,False,True
2854436624,cross-system,True,True
2855312709,human,True,False
2917143129,cross-system,False,True
2917145248,cross-system,True,True
2870127178,cross-system,True,True
2925232661,cross-system,True,True
2925304727,cross-system,False,False
2907944453,human,False,False
2854559908,cross-system,False,True
2944005115,human,False,False
2969361432,cross-system,True,True
2898052412,human,False,False
2898839445,cross-system,False,True
2898341431,cross-system,False,True
2924151171,cross-system,False,True
2924158903,cross-system,True,True
2895440819,cross-system,False,True
2895508923,human,False,False
2879967824,human,True,False
2879968385,human,True,False
2879968610,human,False,False
2922946414,cross-system,False,True
2922959319,cross-system,True,True
2923032452,human,True,False
2923034363,cross-system,True,False
2923419523,human,True,False
2858570161,human,False,True
2892017081,human,False,False
2864778436,human,False,False
2873383357,cross-system,False,True
2873392112,human,False,False
2945467173,human,False,True
2859493616,cross-system,False,True
2899899888,human,False,True
2931357631,human,False,False
3031282807,cross-system,True,True
2923367586,human,False,False
2926770234,human,False,False
2880025327,cross-system,False,True
2881344789,human,False,False
2887224140,human,False,False
3034151107,human,True,False
2939250550,cross-system,True,True
2939250623,cross-system,True,True
2941186063,human,False,False
3008593169,cross-system,True,True
2897146949,cross-system,False,True
2848364351,cross-system,False,True
2898582753,cross-system,False,True
2942530137,human,False,False
2944013720,cross-system,False,True
2929275992,cross-system,True,True
2854588270,cross-system,True,True
3013415326,human,True,True
2849370940,human,True,False
2907854625,cross-system,True,True
2907855271,cross-system,False,True
2907870288,cross-system,True,True
2907931219,human,False,True
2908403615,human,False,False
3045092924,cross-system,False,True
3045448652,cross-system,True,True
3045476202,human,False,True
3047711162,human,False,False
3043999136,human,False,False
2918838792,cross-system,False,True
2895909307,human,False,True
2897097600,human,False,True
2847979935,cross-system,False,True
2913099928,human,False,False
2988594644,cross-system,True,True
2988930557,human,True,False
2988930642,cross-system,True,False
2988962451,human,True,False
2988966919,cross-system,True,False
2988976702,cross-system,True,False
3038863996,human,True,False
3013450132,human,True,True
3013731268,human,True,False
2907678775,cross-system,False,True
2988370212,human,False,False
3035776593,cross-system,True,True
2848359762,cross-system,False,True
2848361555,cross-system,True,False
2848361676,cross-system,True,False
2898288482,cross-system,True,True
2921958762,human,True,False
2922618958,human,True,False
2922621350,human,True,False
2962957663,human,False,False
2897581575,human,False,True
2895652583,cross-system,True,True
2896082961,human,False,False
2915366630,human,True,False
2856171307,cross-system,False,True
2856173045,cross-system,False,True
2852875485,cross-system,True,True
2897997177,human,True,False
2898045952,human,True,False
2937571952,cross-system,False,True
2937573665,cross-system,True,True
2937576093,cross-system,True,True
2937883005,human,False,False
3018081821,cross-system,False,True
3018081891,cross-system,False,False
2851621015,human,False,False
2930337972,human,True,False
2930338225,human,True,False
2930341744,human,True,False
2937416250,human,True,False
3014479234,cross-system,False,True
3014489950,cross-system,False,True
3033824681,human,True,False
3033882366,human,False,False
2972879915,human,False,False
2892744119,human,False,False
2913794990,cross-system,False,True
2895271183,cross-system,True,True
3068261104,human,True,False
3068261974,human,True,False
2863171964,cross-system,True,True
2897271743,cross-system,True,True
2897408814,cross-system,True,True
3002232594,human,False,False
2854123350,cross-system,True,True
2854126786,human,True,False
2898580038,human,True,False
2898582017,human,True,False
2856112131,cross-system,True,True
3061968913,cross-system,False,True
3061971264,cross-system,True,True
3061981123,cross-system,True,True
2893528981,human,False,True
2911712808,cross-system,True,True
3059723336,human,True,False
3060632605,human,True,False
3060640376,human,False,True
2858622244,cross-system,False,True
2968412583,human,True,False
2968412854,human,True,False
2968974461,human,True,False
2969186460,human,False,True
2970955418,human,True,False
2970987580,human,True,False
2971169536,human,True,False
2971230011,human,True,False
2971257445,human,True,False
2971302765,human,False,False
3035201600,human,False,True
2882433310,human,True,False
2882620697,human,True,True
2963802588,cross-system,True,False
2963802729,cross-system,True,False
2963944481,cross-system,True,False
2963944656,cross-system,True,False
2940240521,human,False,True
2880890382,cross-system,True,True
2885781864,human,False,False
3348532206,human,False,False
2861781537,human,False,False
2911392204,cross-system,False,True
2934142347,human,False,True
2866427813,human,False,True
2922605170,cross-system,False,True
3020220728,human,False,True
2852875147,cross-system,True,True
2853672264,human,False,False
2918306575,cross-system,False,True
2918330279,cross-system,False,True
2867300000,cross-system,True,True
2867321512,human,False,True
3055809202,human,False,False
3056283497,human,False,False
2859660388,cross-system,True,True
2859666493,human,True,False
2859666907,human,True,False
2934422633,human,False,False
2942963864,cross-system,False,True
2954218543,human,False,False
2907757407,cross-system,False,True
2909052464,human,False,False
2899493850,human,False,False
2962426276,cross-system,True,True
2896972542,cross-system,False,True
2939814618,human,True,False
2940738819,human,True,False
2943820760,human,True,True
2944126525,human,True,False
2944664250,human,True,False
2944673212,human,True,False
2944957769,human,True,False
2944958263,human,False,False
2945088761,human,True,False
2950810525,human,True,False
2910886505,cross-system,True,True
2911276490,human,False,False
2855505934,cross-system,False,True
2855525414,cross-system,False,True
2855561189,cross-system,False,True
2861453081,cross-system,False,True
2861462417,human,False,False
2947798553,human,True,False
2959362513,cross-system,True,True
2959512883,cross-system,True,True
2959522111,cross-system,False,True
2871891266,cross-system,False,True
2872463203,human,False,True
2881784001,human,False,True
2974135294,cross-system,False,True
2982377187,human,True,False
2982389774,human,False,False
2982413762,human,True,False
2849091096,cross-system,True,True
2942856525,cross-system,False,True
2942858407,cross-system,True,True
2948815773,human,False,False
2937633852,cross-system,True,True
2937635890,cross-system,True,True
2856378193,cross-system,False,True
2856387214,human,False,True
3056779706,human,True,True
3056799911,human,False,False
3021463554,human,True,False
3022488021,human,False,False
3022548733,human,False,False
2981931585,cross-system,False,True
2981933514,human,False,True
2905931078,human,True,False
2905934830,human,True,False
2905937614,human,True,False
2909805469,cross-system,False,True
2911507806,human,False,False
2933435567,human,False,False
2873100290,human,False,False
3010851186,human,False,False
2862950493,cross-system,False,True
2862952159,cross-system,True,True
2863309304,human,False,True
3045312849,human,False,False
3012937750,cross-system,False,True
3012938489,cross-system,True,True
2899806692,human,False,False
2911918147,cross-system,True,True
3036148449,cross-system,False,True
3036148779,cross-system,True,True
2881374113,cross-system,True,True
2889050105,human,False,False
2969472182,cross-system,False,True
2854114087,cross-system,True,True
2856095641,human,True,False
2856095841,human,True,False
2856096387,human,True,False
2856098161,human,True,False
2856098800,human,True,False
2856099811,human,True,False
2856105217,human,True,False
2956154446,human,False,True
2878494307,human,False,False
2930589115,human,True,False
3335123240,cross-system,True,True
2918894315,cross-system,False,True
2862075377,human,False,False
2989291369,cross-system,True,True
3052220905,human,True,False
3056086914,human,False,False
2932508626,cross-system,True,True
2934475266,cross-system,False,True
2934479925,cross-system,False,True
2849051567,cross-system,True,True
2868383638,human,False,False
2898927131,cross-system,False,True
2904284020,cross-system,False,True
3036148311,cross-system,False,True
3036148535,cross-system,True,True
2926320762,human,False,True
2884332706,cross-system,False,True
2884332737,cross-system,True,False
2880892384,cross-system,True,True
2863774728,cross-system,True,True
2915426308,human,False,False
2907379404,human,False,False
2910208188,human,False,False
2921155967,cross-system,False,True
2851287215,cross-system,True,True
2849088189,cross-system,True,True
2849051747,cross-system,True,True
2850167624,cross-system,False,True
2974473211,cross-system,True,True
2918784723,cross-system,True,True
2918813842,human,True,False
2918814466,cross-system,True,False
2918815679,human,True,False
2918818406,cross-system,True,False
2918821402,human,True,False
2918823333,cross-system,True,False
2908895015,cross-system,True,True
2849112460,cross-system,True,True
2980386494,human,False,False
3012892389,cross-system,False,True
2859119481,human,True,False
2859149116,human,True,False
2859150343,human,True,False
2859178714,human,True,False
2859210550,human,True,False
2859211906,human,True,False
2859214859,human,False,True
2869382298,cross-system,False,True
2869382759,cross-system,False,True
2869383001,cross-system,False,True
2863396272,cross-system,False,True
2863401891,cross-system,False,True
2863405597,human,True,True
2849865794,cross-system,True,True
3040227289,human,False,False
2911718751,human,False,False
2849009128,human,False,False
2858396901,human,False,True
2866935865,human,False,False
2948943134,cross-system,False,True
2948943554,cross-system,False,True
2948947179,cross-system,True,True
2948947630,cross-system,False,True
2943523459,human,False,False
2944953121,human,False,False
2994261800,human,False,False
2855006425,cross-system,True,True
2921129419,human,True,False
2921130446,human,True,False
2921138681,human,True,False
2921171705,human,False,True
2921172549,human,False,False
3027835700,human,False,True
2854659217,cross-system,True,True
2863241030,cross-system,False,True
2933963908,cross-system,False,True
2933963829,cross-system,False,True
2933965039,cross-system,False,True
2956081985,human,False,True
2978953788,cross-system,True,True
2978963102,cross-system,True,True
2978975312,human,False,True
2978975913,human,True,False
2930336192,human,True,False
2933364376,cross-system,False,True
2939929947,human,False,True
2917116284,human,True,False
2917121128,human,False,True
2870447057,human,False,False
2940010338,cross-system,True,True
2940047079,cross-system,False,False
2911892238,cross-system,True,True
2911897222,cross-system,False,True
2988322937,cross-system,False,True
3059393539,human,False,True
2856172345,cross-system,True,True
2857362401,cross-system,True,False
2857387834,human,False,False
2848336412,cross-system,False,True
2918157361,cross-system,True,True
2849051333,cross-system,False,True
2922508383,human,False,True
2849646794,cross-system,True,True
2852783443,human,False,False
3028808860,cross-system,False,True
3028809557,cross-system,False,True
3028812991,cross-system,True,True
3028817566,cross-system,False,True
2893870507,cross-system,False,True
3073082706,cross-system,True,True
3073264340,cross-system,False,True
3073482626,cross-system,False,True
3073522167,cross-system,False,True
3073533278,cross-system,False,True
3073548563,cross-system,False,True
3073554537,cross-system,False,True
3073556188,cross-system,True,True
3012099928,cross-system,False,True
3012101828,cross-system,True,True
2872154631,human,True,True
2873144405,human,True,False
2873173438,human,True,False
2873622076,human,True,False
2873622654,human,True,False
2873623939,human,False,True
2876002822,human,False,True
2944785448,human,False,True
2909797268,cross-system,False,True
2974655464,human,False,False
2941347340,cross-system,False,True
2855157973,human,False,False
3021184665,human,False,True
3021185249,human,False,False
2947531245,human,False,True
2972850615,cross-system,True,True
2948693479,human,False,True
3014291038,human,False,False
3014292408,human,False,False
2886564119,human,False,False
2849109519,cross-system,True,True
2930822490,human,False,True
2847073976,human,False,False
2907696576,cross-system,True,True
2910014161,cross-system,False,True
2924148526,human,False,False
3057966199,cross-system,True,True
3057971167,human,True,False
3057971552,cross-system,True,False
3058071871,human,True,False
3058073673,cross-system,True,False
3058154579,human,True,False
3058155056,human,True,False
3058156074,cross-system,True,False
3058156326,human,True,False
3058156517,cross-system,True,False
3058157419,cross-system,True,False
3058178931,human,True,False
3058179534,human,True,False
3058179653,cross-system,True,False
3058181845,cross-system,True,False
2848245505,cross-system,True,True
2848801359,human,False,False
3037285013,human,False,False
2853089796,cross-system,False,True
2848351890,cross-system,False,True
2848352142,cross-system,True,True
2897530108,cross-system,False,True
2930389349,human,False,False
2896625605,human,False,False
2896743890,human,True,True
2969249221,human,False,False
2916742409,cross-system,False,True
3006320789,cross-system,False,True
3006324989,cross-system,True,True
3008901151,cross-system,True,True
3008939428,human,True,False
3009196983,cross-system,True,True
2865089004,human,False,False
2868066049,cross-system,True,False
2868236088,human,True,False
2915814324,human,False,False
2918353096,human,False,False
2947116081,cross-system,False,True
2995236167,cross-system,False,True
2969164954,cross-system,True,True
2848352373,cross-system,False,True
2848352855,cross-system,True,True
2991934823,cross-system,True,True
2900844615,human,True,False
2900849471,human,True,False
2900856064,human,True,False
2871972543,human,False,False
2848863483,cross-system,False,True
2903628631,cross-system,False,True
2954179280,cross-system,True,True
2954203776,human,True,False
3046087394,human,False,False
2848843952,cross-system,True,True
2848849512,cross-system,True,True
2909962453,cross-system,False,True
2852527242,cross-system,False,True
2852534332,cross-system,False,True
2852535145,human,False,True
2911530988,cross-system,False,True
2911593882,human,True,False
2911668465,human,True,False
2911674091,human,True,False
2911674472,human,True,False
2911676762,human,True,False
2911676999,human,False,True
2911678633,human,True,False
2848982781,cross-system,False,False
2869609811,cross-system,False,True
3003625864,human,False,True
2908722897,cross-system,False,True
2946836817,cross-system,True,True
2849085383,cross-system,True,True
2881273604,human,False,False
3016513607,cross-system,False,True
3016515901,cross-system,True,True
3016518391,cross-system,True,True
3016527365,cross-system,True,True
3017859410,human,False,True
3019972692,human,False,False
3054038725,cross-system,True,True
2982367559,human,False,True
2853154894,cross-system,False,True
2943341708,cross-system,False,True
2943340459,cross-system,False,True
2917989526,human,True,False
2918051766,human,True,False
2918057146,human,True,False
2922893735,human,True,False
2922895854,human,True,False
2922896312,human,True,False
2922897109,human,True,False
2923341801,human,False,True
2925568850,human,False,False
2933460235,human,False,False
2857685145,cross-system,False,True
2896754375,cross-system,False,True
2887659838,cross-system,False,True
2887667135,cross-system,False,True
2887717452,human,False,True
2855432781,cross-system,True,True
3021258125,cross-system,False,True
3021258208,cross-system,False,True
3021260589,cross-system,True,True
2855401484,cross-system,False,True
2855404147,cross-system,False,True
2947487182,human,False,True
2893688513,human,False,True
2950068456,cross-system,True,True
2951730196,human,False,False
2856138827,cross-system,False,True
2865102046,human,False,False
2848359573,cross-system,False,True
2848192164,human,False,True
2962012442,human,False,True
2856829437,cross-system,True,True
2918317713,cross-system,True,True
2918329644,human,True,False
2918330623,cross-system,True,False
2931014258,cross-system,False,True
2947119442,cross-system,False,True
2954551371,human,False,False
2941787391,human,False,True
2912634110,cross-system,False,True
2917171310,human,True,False
2917179321,human,True,False
2917194374,human,True,False
2917209143,human,True,False
2917227981,human,True,False
2917234060,human,True,False
2917235897,human,True,False
2917238472,human,True,False
2917244488,human,True,False
2917260673,human,True,False
2917267851,human,True,False
2917286676,human,True,False
2917930778,human,True,False
2918106306,human,False,False
2918266823,human,True,False
2918272792,human,True,False
2928895224,cross-system,True,True
2928899436,human,True,False
2928899617,cross-system,True,False
2928902790,cross-system,True,True
2928908764,cross-system,True,True
2928917629,cross-system,True,True
2928927650,cross-system,False,False
2932499757,cross-system,True,True
2932526308,cross-system,False,True
2932551691,cross-system,False,True
2932554825,cross-system,False,True
2941387332,human,False,True
2940782922,human,False,False
2923812500,human,True,False
2969132412,human,False,False
2862098543,human,False,False
2908568896,cross-system,False,True
2943496765,human,True,False
2943569506,human,False,False
2988089872,cross-system,False,True
2991114105,cross-system,True,True
2991115152,human,True,False
2991115358,cross-system,True,False
3017741404,human,False,False
2981329053,cross-system,True,True
2981379264,cross-system,False,True
2981465226,cross-system,True,True
2982650758,cross-system,True,True
2955339279,human,False,False
2918027698,cross-system,False,True
2975072196,cross-system,False,True
2975073951,cross-system,True,True
2975078132,cross-system,True,True
2975176109,human,False,True
2973236379,human,True,False
2973237824,cross-system,True,True
2983381551,human,False,False
2908940527,cross-system,False,True
2904498508,human,True,True
2923558695,human,True,False
2920841875,human,False,False
2920843652,human,False,False
2922287085,cross-system,True,False
2922401837,cross-system,True,False
2922742386,cross-system,True,False
2922282984,cross-system,True,False
2922801774,cross-system,True,False
2922802276,cross-system,True,False
2922829199,cross-system,True,False
2922849889,cross-system,True,False
2864819935,human,False,True
2855692268,cross-system,True,True
2884284107,cross-system,False,True
2884334289,human,True,False
2884342147,human,True,False
2884342214,human,True,False
2884343392,human,True,False
2884343414,human,True,False
2884351326,human,True,False
2884356736,human,True,False
2896473090,cross-system,True,True
2896476458,human,True,False
2896477702,cross-system,True,False
2896528404,cross-system,False,True
2897119987,human,False,False
2869944559,human,False,True
2849051455,cross-system,True,True
3013413607,cross-system,False,True
3013415138,cross-system,True,True
2895323282,cross-system,True,True
2941512579,cross-system,True,True
2941513646,cross-system,True,True
2941550815,human,False,True
2870232881,human,False,False
2938427913,human,False,False
2848925304,cross-system,True,False
2948389302,human,False,True
2892199434,human,False,True
2951391142,human,False,True
2863774621,cross-system,True,True
2910782159,cross-system,True,True
2911069177,cross-system,False,True
2911217185,cross-system,False,True
2911727281,human,True,False
2911897959,cross-system,True,True
2911914639,cross-system,True,True
2911917348,human,True,False
2957450637,cross-system,True,True
2859142823,human,False,True
2878635984,human,True,False
2878636828,human,False,True
2878779721,human,False,False
2877879200,human,False,False
2934125816,cross-system,True,True
2934128071,cross-system,True,True
2934153752,human,True,False
2934154340,cross-system,True,False
2934265774,human,False,True
2921600577,human,False,False
2896743540,human,False,False
2851465011,human,False,False
2858687154,cross-system,True,True
2858340716,cross-system,False,True
2915115792,cross-system,True,True
2930025355,human,False,False
2940162871,human,False,False
2875421414,cross-system,False,True
2941906960,cross-system,True,True
2941913470,human,False,True
2970370050,cross-system,False,True
2970380000,cross-system,True,True
2970391620,human,False,True
2848366064,cross-system,True,True
2918518122,cross-system,False,True
3016288397,human,False,False
2848323121,cross-system,False,True
2932303303,cross-system,False,True
2933822898,human,False,False
2923366336,human,False,False
2877446836,cross-system,False,True
2877819116,cross-system,False,True
2877819196,cross-system,False,True
2877819833,cross-system,False,True
2915110865,human,False,False
3003848786,human,False,False
2856050967,cross-system,True,True
2856052108,cross-system,True,True
2856077624,human,False,True
2911834918,human,True,False
2911903307,human,True,False
2917706358,human,False,False
2848317258,cross-system,False,True
2915233600,cross-system,False,True
2851260599,cross-system,True,True
2936834256,human,True,False
2936840364,cross-system,True,False
3001728935,human,True,False
3004335909,human,True,False
3004344809,cross-system,True,False
2869863327,cross-system,True,False
2869869086,cross-system,True,True
3008976758,human,True,False
2905933173,cross-system,True,True
2989686483,cross-system,False,True
2989687617,cross-system,True,True
2989712508,cross-system,True,True
2989724105,cross-system,True,True
2899704696,cross-system,False,True
2849000253,cross-system,False,True
2895304075,cross-system,False,True
2895305044,cross-system,False,True
2940199261,human,False,True
2952651526,human,True,True
2954526992,human,True,False
2954668935,human,False,True
3011583712,human,False,False
2935644761,cross-system,False,True
2935650160,cross-system,True,True
2935658091,cross-system,True,True
2935692904,cross-system,False,True
2936658051,human,False,False
2939102224,human,False,False
3001745166,cross-system,False,True
3001745406,cross-system,False,False
2943671407,human,False,True
2850922959,cross-system,False,True
3059391451,human,False,True
2907834723,cross-system,False,True
2852083392,cross-system,False,True
2852105023,human,False,False
2852106324,human,False,False
2956389847,human,False,True
2848001452,cross-system,False,True
2848127008,human,False,False
2863774864,cross-system,True,True
2985182703,cross-system,True,True
2985184217,cross-system,True,True
2985866435,human,False,True
2848342384,cross-system,True,True
2849103086,human,False,True
2911498239,cross-system,False,True
2915222943,human,False,False
3076231694,human,False,False
3097463382,human,False,False
2910435613,cross-system,False,True
2910710959,cross-system,False,True
2911320045,cross-system,True,True
2911632955,cross-system,True,True
2911804525,cross-system,False,True
2969464839,cross-system,True,True
2848883224,cross-system,True,False
3002066395,cross-system,False,True
3002780821,cross-system,False,True
2978931859,cross-system,True,True
2978936285,cross-system,False,True
2978943259,human,False,True
2848982823,cross-system,False,False
2991924636,cross-system,False,True
2991938668,human,False,True
2951786388,cross-system,True,False
3054927750,cross-system,False,True
3054930293,cross-system,True,True
3055284621,cross-system,True,True
2875011443,human,False,False
2995306728,cross-system,True,True
2995319223,cross-system,False,True
3014197256,cross-system,False,True
2980965252,human,True,False
2980967937,human,True,False
2984232276,human,True,False
2987862935,human,True,False
2987865186,human,True,False
2998365975,human,False,False
2976777912,human,True,True
2979316258,human,False,True
2849091519,cross-system,True,True
2936052347,human,True,True
2936073576,human,True,False
2851487360,cross-system,True,True
2941896012,cross-system,True,True
2856877733,cross-system,True,True
2856883477,cross-system,True,True
2856901118,human,False,True
2857528147,human,True,False
2857533823,cross-system,True,False
2848898098,cross-system,True,False
2978767269,cross-system,False,True
2978772041,cross-system,True,True
2978774000,cross-system,True,True
2975848828,cross-system,False,True
2991490982,human,False,True
2992294806,human,False,True
2848735862,cross-system,False,True
3050598042,cross-system,False,True
2936628855,human,False,False
2873360167,human,False,True
2873360759,cross-system,True,True
2873361744,cross-system,False,True
2983079256,cross-system,True,True
2983234945,human,False,True
2854604568,cross-system,True,True
2854670090,human,False,True
2854670645,cross-system,True,True
2966020081,cross-system,True,True
2966052811,cross-system,False,True
2852168883,cross-system,False,True
2870140817,cross-system,False,True
2851387765,cross-system,False,True
2919627269,cross-system,True,True
2855132698,cross-system,False,True
3002511692,human,False,False
3061391414,cross-system,True,True
3061420089,human,True,False
2897190146,cross-system,False,True
2933819545,human,False,False
2904750242,human,False,False
3014294511,human,False,False
2922165094,human,False,False
2859266904,cross-system,False,True
3018094590,human,False,False
3021010197,human,False,False
2923373353,human,False,False
2898905957,cross-system,False,True
2862840331,cross-system,False,True
2937379143,cross-system,True,True
2947324308,human,True,False
2947325472,human,True,False
2947338636,human,True,False
2952111150,human,True,False
2952114471,human,True,False
2955241193,human,True,False
2955241735,human,True,False
2955242727,human,True,False
2955243396,human,True,False
2955569427,human,True,False
2955570584,human,True,False
2963561978,human,False,True
2847883125,cross-system,True,True
2934568730,cross-system,False,True
2934569110,cross-system,True,True
2934571185,human,False,False
2908687657,human,False,True
3072262733,cross-system,True,False
3072264805,cross-system,True,True
3072281698,human,True,False
3072456517,cross-system,True,False
3072714131,cross-system,True,False
3014293924,human,False,False
3035799558,cross-system,True,True
2911712447,cross-system,True,True
2929041927,cross-system,True,True
2929001336,cross-system,False,True
2929005058,cross-system,True,True
2929050182,cross-system,True,True
2989681567,cross-system,False,True
2989684740,cross-system,False,True
2866724463,cross-system,False,True
2866955208,cross-system,True,True
2867098891,human,False,True
2938091798,human,False,True
2849082980,cross-system,False,True
2944150958,cross-system,False,True
2944150993,cross-system,False,False
2855845562,human,False,True
2947211960,cross-system,True,True
2955428565,human,False,True
2962731249,human,True,False
2962738165,human,True,False
2962764793,human,True,False
2962765893,human,True,False
2963134541,human,True,False
2963135050,human,True,False
2980382186,human,True,False
2980383909,human,True,False
2980398275,human,True,False
2980436991,human,True,False
2980439104,human,True,False
2994838888,human,True,True
2995177175,human,True,False
2995177842,human,True,False
2995186849,human,True,False
2995197519,human,True,False
2995356248,human,True,False
2995369385,human,True,False
2995373749,human,True,False
2995381214,human,True,False
2995392509,human,True,False
2995466058,human,False,True
2995555538,human,True,False
2866796977,human,True,True
2866900347,human,True,False
2866900356,human,True,False
2922756985,cross-system,False,True
2935535671,human,False,False
2935553660,human,False,False
2936452521,cross-system,True,True
2936822908,human,False,False
2983076404,cross-system,True,True
2983083959,cross-system,False,True
2983234509,human,False,True
3013506848,cross-system,False,True
3013507650,cross-system,True,True
2880359585,cross-system,False,True
2854014421,cross-system,False,True
2912890341,cross-system,True,True
2912910391,human,True,False
2912911949,cross-system,True,False
2912932736,human,True,False
2912934872,cross-system,True,False
2920692815,human,False,False
2999973901,human,False,True
2854596327,human,False,False
3004760127,human,False,True
2897539063,human,True,False
2897643966,human,True,True
2901405726,human,True,False
2901967505,human,True,False
2903474965,human,True,False
2903537314,human,True,False
2907214190,human,True,False
2908279017,human,True,False
2910388344,human,True,False
2913873704,human,False,True
2917409910,human,True,False
2917509000,human,True,False
2917779868,human,True,False
2917956387,human,True,False
2932206514,human,False,False
2936493661,human,True,False
2946324773,human,True,True
3012518981,human,True,False
2928903989,cross-system,True,True
2929536506,cross-system,True,True
2850999550,cross-system,True,True
2849373376,cross-system,True,True
2947547914,human,False,True
3006764019,human,False,True
3072312363,cross-system,True,True
2929215867,cross-system,False,True
2854211832,cross-system,True,True
2854170736,cross-system,True,True
2873248130,cross-system,False,True
2873249526,cross-system,True,True
2873279512,human,True,False
2873282449,cross-system,True,False
2873344789,human,False,False
2866395058,cross-system,True,True
3034817468,cross-system,False,True
3034830490,human,True,False
3034859726,human,True,False
3034860254,human,True,False
3034868391,human,True,False
3034871645,human,True,False
3034874580,human,True,False
3034916192,human,True,False
3064639814,human,True,True
2858657079,cross-system,False,True
2858772660,cross-system,True,True
2922031965,human,False,False
2854092074,cross-system,False,True
2979935425,human,False,False
3030603159,human,True,False
3031015332,human,True,False
3031248382,human,True,False
3031256542,human,True,False
3031267294,human,True,False
3031309341,human,True,False
3031311372,human,True,False
3031311507,human,True,False
3031311806,human,True,False
3031311994,human,True,False
3031312260,human,True,False
3031312522,human,True,False
3031404666,human,True,False
3031408121,human,True,False
3031420024,human,True,False
3031555271,human,True,True
3031668514,human,True,False
3031669594,human,True,False
3031670382,human,True,False
3031752458,human,True,False
3031749801,human,True,False
2883965650,cross-system,True,True
2884334555,human,False,True
2884671471,human,False,True
3187077065,cross-system,False,True
2961776203,cross-system,True,True
2961807291,human,True,False
2961808860,cross-system,True,False
2961917905,human,True,False
2961927109,human,True,False
2961928734,human,True,False
2961937751,human,True,False
2961943093,human,True,False
2962006787,human,True,False
3109229797,cross-system,True,True
2949165987,human,False,False
2880982519,human,False,True
2888903314,human,False,True
2852210394,cross-system,False,True
2924490981,cross-system,True,True
2998821900,human,False,True
2898329754,cross-system,True,True
2854794796,cross-system,True,True
3114387203,human,False,False
2876825736,human,True,False
2876892450,human,True,False
2877085536,human,False,True
2850633230,cross-system,True,True
2930342335,human,True,False
2930342587,human,True,False
2930342639,human,True,False
2930342738,human,True,False
2930342902,human,True,False
2937419685,human,True,False
2907821664,cross-system,False,True
2915558098,cross-system,True,True
2847876484,cross-system,False,True
2907061839,cross-system,False,True
3072160204,human,False,False
3048750746,cross-system,True,True
2958824730,human,False,True
2939143580,human,False,True
2867389872,human,False,False
2940438647,human,False,True
2954809365,human,False,True
3061277806,cross-system,True,True
2916813371,cross-system,False,True
2916884790,human,False,False
2850302654,cross-system,False,True
2850718043,cross-system,False,True
2868795287,cross-system,True,True
2904964445,human,False,False
2848353423,cross-system,False,True
2848353696,cross-system,True,True
2849034294,cross-system,True,True
2849050035,human,True,False
2849050201,human,True,False
2849050238,human,True,False
2850246923,human,True,False
2850249849,human,True,False
2850275283,human,True,False
2898274978,cross-system,True,True
2848827405,cross-system,True,True
2849190537,cross-system,True,True
2849191964,human,True,False
2850949134,human,False,True
2851000726,cross-system,True,True
2851996833,human,True,False
2959982807,human,False,True
2898951475,cross-system,False,True
2911147086,cross-system,False,True
2889378150,cross-system,True,True
2860224931,cross-system,True,True
2860587994,human,True,False
2860589878,human,True,False
2965137703,human,False,False
2965140309,human,False,False
2970012236,human,True,False
3009917653,human,False,False
3020599174,human,False,False
2946787752,cross-system,True,True
2855084274,human,False,False
3011977034,human,False,True
3030899386,cross-system,True,True
3030920784,human,True,True
3031116000,human,True,False
3046671951,human,True,False
3049021127,human,True,False
3061729598,human,True,False
3003849204,human,False,False
2910133351,cross-system,False,True
2901889742,cross-system,True,True
2901892288,cross-system,False,True
2901900172,cross-system,False,True
2898388413,human,False,True
2901385013,human,True,False
2901394885,human,True,False
2901399139,human,True,False
2901454606,human,False,False
2851803515,cross-system,True,True
2851327079,cross-system,True,True
2855797017,cross-system,True,True
2951769642,human,False,True
2900084027,cross-system,True,True
2941312345,human,False,True
2908669833,human,False,True
2860965036,cross-system,False,True
2860977451,human,False,False
2849202081,human,False,False
3042563571,human,False,True
2849088146,cross-system,True,True
2851211106,cross-system,False,True
3035882880,cross-system,True,True
2915453222,cross-system,True,True
2915535664,cross-system,False,True
2915756023,cross-system,False,True
3036154394,cross-system,False,True
3036154605,cross-system,True,True
2850833703,cross-system,False,True
2918044399,cross-system,True,True
2918142663,cross-system,True,True
3045206601,human,False,False
2913424191,human,False,False
2918215206,cross-system,False,True
3061356132,cross-system,True,True
2975819761,human,False,False
2975868546,human,True,False
2933636912,cross-system,False,True
2933636096,cross-system,False,True
2933638818,cross-system,False,True
2933641621,cross-system,False,True
3019662852,cross-system,False,True
2869374555,cross-system,True,True
2869374587,cross-system,True,True
2933820317,cross-system,True,False
2933820328,cross-system,True,False
2933820335,cross-system,True,False
2857544513,human,False,False
2866921965,cross-system,True,True
2934847269,human,False,False
2961767149,human,False,False
2850809554,cross-system,True,True
2866779434,human,True,False
2866779486,cross-system,True,False
2855604419,cross-system,True,True
2848125370,human,False,True
2873991060,cross-system,True,True
2852314363,human,True,False
2849051742,cross-system,True,True
2928845577,cross-system,True,True
3068242729,cross-system,True,True
3068330921,cross-system,True,True
3068431824,human,True,False
3068486648,human,True,False
2928946630,cross-system,False,True
2928946664,cross-system,True,True
2928946692,cross-system,True,True
2928946897,cross-system,False,True
2932652350,human,False,False
2947732559,human,False,False
2898329269,cross-system,False,True
2959695141,cross-system,True,True
2915083244,human,False,False
2921916620,human,False,False
2888315587,human,False,True
2938173836,cross-system,True,True
2942892421,human,True,False
2942904320,human,True,False
3013858037,human,False,True
3091953014,human,False,True
2893424282,human,False,False
2909031891,cross-system,False,True
2912512054,cross-system,True,True
3102936019,cross-system,True,True
2893716042,human,False,False
2851201682,human,False,False
2933856846,cross-system,False,True
2928553323,cross-system,False,True
2928555219,cross-system,False,True
2928555575,cross-system,False,True
2990552099,cross-system,True,True
2991856200,cross-system,False,True
2983075222,cross-system,True,True
2983076304,cross-system,False,True
2983083545,cross-system,True,True
2983244233,human,True,False
2985009560,human,False,True
2858732702,cross-system,True,True
2961346710,cross-system,False,True
2898953821,cross-system,False,True
2854767160,cross-system,True,True
2995765701,cross-system,False,True
2884310661,human,True,False
2884311132,cross-system,False,True
2901534202,human,True,False
2909827446,human,True,False
2909925447,human,True,False
2909925761,human,True,False
2909949450,human,True,False
2909950181,human,True,False
2909950651,human,False,False
2910013613,human,True,False
3018050179,human,False,False
2983151352,human,False,False
2997065798,cross-system,False,True
2997069434,cross-system,False,True
2879596934,cross-system,False,True
2856081846,cross-system,True,True
2849354166,cross-system,True,True
2973025810,cross-system,True,True
2973053013,cross-system,True,True
2973054664,human,True,False
2973058041,cross-system,True,False
2904248522,cross-system,False,True
2929726031,cross-system,True,True
2929730771,human,True,False
2929732663,cross-system,True,False
3004507914,cross-system,True,True
3004636303,cross-system,True,True
3004768088,cross-system,False,False
3026511493,human,True,False
3026521858,human,True,False
3031748133,human,True,False
3273497699,human,True,False
3273587643,human,True,False
3273634150,human,True,False
3312155024,human,False,False
3021062292,human,False,True
2898336838,cross-system,False,True
2897853682,cross-system,False,True
2874212514,human,False,False
2896694226,human,False,True
2948027309,human,False,True
2961986626,human,False,True
2849346343,cross-system,True,True
3076234730,human,False,False
2925102721,cross-system,False,True
2925104458,cross-system,True,True
2927270140,cross-system,False,True
2984547075,cross-system,False,True
2856182368,cross-system,True,True
2893912996,cross-system,False,True
2893916849,cross-system,True,True
2847912785,human,False,False
2911918270,cross-system,True,True
2867385993,human,False,False
2975180101,cross-system,False,True
3005939662,human,False,False
3062435893,cross-system,True,True
2848356744,cross-system,True,True
2876871642,human,False,False
2915124573,cross-system,False,True
2936631260,human,True,False
2912040998,cross-system,True,True
2912042483,cross-system,False,True
2912042929,human,True,False
2912084768,human,False,False
3035865048,cross-system,True,True
3037073401,human,False,False
3037142950,human,True,False
3037144738,human,False,False
2870241064,human,False,False
2849339314,cross-system,True,True
2889755556,cross-system,False,True
2887064408,cross-system,False,True
2921663756,cross-system,True,True
2857166226,cross-system,False,True
2991894901,cross-system,True,True
2992694008,cross-system,False,True
2992904781,cross-system,False,True
2993154750,cross-system,False,True
2869283193,cross-system,False,True
2869283473,cross-system,False,True
3043857333,human,False,True
2956766489,human,False,True
2936063925,human,False,True
2936084794,human,True,False
2860381066,human,False,False
2902986829,cross-system,True,False
2902986945,cross-system,True,False
2902987035,cross-system,True,False
2902987111,cross-system,True,False
2902987269,cross-system,True,False
2902988066,cross-system,False,True
2871855102,human,False,False
2871856652,human,True,False
2871858713,human,False,False
2871862134,human,False,False
2873986012,cross-system,True,True
2930021763,cross-system,False,True
2875324889,human,False,True
2927051400,cross-system,False,True
2932536393,human,True,False
2932628389,human,False,False
2932678777,human,False,False
2932680520,human,True,True
2932778712,human,True,False
2932780812,human,False,False
2932784332,human,False,False
2876720275,cross-system,True,True
2876760340,human,True,False
2876760821,cross-system,True,False
2876770389,human,False,False
2944365909,human,False,True
2952002527,cross-system,True,True
2956588332,cross-system,True,True
2862074530,cross-system,False,True
2862079823,cross-system,True,True
2869144456,human,True,False
2869144675,human,True,False
2869145504,human,True,False
2871797354,human,False,True
2901156743,cross-system,True,False
2901157059,cross-system,True,False
2901157311,cross-system,True,False
2901157545,cross-system,True,False
2901157758,cross-system,True,False
2901158100,cross-system,True,False
2901158357,cross-system,True,False
2901158874,cross-system,True,False
2864197370,human,False,False
2908416274,cross-system,True,True
2908506906,human,True,False
2908507107,cross-system,True,False
3035574139,cross-system,False,False
2940080964,human,False,True
3001881343,human,True,False
2857167458,cross-system,True,True
3056900028,cross-system,False,True
3056906657,human,False,True
2895895920,cross-system,False,True
2897995229,cross-system,True,True
2898033451,cross-system,True,True
2887177567,cross-system,True,True
2887183110,cross-system,True,True
2887201572,human,False,True
2906279718,cross-system,False,True
2948093449,cross-system,False,True
2948093843,cross-system,False,True
2954147843,human,False,False
3048046877,human,False,False
3048451281,human,True,False
3048467877,human,True,False
2876191218,human,False,True
2919691626,cross-system,True,True
2972988150,cross-system,False,True
2885801876,cross-system,False,True
2885802120,cross-system,True,True
2885806574,cross-system,True,True
2885875252,cross-system,True,True
2902862675,cross-system,True,True
2907217735,cross-system,True,True
2907241669,cross-system,True,True
2907315055,cross-system,False,True
2907424798,cross-system,False,True
2907458136,cross-system,True,True
2907463649,human,True,False
2907464526,cross-system,True,False
2907591721,cross-system,True,True
2907639032,cross-system,True,True
2907663197,cross-system,False,True
3149525643,human,False,False
3037134087,human,False,True
3037348994,human,True,False
3037397193,human,False,True
3038925025,human,False,True
2919529328,cross-system,False,True
2891252658,cross-system,False,True
2891269426,human,False,True
2900390122,human,True,False
2900394607,human,True,False
2900398207,human,True,False
2900398553,human,True,False
2905060855,human,False,False
2916346969,cross-system,False,True
2959693623,cross-system,False,True
2902017592,cross-system,True,True
2849091866,cross-system,True,True
2923565643,cross-system,False,True
2923599498,human,False,True
3027348434,human,False,True
2994805633,human,False,False
2947435276,human,True,False
2947435589,human,True,False
2947435833,human,True,False
2947437596,human,True,False
2947437672,human,True,False
2858871534,cross-system,False,True
2912718331,human,True,False
2912719648,human,True,False
2912720751,human,True,False
2848923708,cross-system,False,False
2896228416,cross-system,False,True
2991889868,cross-system,False,True
2856408464,cross-system,False,True
2856427908,human,False,True
2885855612,human,False,True
2930338678,human,True,False
2930338981,human,True,False
2930339096,human,True,False
2930339252,human,True,False
2930339409,human,True,False
2930570138,human,True,False
2896832270,cross-system,False,True
2896834994,cross-system,True,True
2896837389,human,True,False
2896838509,human,True,False
2923200900,cross-system,False,True
3020576513,cross-system,False,False
2910139238,cross-system,False,True
2896177789,cross-system,False,True
3035020886,cross-system,True,True
3035084252,cross-system,False,False
2952070229,human,True,False
2952072627,cross-system,True,True
2968964045,cross-system,False,True
2906777528,human,False,False
2907585528,human,False,True
2943832489,human,False,False
2849253759,cross-system,True,True
2852181258,cross-system,True,True
3035972660,cross-system,True,True
2915291452,human,False,False
2882590113,human,False,False
2914420150,human,True,False
2914424100,human,True,False
2914415393,human,True,False
2914483003,human,True,False
2914503395,human,True,False
2924748539,human,True,False
2925353890,human,True,False
2925383679,human,True,False
2946974903,human,False,False
3130305658,human,False,False
2955702520,human,False,True
3255278092,cross-system,True,True
3255480444,cross-system,True,True
3255493521,cross-system,True,True
3256874404,human,True,False
3256886903,cross-system,True,False
3265343145,human,False,True
3267070181,cross-system,True,False
3267944212,cross-system,True,False
3267992598,cross-system,True,False
2919594540,cross-system,True,True
2963240706,cross-system,False,True
2985156386,cross-system,True,True
2985159298,cross-system,True,True
2985207451,human,False,True
2858081449,cross-system,False,True
2903500653,cross-system,True,True
2903542164,human,True,False
2903543044,cross-system,True,False
2955344935,cross-system,True,True
2955361716,human,False,True
2959068410,cross-system,False,True
2915378717,cross-system,False,True
2903694869,cross-system,True,True
2903697273,cross-system,False,True
2918721133,human,False,False
2851013727,human,True,False
2948047123,human,False,True
2948281147,human,False,True
2849092602,cross-system,True,True
2853045995,cross-system,False,True
2853629107,human,False,False
2940684837,cross-system,True,True
2918831663,cross-system,False,True
2868859360,human,False,True
2896751902,human,True,False
2896754269,cross-system,False,False
2896830531,cross-system,True,True
2896847478,cross-system,False,False
2852342671,cross-system,True,False
2853849790,cross-system,False,True
2853863773,human,False,False
2864467413,human,False,True
2890620078,cross-system,False,True
2890627764,cross-system,False,True
2901731181,cross-system,False,True
2898571779,human,False,False
2871184074,cross-system,False,True
2918044662,cross-system,True,True
2918064839,cross-system,False,False
2855074230,cross-system,True,True
2937625879,cross-system,True,True
2848390249,cross-system,True,True
2937614230,cross-system,False,True
2937614374,cross-system,True,True
2937615135,cross-system,True,True
2937616006,cross-system,True,True
2937883806,human,False,False
2907754208,human,True,False
2907755485,cross-system,False,True
2948449009,cross-system,False,True
2948484058,human,False,False
2948487164,human,False,True
2955845689,human,False,False
2941101371,human,False,True
2906299308,cross-system,False,True
3063681457,cross-system,True,True
2969200857,cross-system,True,True
2849093378,cross-system,True,True
2849069294,human,False,False
2849967145,human,False,False
2886390498,cross-system,False,True
2849091289,human,True,False
2863778358,cross-system,True,True
3007398539,cross-system,False,True
2917943515,cross-system,True,True
2924122320,human,False,True
2930954766,human,False,True
2932653032,human,False,False
2880889527,cross-system,True,True
2967058552,human,True,False
2925718463,human,False,True
2854069926,cross-system,False,True
2941078439,human,False,True
2953821747,human,False,False
2917826683,cross-system,False,True
2917920789,human,False,False
2876784976,human,True,False
2898370905,cross-system,False,True
2960314477,cross-system,True,True
2960314976,cross-system,True,True
2960394743,human,False,True
2919801513,human,True,False
3042578328,human,False,False
2947973777,cross-system,False,True
2923348678,cross-system,True,True
3035856625,cross-system,True,True
3035857485,cross-system,True,True
3035858878,cross-system,True,True
2903299429,cross-system,False,True
2903634489,cross-system,False,True
2904032404,cross-system,False,True
2904048238,cross-system,False,True
2904077414,human,False,True
2904081632,cross-system,True,True
2903404014,cross-system,True,True
2903488277,human,True,False
2903489021,human,True,False
2903489059,cross-system,True,False
2903489699,human,True,False
2903489979,cross-system,True,False
2903490442,cross-system,True,False
2855391466,cross-system,False,True
2855392312,cross-system,False,True
2886964629,cross-system,True,True
3069519623,cross-system,True,True
2944038992,cross-system,False,True
2984305702,human,False,False
2875493128,human,True,False
2879119567,human,False,False
2863778572,cross-system,True,True
2871371248,human,False,True
3212937968,human,False,True
2876883668,human,True,False
2877089777,human,False,True
3001900167,human,False,False
2946894172,human,False,True
2940976936,cross-system,False,True
2940978953,cross-system,False,True
2940979362,cross-system,False,True
2940980769,cross-system,True,True
2943721286,cross-system,False,True
2944150776,cross-system,True,True
2944602781,cross-system,False,True
3048044362,human,False,False
3059564070,cross-system,True,True
2863774860,cross-system,False,True
2932992074,human,False,False
3048504616,human,False,False
2893761200,cross-system,False,True
2943268058,human,False,False
2952088442,human,False,True
3062003346,cross-system,True,True
3064790302,cross-system,True,True
3072797401,human,False,False
2988404447,cross-system,True,True
2970850233,cross-system,True,True
2970857688,cross-system,False,False
2970871666,human,False,False
3019851484,human,True,False
3052280063,human,False,True
3052423304,human,True,False
3052469810,human,True,False
2923573342,cross-system,True,True
2923601830,human,False,False
3007803090,human,False,True
2848368066,human,False,True
2878290389,human,False,False
2880060383,human,False,False
2848390337,cross-system,True,True
2859088319,human,True,False
2859096267,human,True,False
2859478663,human,False,False
2859478909,human,False,False
2911529791,cross-system,True,True
2948933700,human,True,False
2948934074,human,True,False
2948995117,cross-system,True,True
2949762900,human,True,True
3035183753,cross-system,True,True
2897365875,cross-system,True,True
2904647553,human,False,False
3046166863,cross-system,False,True
2852930930,human,True,False
2853111287,human,True,False
2853352780,human,True,False
2853427334,human,True,False
2880889175,cross-system,True,True
2968515751,cross-system,False,True
2919754762,cross-system,False,True
2920838945,cross-system,True,True
2930586141,human,False,False
3036147981,cross-system,False,True
3036148406,cross-system,True,True
2917552451,human,False,True
2855207834,cross-system,True,True
2871791770,human,False,False
2922540752,cross-system,False,True
2922542974,cross-system,True,True
2924177983,cross-system,True,True
2915366069,human,False,False
2928956946,cross-system,False,True
2928956973,cross-system,False,True
2928957108,cross-system,True,True
2928957204,cross-system,False,True
2928960185,cross-system,False,True
2928962348,cross-system,False,True
2932655164,human,False,False
2849224742,cross-system,False,True
2849051481,cross-system,False,True
2922092939,human,False,False
2849089814,cross-system,True,True
2848982435,cross-system,False,False
2991558411,cross-system,True,True
2925026510,cross-system,False,True
2925030942,cross-system,True,True
2927080469,human,True,True
2930323444,cross-system,True,True
2932686713,human,True,True
2933726073,human,True,False
2933849749,human,True,False
2933886232,human,True,False
2933897175,human,True,False
2934428561,human,True,False
2944933445,human,True,False
2961732329,human,True,False
2962288635,cross-system,True,True
2968150543,human,True,False
2968154176,human,True,False
2968203773,human,True,False
2915074271,human,False,False
3104098421,human,True,False
2997050074,cross-system,False,True
2997052938,cross-system,True,True
2907151644,cross-system,True,True
2999413314,cross-system,False,True
2999423626,cross-system,False,True
2915362762,human,False,False
3014289173,human,False,False
2851721429,cross-system,True,True
2938048462,human,False,True
2879136085,human,False,True
2912111238,human,False,False
2985274260,cross-system,True,True
2985275547,cross-system,False,True
2985276248,cross-system,True,True
2985350388,human,False,True
2915498576,cross-system,False,True
2917016989,human,False,False
2941651029,human,False,True
2942552601,human,False,False
2942561166,human,False,False
2938893836,cross-system,True,True
2849448482,cross-system,False,True
2849448751,cross-system,True,True
2849496840,cross-system,False,True
2856158753,cross-system,True,True
2935322123,human,False,False
2935335731,cross-system,True,True
2935431272,human,False,False
2948511487,human,False,True
2898957870,cross-system,True,True
2997034344,cross-system,False,True
2997038794,cross-system,True,True
2852967785,cross-system,False,True
2852968353,cross-system,True,True
2852976737,human,True,False
2852992368,human,True,False
2971397775,cross-system,False,True
2971404034,cross-system,False,True
2973771327,human,False,True
2998322936,human,False,False
2908303671,cross-system,True,True
2908304176,human,True,False
2898075330,human,False,False
2864186875,human,True,False
2864793169,human,True,False
2864794944,human,True,False
2864797026,human,True,False
2864799804,human,True,False
2864813688,human,True,False
2864814632,human,True,False
2864838456,human,True,False
2864836873,human,True,True
2864863899,human,True,False
2864864048,human,True,False
2991123838,cross-system,False,True
2848345293,cross-system,False,True
3020646721,human,False,False
2984308699,human,False,False
2914850061,cross-system,False,False
2908594218,cross-system,False,True
2908594432,cross-system,True,True
2909180864,cross-system,True,True
2979235933,cross-system,True,True
2997993452,human,True,False
2898900825,cross-system,True,True
2880890386,cross-system,True,True
2915166049,human,True,False
2915169845,human,True,False
2915171808,human,False,False
2938951549,human,False,True
2938983856,human,True,True
2908140758,cross-system,False,True
2948061191,cross-system,True,True
2948061590,cross-system,True,True
3038790776,human,False,True
2948405051,human,False,True
2862419419,cross-system,False,True
2862421892,cross-system,True,True
2862422037,cross-system,True,True
2863139508,cross-system,False,True
2880893970,cross-system,True,True
3036325723,human,False,False
2958523617,human,False,False
2955436099,human,False,True
2960771641,cross-system,True,True
2960782046,cross-system,True,True
2960907394,human,True,False
2960907915,cross-system,True,False
2960908679,cross-system,True,False
2961097525,human,True,False
2961114849,human,True,False
2961116283,cross-system,True,False
2961118058,human,False,True
2923714745,human,True,False
2909003173,cross-system,True,True
2880892511,cross-system,True,True
2894483507,cross-system,True,True
2850699391,cross-system,False,True
2899408756,cross-system,False,True
2901122933,cross-system,True,True
2901134336,cross-system,False,True
2849091052,cross-system,True,True
2898930586,cross-system,True,True
2898933876,cross-system,False,True
2919622413,cross-system,False,True
2970169682,cross-system,False,True
2971151635,cross-system,False,True
2971375938,cross-system,False,True
3058386065,cross-system,True,False
2916113993,human,False,True
2894398465,cross-system,True,True
3042587453,human,False,True
2997018500,cross-system,False,True
2997022287,cross-system,True,True
2947503513,cross-system,True,True
2914105361,human,False,True
2856530258,cross-system,False,True
2856549990,human,False,True
2847678742,human,False,False
3014452322,cross-system,False,False
3057812265,human,False,True
3057813518,cross-system,True,True
2926832151,human,False,False
2925688348,cross-system,False,True
2926101167,human,False,True
2932204929,human,False,False
2866029643,cross-system,False,True
2856322484,cross-system,False,True
2890893460,cross-system,False,True
2890898115,cross-system,True,True
2892556695,cross-system,True,True
2894417944,human,True,True
2894762304,cross-system,False,True
2895163439,human,True,False
2895164318,cross-system,True,False
2895168452,cross-system,True,False
2895252344,human,False,True
2893552278,human,True,False
2893652881,human,True,False
2893656208,human,True,False
2893666842,human,True,False
2893678373,human,True,False
2893686399,human,True,False
2893697229,human,True,False
2893700681,human,False,False
2947986071,human,False,True
3013461355,cross-system,False,True
3018201081,cross-system,False,True
3018228514,cross-system,False,True
2879732351,cross-system,False,True
2865703760,cross-system,False,True
2865843445,human,False,False
2907941962,human,False,False
2863778978,cross-system,True,True
2931203124,human,False,False
2989934236,human,False,False
2989993465,human,True,False
2913101970,human,False,False
2865022177,cross-system,False,True
2865184947,human,True,False
2913721882,human,False,True
3036998411,cross-system,True,True
2933231987,cross-system,False,True
2933586084,human,False,False
2905112836,human,False,False
2980563642,human,True,False
2980567046,human,True,False
2980750085,human,True,False
2980750572,human,True,False
2908912716,cross-system,True,True
2918149247,human,True,False
2918149466,human,True,False
2920879295,human,False,True
2925753610,human,False,True
2925757059,human,True,False
2925757195,human,True,False
2925757309,human,True,False
2925778059,human,True,False
2925779272,human,True,False
2925780768,human,True,False
2900927634,cross-system,False,True
2983077864,cross-system,False,True
2983235300,human,False,True
2861473961,cross-system,False,True
2933953542,cross-system,False,True
2933955671,cross-system,True,True
2933970914,cross-system,False,True
2934452325,human,False,False
2908906142,cross-system,True,True
2969562880,cross-system,True,True
2948590964,human,False,True
2848921615,cross-system,True,True
3059395422,human,False,True
2956469695,human,False,True
3030139194,cross-system,False,True
3030146282,cross-system,True,True
2876871131,cross-system,False,True
2876872708,cross-system,False,True
2876878717,human,False,True
2934090326,human,False,True
2939528681,cross-system,True,True
2879318776,human,True,False
2879320986,human,False,True
2990033125,human,True,False
2990544024,human,True,False
2855581760,human,True,False
2855594968,human,True,False
2935357803,human,False,False
2896027742,human,False,True
2901558252,human,False,False
2855472642,cross-system,True,True
3024644680,cross-system,True,True
3024683311,human,False,True
3025395154,human,True,False
2973333861,cross-system,True,True
2973338724,human,True,False
2973339148,cross-system,True,False
2893586633,human,False,False
2849083137,cross-system,True,True
2933822151,cross-system,False,True
2940626773,human,False,False
2905959455,cross-system,False,True
3035903436,human,False,False
2950753459,human,False,False
2983918894,human,False,False
2961751925,cross-system,True,True
2961825835,human,True,False
2961826160,cross-system,False,False
2961827332,cross-system,True,False
2961850165,human,False,True
2848345877,cross-system,True,True
2848399633,cross-system,False,True
2969470579,cross-system,True,True
2977230095,cross-system,True,True
2977260649,cross-system,False,True
2977286523,cross-system,True,True
2977287684,human,True,False
2977288506,cross-system,True,False
2881214127,human,True,False
2881988562,human,False,False
2882627414,human,True,False
2882627458,human,True,False
2849202547,human,False,False
2855806085,cross-system,False,True
2857867200,cross-system,False,True
2918832338,cross-system,True,True
2911563039,cross-system,True,True
2911570732,cross-system,True,True
2989454577,human,False,False
2953333486,human,True,True
2956911435,human,True,True
2967081667,human,True,False
2866407117,cross-system,False,True
2851877660,cross-system,True,True
2852059425,human,True,False
2852075993,cross-system,True,True
2899653304,human,True,False
2899662573,human,True,False
2899668686,human,True,False
2899672293,human,True,False
2899681137,human,True,False
2900383186,human,True,False
2900473144,human,True,False
2904371424,cross-system,True,True
2917318676,human,True,False
2859344970,cross-system,True,True
2907852282,cross-system,False,True
2915360749,cross-system,False,True
2896159465,cross-system,True,True
2896297842,cross-system,True,True
2897510619,human,True,False
2897512842,cross-system,True,False
2901369635,cross-system,True,True
2901678941,cross-system,True,True
2901720115,cross-system,False,True
2901768242,cross-system,False,True
2901882652,cross-system,False,True
2908645293,cross-system,False,True
2908253026,human,False,False
3046305311,human,False,False
2897185599,cross-system,False,True
2852005225,cross-system,True,True
2880890514,cross-system,True,True
2913701156,human,False,False
2913872024,human,False,False
2934229143,cross-system,False,True
2934231169,cross-system,True,True
2934336549,cross-system,False,True
2907822014,cross-system,True,True
3034649683,cross-system,False,True
3034653919,cross-system,True,True
3035170179,human,True,False
2959068336,cross-system,False,True
2880890496,cross-system,True,True
2848390085,cross-system,True,True
2956483904,cross-system,False,True
2956498141,human,False,True
2914924952,human,False,False
3005045059,cross-system,True,True
3005525867,cross-system,True,True
3005572154,cross-system,True,True
3005607061,cross-system,False,True
3005755568,cross-system,True,True
3005898773,cross-system,True,True
3007737096,cross-system,False,True
3007750534,cross-system,True,True
3012282822,cross-system,True,True
3013717234,cross-system,False,True
2906427672,cross-system,True,True
2958472311,human,False,True
2873044184,human,False,False
2942813256,cross-system,True,True
2942837994,human,True,False
2944586726,human,False,True
2958558778,human,False,True
2958615572,human,False,True
3025950920,cross-system,False,True
2922695489,cross-system,True,True
2947793417,human,True,False
2868479694,human,True,True
2869330978,human,True,False
2869332810,human,True,False
2869334412,human,True,False
2872630053,cross-system,True,True
2869809191,cross-system,False,True
2869927581,human,False,True
2931303400,human,False,True
2973033657,human,False,True
2974034597,human,False,True
2848675763,cross-system,True,True
2851504844,human,True,False
2851519532,human,True,False
2851521396,human,True,False
2851524244,human,True,False
2851524947,human,True,False
2851525330,human,True,False
2851526111,human,True,False
2854841225,cross-system,True,True
2984546333,cross-system,True,True
3031098614,human,True,False
3055196299,human,True,False
3056544990,human,True,False
3056607624,human,True,False
3056616672,human,True,False
3056626467,cross-system,True,True
3064359089,human,True,False
3085792229,human,True,False
3085797402,human,True,False
3085800723,human,False,True
3086900755,human,True,False
3086911102,human,True,False
3124957739,human,True,False
3125000707,human,False,True
3127470887,human,False,False
2909719411,cross-system,False,True
2987799079,cross-system,True,True
3039259014,cross-system,False,True
3039320628,human,False,False
2880182541,human,False,True
2880312059,human,False,False
2908122289,cross-system,False,True
2908385479,cross-system,True,True
2933930404,cross-system,False,True
2933930093,cross-system,False,True
2933931238,cross-system,False,True
2858398469,human,False,True
2864263018,human,False,True
2868637990,human,False,False
2987212603,cross-system,True,True
2987271728,cross-system,True,True
2852959261,cross-system,False,True
2951555543,cross-system,False,True
2922507016,cross-system,False,True
2922513840,cross-system,True,True
2925046394,cross-system,False,True
2855157467,cross-system,False,True
2848179681,cross-system,False,True
2854867964,human,False,True
2867204964,human,True,False
2867205881,cross-system,True,True
2867254882,cross-system,True,False
2867257352,cross-system,True,True
2988415102,human,False,False
3029041262,human,False,True
2909387794,human,True,False
3054252038,cross-system,True,True
3030075511,cross-system,False,True
3030079420,cross-system,True,True
2855386133,cross-system,False,True
2855389251,cross-system,False,True
2922102860,human,True,True
2919725516,cross-system,True,True
2919730048,human,True,False
2919730716,cross-system,True,False
2919732787,cross-system,False,False
2890444529,cross-system,True,True
2899448181,human,False,False
2850939340,cross-system,False,True
2866636523,human,True,False
2869441588,human,False,False
2869788325,human,False,True
2869837575,human,False,True
2910661553,cross-system,True,True
2852676217,cross-system,True,True
2988347207,cross-system,False,True
2875971033,cross-system,True,True
2875973728,human,True,False
2876271390,human,False,False
2938027812,cross-system,False,True
2938029109,cross-system,False,True
2847876111,cross-system,True,True
2863053335,human,False,False
3034795398,cross-system,False,True
3048690652,cross-system,True,False
2856383564,cross-system,False,True
2969481225,cross-system,True,True
2911060357,cross-system,False,True
2848346634,cross-system,False,True
2848375853,human,False,False
3050010328,human,True,False
3052339259,human,True,False
3161973981,human,True,False
3162005675,human,True,False
3000338350,cross-system,False,True
3000341362,cross-system,True,True
2976819287,cross-system,False,True
2980915741,human,True,False
2980920552,cross-system,False,True
2985119603,human,True,False
2985807108,human,False,True
2899209558,cross-system,False,True
2876208658,cross-system,False,True
2963129148,cross-system,False,True
2967797737,human,True,False
2856123677,cross-system,True,True
2866783413,human,False,False
2901743041,human,False,False
2851820216,cross-system,True,True
2959664783,cross-system,False,True
2967353508,cross-system,True,True
2911505169,human,False,False
2859963289,cross-system,True,True
2859965017,cross-system,True,True
2860005443,cross-system,False,True
2860022121,cross-system,False,True
2860089862,cross-system,False,True
3022165950,human,False,False
2852657897,cross-system,False,True
2853072394,cross-system,False,True
2895716195,cross-system,False,True
2890458985,human,False,True
3016773059,human,True,False
3017416080,human,False,True
3030021697,human,True,False
2919701718,cross-system,False,True
2919708074,cross-system,False,True
2919711769,cross-system,False,True
2990003609,cross-system,False,True
2990004651,cross-system,True,True
2990022773,cross-system,True,True
2990034532,cross-system,True,True
2990115175,cross-system,True,True
3006861980,cross-system,True,True
3007314885,cross-system,True,True
2861707338,human,False,True
2861742378,cross-system,True,True
2861769091,human,False,False
2993509332,cross-system,False,True
2993898310,cross-system,False,True
2993980828,cross-system,False,False
2867558573,human,True,False
2867558934,cross-system,False,True
2867658674,human,True,False
2884744527,human,False,True
2952068345,cross-system,False,True
2952071816,human,False,True
2865841860,cross-system,True,True
2879349345,human,False,False
2879349719,cross-system,True,True
2919032671,cross-system,True,True
2919033786,cross-system,True,True
2919046488,human,False,True
2910169246,cross-system,False,True
2947998475,human,False,True
2918272064,human,False,False
2852436646,cross-system,True,False
2855161151,cross-system,True,False
2855166268,cross-system,False,True
2855163960,cross-system,True,False
2950345593,cross-system,True,True
2932705130,human,False,True
2905598864,human,True,False
2905602511,human,True,False
2903188262,cross-system,True,False
2903195614,cross-system,True,False
2903492131,cross-system,True,False
2903714627,cross-system,True,False
2903755411,cross-system,True,False
2903808461,cross-system,True,False
2906746176,cross-system,True,False
2914847835,cross-system,True,False
2914911573,cross-system,True,False
2915474333,human,False,False
2849300265,cross-system,False,True
2944198831,cross-system,False,True
2946677338,cross-system,True,True
2898385520,cross-system,True,True
2865259893,cross-system,True,True
2865304937,human,False,False
3051987122,human,False,True
2984449754,cross-system,True,True
2984512605,human,False,False
2935648347,human,False,False
2852050463,human,True,False
2852043008,cross-system,True,True
2853644271,human,False,False
2854779498,human,True,False
3054373274,human,False,False
2931934586,human,False,True
2849414118,cross-system,True,True
2955204873,cross-system,False,True
2925098867,cross-system,True,True
3069198166,human,False,False
2934712347,human,False,False
2969051240,cross-system,True,True
2959286127,human,True,False
2959287352,human,False,False
2959364624,human,True,False
2919150841,cross-system,False,True
2919168598,human,True,False
2919258748,human,True,False
2919590761,human,True,False
2919595083,human,True,False
2919605646,human,True,False
2919606116,human,False,True
3035872087,cross-system,True,True
3037037059,human,False,False
3037128353,human,False,True
2858807312,cross-system,True,True
2923372112,human,False,False
2918016853,human,False,False
3071098647,cross-system,True,False
3071111985,cross-system,True,True
3071290938,cross-system,True,True
2849085751,cross-system,True,True
2904521763,cross-system,False,True
2969205119,cross-system,True,True
3035338402,cross-system,True,True
3035341825,cross-system,True,True
2906511429,cross-system,True,True
2906569745,human,True,False
2906570745,cross-system,True,False
2906616698,human,True,False
2906617117,human,True,False
2906618125,human,True,False
2906619212,human,True,False
2906619721,human,True,False
2906619722,cross-system,True,False
2906620228,human,True,False
2906620773,human,True,False
2906621844,human,True,False
2906622222,human,True,False
2906622647,human,True,False
2906623275,cross-system,True,False
2906625179,cross-system,True,False
2906625707,cross-system,True,False
2906626792,cross-system,True,False
2906627385,cross-system,True,False
2906627835,cross-system,True,False
2906628434,cross-system,True,False
2906628748,cross-system,True,False
2906629772,cross-system,True,False
2907163721,human,True,False
2907165122,cross-system,True,False
3001744813,cross-system,False,True
2948269197,human,False,True
3012892505,cross-system,False,True
2904565584,cross-system,True,True
2847772996,cross-system,True,True
3063751364,cross-system,True,True
2956751594,human,False,True
2863782599,cross-system,True,True
2851430823,cross-system,False,True
2907240460,cross-system,True,True
2854536322,cross-system,False,True
2877577918,human,True,False
2877597144,human,True,False
2980451602,human,False,True
2984579745,cross-system,True,True
3016769712,human,True,False
3016775426,human,False,True
3020288805,human,True,False
3021246580,human,False,True
2952127602,cross-system,True,True
2952242465,human,False,False
2848346800,cross-system,False,True
2848347115,cross-system,False,True
2873357513,cross-system,True,True
2873361145,cross-system,False,True
2873699660,human,True,False
2873700523,human,True,False
2873701105,human,False,False
2874649326,human,False,False
2880892310,cross-system,True,True
2969291893,cross-system,True,True
2969476977,cross-system,True,True
2969481056,cross-system,False,True
2896517377,cross-system,True,True
2903585000,cross-system,False,True
2903671595,cross-system,True,True
2904358159,cross-system,True,True
2996282867,human,False,True
2864316409,cross-system,False,True
2862222077,cross-system,True,True
2866834834,human,True,False
2866834864,cross-system,True,False
2869110319,human,True,False
2853026504,cross-system,False,True
2853658494,human,False,False
2853672366,human,False,False
2919665611,cross-system,True,True
2919673081,cross-system,True,True
3045209977,human,False,False
2938295845,human,True,False
2938877835,human,True,False
2849082725,cross-system,True,True
2855705116,cross-system,False,True
2919719278,human,True,False
2915589584,cross-system,False,True
2917013632,human,False,True
2863423245,human,False,True
2893625482,human,True,False
2893628159,human,True,False
2893629290,human,True,False
2893632236,human,True,False
2893633404,human,True,False
2894134983,human,True,False
2919001050,cross-system,True,False
2848357199,human,False,True
2863779529,cross-system,True,True
3032724884,cross-system,True,True
2923586607,human,False,False
2986668942,cross-system,True,True
2899351531,cross-system,False,True
2914099732,human,False,False
2915785963,human,False,False
2982679522,cross-system,True,True
3011121146,human,False,True
3008474661,human,True,False
2993927880,human,False,False
2966031130,human,False,False
2901656675,cross-system,False,True
2849334171,cross-system,True,True
2860027430,human,True,False
2886698318,human,False,True
2867419514,cross-system,False,True
2867430459,cross-system,True,True
2855819233,cross-system,True,True
2862120008,human,False,False
2878398364,human,True,False
2878738021,human,False,True
2952758505,cross-system,True,True
2954291758,human,False,True
2980562595,human,False,False
2848550222,cross-system,True,True
2848553878,cross-system,True,True
2848564537,cross-system,True,True
2848573442,cross-system,False,True
2848668824,cross-system,True,True
2983067283,cross-system,False,True
2983232652,human,False,True
3064364024,cross-system,True,True
2858438870,cross-system,True,True
2964333581,cross-system,True,True
2848387949,cross-system,True,True
2911574265,cross-system,False,True
3062264318,cross-system,True,True
3062270398,cross-system,False,True
3063706764,cross-system,True,False
3066715309,cross-system,True,False
2929076362,cross-system,True,True
2929099140,cross-system,True,True
2929149458,cross-system,False,True
2929670661,human,False,False
2856135910,cross-system,True,True
2856416680,human,False,False
2857625065,cross-system,True,True
2857796341,human,True,False
2860169227,human,True,False
2866834888,human,True,False
2866834927,human,True,False
2866835098,human,True,False
2866848877,human,True,False
2866849606,human,True,False
2869162352,cross-system,False,True
2869173684,human,False,False
3036941417,cross-system,False,True
2930591076,human,False,False
2906483880,cross-system,False,True
2908565020,cross-system,False,True
2908565343,cross-system,True,True
2864786049,human,True,False
2866207728,human,False,False
2859588468,cross-system,True,True
2859589287,cross-system,True,True
2859607824,cross-system,False,True
2859609089,human,True,False
2860969268,human,False,False
2860969400,human,False,False
3079284495,human,False,False
2864610073,cross-system,True,True
2864611469,human,False,True
2865382715,human,False,True
2855496095,cross-system,True,True
2955880044,human,False,True
2886115286,cross-system,True,True
2886120852,cross-system,True,True
2889133227,human,False,False
2930847004,human,False,False
2930945165,human,False,False
2959196539,human,True,False
2959205031,human,True,False
2959209627,cross-system,False,True
2978708944,cross-system,True,True
2908286869,cross-system,True,True
2908294839,human,True,False
2908295353,cross-system,True,False
2908295485,human,True,False
2908296856,cross-system,True,False
3076914271,cross-system,True,True
2848483626,cross-system,False,True
2863109266,cross-system,False,True
2863110996,human,False,False
2880892531,cross-system,True,True
2934895391,human,False,True
2930137290,cross-system,False,True
2849065906,cross-system,True,True
2858497128,human,False,False
2893435278,human,False,False
2968294113,cross-system,False,True
2968294323,cross-system,True,True
2947733599,human,False,False
2956045013,human,False,True
2849121033,cross-system,True,True
2847997156,cross-system,False,True
2924377999,human,False,True
2906437405,cross-system,False,True
2925905538,human,False,False
2863087551,cross-system,False,True
2863105619,cross-system,True,True
2930437640,cross-system,True,True
2974393155,human,False,False
2899491060,human,False,False
2897490178,cross-system,True,True
2936806675,cross-system,True,True
2853000344,cross-system,False,True
2862833910,cross-system,True,True
2946919480,human,False,True
2848365302,cross-system,False,True
2858794210,cross-system,False,True
2895314523,cross-system,True,True
2895317296,cross-system,True,True
2895395627,human,False,True
2933758277,human,False,False
2926837334,human,True,False
2999240408,human,False,True
2967046196,cross-system,False,True
2947757136,cross-system,False,True
2863419504,cross-system,True,False
2863448801,human,True,False
2863454429,human,True,False
2863618017,human,False,True
2896203566,cross-system,True,True
2855715459,human,False,False
2917660852,cross-system,True,True
2917696795,human,True,False
2917698384,cross-system,True,False
2917699223,human,True,False
2917700267,cross-system,True,False
2917702525,human,True,False
2917703753,cross-system,True,False
2917704244,human,True,False
2917705170,cross-system,True,False
2917705257,cross-system,False,False
2911908610,human,False,True
2969320561,cross-system,True,True
2956875751,cross-system,False,True
2910609930,cross-system,True,True
2910850730,human,True,False
2911208752,human,True,False
2911210270,cross-system,True,False
2911825624,human,False,False
2875385498,cross-system,True,True
2875392261,cross-system,False,True
2876739705,human,False,False
2941037368,cross-system,False,True
2942627978,cross-system,False,False
2947381314,human,True,False
2848325149,cross-system,False,True
3051978907,human,False,False
2972679660,human,False,False
2848554352,cross-system,True,True
2891125336,cross-system,True,True
2891128423,cross-system,False,True
2891215482,human,False,True
2907413597,cross-system,True,True
2913184210,cross-system,True,True
2918302543,cross-system,False,True
2944626914,human,False,True
3037163701,cross-system,False,True
2898905533,cross-system,True,True
2898316412,cross-system,False,True
2911176068,cross-system,True,True
2910809837,human,False,True
2956237185,human,False,True
2969472327,cross-system,True,True
2911783988,human,False,False
2849051436,cross-system,False,True
2947731230,cross-system,True,True
2947732452,human,False,False
2848304494,cross-system,False,True
2943964905,cross-system,True,True
2926487890,human,False,False
3002051136,human,False,False
2848352491,cross-system,False,True
2860412854,human,False,False
2997020003,cross-system,False,True
2997022347,cross-system,True,True
2999191923,human,False,False
2875328775,cross-system,False,True
2849393653,cross-system,True,True
2918835380,cross-system,False,True
2848364908,cross-system,False,True
3001631197,human,True,False
2880889691,cross-system,False,True
2936663778,human,False,True
2879486519,cross-system,True,True
2849090726,cross-system,False,True
2855359920,cross-system,False,True
2855362606,cross-system,False,True
2976211166,cross-system,True,True
2930345542,human,False,False
3031165654,cross-system,True,True
3031182058,human,True,False
3031227592,human,False,True
3037635060,human,True,False
3044359154,human,False,True
3044695574,human,False,False
3049452348,human,False,False
3049515048,human,True,False
3049546770,human,True,False
3102957455,human,False,False
3102958109,human,False,False
2870525512,human,False,False
2886682113,cross-system,True,True
2901943247,cross-system,True,True
2905983705,cross-system,True,True
2905992436,cross-system,False,True
2905994117,cross-system,False,True
2906277560,cross-system,False,True
2898266185,cross-system,True,True
2915266884,human,False,True
2915919733,cross-system,True,True
2947428663,cross-system,True,False
2914405472,human,False,False
3038722208,cross-system,True,True
2963382829,cross-system,False,True
3002090623,cross-system,True,True
2977208303,human,False,False
2929037787,cross-system,False,True
2929038001,cross-system,False,True
2929038182,cross-system,True,True
2952023829,human,False,True
3063769812,cross-system,True,True
3064302126,human,True,False
3064311475,cross-system,True,False
3064417133,cross-system,True,True
3064524301,cross-system,False,True
3064628509,cross-system,False,True
3064795394,human,True,False
3064801182,cross-system,False,True
3064891873,cross-system,True,True
3064909423,human,True,False
3064909799,cross-system,True,False
3065482560,cross-system,False,True
3065638116,human,True,False
3065733831,human,True,False
3065737377,human,True,False
2864202450,cross-system,False,True
2941434641,cross-system,False,True
2941436537,cross-system,True,True
2941439316,cross-system,True,True
2941736904,human,False,False
2997583040,human,True,False
2997764008,human,False,True
2994045555,human,False,True
3025527555,human,True,False
3027183353,human,False,False
3038121838,human,False,False
3005670882,human,False,True
2969560478,cross-system,True,True
2969753669,cross-system,True,True
2848654457,cross-system,False,True
2849167327,human,False,True
2848343157,cross-system,True,True
2848344084,human,True,False
2848375747,human,False,False
2990548987,human,True,False
2990551512,human,True,False
2990569824,cross-system,True,True
2862118905,human,False,False
2910057418,cross-system,True,True
2963154415,human,False,False
2856560654,cross-system,True,True
2856578388,human,False,True
2984929375,cross-system,True,True
2934479096,cross-system,False,True
2879138099,human,False,False
2864710544,human,False,True
2923919754,cross-system,False,True
2923926124,cross-system,True,True
2930800150,human,False,True
3064125202,cross-system,True,False
3064698215,cross-system,True,False
3064780524,cross-system,True,False
3068363282,human,True,False
3068888292,human,True,False
3068902740,human,True,False
3068909350,human,True,False
3068909716,human,True,False
3069192922,human,True,False
3069193901,human,True,False
3069194121,human,False,False
3069324344,human,True,False
3069325232,human,True,False
2994171676,human,False,True
2869007062,cross-system,False,True
2870623296,human,False,False
2863776466,cross-system,True,True
2880893720,cross-system,True,True
2937002632,human,False,False
2900778780,cross-system,True,True
2926133253,cross-system,False,True
2931020666,human,False,True
2961994989,human,False,True
2923384186,cross-system,False,True
2854011820,cross-system,False,True
2940762786,human,True,False
2940766366,human,True,False
2990711312,cross-system,True,True
2974224449,cross-system,False,True
2974229738,cross-system,False,True
2974243785,cross-system,True,True
2896174106,cross-system,False,True
2923373491,human,False,False
2915602695,human,False,True
2918326569,human,True,False
2919326604,human,True,False
2922046714,human,True,False
2922189108,human,True,False
2922553977,human,True,False
2922837233,human,True,False
2932719775,human,True,False
2932748398,human,True,False
2932832544,human,True,False
2933430773,human,False,False
2933900584,human,True,True
2851512339,cross-system,True,True
2995060314,cross-system,False,True
2930479218,human,True,False
3328140177,human,False,False
2869325456,cross-system,False,True
2869326358,cross-system,False,True
2954785406,cross-system,False,True
2866524536,cross-system,False,True
2873967545,human,False,False
2856224145,cross-system,False,True
2856229132,cross-system,True,True
2856251722,human,True,False
2856252092,cross-system,True,False
2856259111,human,False,True
2856303154,human,True,False
2856324664,human,True,False
2856327404,cross-system,True,False
2856330416,human,True,False
2899682013,cross-system,False,True
2941926659,cross-system,True,True
2941930812,cross-system,True,True
2941936871,cross-system,True,True
2942214755,human,True,False
2971521514,cross-system,False,True
2991980294,cross-system,True,True
2897837720,human,False,False
2923534073,cross-system,False,True
2925814062,cross-system,False,True
2966994311,human,True,True
2991711836,human,True,False
2997943555,human,True,False
2999423266,human,True,False
3031111891,human,True,False
2916911209,cross-system,False,True
3070346703,cross-system,False,True
3070351076,cross-system,True,True
2898282694,cross-system,False,True
2972625354,human,True,False
2998459911,human,False,True
2898693114,cross-system,False,True
2848795489,cross-system,False,True
2931018017,human,False,True
2988638516,human,True,False
2915190980,cross-system,False,True
2857560888,cross-system,False,True
2849317771,cross-system,True,True
2865730717,cross-system,True,True
2865738635,human,False,True
2865745354,human,False,True
2916225620,human,False,False
2956266802,human,False,True
2848232531,cross-system,True,True
2852992207,human,True,False
2853256876,human,True,False
2853273752,human,True,False
2862123943,cross-system,True,True
2863190684,human,False,False
2863423785,human,False,False
2987054816,human,False,False
2911902233,cross-system,False,True
2865095944,human,False,False
2948434097,cross-system,False,True
2881499732,cross-system,True,True
2885538583,human,False,True
2858293119,cross-system,True,True
2919155787,cross-system,True,True
2983024499,human,False,False
3035082846,cross-system,True,True
2871809381,human,False,False
2848666654,cross-system,False,True
2848668653,cross-system,False,True
2908224784,cross-system,False,True
2930955851,cross-system,True,True
2893915283,human,False,False
2937386448,cross-system,True,True
2937478349,cross-system,False,True
2854593325,cross-system,False,True
2969578016,cross-system,True,True
2974761242,cross-system,True,True
2975464309,human,True,False
2975464766,human,True,False
2975510145,cross-system,True,True
2975787435,human,True,False
2975787598,human,True,False
2975789551,cross-system,True,False
2975789691,cross-system,True,False
2983246826,cross-system,True,True
2983333527,human,True,False
2983333926,human,True,False
2983335911,cross-system,True,False
2983338060,cross-system,True,False
2996665470,human,False,True
2998227366,human,False,False
2859238324,cross-system,True,True
2969330842,cross-system,True,True
2969333030,cross-system,False,True
2880899581,cross-system,True,True
3011937366,cross-system,False,True
3025701810,cross-system,False,True
3025707699,cross-system,True,True
2924248121,cross-system,True,True
2924911245,human,False,False
2898954565,cross-system,True,True
2905013655,human,False,False
2959014131,human,False,True
2905059993,human,True,False
2973333845,cross-system,False,True
2973340311,cross-system,True,True
2973359256,human,False,True
2909851547,cross-system,True,True
2864697125,cross-system,False,True
2866955181,cross-system,True,True
2863774937,cross-system,False,True
2926392021,human,False,False
2898344720,cross-system,False,True
2849093342,cross-system,True,True
2898770818,cross-system,False,True
2882488659,cross-system,True,True
3032502806,cross-system,True,True
3033744780,human,True,False
3033746995,cross-system,True,False
3033749204,cross-system,False,True
3033765769,human,True,False
3033767632,cross-system,True,False
3033890714,cross-system,False,False
2879475672,cross-system,True,True
2879842674,cross-system,False,True
2879882351,human,False,False
3003012172,human,False,True
2908153260,cross-system,True,True
2929043826,cross-system,False,True
2929043957,cross-system,True,True
2929047664,cross-system,False,True
2929488844,cross-system,True,True
2865866178,human,False,False
2849264150,cross-system,True,True
2885898010,cross-system,False,True
3016710849,human,True,False
3022100804,human,False,False
3012756974,cross-system,False,True
3012757103,cross-system,True,True
3012914454,human,True,False
2869708375,human,False,True
2944119814,cross-system,False,True
2944120622,cross-system,True,True
2944121380,cross-system,True,True
2944123703,cross-system,False,True
2944149420,human,False,False
2944759849,human,False,False
3032930926,cross-system,True,True
3033965962,cross-system,True,True
3033971468,cross-system,True,True
3034955213,human,True,False
3034955359,human,True,False
3034955545,human,True,False
3034955803,cross-system,True,False
3034955811,cross-system,True,False
3034955913,cross-system,True,False
2914310169,cross-system,False,True
2914313139,cross-system,True,True
2890329364,cross-system,False,True
2903788048,cross-system,False,True
2914983742,cross-system,True,True
2915296191,human,True,False
2915330704,human,False,False
2866835277,cross-system,True,True
2934190336,human,False,True
2944299806,human,False,True
2947017759,human,False,True
2984577386,cross-system,True,True
3005129176,human,False,False
3022215562,human,False,False
2900234886,cross-system,False,True
2897030461,cross-system,True,True
2897103104,cross-system,True,True
2936294663,cross-system,False,True
2936380834,cross-system,False,True
3005543724,human,True,False
3028334511,human,True,False
2870572131,human,False,True
2916274105,human,True,False
2916275007,human,True,False
2916307805,human,False,False
2916310118,human,False,False
2986161125,cross-system,False,True
2987236643,human,False,False
2913709065,cross-system,True,True
3061922511,cross-system,True,True
3061922551,cross-system,False,True
3061925899,cross-system,True,True
2911402435,human,False,False
2917429834,human,True,False
2918693663,human,False,False
2857568483,human,False,True
2911101340,cross-system,False,True
2995235300,cross-system,True,True
2849069187,cross-system,True,False
2849069627,human,True,False
2849070024,human,True,False
2938494249,cross-system,False,True
2940475725,human,False,True
2868929049,human,False,False
2868929619,cross-system,False,True
2868929707,cross-system,False,True
2895720197,cross-system,False,True
2883963309,cross-system,True,True
2871929200,human,False,False
2848213385,cross-system,True,True
2848217684,cross-system,False,True
2848804016,human,False,False
2852960792,human,False,False
2856195512,cross-system,True,True
2929283240,cross-system,False,True
2911864300,cross-system,False,True
3031743180,cross-system,False,True
3033996457,human,True,False
3034004759,human,False,True
3034088793,human,True,False
3034278363,human,False,False
3019790103,cross-system,False,True
3019791456,cross-system,False,True
3019794753,cross-system,True,True
3019794834,cross-system,True,True
2947767931,cross-system,True,True
2880891015,cross-system,True,True
2960392839,cross-system,False,True
2960395356,cross-system,False,True
2960395497,human,False,True
2928881771,cross-system,False,True
2876945616,human,False,False
2851561910,cross-system,False,True
2851563549,human,False,False
2936788104,cross-system,True,True
2879998831,cross-system,True,True
2880159733,cross-system,True,True
2857168929,cross-system,True,True
2947442025,human,False,True
2968044716,human,False,False
2909397288,cross-system,True,True
2956438939,human,False,True
3019764647,cross-system,True,True
3020310245,cross-system,True,True
2948042121,human,False,True
2930316585,human,True,False
2848345062,cross-system,False,True
2848375802,human,False,False
2925578257,cross-system,True,True
2925764808,cross-system,True,True
2925766483,human,True,False
2925767024,cross-system,True,False
2925772218,human,True,False
2925772836,cross-system,True,False
2925785498,cross-system,True,True
2925792072,human,True,False
2925792742,cross-system,True,False
2925792785,human,True,False
2925793519,cross-system,False,False
2925795520,cross-system,True,False
2935280679,cross-system,False,True
2935282208,cross-system,True,True
2935300450,human,False,False
2935305175,cross-system,True,True
2928064791,cross-system,False,True
2928066496,cross-system,True,True
2928071707,cross-system,False,True
2923014718,cross-system,False,True
2908467498,cross-system,False,True
2851096043,cross-system,True,True
3014198374,cross-system,True,True
2983067597,cross-system,False,True
2983077522,cross-system,True,True
2983233749,human,False,True
2880890620,cross-system,False,True
2881092037,cross-system,True,True
2884605436,cross-system,True,True
2909796811,cross-system,True,True
2978330433,cross-system,True,True
2978332830,cross-system,False,True
2978344703,human,False,True
2937115536,human,False,False
2947031567,human,False,True
2859325908,cross-system,True,True
2995310233,cross-system,False,True
2869071379,cross-system,False,True
2936139067,cross-system,True,False
2936278233,cross-system,True,False
2848379164,cross-system,False,True
2900945515,cross-system,False,True
2900968166,cross-system,False,True
2901004987,cross-system,False,True
2906025783,cross-system,False,True
2915723837,human,False,False
2902737835,cross-system,True,True
2905793962,human,False,False
2882410388,cross-system,True,True
2882460015,human,True,False
2882464009,human,True,False
2882477015,human,True,False
2944425108,cross-system,False,True
2944425172,cross-system,False,True
2944426303,cross-system,False,True
2944764475,human,False,False
2850087954,cross-system,True,True
2850230877,human,False,True
2849111070,cross-system,False,True
2974819162,cross-system,True,True
2899186354,cross-system,False,True
2938179649,human,True,False
2938306966,human,False,False
3042184666,human,False,False
2933839156,cross-system,False,True
2939413622,human,False,False
2939946024,human,False,False
2936984714,human,False,True
2952027252,human,False,True
2960308608,human,False,False
2960310232,human,False,False
2960310867,human,False,False
2852175449,cross-system,True,True
2969470106,cross-system,False,True
2854833881,cross-system,True,True
2909191421,cross-system,False,True
2909192562,cross-system,False,True
2909198336,human,False,False
2909198815,cross-system,False,True
2876917289,human,False,False
2849051246,cross-system,True,True
2849872076,cross-system,True,True
2849890594,cross-system,True,True
2849908718,cross-system,True,True
2849996683,cross-system,True,True
2928401403,cross-system,True,True
2948008339,cross-system,True,True
2997275652,cross-system,True,True
2866838694,cross-system,False,True
2908430576,cross-system,False,True
2980925943,human,True,False
2981004212,human,True,False
2910053824,cross-system,True,True
2906386668,cross-system,True,True
2926778104,cross-system,True,True
2882460799,human,False,True
2848365125,cross-system,True,True
2898911662,cross-system,False,True
2863782590,cross-system,True,True
2861742487,human,False,False
2861752516,human,False,False
2942994748,human,False,False
2969570722,cross-system,True,True
2906444303,cross-system,False,True
2875549408,human,True,False
2876049422,human,True,False
2948001557,human,False,False
3056812106,cross-system,False,True
3013462167,human,True,True
3013640900,human,True,False
3013651384,human,True,False
2905681178,cross-system,True,True
3067914555,cross-system,True,True
2942005997,human,False,True
2975269072,cross-system,False,True
2975269276,cross-system,False,True
2975274967,cross-system,True,True
2975278776,human,True,False
2978795480,human,False,False
2854420583,cross-system,True,True
2875432063,cross-system,True,True
2927547798,cross-system,False,True
2927556584,cross-system,True,True
2927559518,cross-system,False,True
2852152347,cross-system,True,True
2850409660,cross-system,True,True
2855241358,cross-system,True,True
2860176544,cross-system,True,True
3013442578,human,True,True
2947523788,human,False,True
2955408744,cross-system,True,True
2937619315,cross-system,False,True
3051773213,cross-system,False,True
3051779580,cross-system,True,True
3033792642,cross-system,False,True
3033871513,cross-system,False,True
3033927285,cross-system,False,True
3033942611,cross-system,False,True
3029482570,cross-system,False,True
3035624233,cross-system,False,False
2848311052,cross-system,False,True
2865533115,cross-system,True,False
2865534423,cross-system,True,True
2865544265,human,True,False
2866954722,cross-system,False,True
2889574292,human,False,False
2932777616,cross-system,False,True
2932792854,human,False,False
2935825505,human,False,False
2853462447,human,False,False
2848302519,cross-system,False,True
2855652006,cross-system,True,True
2867531206,cross-system,True,False
2867542010,cross-system,True,True
2984994972,human,False,False
2948458357,cross-system,False,True
2899703913,cross-system,False,True
2992106780,cross-system,True,True
2864946264,cross-system,True,True
3069946741,cross-system,True,True
3069947504,cross-system,False,True
3069969222,human,False,True
2922795912,human,False,True
2855913584,cross-system,True,True
2948340655,human,False,True
2884139902,human,False,True
2923601129,cross-system,False,True
2923605920,cross-system,False,True
2923643474,human,False,False
2858745004,cross-system,True,True
2918329612,cross-system,True,True
2918364903,human,True,False
2918365924,cross-system,True,False
2918368295,human,True,False
2918369990,cross-system,True,False
2918373284,human,True,False
2918374022,cross-system,True,False
2918374775,human,True,False
2918375366,cross-system,True,False
2918382765,human,True,False
2918383395,cross-system,True,False
2918449832,cross-system,True,True
2918466481,cross-system,False,False
2918476072,cross-system,True,True
2918630843,cross-system,True,True
2918928409,cross-system,True,True
2918933695,human,True,False
2918934105,cross-system,True,False
2919725712,cross-system,True,True
2919808815,cross-system,True,True
2919857697,cross-system,False,False
3049096027,cross-system,False,True
3049096425,cross-system,False,True
3049100111,cross-system,True,True
3049101024,cross-system,True,True
3049890631,human,False,True
3055249770,human,False,False
2898748979,human,False,False
2969418330,human,True,False
2915412654,human,True,False
2915413172,human,False,False
2853390628,human,False,True
2919007408,cross-system,True,True
2919020948,cross-system,True,True
3056423109,human,False,False
2995245063,human,False,True
2996128991,human,False,True
2858092408,cross-system,True,True
2984234267,cross-system,False,True
2864672656,human,False,False
2914299975,cross-system,False,True
2914302941,cross-system,True,True
2853575299,human,False,False
2853576142,cross-system,False,True
2849087904,cross-system,False,True
2859412960,cross-system,True,False
2859413851,cross-system,False,True
2859418475,cross-system,True,True
2859558076,cross-system,True,False
2864820965,human,True,False
2864862640,human,True,False
2864874096,human,True,False
2864914176,human,True,False
2978726514,human,False,False
2919393347,cross-system,False,True
2866473582,human,True,False
2866476897,cross-system,False,True
2866617876,human,False,True
2866835042,human,True,False
2866844171,human,True,False
2866861041,cross-system,True,True
2869093679,human,True,False
2887671299,cross-system,True,True
2948769260,cross-system,False,True
2927197865,cross-system,False,True
2961416232,human,False,True
2855732796,cross-system,True,True
3001511640,cross-system,True,True
3034871359,cross-system,False,True
2951826178,human,False,False
2851785386,cross-system,True,True
2972706073,human,True,False
2972751621,human,True,False
2857446510,cross-system,True,True
2858857331,cross-system,True,True
3021404427,cross-system,False,True
2854853042,cross-system,False,True
2907062102,cross-system,True,False
2880888953,cross-system,False,True
2969961024,human,False,True
3013479496,human,True,True
3013709935,human,True,False
2948216147,cross-system,True,True
2948217077,human,True,False
2948217634,human,True,False
2948218740,human,True,False
2948218911,human,False,False
2859143034,cross-system,False,True
2859034689,human,False,False
2876920478,cross-system,False,True
2876922154,cross-system,True,True
2876981387,human,True,False
2876982774,cross-system,True,False
2877069688,human,False,False
2847981665,cross-system,False,True
2941717064,human,False,True
2941717606,human,False,True
2898928895,cross-system,False,True
2898931727,cross-system,False,True
2946818919,human,False,True
2933302626,human,False,False
2880895014,cross-system,True,True
2858724749,cross-system,True,True
3010544516,human,False,False
2928416566,human,False,True
2850758600,cross-system,True,True
2904357210,cross-system,False,True
2929261762,cross-system,True,True
2929315307,human,True,False
2929315817,human,True,False
2929320754,cross-system,True,False
2929320819,cross-system,True,False
2980162239,human,False,False
3013599512,cross-system,False,True
3013599537,cross-system,False,True
3013600555,cross-system,True,True
3013600944,cross-system,True,True
3013882322,human,False,False
3014131826,human,False,False
2917670921,cross-system,False,False
2880981923,cross-system,True,True
3055129656,cross-system,False,True
3056417429,cross-system,True,True
2989158712,cross-system,False,True
3059397436,human,False,True
2854871709,cross-system,True,True
2857576200,human,False,False
2894368888,human,False,True
2894369226,human,False,True
2948385465,human,False,True
3054260964,cross-system,False,True
3054263094,cross-system,True,True
3054315787,cross-system,True,True
3054752897,cross-system,True,True
2907820619,cross-system,False,True
2898029673,cross-system,True,True
2898331953,cross-system,True,True
2958960932,human,False,False
2911127022,cross-system,False,True
2911155534,cross-system,False,True
2947501680,human,False,True
2911721950,cross-system,False,True
3042559484,human,False,False
2861797941,human,True,False
3033114273,cross-system,True,True
2978052956,cross-system,False,True
2915233693,cross-system,False,True
2862869233,cross-system,False,True
2959682397,cross-system,False,True
2898288978,cross-system,False,True
2863852532,cross-system,True,True
2863852897,cross-system,True,True
2866061957,human,False,True
2867015705,cross-system,False,True
2867017531,human,True,False
2867017626,human,True,False
2867017708,human,True,False
2867017749,cross-system,True,False
2867017817,cross-system,True,False
2867017902,cross-system,True,False
2950475448,cross-system,True,True
2921676148,human,False,False
2933237792,cross-system,False,True
2872022119,cross-system,True,True
2872029148,cross-system,False,True
2923372985,human,False,False
2863141281,human,True,False
2863140910,human,True,False
2863141718,human,False,False
2893816753,cross-system,False,True
2893820105,cross-system,False,True
2913091951,cross-system,False,True
2913106186,cross-system,False,True
2913164579,cross-system,True,True
2913483876,human,True,False
2913489683,cross-system,True,False
2913490173,cross-system,True,False
2913490242,cross-system,True,False
2913494186,cross-system,True,False
2913494191,cross-system,True,False
2913504120,cross-system,True,False
2913631536,cross-system,True,False
2913631735,cross-system,True,False
2913632221,cross-system,True,False
2914766120,cross-system,True,True
2914816932,cross-system,False,True
2869211261,human,True,True
2869263043,human,True,False
2869264995,human,True,False
2869265257,human,True,False
2869265687,human,True,False
2869265841,human,True,False
2869266325,human,True,False
2869266467,human,True,False
2869268107,human,True,False
2869268783,human,True,False
2870086263,human,False,True
2907868505,cross-system,False,True
2906165444,human,False,False
2964436484,cross-system,True,True
2964439391,cross-system,False,True
2964441342,human,False,True
3002777453,cross-system,False,True
2855417764,cross-system,False,True
2855419824,cross-system,False,True
2922108539,cross-system,True,True
2924707364,cross-system,False,True
2924715643,cross-system,True,True
3020293972,human,False,False
2932851289,human,True,False
2932862176,cross-system,True,False
2932830984,cross-system,True,False
2936185246,human,True,False
2936198739,cross-system,True,False
3030208140,human,False,False
2863777723,cross-system,True,True
2849970090,human,False,False
2848894648,cross-system,True,True
2910864131,human,True,False
2910864873,human,True,False
2917702037,human,False,False
2913687519,cross-system,False,True
2914088294,cross-system,False,True
2848358795,cross-system,False,True
2904352888,cross-system,True,True
2854017508,cross-system,False,True
2893840873,cross-system,False,True
2898957951,cross-system,False,True
2937425986,cross-system,False,True
2937425574,cross-system,False,True
2937427549,cross-system,True,False
2937432961,cross-system,True,True
3072984743,cross-system,False,True
2893685217,cross-system,True,True
3059734602,human,False,True
2903715701,cross-system,False,True
2903718063,human,False,True
2988507257,cross-system,False,True
2896206796,cross-system,True,True
2896402710,cross-system,False,True
2854908228,cross-system,True,True
2849183317,cross-system,False,True
2964488728,human,False,False
3014160182,cross-system,False,True
3014160343,cross-system,True,True
3014160457,cross-system,True,True
3014299708,human,True,False
2993293826,cross-system,True,True
2868762800,cross-system,False,True
2868767087,cross-system,True,True
2993095038,cross-system,False,True
2993119928,cross-system,True,True
2930934925,human,False,False
2858012375,cross-system,True,True
2868598713,human,True,True
2868636931,human,True,False
2868819179,human,True,False
2870650376,human,False,True
2849360404,cross-system,True,True
2852237304,cross-system,False,True
3030942397,human,False,False
2954348981,human,False,False
2909345887,human,False,True
3015019160,cross-system,True,True
3015305640,cross-system,True,True
3015786509,cross-system,True,True
2848311883,cross-system,False,True
2898298252,cross-system,False,True
3006828706,cross-system,True,True
2938443006,cross-system,True,True
2938444241,cross-system,True,True
2938953820,human,False,True
2848347143,cross-system,False,True
2978389061,cross-system,True,True
2978390840,cross-system,False,True
2978392283,cross-system,True,True
2978513728,human,False,True
3038820765,human,False,True
2849085890,cross-system,True,True
2900994626,cross-system,False,True
2901000365,cross-system,False,True
3035491539,cross-system,False,True
3035494318,cross-system,True,True
3035533160,cross-system,True,True
3035776026,cross-system,True,True
2848270631,human,True,False
2950293723,cross-system,False,True
2924497306,cross-system,True,True
3014295230,human,False,False
2907829279,cross-system,False,True
2962442174,cross-system,False,True
2896284755,cross-system,False,True
2852442330,cross-system,True,True
2915621824,cross-system,False,True
2849274758,cross-system,True,True
2848831293,cross-system,False,True
2898416222,cross-system,False,True
2898579812,cross-system,False,True
2947449464,human,False,True
2947982731,cross-system,True,True
2929333030,human,True,False
2930583986,human,False,False
2869512920,cross-system,False,True
2870326704,human,False,True
2870644222,human,True,False
2870838496,human,False,False
2849051181,cross-system,True,True
2849883415,cross-system,False,True
2849999464,cross-system,True,True
2978476127,cross-system,True,True
2978478417,cross-system,False,True
2978479696,human,False,True
2926814913,cross-system,True,True
2864936746,cross-system,True,True
2849230491,cross-system,False,True
2849283311,human,True,True
2849798636,human,True,False
2869170557,cross-system,True,True
2882026678,human,False,False
2849107505,cross-system,False,True
2998315603,human,False,False
2902733091,human,True,False
2904898158,human,True,False
2905611650,human,True,False
2905613755,human,True,False
2907353894,human,True,False
2910094678,human,True,False
2910167563,human,True,False
2910169103,human,True,False
2910171149,human,True,False
2911669078,human,True,False
2911694172,human,True,False
2913281043,human,True,False
2913799448,human,True,False
2914551244,human,False,False
2907673679,cross-system,False,True
2907674267,cross-system,True,True
2907755757,human,False,False
2909029659,cross-system,False,True
2879309904,cross-system,False,True
2925390916,cross-system,False,True
2932083610,human,False,False
2932453103,cross-system,False,True
2932755995,human,False,False
2899052786,cross-system,False,True
3034518056,cross-system,False,True
3034526405,cross-system,True,True
3035199991,cross-system,True,True
3123774454,cross-system,True,True
3123776731,human,True,False
2992057379,cross-system,True,True
2992089458,cross-system,False,True
2941271935,human,False,True
2941218466,human,False,True
2930755338,human,False,True
2849090344,cross-system,True,True
2849084903,cross-system,False,True
2861344021,cross-system,True,True
2917799927,cross-system,False,True
2917919214,human,False,False
3035496557,cross-system,True,True
2933794450,cross-system,True,True
2937294173,cross-system,True,True
2937322066,cross-system,False,True
2946835619,human,True,False
2947208494,human,True,False
2858229379,cross-system,False,True
2922014014,cross-system,True,True
2922028489,human,True,False
2922029659,cross-system,True,False
2922035777,human,True,False
2922037163,cross-system,True,False
2946388479,cross-system,True,True
2898876295,cross-system,False,True
2892123166,human,False,False
2944606247,human,False,True
2848316558,cross-system,False,True
2908640754,cross-system,True,True
2895895636,cross-system,False,True
2895998240,human,False,False
2969249107,human,False,False
3036147851,cross-system,False,True
3036148006,cross-system,True,True
2906333242,cross-system,False,True
3088050827,human,False,True
3096686000,human,False,False
3096864661,human,False,False
2928953329,cross-system,False,True
2918073085,cross-system,True,True
2884224073,cross-system,False,True
2867264384,cross-system,True,True
2867269203,cross-system,True,True
2867317062,human,False,True
3045428186,human,False,False
2849953269,human,False,False
2862944838,cross-system,True,True
2862946036,cross-system,True,True
2862948677,human,True,False
2862954710,human,False,True
2862966700,human,True,False
2903576909,human,False,True
2858481662,cross-system,True,True
2985199963,cross-system,True,True
2985201128,cross-system,False,True
2985218488,human,False,True
3019447553,human,False,False
2990027243,human,False,False
2990073806,human,True,False
2990436174,human,False,False
2898270213,human,False,True
2937515530,cross-system,True,True
2937515872,human,True,False
2937516763,cross-system,False,True
2937533988,human,True,False
2937535626,human,True,False
2937548105,human,True,False
2937553102,human,True,False
2937554093,human,True,False
2937554892,human,False,True
2881964705,human,False,False
2915085430,human,False,False
2944152106,cross-system,False,True
2944152173,cross-system,False,False
2856065463,cross-system,True,True
2896309051,cross-system,False,True
3069916143,cross-system,True,True
2848690207,human,False,True
2848690651,human,False,False
2992552236,cross-system,False,True
2992557576,cross-system,True,True
2992636035,cross-system,True,True
2994990804,cross-system,True,True
2997155419,cross-system,True,True
2998316754,cross-system,True,True
2998348409,cross-system,True,True
3018901035,human,True,False
3018916829,human,True,False
3030581234,human,True,True
3030619619,human,False,False
2857812253,cross-system,True,True
2848232855,cross-system,True,True
2870156541,human,True,True
2937675012,cross-system,True,True
2983060550,cross-system,True,True
2983064126,cross-system,False,True
2983231795,human,False,True
2998539560,cross-system,False,True
2998541089,cross-system,False,True
2998691937,human,False,True
2848503318,cross-system,True,True
2932134181,cross-system,True,True
2947730416,human,True,False
2947742332,cross-system,True,True
2947743636,human,True,False
2947743646,human,True,False
2947743764,cross-system,True,False
2947743785,cross-system,True,False
2947744399,cross-system,False,True
2947744755,human,True,False
2947745020,cross-system,True,False
2947745140,human,True,False
2947755241,human,True,False
2947755391,cross-system,True,False
2947765252,cross-system,False,True
2947798101,cross-system,False,True
2947802323,human,True,False
2947803034,cross-system,False,True
2947819525,cross-system,True,True
2947884637,cross-system,False,True
2947936331,human,True,False
2977127089,human,True,True
2978604727,human,True,False
2979801223,human,True,False
2979843053,human,True,False
2980782242,human,True,False
2872000605,cross-system,False,True
2872630591,cross-system,True,True
2874198381,cross-system,True,True
2880892350,cross-system,True,True
2999939178,cross-system,False,True
2955686346,human,True,False
2962467623,human,False,False
2921260547,cross-system,False,True
2921262819,cross-system,False,True
2899533215,cross-system,True,True
3063787010,cross-system,True,True
2853045545,cross-system,False,True
3016620578,human,False,False
2920042489,cross-system,True,True
2930967267,human,True,False
2932417934,human,True,False
2937808512,human,False,False
2937812676,human,False,False
2854718936,cross-system,True,True
3036154363,cross-system,False,True
3036154723,cross-system,True,True
2959707489,cross-system,False,True
2884136170,human,False,True
2898350194,cross-system,True,True
2898569356,cross-system,True,True
2977174402,human,True,True
2977188791,cross-system,False,True
2848349819,cross-system,False,True
2848350365,cross-system,True,True
2888216630,human,False,False
2882049296,human,False,True
2879184659,cross-system,False,True
2879964912,human,False,False
2879965408,human,True,False
3052522600,cross-system,True,True
3052624677,human,True,False
3052636376,human,True,False
3054810352,human,True,False
3066011281,human,True,False
2855397932,cross-system,False,True
2855401149,cross-system,True,True
2869367665,cross-system,True,True
2869368562,cross-system,False,True
2884113366,human,False,False
2978276673,cross-system,False,True
2947137938,human,False,True
2950363141,human,True,True
2950399004,human,True,False
2950473799,human,True,False
2950602123,human,False,True
2926816333,human,False,False
2850874077,cross-system,False,True
2997836523,human,False,True
2997841161,cross-system,False,True
2947742182,human,False,False
2849087840,cross-system,True,True
2937488893,cross-system,False,True
2899655329,cross-system,False,True
2854926595,cross-system,False,True
2898237136,human,False,True
2855376642,human,False,False
3038826489,human,False,True
2849089342,cross-system,False,True
2905784382,cross-system,False,True
2905795775,cross-system,True,True
3071689529,human,False,False
2922820337,cross-system,False,True
2923503655,cross-system,False,True
2925357190,human,False,True
2947915141,cross-system,True,True
2868953474,cross-system,False,True
2874465202,human,True,False
2874469496,cross-system,True,True
2874483552,human,True,False
2869065983,cross-system,True,True
2848449415,cross-system,False,True
2876763998,human,True,False
3011329278,human,False,False
2855401889,cross-system,False,True
2855403686,cross-system,False,True
3013561756,cross-system,False,True
3013582622,cross-system,False,True
3013661924,cross-system,False,True
3013674648,cross-system,False,True
3013686640,cross-system,False,True
3013689713,cross-system,False,True
3013694567,cross-system,False,True
3017542156,cross-system,False,True
2852943400,human,False,False
2849085613,cross-system,False,True
2850945567,cross-system,True,True
2935891178,cross-system,True,True
2875593967,human,False,False
2991534306,human,False,True
2930116819,cross-system,False,True
2970590985,human,True,False
2970593314,human,True,False
2970612539,human,False,True
2869336896,cross-system,True,True
2869340294,cross-system,True,True
2869344841,human,True,False
2869345071,cross-system,False,True
2869345826,cross-system,True,False
2869351748,cross-system,True,True
2869405545,cross-system,True,True
2869432401,cross-system,True,True
2869443530,cross-system,True,False
2869444937,human,True,False
2869445479,cross-system,True,False
2869451577,cross-system,True,True
2870321437,human,False,True
2870645565,human,True,False
2870646154,human,True,False
2870709139,cross-system,False,True
2870716806,cross-system,True,True
2870763507,human,False,False
2870763551,human,False,False
2866117104,cross-system,False,True
2977450780,cross-system,False,True
2849326563,cross-system,True,True
2988346206,cross-system,False,True
2916744804,cross-system,False,True
2859182851,cross-system,False,True
2859184933,cross-system,True,True
2859203762,human,True,False
2861209197,human,True,False
2861223719,human,True,False
2861225113,cross-system,True,False
2861835391,human,True,False
2861849694,human,True,False
2862083503,human,True,False
2862084211,cross-system,True,False
2862092304,human,True,False
2862099006,human,True,False
2866396244,human,False,True
2933956696,cross-system,True,True
2933957516,cross-system,True,True
2933958713,cross-system,False,True
2933963428,cross-system,True,True
2944562039,human,False,True
2929201322,cross-system,True,True
2929218013,human,True,False
2929223361,cross-system,True,False
2848450565,cross-system,True,True
2900842589,human,False,True
2900846065,cross-system,False,True
2900850542,cross-system,True,True
2912177609,human,False,False
3045578998,human,False,True
3058915835,human,False,False
2993340261,cross-system,True,True
2849366486,cross-system,True,True
2880346092,human,False,True
2938175733,human,True,False
2938312579,human,False,False
2948375244,human,False,True
2918238066,human,True,False
2918702683,human,True,False
2934421221,human,False,False
2882804810,cross-system,True,True
2908624678,cross-system,True,True
2989930705,human,True,False
2989931150,human,False,False
2989975753,human,True,False
2990025487,human,True,False
2859994555,human,False,False
2950575461,cross-system,False,True
2955837865,human,False,True
3029037708,human,False,False
2948271439,human,False,True
2893225417,cross-system,True,True
2855282107,human,False,True
2855099652,cross-system,True,True
2879931807,cross-system,False,True
2895723540,cross-system,True,True
2943884057,cross-system,True,True
2865003189,human,False,False
2906484052,human,True,False
2998433779,human,True,False
2998444500,human,False,False
2998462767,human,True,False
2881890357,cross-system,True,True
2947454680,human,False,True
2930963502,cross-system,False,True
2931175299,human,False,False
2934707418,human,False,False
2848358087,cross-system,True,True
2880890106,cross-system,True,True
2848334006,cross-system,False,True
2908576556,cross-system,False,True
2856633646,human,False,True
2924659863,cross-system,False,True
2852389183,cross-system,False,True
2852906461,human,False,True
3052739530,cross-system,True,True
3053734083,cross-system,True,True
3053855799,cross-system,True,True
3053925360,cross-system,False,True
3054028038,human,True,False
3054028576,cross-system,True,False
2946780728,human,False,True
2965063537,cross-system,False,True
2919297958,human,True,False
2849090068,cross-system,True,True
2929707356,cross-system,False,True
2849010242,human,False,True
2897157106,human,True,False
2897166515,human,True,False
2897170226,human,False,False
2925607557,cross-system,True,True
2928913731,human,False,False
2955819020,human,False,True
2870676934,human,False,True
2907737865,cross-system,True,True
2907821639,cross-system,True,True
2925909396,human,False,True
2866840765,cross-system,False,True
3081141154,human,False,False
2855299301,cross-system,False,True
2969070658,human,True,False
2898810013,cross-system,True,True
2898810847,cross-system,True,True
2900300308,cross-system,True,True
2900651956,human,True,False
2912171755,human,False,False
2962644532,cross-system,False,True
2854109719,cross-system,False,True
2856154504,cross-system,True,True
2849089461,cross-system,False,True
2911518316,cross-system,True,True
2911943857,cross-system,True,True
2900017611,human,False,True
2985261265,cross-system,True,True
2985329014,human,False,True
2859256529,cross-system,True,True
2928458221,human,False,False
2876870744,human,False,False
3050336680,human,True,True
3050362738,human,True,False
3050433656,human,True,True
2909744424,cross-system,False,True
2881008581,cross-system,True,True
2971472306,human,True,False
2917595077,cross-system,True,True
2917598592,cross-system,False,False
2933315857,cross-system,True,True
2935901647,human,True,False
2935910037,cross-system,True,True
2850379600,cross-system,True,True
2848461159,human,False,False
2858509659,cross-system,True,True
2858899817,human,True,False
2858920119,human,False,True
2861741440,human,True,False
3076914240,cross-system,True,True
2899019402,cross-system,True,True
2899067383,cross-system,True,True
2899105787,cross-system,True,True
2899121081,cross-system,True,True
2864699959,cross-system,True,False
2864699989,cross-system,False,True
2933125685,human,False,True
3057971187,cross-system,True,True
3057977502,human,True,False
3057977843,human,True,False
3057978085,cross-system,True,False
3057978518,cross-system,True,False
2870521098,human,False,False
2908848745,cross-system,False,True
2894905370,human,True,False
2897086211,human,False,False
3034864250,cross-system,False,True
2918528522,human,False,True
2869087122,human,False,False
2921905957,cross-system,True,False
2918581631,human,True,False
2918724866,human,True,False
2918854214,human,True,False
2918953836,human,True,False
2918957146,human,True,False
2918960018,human,True,False
2918961412,human,True,False
2918968841,human,True,False
2919042681,human,True,False
2919049051,human,True,True
2919083775,human,True,False
2919085986,human,True,False
2919936848,human,True,False
2920023539,human,True,False
2920024354,human,True,False
2933199901,human,True,False
2933201013,human,True,False
2850624759,cross-system,False,True
2847983325,cross-system,False,True
2847983415,cross-system,True,False
2888787030,cross-system,True,True
2888855446,cross-system,False,True
2889095506,cross-system,False,True
2890193487,cross-system,False,True
2851468819,cross-system,True,True
2933246541,cross-system,False,True
2933588188,human,False,True
3007444754,cross-system,True,True
3007464120,cross-system,True,True
3007471853,cross-system,True,True
2904371288,cross-system,True,True
2911448033,human,True,True
2886977338,cross-system,False,True
2887035171,human,False,True
2942302605,cross-system,True,True
2942308141,cross-system,False,True
2942673429,human,False,True
2943002639,human,False,True
2948503171,human,False,True
2912984484,human,True,False
2879065205,human,False,True
2879048959,cross-system,True,False
2881703991,cross-system,True,False
2881974299,human,False,False
2896224796,cross-system,True,True
2896232640,cross-system,True,True
2896475627,human,False,True
2895819364,cross-system,False,True
3035546329,cross-system,False,False
2889342731,cross-system,False,True
2923369047,human,False,False
2958657452,human,True,False
2958817103,human,True,False
2960588394,human,True,False
3053628286,cross-system,False,True
2872978318,cross-system,True,True
2968954729,cross-system,False,True
2898847277,cross-system,True,True
3032730935,cross-system,False,True
3033027493,cross-system,False,True
3049028077,cross-system,True,False
2937994686,human,True,False
2855889558,cross-system,False,True
2855891858,cross-system,True,True
2856844655,human,True,False
2858113664,human,True,False
2858118808,human,True,False
2858240273,human,True,False
2866396655,human,False,True
2923591069,cross-system,False,True
2985623246,human,True,False
2985623652,human,True,False
2985636643,human,True,False
2985637307,human,True,False
2985638688,human,True,False
2985638850,human,True,False
2995657448,human,True,False
2995666314,human,True,False
2995666364,human,True,False
2995666455,human,True,False
2995950607,human,False,True
2947331276,cross-system,False,True
2947753250,human,False,False
2850823312,human,True,False
2850827704,human,True,False
2951553535,human,False,False
2947541535,human,False,True
3060264268,human,True,False
2853847879,cross-system,True,True
2854909931,human,False,True
2854854745,cross-system,False,True
3018032859,cross-system,False,True
3018032908,cross-system,False,False
2926724658,human,False,False
2945125989,human,False,False
2908861140,cross-system,False,True
2969085158,cross-system,True,True
2969118629,cross-system,True,True
2969150523,cross-system,True,True
2969157259,cross-system,True,True
2969163977,cross-system,True,True
2903788105,cross-system,False,True
2904557125,human,False,False
2858550266,cross-system,True,True
2851252085,human,False,False
2859317802,cross-system,True,True
2898332618,cross-system,True,True
2936455835,cross-system,True,True
2936814674,human,False,False
2859086894,cross-system,True,True
2859249295,cross-system,True,True
2848568209,cross-system,False,True
3036008192,cross-system,False,True
3036008213,cross-system,True,True
3036008698,cross-system,True,True
3036009789,human,True,True
3036013588,human,True,False
3036013730,human,True,False
3036014104,human,True,False
3036014292,cross-system,True,False
3206215995,cross-system,True,True
3036022557,human,False,False
2855285341,cross-system,False,True
2994980572,cross-system,True,True
3013493479,human,True,False
2899325008,human,True,False
2899625388,human,False,False
3054843444,human,False,False
2898179707,cross-system,True,False
2898180836,cross-system,False,True
2898175394,cross-system,True,True
2898211783,cross-system,True,True
3052593823,human,False,False
2948506715,cross-system,False,True
2928191185,cross-system,True,True
2928348919,cross-system,True,True
3232103799,cross-system,True,True
3232149134,cross-system,True,True
3250043841,cross-system,True,True
2985130425,cross-system,True,True
2985135412,cross-system,False,True
2985153466,human,False,True
2922510889,cross-system,True,True
2973094883,human,False,False
2973100747,human,False,False
2940262316,human,False,True
2878145390,cross-system,False,True
2879115532,human,False,True
2855400210,cross-system,False,True
2855401002,cross-system,False,True
2885080564,cross-system,False,True
2886050679,human,False,False
2898299247,cross-system,False,True
3051632235,human,False,True
3001955254,cross-system,False,True
3001955423,cross-system,False,False
2944506657,human,False,True
2879794992,human,False,False
3007806820,human,False,True
2897683055,cross-system,False,True
2897690259,cross-system,False,True
2880891819,cross-system,True,True
2859261717,human,False,True
2860705090,human,True,False
2861518559,human,False,True
2861955018,human,True,False
2862041488,human,True,False
2865215286,human,True,False
2879714845,human,True,True
2879794981,human,True,False
2881984677,human,True,False
2881986419,human,True,False
2881998659,human,True,False
3038097100,cross-system,False,True
3038097527,cross-system,False,True
3038099533,cross-system,True,True
2932405227,cross-system,True,True
2912969163,cross-system,True,True
2913121229,cross-system,False,True
2858451185,cross-system,True,True
2912381591,cross-system,False,True
2912385193,cross-system,True,True
2849087321,cross-system,True,True
2861722630,cross-system,True,True
2930330217,human,False,False
2983002066,human,True,False
2983329047,human,False,True
3025025618,human,False,True
3025870704,human,True,False
2870466429,human,True,False
2870828747,human,False,False
2855866622,cross-system,False,True
2911651641,human,False,False
2889117393,cross-system,False,True
2889224897,human,False,False
2890040469,human,False,False
2944039329,cross-system,True,True
2908889883,cross-system,True,True
2848465447,cross-system,True,False
2848468240,cross-system,False,True
2849069245,human,False,False
2904259932,cross-system,True,True
3237714709,human,False,False
3237790344,cross-system,False,True
2854658469,cross-system,False,True
2893223068,cross-system,True,True
2900955502,cross-system,False,True
2900965700,cross-system,False,True
2930598773,human,True,False
2909963777,cross-system,False,True
3029255926,human,True,False
3029257234,human,False,False
3030893555,human,True,False
3001803444,human,True,False
2861649003,human,False,False
2914591572,cross-system,True,True
2919046670,cross-system,True,True
2925534571,cross-system,True,True
2926238136,cross-system,True,True
2926533384,human,True,False
2926754762,cross-system,False,True
2928190608,cross-system,True,True
2928193835,human,True,False
2928209013,cross-system,True,True
2989022309,human,False,False
2954551901,human,False,False
2927293329,cross-system,False,True
2927295337,cross-system,False,True
2938291863,human,True,False
2938298838,human,True,False
2938614083,human,True,False
2938614363,human,True,False
2943739993,human,True,False
2945606331,human,True,False
2948792610,human,True,False
2949233586,human,True,False
2973619035,human,True,False
2981738832,human,True,False
2848358018,cross-system,False,True
2907024774,cross-system,False,True
2907026963,cross-system,True,False
3036175611,cross-system,True,True
2852017868,cross-system,True,True
3059115286,cross-system,False,True
3059399131,human,False,True
2849469025,cross-system,True,True
2849543849,human,False,True
2874923065,cross-system,True,True
2874924648,cross-system,True,True
2874996331,human,False,True
2980597554,cross-system,False,True
2917580214,human,False,False
3000608622,cross-system,False,True
3000609608,same-system,False,True
2942171523,cross-system,True,True
2949924446,cross-system,True,True
2953084663,cross-system,True,True
3010395386,human,True,False
2990878712,cross-system,True,True
2990956382,cross-system,True,True
2991077246,cross-system,True,True
3036926029,cross-system,False,True
3036932001,cross-system,True,True
2948123704,same-system,False,True
2948852526,same-system,False,True
2948930004,same-system,False,True
2961112074,same-system,False,True
2961149234,human,False,True
2908545263,cross-system,False,True
2918419594,human,False,False
3009391515,cross-system,False,True
3057268371,same-system,True,False
3057270090,human,False,False
3057273433,same-system,False,True
3051148742,cross-system,False,True
3051153411,cross-system,True,True
2944728879,human,False,False
2944818248,human,False,False
2944999294,human,False,False
2946307924,human,False,False
2974094389,human,False,True
2910113514,human,True,False
3032849783,cross-system,False,True
3010827277,human,False,False
3012493558,same-system,False,True
2990883264,cross-system,True,True
3047826018,human,False,False
2918954871,cross-system,True,True
2983099636,human,False,False
2953185780,same-system,False,True
2953224307,same-system,False,True
2955841042,human,True,False
2956997949,same-system,False,True
2963851680,human,True,False
2963889023,human,True,False
2991245903,human,True,False
3034620832,human,True,False
3034623698,human,True,False
3034626011,human,True,False
2973233583,cross-system,False,True
2959456197,human,False,True
2963052545,same-system,False,True
2963140850,same-system,False,True
3014994007,same-system,False,True
3038540152,cross-system,False,True
3038544022,cross-system,True,True
2910605044,same-system,False,True
2910863308,same-system,False,True
2912337333,human,False,True
3038542274,cross-system,False,True
3038546871,cross-system,True,True
2976719730,human,False,False
2979305046,human,False,False
2961640921,human,False,False
3051027131,cross-system,False,True
3051030156,cross-system,True,True
3013194789,cross-system,True,True
2910541014,human,False,True
2976215520,cross-system,True,True
2932946281,human,True,True
2932968043,same-system,False,True
2939736014,human,True,False
2939743368,human,True,False
2939745410,human,True,False
2939747305,human,True,False
2939749778,human,True,False
2939768771,human,True,False
2942596722,same-system,False,True
2942607297,same-system,False,True
2943184511,human,True,False
2946696006,same-system,False,True
2946732061,human,True,False
2946738032,same-system,False,True
2959211410,same-system,False,True
2959276489,same-system,False,True
3005884870,same-system,False,True
2936252913,human,False,False
3013974732,same-system,False,True
2944622569,cross-system,False,True
2960081121,cross-system,False,True
3002073844,same-system,False,True
3002093794,cross-system,False,True
2975754833,cross-system,True,False
3058917429,same-system,True,True
2994963725,cross-system,False,True
2884078643,cross-system,True,True
3010259899,cross-system,False,True
3010275282,cross-system,True,True
3001022503,human,True,False
3042492603,cross-system,False,True
3042494747,cross-system,True,True
2963369565,human,False,False
2953386934,human,False,False
2963639005,human,False,False
3037009278,cross-system,True,True
3015324824,human,False,False
2917584226,human,True,False
2918703465,human,False,True
2952438824,human,False,False
2936500519,human,False,True
3077754176,same-system,True,True
3108700317,human,False,False
3109729005,human,False,False
3113763727,human,False,False
3113764742,human,False,False
3113774070,human,False,False
3009717590,same-system,False,True
3009721027,cross-system,True,True
2991732396,cross-system,False,True
2922498875,human,False,False
2988327326,cross-system,True,True
2995418958,cross-system,False,True
2947821687,human,False,False
2932517515,human,True,False
2933683308,human,True,False
2944125852,same-system,False,True
2945916800,human,False,False
2947992872,cross-system,True,True
2947992962,same-system,False,True
3014247271,same-system,False,True
2940779348,human,False,False
3052436532,same-system,True,False
3068686893,human,False,False
3044213777,human,False,False
3047943430,human,False,False
2990949543,same-system,False,True
2980417074,cross-system,False,True
2953908250,human,False,True
3028101205,human,True,False
3028537699,human,True,False
3028570578,human,True,False
3005758844,same-system,False,True
3001689131,human,False,False
2906739305,cross-system,False,True
3014320381,same-system,False,True
2943864179,cross-system,False,True
3018250673,same-system,False,True
3018273292,same-system,False,True
3018303013,same-system,False,True
3018324993,same-system,False,True
3018330301,same-system,False,True
3018340805,same-system,False,True
2964140042,cross-system,False,True
2989736292,same-system,False,True
2991049707,same-system,False,True
2979545216,human,False,True
3000707808,same-system,False,True
2936746394,human,False,False
2947739503,cross-system,False,True
2947739621,human,False,False
2955916114,cross-system,True,False
2955916149,cross-system,True,False
2955916239,cross-system,True,False
2955916292,cross-system,True,False
2955916333,cross-system,True,False
2955922181,cross-system,True,True
2963941936,same-system,False,True
2963943072,same-system,False,True
2968454504,human,True,False
2968454821,human,True,False
2968455886,human,True,False
2968457190,human,True,False
3042619093,cross-system,False,True
3042626033,cross-system,True,True
3036098601,cross-system,True,True
3036100277,same-system,False,True
2906067180,cross-system,False,True
3038544529,cross-system,False,True
3038548580,cross-system,False,True
2999984899,human,False,False
2999992376,cross-system,False,True
2941798025,human,False,False
2919787638,human,False,False
2848268500,cross-system,True,True
2910617748,human,False,False
2973196330,cross-system,True,True
3049148905,human,False,False
3036077811,cross-system,True,True
3036081139,same-system,False,True
3036085358,same-system,False,True
2930346233,human,True,False
2932323386,human,True,False
2932324858,human,True,False
2932336867,human,True,False
2932367313,human,True,False
2932384463,human,True,False
2936625426,human,True,False
2939806485,human,False,False
3020789996,cross-system,False,True
3020793560,cross-system,True,True
3021024040,human,False,False
2947812307,human,False,True
2979671570,human,False,False
3045557324,cross-system,True,True
3066732966,same-system,True,True
3066807539,same-system,True,False
3077393594,human,True,False
3077393824,human,True,False
3077397557,human,True,False
3077452266,human,True,False
3077461406,human,True,False
3077461490,human,True,False
3082550230,human,True,False
3083873170,human,True,True
3094835469,human,False,False
3095140586,human,False,False
3095591887,human,False,False
3031583253,same-system,False,True
3031596121,same-system,False,True
3056563992,human,False,False
2980392503,human,True,True
2951212964,human,False,False
2988019746,cross-system,True,True
2988074387,cross-system,True,True
2988095816,cross-system,True,True
2988129007,cross-system,True,True
2988265093,human,False,False
3000597492,cross-system,True,True
3004413669,cross-system,True,True
2971843594,cross-system,True,False
3041396549,cross-system,False,True
3041402112,cross-system,False,True
2935932577,human,False,False
2937041860,human,False,False
3000619930,cross-system,False,True
2949011407,human,False,False
2977733254,cross-system,False,True
2977760200,human,False,True
3035582993,cross-system,True,True
3072092513,cross-system,True,False
3074806147,human,False,True
3033532532,human,False,True
2933273723,same-system,False,True
2933393876,human,False,False
3058251996,same-system,True,False
3058282283,same-system,True,False
3059233790,human,False,False
3059328754,human,False,False
2986523806,human,False,False
2986533021,human,False,False
2986564535,human,True,False
2987542756,human,True,False
2987547777,same-system,False,True
2994576431,human,True,True
2999287362,human,True,False
2999297930,human,True,False
2995017723,human,False,False
3019096422,human,False,False
2973463173,cross-system,False,True
2975091852,human,False,False
3021038910,human,False,False
3035614911,cross-system,True,True
2954941038,same-system,False,True
2954941673,cross-system,False,True
2964054584,cross-system,False,True
2964056687,same-system,False,True
3042419934,cross-system,False,True
3042425276,cross-system,True,True
3055041362,human,False,False
2953394470,human,True,False
2963554539,human,True,False
2965413125,human,True,False
2965413571,human,True,False
2970971678,human,True,False
2976937941,human,False,True
2976941623,human,True,False
2976966238,human,True,False
2979889671,cross-system,True,True
2979941499,cross-system,True,True
2979968945,cross-system,True,True
2980149146,cross-system,False,True
2980575879,cross-system,False,True
2981176603,cross-system,False,True
3024826532,human,True,False
3024935825,human,True,False
3025036086,human,False,False
3055039482,human,False,False
2969288573,cross-system,False,True
2969289159,cross-system,False,True
3014381986,human,False,False
2966777416,human,False,True
3016367861,cross-system,True,True
3016380635,same-system,False,True
2953657043,same-system,False,True
2953677161,cross-system,False,True
2954188884,same-system,False,True
2954517599,same-system,False,True
2924628857,same-system,False,True
2929030287,same-system,False,True
3045497845,cross-system,True,True
3045516320,cross-system,True,True
2940308224,human,False,True
2944783876,human,True,False
2944910924,human,True,False
2944943896,human,False,False
2963376130,human,True,False
2963377351,human,True,False
3030594413,same-system,False,True
2990573831,cross-system,True,True
2990578327,cross-system,False,True
2990600949,cross-system,True,True
2990608107,cross-system,True,True
2990641331,cross-system,True,True
2990679510,cross-system,False,True
2990731124,cross-system,True,True
2999260316,human,True,False
2999262219,human,True,False
3010942212,human,True,False
3010944783,human,True,False
3016860534,human,True,False
3017556972,human,True,False
3152237281,human,False,True
3109060334,human,False,False
2944155050,cross-system,False,True
3282129651,human,True,False
3282129809,human,True,False
3282129977,human,True,False
3282130514,human,True,False
3282132892,human,True,False
3282142334,human,True,False
3282144553,human,True,False
3021610895,cross-system,True,True
3021642635,human,True,False
2967470050,same-system,False,True
2911098406,human,True,False
2911098726,human,False,False
2911110344,human,True,False
2971803881,cross-system,True,True
2971808226,same-system,False,True
3016373945,cross-system,True,True
3016387380,same-system,False,True
3037927045,cross-system,True,True
3038376597,cross-system,True,True
2907490915,cross-system,False,True
2892263837,same-system,False,True
2894744651,same-system,False,True
2894745458,cross-system,False,True
2895350432,human,False,True
2914028378,cross-system,True,True
2972193500,human,False,True
2938800996,human,True,False
2942517117,human,False,False
3036940774,cross-system,False,True
3036944558,cross-system,True,True
2980630553,same-system,False,True
2980820555,same-system,False,True
3032690199,same-system,False,True
3032713372,human,False,False
3052238376,cross-system,False,True
2973401752,same-system,False,True
3001843342,human,True,False
3001863458,human,True,False
3001942843,human,False,False
3020818936,human,True,False
3024846175,human,True,True
3024985855,human,True,False
2960908551,human,True,False
2962402593,human,True,False
2962521172,human,True,False
2962564729,human,True,False
2962581263,human,True,False
2965540082,human,True,False
2965541083,human,False,False
2977129985,human,False,True
2968950492,cross-system,False,True
2968950740,same-system,False,True
3017535748,human,False,False
2968994145,cross-system,True,True
2996731543,cross-system,True,True
3302145142,human,True,False
3302145196,human,True,False
3302145282,human,True,False
3302147087,human,True,False
3302147289,human,True,False
3066870465,cross-system,True,True
2977788884,cross-system,False,True
2977791638,cross-system,True,True
2977886179,human,False,True
2915589886,cross-system,False,True
2915594272,cross-system,False,True
2995781751,human,False,False
3008432614,cross-system,True,True
3013645600,human,False,False
3036505073,human,True,False
3038673897,human,False,True
3039294202,same-system,False,True
3039333823,same-system,False,True
3039407562,same-system,False,True
3039428683,same-system,False,True
3039448952,same-system,False,True
3045014513,same-system,False,True
3045063281,same-system,False,True
3045134112,human,False,False
3045139093,same-system,False,True
2988392537,cross-system,True,True
2988537191,cross-system,True,True
3013373709,cross-system,True,False
3017321842,human,True,False
3017337692,human,True,False
2914841690,human,True,True
3010858480,human,True,False
3012802272,human,False,False
2967980287,human,True,False
2925617033,same-system,False,True
2918953067,cross-system,False,True
2963243866,human,False,False
2948065023,same-system,False,True
2941123606,human,True,True
2917578751,human,False,False
2917820533,human,True,False
2966745326,human,True,False
2966766760,cross-system,True,True
2967769879,human,True,False
2943672410,human,True,False
2943691900,human,True,False
2933654279,same-system,False,True
2933856496,human,False,False
3038550318,cross-system,False,True
3038555187,cross-system,True,True
3050044251,cross-system,True,False
3050798778,human,False,False
3050819336,human,False,False
3050848405,human,False,False
2918164616,human,False,False
2984903126,cross-system,True,True
2984904820,human,False,False
2984920241,cross-system,True,True
3018814135,cross-system,True,False
3052242928,cross-system,False,True
3034581465,human,True,False
3034603904,same-system,False,True
3034609091,same-system,False,True
3034621809,human,False,False
3034636228,human,True,False
3034662738,same-system,False,True
3014320563,same-system,False,True
3014503434,same-system,False,True
2934823005,human,True,True
2934879883,human,True,False
2947486618,cross-system,False,True
3024182494,human,False,False
2975131625,human,True,False
2975133075,human,True,False
2975594794,human,True,False
2994521194,human,False,True
2979681709,same-system,False,True
3057634247,cross-system,True,True
2948353497,human,False,True
2969322629,cross-system,False,True
2969322963,cross-system,True,True
3013359127,cross-system,True,True
3013364072,cross-system,False,False
3013364103,cross-system,False,False
3013368118,same-system,False,True
2973332702,same-system,False,True
2973536050,human,False,False
2963340982,cross-system,False,True
2959322470,human,False,False
2959372166,human,False,True
3042368558,cross-system,False,True
3042370978,cross-system,True,True
3036091375,human,True,True
2954916262,human,False,False
2914028046,cross-system,True,True
2914054240,cross-system,False,True
2980353204,cross-system,True,False
2957755848,same-system,False,True
2968463922,same-system,False,True
2968468353,same-system,False,True
2944260873,human,True,False
2944264713,human,True,False
2944290054,human,False,True
2935439061,cross-system,True,True
2935582701,human,False,False
2935584709,human,True,False
2935585138,human,True,False
2975771480,cross-system,True,False
2977338619,human,False,False
2978273191,human,False,False
2974052139,same-system,False,True
2974062175,cross-system,True,True
3015894534,cross-system,True,False
3042911931,human,True,False
3043191854,human,True,False
2980781188,cross-system,False,True
2985251024,cross-system,True,True
3010785980,human,False,True
3001228101,same-system,False,True
2978341249,human,False,True
3055038460,human,False,False
3055040225,human,False,True
2923584342,same-system,False,True
2925415726,human,False,True
2911188636,human,False,False
2911234006,human,False,False
3011515089,same-system,False,True
3013388120,same-system,False,True
3013390029,same-system,False,True
3013831239,same-system,False,True
3014315354,same-system,False,True
3038547769,cross-system,False,True
3038553021,cross-system,True,True
2916222563,human,False,True
2978075971,cross-system,False,True
3030841414,same-system,False,True
3030845309,same-system,False,True
3249033973,human,False,True
2957010107,human,True,False
3021645612,same-system,False,True
3021658336,same-system,False,True
2978430534,cross-system,False,True
2957946598,cross-system,True,False
2957946721,cross-system,True,False
2957946843,cross-system,True,False
2957946963,cross-system,True,False
2957947065,cross-system,True,False
2957947161,cross-system,True,False
2957947305,cross-system,True,False
2932527882,human,False,False
2971859744,same-system,False,True
3025199267,human,True,True
2995847256,human,True,False
2995883786,human,False,True
2995914681,human,True,False
3001097793,same-system,False,True
3003519419,same-system,False,True
3003529889,same-system,False,True
3008631652,same-system,False,True
3009212164,same-system,False,True
3022929244,same-system,False,True
3027549090,same-system,False,True
3027815543,same-system,False,True
3027821654,same-system,False,True
3031790846,same-system,False,True
3036335609,same-system,False,True
3036369778,same-system,False,True
3036704896,same-system,False,True
3041532211,same-system,False,True
2993912677,human,True,False
2993998841,human,True,False
2937037793,human,True,False
2937040007,human,False,True
3038554485,cross-system,False,True
3038561819,cross-system,True,True
2999175979,human,True,False
2999177670,human,True,False
2995899465,same-system,False,True
2920969879,same-system,False,True
2920996622,same-system,False,True
2921013498,same-system,False,True
2921058664,human,False,True
3003335029,same-system,False,True
3012514732,same-system,False,True
3012574562,human,False,False
3014509489,same-system,False,True
3014518210,same-system,False,True
3014617439,same-system,False,True
2904640564,same-system,False,True
2904641908,cross-system,True,True
2904665022,cross-system,True,True
2905494983,same-system,False,True
2907693024,same-system,False,True
2907695200,cross-system,True,True
2920952127,cross-system,True,True
2921009287,cross-system,True,True
2921246733,cross-system,True,True
2921298757,cross-system,True,True
2921426788,cross-system,True,True
3038532271,cross-system,False,True
3038536916,cross-system,True,True
3083349006,human,False,False
3032895095,cross-system,False,True
2987978143,cross-system,False,True
2988128241,cross-system,False,True
2994688320,human,False,True
2994713648,human,False,False
3035572608,cross-system,False,True
3035574263,human,True,False
3035574601,human,False,False
2937484073,cross-system,True,True
2987905660,human,True,False
2987905868,human,True,False
2980273808,same-system,False,True
2980294772,same-system,False,True
2980306032,same-system,False,True
3021897880,same-system,False,True
2930408851,same-system,False,True
3014894687,cross-system,True,True
3015731753,cross-system,True,True
3015739469,same-system,False,True
3015757008,same-system,False,True
3015810868,same-system,False,True
3015825709,cross-system,True,True
3033281350,same-system,False,True
3033383331,cross-system,True,True
3033447981,cross-system,True,True
3033460817,same-system,False,True
3033489503,same-system,False,True
3033809603,same-system,False,True
3036970968,cross-system,False,True
3036974714,cross-system,True,True
2952299721,cross-system,False,True
2954334849,human,False,False
2599639199,human,False,False
2984467318,human,False,True
2914385324,human,False,False
2914896538,human,True,False
3021324321,cross-system,False,True
3024058533,human,False,False
3031685233,human,False,False
3034336433,human,False,False
2951209590,human,True,False
2951210895,human,False,True
3029567704,same-system,False,True
3030408405,same-system,False,True
3249033846,human,False,True
2951675674,human,False,True
2889160831,human,False,False
2971887286,cross-system,False,True
2951939013,cross-system,False,True
2987113377,same-system,False,True
2955573562,cross-system,False,True
2940587074,human,False,False
2977931937,cross-system,False,True
2977958833,human,True,False
2978010261,human,True,False
3000953461,same-system,False,True
2934889223,human,True,True
2970423944,human,False,False
2933092908,same-system,False,True
2912629970,same-system,False,True
2912700574,same-system,False,True
2912894507,same-system,False,True
2913106410,same-system,False,True
2913143306,same-system,False,True
2913303760,same-system,False,True
2913358222,same-system,False,True
2914243362,same-system,False,True
2914257764,same-system,False,True
2916654820,same-system,False,True
2916702704,same-system,False,True
2916758194,same-system,False,True
2916791425,same-system,False,True
2917502190,same-system,False,True
2917829688,same-system,False,True
2919628342,same-system,False,True
2921128516,same-system,False,True
2922276575,same-system,False,True
2927925224,same-system,False,True
2928014444,same-system,False,True
2929030943,same-system,False,True
2948093774,same-system,False,True
2948118579,same-system,False,True
2948122300,same-system,False,True
2949035066,human,False,True
3022145837,same-system,False,True
3085151266,human,True,False
3085154378,human,True,False
3085160303,human,True,False
2978245687,human,False,False
3001161506,human,True,False
3001494055,human,False,False
3001810196,same-system,False,True
3002349252,same-system,False,True
3002382015,same-system,False,True
3002425419,same-system,False,True
3002457105,same-system,False,True
3002533822,human,True,False
3002536595,human,False,True
3002551487,human,True,False
3002608209,same-system,False,True
3002632553,same-system,False,True
3002737632,same-system,False,True
3002798919,same-system,False,True
3002828923,same-system,False,True
3002837767,human,False,True
2977175379,cross-system,True,False
3038942593,same-system,False,True
3039730590,same-system,False,True
3039740789,human,False,True
3040030101,same-system,False,True
2915488002,cross-system,False,True
2947819155,cross-system,True,False
2947819759,human,False,False
2947819761,human,True,False
2947819909,cross-system,True,False
2947821858,same-system,False,True
2975416003,human,False,False
3003247801,human,False,True
3003281602,human,False,True
3004108662,same-system,False,True
3031651774,cross-system,True,True
3032516462,human,False,True
2966395971,human,False,False
2966399823,same-system,False,True
2972090855,cross-system,True,True
2972095880,cross-system,False,True
2972259952,cross-system,False,True
2968938386,cross-system,False,True
3222204181,same-system,True,False
3222231963,same-system,True,False
2994346124,same-system,False,True
2994356041,cross-system,True,True
2994448972,same-system,False,True
2994453440,cross-system,True,True
2994469256,same-system,False,True
2994489642,same-system,False,True
2994490344,cross-system,True,True
2994494043,cross-system,False,False
2994216671,same-system,False,True
3008813798,same-system,False,True
3008839205,same-system,False,True
3008860272,same-system,False,True
3012492530,same-system,False,True
3013421166,cross-system,False,True
3025716348,cross-system,True,False
3025716475,cross-system,True,False
3025716595,cross-system,True,False
3025716725,cross-system,True,False
3025716868,cross-system,True,False
3025971688,human,True,False
3025979450,human,False,True
2968021825,human,False,False
2955099260,cross-system,False,True
3180499746,human,True,False
3195509331,human,True,True
3195558593,human,True,False
3195571671,human,True,False
3197118397,human,True,False
3197126713,human,True,False
3197142626,human,True,False
3197152083,human,True,False
3197156923,human,True,False
3197167279,human,True,False
3234594669,human,False,True
2976725882,human,True,False
2976739018,human,True,False
2976752880,human,True,False
2976763292,human,True,False
2976767516,human,True,False
2994484533,human,True,False
2994765136,human,True,False
2994765881,human,False,False
3023860626,cross-system,False,True
3023865075,cross-system,True,True
3013178744,same-system,False,True
3013180056,same-system,False,True
3013184645,same-system,False,True
3013204122,same-system,False,True
3013216266,same-system,False,True
3013227540,same-system,False,True
3013245225,same-system,False,True
3013270157,same-system,False,True
3013282973,same-system,False,True
3013295520,same-system,False,True
3013306965,same-system,False,True
3013330061,same-system,False,True
3013331703,same-system,False,True
2972908222,cross-system,True,True
2973071757,cross-system,True,True
2973560366,human,False,False
2980848275,cross-system,True,True
2980903376,human,True,False
2980905033,cross-system,True,False
3028681408,human,True,True
3028921517,human,True,True
3029622107,human,True,False
3029676719,human,True,False
3032876981,human,True,False
3036178112,human,True,False
3036184244,human,True,False
3038361934,human,True,False
3038365720,human,True,False
3038724660,human,True,True
3029471205,human,False,False
3015099986,human,True,True
2973081834,human,True,False
2973081992,human,True,False
2980276955,human,True,False
2972967386,cross-system,True,False
3050380612,cross-system,False,True
3050384098,cross-system,True,True
3050447064,cross-system,True,True
3003106098,human,False,False
2966139253,cross-system,False,True
2966142402,same-system,False,True
2966396675,human,False,False
2987752358,human,True,False
2914594352,same-system,False,True
2978949499,cross-system,True,True
3002025077,same-system,False,True
2902241402,cross-system,True,True
2910427859,same-system,False,True
2910604147,same-system,False,True
3005538113,cross-system,True,True
3005542678,cross-system,True,True
3055513543,human,True,True
3056159083,human,True,False
3056218864,human,True,False
3056458553,human,False,False
2969008977,cross-system,True,True
2985899992,human,False,False
3016226570,human,False,False
3051736271,same-system,True,True
3112845707,human,True,False
2921893285,cross-system,False,True
2922248713,human,False,False
2982656231,human,True,False
2947423051,human,True,False
2952630539,human,False,False
2946602588,human,True,False
2946604179,human,True,False
3025759078,same-system,False,True
2967996763,cross-system,True,False
2967996811,cross-system,True,False
2967996869,cross-system,True,False
2967996919,cross-system,True,False
2968006755,human,True,False
2977276064,same-system,False,True
2977300505,human,False,False
2979811801,human,True,False
2979814574,human,False,False
2980036173,human,True,False
2917842501,cross-system,False,True
2937252503,human,True,False
2938017308,human,True,True
2942946301,human,True,False
2944905575,human,False,False
3029566116,same-system,False,True
3029893911,human,True,False
3249028927,human,True,False
3249029098,human,True,False
3249029255,human,True,False
3249029430,human,True,False
3249029576,human,True,False
3249030017,human,True,False
3249030072,human,True,False
3249030898,human,True,False
3249032282,human,True,False
2998545364,human,False,True
2988327385,cross-system,True,True
2916961380,human,True,False
2917030326,human,True,False
2917420999,human,True,False
2917549754,human,True,False
2917627158,human,False,False
2958993872,cross-system,False,True
2978768614,human,True,True
2982789108,human,True,False
2982791182,human,True,False
2982793726,human,True,False
2982796361,human,False,True
3045915001,cross-system,False,True
3045918559,cross-system,True,True
2982628545,human,True,False
2983005027,human,True,False
2983006393,human,True,False
2983233482,human,True,False
2983234203,human,True,False
2910842545,cross-system,False,True
2922056006,human,True,False
2922214363,human,True,False
2928952601,human,True,False
2928953004,human,True,False
2928953038,human,True,False
2932842462,human,False,False
3001473999,human,False,False
3006115766,human,False,False
2987594071,human,False,False
2987606282,human,True,False
2987607005,human,True,False
2987607731,human,True,False
2987612399,human,True,False
2912613210,same-system,False,True
2912635122,same-system,False,True
2912679394,human,False,True
3014273773,same-system,False,True
2985024104,human,False,True
2985029742,cross-system,False,True
2985050343,cross-system,True,True
2936114789,human,False,False
3007343505,cross-system,True,True
3010165604,human,False,True
2972962398,same-system,False,True
3214837451,human,False,False
2979494669,cross-system,False,True
2959141275,human,True,True
2967127915,human,True,False
2967864762,human,True,False
2982519178,human,True,False
2981308132,human,False,False
2977187883,cross-system,True,True
2977216689,cross-system,True,True
3050898163,same-system,True,True
2963502721,human,True,False
2963503692,human,False,True
2989686623,same-system,False,True
2989692710,same-system,False,True
3014284017,cross-system,False,True
2989764340,cross-system,True,True
2990715880,cross-system,True,True
2990863778,cross-system,True,True
2978243384,human,False,False
2955575132,cross-system,False,True
2978389510,cross-system,False,True
3014297924,same-system,False,True
3021085156,cross-system,False,True
2948347548,cross-system,True,False
2933219681,same-system,False,True
2933395099,human,False,False
2956805654,human,False,True
2956934661,human,False,True
3038555394,cross-system,False,True
3038563749,cross-system,True,True
2946593197,human,True,False
2946606693,same-system,False,True
2946803010,human,True,False
2946822768,human,True,False
2950296083,human,True,False
2950322810,human,True,False
2950340437,human,True,False
2950341499,human,False,False
2950528497,human,False,False
3042618856,cross-system,False,True
3042623637,cross-system,True,True
2977411173,human,True,False
2980163421,human,True,False
2980179148,human,True,False
2973727038,cross-system,True,False
3008176201,same-system,False,True
2922633915,human,True,False
2922637662,human,True,False
2922645306,human,True,False
2922660203,human,True,False
2922661079,human,False,True
2962551406,same-system,False,True
2962583828,cross-system,True,True
2962620679,cross-system,True,True
2962657701,same-system,False,True
3018302996,same-system,False,True
3018326639,same-system,False,True
2985146351,cross-system,False,True
3027798178,human,False,False
2914859763,human,False,False
2988426266,human,True,False
2989996297,human,False,False
2989996372,human,True,False
2989996412,human,True,False
3016454515,cross-system,False,True
3016459419,cross-system,True,True
3042293730,cross-system,False,True
3042297425,cross-system,True,True
3043226143,human,True,False
3043229952,human,False,True
2953765583,same-system,False,True
2953836206,human,True,True
2958539555,human,True,False
2958613208,human,True,False
2958616810,human,True,False
2958623736,human,True,False
2958700689,human,True,False
2958755067,human,True,False
2959438023,human,True,True
2959454678,human,True,False
2959467304,human,True,False
2919677687,human,False,True
2941757979,human,True,False
2941790525,human,False,False
2995281944,human,False,False
2971240683,human,False,True
2971243772,same-system,False,True
2940731618,human,False,False
3005707367,cross-system,False,True
3005716653,cross-system,True,True
2932350197,same-system,False,True
2932654795,same-system,False,True
2933600694,same-system,False,True
2936067390,human,False,False
2950689135,same-system,False,True
2950700278,same-system,False,True
2950739608,same-system,False,True
3050383169,human,False,False
3050384040,human,False,False
2979221556,cross-system,False,True
3017736507,same-system,False,True
2936382632,human,True,False
2936383322,human,True,False
2936383979,human,True,False
3001058908,cross-system,False,True
2995977469,human,False,False
3036932627,cross-system,False,True
3036936501,cross-system,True,True
2931261026,human,True,False
2931261259,human,True,False
2931261481,human,True,False
2931270017,human,True,False
2931272803,human,True,False
2931273157,human,True,False
2931274371,human,True,False
2931282777,human,True,False
2973237175,same-system,False,True
2989984384,human,False,True
2989985068,cross-system,False,True
3021040168,human,False,False
2926064652,cross-system,False,True
2980625266,human,False,True
3002222735,human,False,True
3002274319,human,True,False
3036855114,human,False,False
3037242911,cross-system,False,True
3037248442,cross-system,True,True
2903003428,cross-system,True,False
2903003620,cross-system,True,False
2903003768,cross-system,True,False
2903003919,cross-system,True,False
2903004044,cross-system,True,False
2903004118,cross-system,True,False
2903004345,cross-system,True,False
2903004823,cross-system,False,True
2903133499,cross-system,False,False
2903189595,cross-system,False,False
3037243176,cross-system,False,True
3037249890,cross-system,True,True
3004407405,human,False,True
2954034005,human,False,False
3011575310,cross-system,False,True
3011584175,cross-system,True,True
2917051973,cross-system,True,False
2952367516,human,False,False
2906120973,cross-system,False,True
3035620363,same-system,False,True
3017653825,human,True,False
3051416791,cross-system,False,True
3051430932,cross-system,True,True
3051771938,cross-system,True,True
2992428487,cross-system,False,True
2992437107,cross-system,True,True
3002593738,human,False,True
2977268800,cross-system,True,True
3013033460,same-system,False,True
3035400054,cross-system,True,True
3035400798,same-system,False,True
3035404908,cross-system,True,True
3035405401,same-system,False,True
3035426846,cross-system,True,True
3035427988,same-system,False,True
3035430294,cross-system,True,True
3035430922,same-system,False,True
3035990754,cross-system,True,True
3036093958,cross-system,True,True
3036094225,same-system,False,True
3036103347,same-system,False,True
2945992299,cross-system,True,False
3016825491,human,False,False
3046152764,cross-system,False,True
3046160910,cross-system,True,True
2948025786,same-system,False,True
2948025791,cross-system,True,True
2937079729,human,False,True
2938574784,human,False,False
3016543783,human,False,False
2914391452,same-system,False,True
2914411683,same-system,False,True
2914417802,same-system,False,True
2914425377,same-system,False,True
2914429865,cross-system,False,True
3020962391,cross-system,False,True
3020965778,cross-system,False,True
3021014508,human,False,True
3021778457,human,False,False
2992663426,cross-system,False,True
2953333490,same-system,False,True
2953340461,cross-system,False,True
2906295476,human,True,False
2964157733,cross-system,False,True
2964164028,same-system,False,True
3004418172,human,False,False
3052125248,cross-system,True,True
3029412062,human,False,False
2908509190,human,True,False
2908522324,human,True,False
2908522611,human,True,False
2908522636,human,True,False
2911477344,human,True,False
2911338930,human,True,False
2911526716,human,True,False
2980964977,human,True,False
3007151620,human,True,False
3007540827,human,True,False
3007761909,human,False,False
3040031081,human,False,False
3056403153,human,False,False
2980777263,cross-system,True,False
3000463007,same-system,False,True
2983413385,human,False,False
2979910868,cross-system,False,True
2979936803,cross-system,False,True
2979943167,cross-system,False,True
2979955422,cross-system,False,True
2979957756,cross-system,False,True
2979972912,cross-system,False,True
2979975037,cross-system,False,True
2979977799,cross-system,False,True
2979978057,cross-system,False,True
2980017031,cross-system,False,True
2980031853,cross-system,False,True
2980143426,cross-system,False,True
2980171170,cross-system,False,True
2981151146,cross-system,False,True
2988568462,cross-system,True,True
2988655897,cross-system,False,True
2988929865,human,True,False
2988930331,human,True,False
2925476102,same-system,False,True
2925502849,same-system,False,True
2925517279,same-system,False,True
2925520708,cross-system,True,True
3014767551,human,False,False
2948009719,cross-system,True,True
2948009987,same-system,False,True
2982549792,same-system,False,True
3026427479,same-system,False,True
2980797732,human,False,False
3036930575,cross-system,False,True
3036935034,cross-system,True,True
2957115372,human,False,True
2977015564,human,False,False
2989695356,same-system,False,True
2989847648,same-system,False,True
2989859182,cross-system,False,False
3034152463,same-system,False,True
3034164762,same-system,False,True
2998745288,human,False,False
3009682618,same-system,False,True
3031987585,human,False,False
2926220856,cross-system,False,True
2926225761,human,True,False
2926261060,human,False,False
3011369683,human,False,False
3011391773,same-system,False,True
2979303702,cross-system,False,True
2971826075,cross-system,True,False
2987975973,cross-system,False,True
2994683958,human,False,False
2994810554,human,True,False
2997460395,human,False,True
3002577683,human,True,False
3016375090,cross-system,True,True
2936601535,human,False,False
3029461339,human,False,True
3030970730,cross-system,True,False
3030970800,cross-system,True,False
2907520217,cross-system,False,True
3034118246,cross-system,False,True
3034122568,human,True,False
3034618639,human,False,False
3041962002,human,False,False
3020255326,human,False,False
2960457460,same-system,False,True
2998093323,same-system,False,True
2957029159,cross-system,False,True
2958604727,cross-system,False,True
2959071118,human,False,False
2930367741,same-system,False,True
2932365506,human,False,True
2932391421,same-system,False,True
2937471383,human,False,False
2994187067,same-system,False,True
3046087736,cross-system,False,True
3046094254,cross-system,True,True
2955696500,human,False,False
2937242971,human,True,False
2937467236,human,True,False
2994071516,same-system,False,True
2980128316,same-system,False,True
2980160192,same-system,False,True
2980172997,same-system,False,True
2980191879,same-system,False,True
3036970657,cross-system,False,True
3029531421,same-system,False,True
2965295773,cross-system,False,True
2979050877,human,True,True
2985652156,human,True,False
2985664158,human,True,False
3038551175,cross-system,False,True
3038558493,cross-system,True,True
3070158716,cross-system,False,True
2969410814,same-system,False,True
2969864801,human,False,False
2914948122,human,False,True
2972577593,same-system,False,True
2972591233,same-system,False,True
2990145254,same-system,False,True
2990147835,cross-system,True,True
2990163811,cross-system,False,True
2990172690,same-system,False,True
2990174974,cross-system,False,True
2990182155,cross-system,False,False
3025206814,same-system,False,True
2951652182,human,True,False
2951653464,human,True,False
2951657706,human,True,False
2951658496,human,True,False
2951658657,human,True,False
2951661553,human,True,False
2951661773,human,True,False
2951663872,human,True,False
2951666676,human,True,False
2951669660,human,True,False
2951671069,human,True,False
2951671874,human,True,False
2951673599,human,False,True
2954388430,human,True,False
2954396083,human,True,False
2954399650,human,True,False
2972038512,human,False,True
2941126981,human,True,True
2994404088,human,False,False
2988406189,cross-system,False,True
2988516077,cross-system,True,True
2988943148,cross-system,True,True
2989164693,human,True,False
2938000958,human,True,False
2944907712,human,True,True
2944999899,human,True,False
2945620257,human,True,False
2945643486,human,True,False
2945663279,human,True,False
2945746408,human,False,True
2954844160,human,False,False
3016447514,cross-system,False,True
3016455874,cross-system,True,True
3022836182,same-system,False,True
3013740865,human,True,False
3047522347,cross-system,True,False
3050386774,human,False,True
3050387606,human,False,True
3051428806,human,False,False
3038551901,cross-system,False,True
3038558402,cross-system,False,True
2992989561,cross-system,False,True
2993081015,cross-system,True,True
2993095046,cross-system,True,True
2978345342,cross-system,False,True
2978098062,cross-system,False,True
2990650992,cross-system,False,True
3002909020,human,True,False
3003133136,human,False,True
3023781726,human,True,False
3023945479,human,True,False
3023991652,human,True,False
3024135580,human,True,False
3024139144,human,True,False
3024172277,human,True,False
3024174784,human,False,True
3024353688,human,True,False
3024746152,human,True,False
3024795691,human,True,False
2999378857,same-system,False,True
3002436871,cross-system,False,True
3002440463,cross-system,False,True
2994807174,human,False,False
3036154510,cross-system,True,True
2991034722,same-system,False,True
2991034974,cross-system,True,True
2991293152,same-system,False,True
2991313171,cross-system,False,False
2991313339,same-system,False,True
3020217735,same-system,False,True
2933619048,human,False,False
2998276090,human,True,False
2998278550,human,True,True
3008463362,cross-system,False,True
3008467206,cross-system,True,True
2959019308,cross-system,False,True
2932812761,same-system,False,True
2933038023,human,True,False
2933129716,human,True,False
2937282404,human,True,False
2937465502,human,True,False
2939664668,same-system,False,True
2978271854,human,False,True
2980791919,human,False,False
3010179002,cross-system,False,True
3010185358,cross-system,True,True
2994498269,human,False,True
2994500555,human,True,False
2944730527,human,False,False
2944995238,human,False,False
3052175171,same-system,True,True
3052186143,cross-system,True,True
2946589722,human,False,False
2946628008,human,False,False
2998329642,human,False,False
2998343481,human,False,False
3003999713,human,False,False
3004156299,human,True,False
3016545426,human,True,False
3022586257,human,True,False
3093248490,human,True,False
2933500177,human,False,True
3023416724,cross-system,False,True
3023422681,cross-system,True,True
2921722176,human,True,False
3006004033,cross-system,False,True
3006332955,cross-system,False,True
3014277917,same-system,False,True
3014318801,human,True,False
3015330353,same-system,False,True
2914007476,human,False,False
3004657437,human,False,False
2982133638,same-system,False,True
2975542065,cross-system,True,False
2933886086,cross-system,False,True
2933887780,cross-system,True,True
2933888269,cross-system,True,True
2933888562,same-system,False,True
3042372898,cross-system,False,True
3042380150,cross-system,True,True
3042690205,human,False,True
2948930586,human,False,True
3038637446,cross-system,False,True
3038743230,cross-system,True,True
3038929591,human,False,False
2993452088,cross-system,False,True
2897405266,human,False,False
3013444936,same-system,False,True
2809724539,cross-system,False,True
2809751426,human,False,False
3046465638,same-system,False,True
3010611244,same-system,False,True
3019095474,human,False,False
2984996717,cross-system,False,True
2957754281,same-system,False,True
2968467768,same-system,False,True
2968469621,same-system,False,True
2968471585,same-system,False,True
2968475253,same-system,False,True
2959508189,human,False,False
2980863298,cross-system,True,True
2985009821,human,False,False
2959831243,human,False,False
2968983865,cross-system,False,True
3036907211,cross-system,False,True
3036912000,cross-system,True,True
2951599473,human,True,False
2951599839,human,True,False
2963577981,human,True,False
2963581495,human,False,True
2933167144,same-system,False,True
2933211193,same-system,False,True
2933279063,same-system,False,True
2940029434,same-system,False,True
3003332354,human,False,False
2993756418,cross-system,True,False
2947188614,cross-system,False,True
3017445931,same-system,False,True
2991417040,same-system,False,True
2990828692,same-system,False,True
2972510018,cross-system,True,False
2911200278,cross-system,True,True
2999109669,cross-system,True,True
3012474911,cross-system,True,True
3012575198,human,False,True
2911567076,cross-system,True,True
2911770743,cross-system,False,True
2977205327,cross-system,True,True
2977274946,cross-system,True,True
3017383300,human,False,True
3056901305,human,True,False
3056975918,human,True,False
3057244379,human,True,False
3058233331,human,True,False
3058233622,human,True,False
3058235434,human,True,False
3058253322,same-system,True,False
3058261657,cross-system,True,True
3059665111,cross-system,True,True
3059665512,same-system,False,True
2996579793,same-system,False,True
2996583529,cross-system,False,True
3042152154,cross-system,False,True
3042158425,cross-system,True,True
2925447399,same-system,False,True
2925455100,cross-system,False,True
2925499188,same-system,False,True
2925505519,cross-system,True,True
2925517162,same-system,False,True
2925521386,same-system,False,True
2925531286,cross-system,False,True
2957010116,human,False,False
2935975291,same-system,False,True
3021820355,same-system,False,True
3021998321,same-system,False,True
2998141922,human,True,True
2900450185,same-system,False,True
2978275418,human,False,False
3009423458,same-system,False,True
2988392470,cross-system,True,True
2988396086,human,True,False
2997471707,cross-system,True,True
2948222376,human,True,False
2948275055,same-system,False,True
2950589164,human,True,True
2935840875,human,True,False
2957633331,human,False,False
2958772866,human,True,False
2958870240,human,True,False
2960791709,human,True,False
2960794776,human,True,False
2960797924,human,False,True
3025311978,same-system,False,True
3025328776,human,False,False
3027391022,same-system,False,True
3016620376,cross-system,True,True
3016867788,human,True,False
3017716539,human,False,False
3025814333,same-system,False,True
2994763857,human,False,True
3031565532,same-system,False,True
3031579732,same-system,False,True
3034018566,human,True,False
3034137468,human,True,False
2976904396,human,False,False
2943365951,human,False,False
3016371329,cross-system,True,True
3016382572,same-system,False,True
3081235181,same-system,True,False
3081240780,same-system,False,True
3081362997,same-system,True,False
3081391195,same-system,True,False
3081483295,same-system,True,False
3081542252,same-system,True,False
3081559091,same-system,True,False
3081573845,same-system,True,False
3081598183,same-system,True,False
3082041044,human,True,False
2906432354,cross-system,True,True
2906434116,human,True,False
2906434521,human,False,True
3014257337,same-system,False,True
2988937008,same-system,False,True
2988961035,human,True,False
2990406592,human,True,False
2990406715,human,True,False
2990411491,human,True,False
2990413971,human,True,False
2990414519,human,True,False
2990418283,human,True,False
3058229925,human,True,False
3063710421,same-system,True,False
3063719466,human,True,False
3063721905,human,True,False
3134772790,human,True,False
3134773295,human,True,False
3137393434,human,False,False
3137593431,human,False,False
3154443528,human,False,False
3154446934,human,True,False
3156286540,human,True,False
3156356075,human,False,False
2949340946,human,False,False
2950276826,human,False,False
3054834474,human,False,True
2968007373,human,False,False
2970699763,human,False,False
2988001378,same-system,False,True
2881058183,human,False,False
2946801569,human,False,False
2944078086,human,True,False
2944667464,human,False,False
3042390850,cross-system,False,True
3042397903,cross-system,True,True
3024321638,human,False,False
3036560818,human,True,False
2980978207,cross-system,True,True
2980988901,cross-system,True,True
3034810934,human,True,False
3034811791,human,True,False
3034812882,human,False,False
2978719303,cross-system,False,True
2978723917,same-system,False,True
2978725173,cross-system,True,False
2978725257,cross-system,True,False
2978725343,cross-system,True,False
2978725488,cross-system,True,False
2978725583,cross-system,True,False
2978725663,cross-system,True,False
2979068359,same-system,False,True
2979437704,same-system,False,True
2982577729,human,True,True
2982663727,human,True,False
2982943572,human,False,True
2918588540,cross-system,False,True
3046088602,cross-system,False,True
3046097995,cross-system,True,True
3031370345,same-system,False,True
3031374737,same-system,False,True
3031403903,same-system,False,True
3031415643,same-system,False,True
3031421146,same-system,False,True
2966748413,same-system,False,True
2951280765,human,False,False
2922789834,human,True,False
2922790802,human,True,False
2940914882,human,True,False
2940915789,human,True,False
2940924445,human,True,False
2940926534,human,True,False
2940929452,human,True,False
2940933440,human,True,False
2940934264,human,True,False
2940935235,human,True,False
2940943785,human,False,True
2881055457,human,False,False
2943929015,cross-system,True,False
2943929906,same-system,False,True
2936968752,human,False,False
2984738548,cross-system,True,True
2984741962,cross-system,True,True
3026827496,same-system,False,True
2958260888,human,False,False
2973128124,same-system,False,True
2973132066,same-system,False,True
2973141045,same-system,False,True
2973147432,same-system,False,True
3010192885,cross-system,False,True
3010200490,cross-system,True,True
2915086142,human,False,False
2961155506,human,True,False
2961155850,human,True,False
2910674098,cross-system,True,True
2910815162,cross-system,True,True
2985906471,human,False,False
2987663235,human,False,True
2988316689,human,False,False
2995382300,human,True,False
2995407169,human,True,False
2995570413,human,True,False
2995575637,human,True,False
2995657109,human,True,False
2995658069,human,True,False
2999086419,human,True,False
2999099797,human,True,False
2999140974,human,False,False
2929063699,cross-system,True,True
2929064290,same-system,False,True
2984098470,same-system,False,True
2990585057,same-system,False,True
2990657760,same-system,False,True
2990683308,same-system,False,True
2990692055,same-system,False,True
2990700538,same-system,False,True
2990718954,same-system,False,True
2990722644,same-system,False,True
2990887829,same-system,False,True
2990912011,same-system,False,True
2990921382,same-system,False,True
2990929668,same-system,False,True
2995189638,human,False,False
2963178706,same-system,False,True
2963698964,same-system,False,True
3010261869,cross-system,False,True
3010265728,cross-system,False,True
2949979017,human,False,True
2950692325,same-system,False,True
3017073989,cross-system,False,True
3022070657,human,False,False
3032958384,cross-system,True,True
2930131934,cross-system,False,True
2930378869,cross-system,True,True
2930379264,cross-system,True,True
3036860448,human,True,True
3024914835,human,True,False
3025357127,human,True,False
3025358072,human,True,False
3025412797,human,False,False
2991431409,human,False,True
3022528085,cross-system,True,True
3033329176,cross-system,True,True
3035217979,cross-system,True,True
3035237790,cross-system,False,True
2991010148,cross-system,True,True
2956783315,human,False,False
3013339361,same-system,False,True
3021734634,cross-system,True,True
3029303999,human,False,False
2978292909,human,True,False
2978892700,human,True,False
2980814541,human,False,True
2989646728,cross-system,True,True
2989647686,same-system,False,True
2946835881,same-system,False,True
2973635361,same-system,False,True
3080063839,same-system,True,False
3017176563,human,True,True
3017214471,human,True,False
3017216028,human,True,False
3017261425,human,True,False
2999492387,cross-system,False,True
3052243582,cross-system,False,True
2914643744,same-system,False,True
2914652539,same-system,False,True
2964365036,human,False,False
2930969294,human,False,True
2962340005,human,False,False
2946310868,human,False,False
2981383614,cross-system,True,False
2981408276,human,True,False
2981435368,human,True,False
2981449713,human,True,False
2981454675,human,True,False
2981384417,cross-system,True,False
2981681782,human,False,False
2948022532,cross-system,False,True
2995206870,human,False,False
3012596990,cross-system,False,True
2918109761,human,False,False
2979775091,cross-system,True,False
2983984447,human,True,False
2995370961,human,False,False
2995469397,same-system,False,True
2995566927,human,False,False
2965706444,same-system,False,True
2965710933,cross-system,False,True
2980815342,human,False,False
3015987349,cross-system,True,True
3042287208,cross-system,False,True
3042294072,cross-system,True,True
2976452889,human,False,False
3007160238,human,False,False
2951720831,human,False,False
3034957854,same-system,False,True
3034961560,cross-system,True,True
3034965106,human,True,False
3034965524,cross-system,True,False
3035282577,cross-system,False,False
3035282762,same-system,False,True
3006670097,same-system,False,True
2941445002,human,True,False
2941450740,human,True,False
2950767172,same-system,False,True
3042391678,cross-system,False,True
3042398580,cross-system,True,True
2945079012,human,False,True
3007484415,human,True,False
2939161142,human,False,False
2925060410,cross-system,True,False
2981843258,human,False,False
2982039658,human,True,False
2984100262,human,True,False
2984121139,human,False,False
2984141457,human,True,False
2971689445,human,False,False
3030431822,human,False,False
3034603668,human,True,False
3034619502,human,False,False
3034619846,cross-system,False,True
3034643099,cross-system,False,True
3012928893,same-system,False,True
3012928915,cross-system,True,True
3013177259,human,True,False
3013177391,cross-system,True,False
3013275104,cross-system,True,True
3013277013,human,True,False
3013277068,cross-system,False,False
3013277085,cross-system,True,False
3013277734,same-system,False,True
2969049637,cross-system,True,False
2969050555,cross-system,True,False
3005160872,cross-system,False,True
3005526777,human,False,False
3005529160,human,False,False
3003057513,cross-system,True,True
2949921905,human,False,False
3016456856,cross-system,False,True
3016462931,cross-system,True,True
2907534619,cross-system,False,True
2981372967,cross-system,False,True
2981375401,human,False,False
2981386625,cross-system,False,True
2997808911,human,False,True
2960975185,human,False,True
2962028177,same-system,False,True
2944260045,human,False,True
2942460376,same-system,False,True
2942545290,same-system,False,True
2942706280,same-system,False,True
2942970452,same-system,False,True
3013085689,same-system,False,True
3013105880,same-system,False,True
3013112797,same-system,False,True
3013136351,same-system,False,True
3013154540,same-system,False,True
2935389872,human,False,False
3005136578,cross-system,True,True
2953540849,same-system,False,True
2953566520,human,False,False
2953672550,same-system,False,True
2953725336,same-system,False,True
2953808257,same-system,False,True
3046090000,cross-system,False,True
3046095316,cross-system,True,True
3006747540,same-system,False,True
2998798106,human,False,False
2998802619,cross-system,False,True
3057268120,human,False,False
2998198989,same-system,False,True
2982981725,human,False,False
2941118227,human,True,True
2941151886,human,True,False
3025452760,same-system,False,True
3028923828,same-system,False,True
3028945063,same-system,False,True
2922747653,human,False,True
3025219398,human,False,True
3031136045,human,False,True
