# RQ2 | per review with summary text: actor and character count (input for the summary-length analysis)
id,actor,summary_chars
2861917678,human,1321.0
3031680997,same-system,4291.0
3176936759,same-system,1137.0
3037646713,same-system,1585.0
3024144436,human,4896.0
2857096998,human,87.0
2855166096,human,65.0
3022478369,human,631.0
2895103311,same-system,741.0
2976131672,human,52.0
3109945392,human,11.0
3056400920,same-system,980.0
3090208361,human,10.0
2966866834,human,22.0
3051931789,same-system,1017.0
2989309130,same-system,1923.0
2881791154,human,105.0
2882756703,human,18.0
2901619214,human,12.0
2990601847,human,428.0
2990640281,human,462.0
2990675565,human,299.0
2991148975,human,252.0
2991156357,human,79.0
3000311438,human,457.0
3048603035,same-system,1377.0
2968226860,cross-system,2091.0
2968942610,cross-system,124.0
2968963474,cross-system,124.0
3028667037,human,7427.0
3036786006,human,49.0
3046589410,human,139.0
2979175081,human,51.0
3171766633,human,287.0
3176445983,human,71.0
3017449045,human,99.0
3035339617,same-system,651.0
2963572695,human,44.0
2963625667,human,4.0
2966638163,same-system,1222.0
2949035784,human,4.0
2984645198,human,15.0
2986325313,human,11.0
3040881658,human,4.0
2969472805,human,92.0
2853465456,human,36.0
2853982991,human,839.0
3020717211,human,47.0
2969610524,same-system,837.0
3073687923,human,18.0
2916177042,same-system,1205.0
2906087010,human,8.0
3021032885,human,15.0
3006816074,human,1978.0
3007559811,human,5.0
3012143341,human,67.0
2890940605,human,96.0
2889782266,same-system,1104.0
3074247807,human,1.0
3113131343,same-system,2837.0
2915157298,human,1329.0
2915157391,human,1329.0
3001076659,human,53.0
2959066592,human,21.0
2959071693,human,66.0
3025756219,human,4.0
3025766815,human,146.0
3035713918,human,82.0
2985712703,human,122.0
2901252403,same-system,699.0
2948344557,human,45.0
2948380391,same-system,1052.0
2995017018,human,193.0
2867608980,same-system,1788.0
2855802542,human,78.0
2873490358,human,20.0
2874906394,same-system,1982.0
2874977685,human,199.0
2981348632,same-system,61.0
2981457272,human,5.0
2959977724,same-system,1566.0
2893937540,same-system,1869.0
3054771279,human,191.0
3065957450,human,203.0
2981386221,human,26.0
2981474682,human,24.0
2981576044,human,37.0
2981699732,human,627.0
2981805357,human,24.0
2981850610,human,15.0
3047077369,human,108.0
3047122954,human,65.0
2860776830,human,56.0
2860861113,human,18.0
2855339751,human,4.0
2855339985,human,4.0
2898047481,human,10.0
3017449621,human,51.0
3031893449,same-system,1044.0
2886044226,same-system,2603.0
2898017062,human,4.0
3206731296,human,29.0
2987893479,same-system,61.0
3025796165,human,29428.0
3029241106,human,16.0
3071535849,human,308.0
3071608071,human,14.0
2993513943,human,40.0
3026501427,human,209.0
3038738688,human,463.0
2973547417,human,5.0
3027811834,same-system,505.0
3028806547,human,27.0
3036209086,human,4.0
3000350246,same-system,1072.0
2853541247,human,48.0
2962965471,human,27.0
2861088093,same-system,1749.0
3039184258,human,58.0
3039823808,human,4.0
2989657575,same-system,1520.0
2859370132,human,38.0
2859728102,human,323.0
3014013469,same-system,421.0
3033350152,human,98.0
2891592176,human,695.0
2953409415,human,95.0
2882289675,human,34.0
3014176494,human,116.0
2983143031,human,42.0
2983711457,human,16.0
2983883639,human,44.0
2995499157,human,4.0
3012169992,human,26.0
2952447576,human,45.0
2882500946,human,8.0
2898043109,human,505.0
2990931487,same-system,1018.0
2908248917,human,30.0
3017253352,human,65.0
3017338633,human,47.0
3001929597,human,54.0
3042645059,human,12.0
3047026507,same-system,1243.0
3047102525,human,5.0
2976159485,human,165.0
2876607016,human,3.0
2918204782,same-system,89.0
2911362915,same-system,333.0
3068394198,human,36.0
3066578616,human,11.0
3181310904,same-system,1664.0
2950616935,human,41.0
2971923520,human,1425.0
2996426877,human,31.0
3066080003,human,51.0
2959972879,human,203.0
2907554944,human,51.0
2991094645,same-system,1592.0
2991095702,human,46.0
2991117024,human,73.0
2905355272,human,24.0
2910279951,human,8.0
2852364969,human,27.0
3036112130,human,780.0
3036141997,human,4.0
3036142002,same-system,1397.0
3036154323,human,4.0
2892609318,human,69.0
2892731835,human,94.0
2894194519,same-system,441.0
2854717997,human,89.0
2889737937,human,32.0
2866973183,human,10.0
2920521281,same-system,1841.0
2885983414,human,47.0
2885993058,human,33.0
2886046942,human,40.0
2886092960,human,4.0
2987435665,human,246.0
2941308017,same-system,61.0
2891468876,human,4.0
2867920984,human,309.0
2867996056,human,58.0
2868083546,same-system,1492.0
2868980228,human,1022.0
2869105628,human,36.0
2873536109,human,251.0
2873601485,human,558.0
3036234594,human,94.0
3036080712,human,212.0
3036082373,human,177.0
3036084107,human,239.0
2914914709,same-system,3786.0
3074627521,human,152.0
2855571891,human,202.0
2971548710,human,40.0
2973923414,human,167.0
2951737609,human,299.0
2939178079,human,25.0
3061327189,human,4.0
2853134798,same-system,549.0
2853479122,human,559.0
2853660051,human,100.0
3013897572,human,156.0
2940730119,human,336.0
3053443109,same-system,1364.0
3018258765,same-system,281.0
2937379281,human,100.0
2937619903,human,50.0
3015332619,same-system,61.0
3015441453,human,123.0
3015600457,same-system,4098.0
3011911683,human,12.0
2876888434,same-system,1831.0
2876962568,human,12.0
2902613436,same-system,1642.0
2860158550,human,23.0
2871584121,human,100.0
2866718015,same-system,1913.0
3070758595,human,12.0
2979379975,same-system,419.0
3001092488,human,8.0
2982916366,human,1853.0
2987965850,same-system,2193.0
3009915246,human,170.0
3101903986,human,37.0
3055201988,same-system,905.0
3027979569,cross-system,2628.0
3013338625,same-system,1179.0
3013337204,human,45.0
3013781015,same-system,2030.0
2930459165,human,221.0
2930510038,human,1400.0
2960593173,human,595.0
2960623581,human,307.0
2960655880,human,11.0
2921537596,same-system,941.0
3055219610,human,54.0
2928952861,same-system,1537.0
3013279988,human,9.0
3059871650,same-system,676.0
3030476962,human,5.0
2997952022,human,39.0
3063864024,human,37.0
2903727316,cross-system,2571.0
2973076802,human,17.0
2973107945,human,16.0
3043351896,human,34.0
2902066185,same-system,2411.0
3000909178,human,50.0
2865336525,human,34.0
2937381001,human,75.0
2937620162,human,50.0
3071862223,human,185.0
3075878511,same-system,994.0
2955151264,human,54.0
3024207461,human,136.0
3024595373,same-system,1025.0
3024615213,human,887.0
3024672494,human,40.0
2906025878,human,88.0
2882764637,human,116.0
2882899121,human,103.0
2898422844,same-system,1857.0
2901680353,human,546.0
2901897826,human,540.0
2882323729,same-system,2835.0
3201512827,human,145.0
2976787253,same-system,3203.0
2978153421,human,654.0
2982896655,human,386.0
2858563291,human,34.0
2858643501,human,74.0
2861468855,human,305.0
2951317930,same-system,1197.0
3060531143,same-system,615.0
3063023369,human,95.0
2951845513,same-system,962.0
3060079588,human,60.0
3050320380,same-system,1577.0
2852567266,human,136.0
3086184525,same-system,1063.0
2875782099,human,4.0
3022665707,human,4.0
2895633000,human,693.0
3002852130,human,24.0
2963126577,human,82.0
2855891834,human,38.0
2858329370,human,145.0
2858701211,human,79.0
2858919647,human,34.0
2896538434,human,158.0
2901445280,human,1004.0
2943898269,human,65.0
2860456967,same-system,372.0
2983084414,human,20.0
2962425325,human,303.0
2919700518,human,193.0
2855847682,human,83.0
3008888831,human,24.0
3009192088,human,34.0
3014154028,same-system,61.0
2937374585,human,143.0
2937384717,human,30.0
3068361676,human,32.0
2967638460,human,195.0
2968046627,human,59.0
2991136828,human,504.0
2991147230,human,134.0
2991150911,human,172.0
2991205772,human,119.0
2991230696,human,212.0
3213061258,human,21.0
2863548494,human,50.0
2890840363,human,94.0
2851663724,human,4.0
2851663734,human,1.0
2851704685,human,15.0
2977257616,human,282.0
2982472155,same-system,61.0
2982818166,human,218.0
2896166678,same-system,1631.0
3204706874,human,20.0
3001823967,human,11.0
2894931961,human,15.0
2924694608,human,11.0
2889218018,human,512.0
2890220348,human,104.0
2890222580,human,230.0
2865138834,human,148.0
2930079576,same-system,1454.0
2907667222,human,42.0
3051836587,same-system,1010.0
2903720381,same-system,333.0
3012842814,same-system,1679.0
3013241497,human,113.0
3013284463,human,25.0
3013330479,human,58.0
3013796423,human,50.0
3002313571,human,4.0
3049549603,human,68.0
3050424672,human,105.0
3066710369,human,40.0
3069359281,human,208.0
3069963548,human,44.0
3010831858,human,9124.0
3012106651,human,2001.0
2983026483,human,404.0
2983190022,human,238.0
3041591140,human,40.0
2862204380,human,21.0
3049764940,human,148.0
3050133611,human,286.0
3037172904,human,25.0
3037215671,human,4.0
3037218563,same-system,546.0
2863873932,human,29.0
3003444945,human,5.0
2893763830,same-system,1801.0
3305664588,human,24.0
2999288193,human,46.0
2999292624,human,26.0
2859114626,human,11.0
2859121962,human,10.0
3038947736,human,25.0
2985922261,human,30.0
3047346507,human,4.0
3055316617,human,38.0
3055345187,human,54.0
3061275647,human,54.0
3061383818,human,189.0
3005702859,human,4.0
3006031782,human,4.0
3004319473,human,88.0
2867605162,human,78.0
2991130838,human,71.0
2933632523,same-system,724.0
2900143047,human,112.0
2926338915,same-system,1112.0
2856097823,human,121.0
2923160045,human,108.0
2984535922,human,4.0
3010687218,human,264.0
2985833264,same-system,2107.0
2871081545,same-system,341.0
2992051836,human,27255.0
2992197205,human,924.0
3001543033,human,324.0
2871232938,same-system,1805.0
3004634596,human,264.0
2976155565,human,75.0
2976394968,human,14.0
3056260360,human,167.0
3056609031,human,142.0
3063150838,human,481.0
3063507024,human,225.0
3068944944,human,296.0
3069603480,human,145.0
3073703234,human,226.0
3060160841,same-system,1002.0
3038584283,human,317.0
3025671332,human,4.0
3023728309,human,4.0
2879636577,human,466.0
3012100924,human,41.0
3012190292,human,17.0
3018827237,human,4.0
3071352330,same-system,1201.0
2895619582,human,338.0
2918152301,cross-system,2846.0
2918168989,same-system,2081.0
3007117891,human,127.0
2855173236,human,4.0
2879650913,human,191.0
3014766004,human,25.0
3036194269,human,16.0
2983263749,human,61.0
2983304134,human,52.0
2926792056,same-system,190.0
3013318915,human,5.0
2939275278,human,73.0
2939603093,human,162.0
3005436338,human,149.0
2973886606,human,38.0
2973589347,human,61.0
2866035777,same-system,878.0
3102205844,same-system,2550.0
2948444995,human,73.0
2950620983,human,431.0
3004061984,human,590.0
3006661750,human,4.0
2974991705,human,97.0
2977999909,human,105.0
2978689927,human,205.0
3023585722,human,270.0
3030635196,human,131.0
3039346936,same-system,1985.0
3043652464,human,39.0
2852009275,same-system,1019.0
2852035794,human,25.0
3042286923,human,37.0
2925918223,human,11.0
2925941745,human,253.0
3068779893,human,4.0
3068795289,human,47.0
2897652004,same-system,349.0
3071333676,human,119.0
2990851832,same-system,1890.0
2886597733,same-system,1298.0
3056710965,same-system,1833.0
3006117321,human,49.0
3006407108,human,165.0
3006574768,human,118.0
3045613739,human,47.0
2852065568,same-system,308.0
3066132913,human,68.0
2905945871,human,16.0
2906036450,human,8.0
2862129537,human,297.0
2894545079,human,4.0
2864392853,same-system,89.0
2978237339,human,113.0
2918607749,same-system,2017.0
2852850528,human,12.0
3013953551,human,33.0
3013966091,human,89.0
3014034070,same-system,2911.0
2966343937,same-system,455.0
2952015839,human,4.0
2954143885,human,4.0
2865436738,human,8.0
3073668599,human,211.0
3073743346,human,362.0
3074395510,human,57.0
2971441870,human,236.0
2949265099,human,127.0
2949629608,human,114.0
2852039447,human,29.0
3038943557,human,25.0
3050701690,human,4.0
3050704816,human,4.0
3050743576,human,4.0
3053742002,human,4.0
2906483648,human,5.0
3303766114,human,34.0
2865448229,same-system,1386.0
2873478892,human,8.0
2862693883,same-system,1687.0
3008079954,human,4.0
2970361493,human,590.0
2955294458,human,742.0
2852909559,human,412.0
2854231870,human,19.0
2913474766,human,188.0
3203223686,same-system,1748.0
2977986697,human,11.0
2892011787,same-system,1377.0
2905084110,human,210.0
2943277632,human,81.0
2889365201,human,146.0
2914017453,human,1494.0
2917657658,human,45.0
2870249760,same-system,705.0
2862057698,human,13.0
3028747670,human,69.0
3036209633,human,4.0
3061331466,human,4.0
2947271129,human,49.0
2950497819,human,5.0
2943625474,human,114.0
2976900849,human,71.0
2999168367,human,1322.0
2982875719,human,158.0
2915217134,same-system,4141.0
2915355534,human,418.0
2976371698,human,4.0
2976373701,human,4.0
2979376238,same-system,2168.0
2915037343,same-system,2427.0
2915150628,human,283.0
2851945535,human,156.0
2851991821,human,209.0
2852158334,human,161.0
2987299194,same-system,2219.0
3107927042,human,16.0
2983717839,same-system,1338.0
3057985098,human,45.0
3057999573,human,25.0
3058001797,human,16.0
3058003383,human,103.0
3058007256,same-system,2055.0
3058009802,human,127.0
2914219358,human,170.0
2914367528,human,59.0
2950781874,human,51.0
2905067576,same-system,1400.0
2853990434,same-system,1574.0
2921517929,human,169.0
2943629254,human,83.0
3057981780,human,26.0
3051160269,human,24.0
3051272782,cross-system,126.0
2991403376,human,4.0
2991404063,same-system,1532.0
2931794333,human,39.0
2967875221,human,17.0
2891821517,same-system,395.0
2891864226,human,4.0
2959413799,human,163.0
3071290234,human,386.0
3032468723,human,517.0
3033037641,human,122.0
3033145400,human,4.0
3033339305,human,99.0
3023863403,human,50.0
2859537399,same-system,1906.0
2862691389,same-system,279.0
2852019704,human,52.0
2852075128,human,282.0
2858265446,human,16.0
3034887431,human,143.0
3035610356,human,159.0
3035292263,human,73.0
3036074983,human,82.0
2983635101,human,43.0
2955274542,same-system,61.0
2955306622,same-system,415.0
2955345888,human,34.0
2955385210,same-system,1244.0
3059589166,human,50.0
3059596982,human,20.0
3059604084,human,4.0
2972904730,human,27.0
3004246023,human,34.0
3007639905,human,8.0
2938620349,human,293.0
2876618970,human,12.0
2925557689,human,22.0
2925696455,same-system,1081.0
2922611270,same-system,306.0
2946774379,human,132.0
3035346886,same-system,61.0
3035361950,same-system,843.0
3041326942,same-system,616.0
2928464078,human,116.0
2933253124,human,4.0
3043740774,same-system,2264.0
3043790848,same-system,1239.0
3043902090,same-system,1657.0
3044033366,same-system,1714.0
3044214815,same-system,1054.0
3044371047,same-system,1321.0
3058025339,human,51.0
3026133261,human,4.0
2862702092,human,78.0
2862723965,human,158.0
3077750137,human,21.0
3070332512,human,25.0
3117901973,cross-system,5708.0
3125665717,human,19.0
2947551726,same-system,2334.0
3019154880,same-system,647.0
2973485251,human,29.0
3071363053,human,277.0
2999555831,human,402.0
2999729918,human,18.0
3058169228,human,34.0
3081047941,human,129.0
2879732401,human,4.0
2877534120,human,6.0
2877542728,same-system,591.0
2967283888,human,134.0
2967405549,human,650.0
2968050812,human,1997.0
2970301072,human,35.0
2921245805,same-system,1267.0
2858085718,human,120.0
2907803147,human,72.0
2962297942,human,198.0
2978883018,same-system,322.0
3181164136,same-system,1625.0
3183594800,same-system,1587.0
2933656297,human,53.0
2933737635,human,57.0
2936362350,human,15.0
3013035081,human,260.0
3013059381,human,103.0
2951089524,human,97.0
3056112375,human,917.0
2930079628,same-system,1163.0
2980400639,same-system,1157.0
2940589965,human,1141.0
2866381728,same-system,440.0
3051210655,human,182.0
3051757691,human,67.0
2950105154,human,52.0
2855908119,human,5.0
2855909350,same-system,953.0
3070141678,human,193.0
3070209762,human,924.0
3070315319,human,17.0
3070376710,human,927.0
3070414382,human,17.0
3070461424,human,82.0
3071521969,same-system,2230.0
3071540479,cross-system,25643.0
3077581074,human,60.0
3085958759,human,95.0
3386441260,cross-system,29812.0
3386496484,human,44.0
3386914004,cross-system,28006.0
3022932980,human,172.0
3023094806,human,33.0
2897335354,human,110.0
2897376922,human,112.0
3050560809,human,138.0
3053137432,human,147.0
2881912860,human,197.0
2972440970,human,50.0
2972441215,human,50.0
2975916136,human,39.0
2859415369,same-system,372.0
2884014177,same-system,413.0
2875495521,same-system,985.0
2925528873,human,52.0
2873669083,human,22.0
3064315811,human,47.0
3080376437,human,2533.0
3125951785,same-system,1440.0
2883446040,same-system,1650.0
2886435914,human,101.0
2889436262,human,161.0
3023406807,human,568.0
3044997232,human,7.0
3045135356,human,1029.0
2998971963,human,148.0
2855262664,human,4.0
3044810479,human,131.0
2853618700,human,82.0
2853687181,human,128.0
2970299235,human,110.0
3018404935,human,239.0
3018428036,human,422.0
3020165242,human,224.0
3020631093,human,240.0
3021197715,human,164.0
3022883402,human,273.0
2991120063,same-system,1883.0
2991121032,human,84.0
2898578943,same-system,61.0
2960596020,same-system,727.0
2962987240,human,132.0
2898537599,human,280.0
2904699556,same-system,268.0
2982890739,same-system,2971.0
3005678554,human,34.0
3011168964,human,23.0
3011223719,human,182.0
3011338208,human,108.0
2895829807,human,112.0
2895902667,human,13.0
2933510700,human,26.0
2975887879,cross-system,1780.0
3015339660,cross-system,2449.0
3015358399,cross-system,2484.0
3037654927,human,21.0
2976381200,human,4.0
2938631522,human,92.0
3015332159,same-system,61.0
3016347525,human,1.0
3019588825,human,415.0
3025419546,human,65.0
2906027889,human,51.0
3059697123,human,124.0
3062894238,human,30.0
2977485265,human,44.0
2985214770,human,4.0
3054664864,human,57.0
3014247820,human,13.0
3014255782,human,61.0
3014639785,same-system,1230.0
3017001362,human,55.0
3017218834,same-system,3172.0
2981593289,human,85.0
3008605828,same-system,1698.0
3030098062,human,25.0
2859576054,same-system,1963.0
2859407736,same-system,61.0
3029226084,same-system,508.0
3071013113,human,4.0
2923748700,human,43.0
3060379813,same-system,620.0
3060390487,human,193.0
3060777750,human,15.0
2885327307,human,170.0
2930416710,human,37.0
2930931901,human,6.0
2931061889,human,327.0
2905692859,human,135.0
2869890562,human,5.0
2949451244,human,65.0
2949491241,human,4.0
3059644778,human,18.0
2855680509,human,131.0
2855779897,human,11.0
3044086930,human,25.0
3044919569,human,22.0
3078356145,same-system,904.0
3284036936,human,8.0
2942644080,same-system,61.0
3305667469,human,24.0
3002761977,human,4.0
2914542154,same-system,1451.0
2857132579,human,130.0
2857173384,same-system,2138.0
2930405634,same-system,1535.0
2983067530,same-system,2107.0
2983368837,same-system,3183.0
2916284725,human,179.0
2916330697,human,49.0
2852859190,human,74.0
2852966498,human,350.0
2995327315,human,17.0
3007648543,human,8.0
2977139108,human,374.0
2948067959,human,56.0
2954476127,human,65.0
2954612734,human,1.0
3108611775,same-system,1714.0
3125830430,same-system,2616.0
3126292199,same-system,1813.0
2983268810,human,38.0
3203205775,same-system,1663.0
2976426317,human,44.0
2859064375,human,98.0
2859102276,human,551.0
2859154292,human,98.0
3035691905,human,100.0
3058229383,same-system,1259.0
3058246487,human,337.0
3013994684,human,212.0
3014728544,human,506.0
3018129540,human,292.0
3023355350,human,50.0
3023494023,human,68.0
3027340805,human,292.0
2902430354,same-system,1362.0
2902755769,human,78.0
3024258294,human,279.0
3029707523,same-system,1175.0
3029902903,human,75.0
3058045327,human,22.0
3058164749,human,30.0
2870639312,same-system,1803.0
2980231625,human,4.0
2852697558,human,58.0
2852783612,human,90.0
3000656358,human,1212.0
3028355185,human,111.0
2996952027,human,31.0
2954681513,human,110.0
2959642591,human,71.0
2976888258,human,42.0
2914387272,human,377.0
2914661021,human,124.0
3038383329,same-system,564.0
3006066115,human,128.0
3069859149,same-system,1684.0
2911900251,human,142.0
2911925406,human,38.0
2954780444,same-system,1837.0
2955642717,human,136.0
2923688924,same-system,390.0
3030436692,human,102.0
3012817467,human,4.0
3012817567,human,4.0
2867084969,same-system,1107.0
2867220024,human,4.0
3024408359,human,131.0
2970833758,human,147.0
3055310440,human,167.0
3055383928,human,96.0
3012104196,same-system,1962.0
2995883819,human,20.0
2995884233,same-system,1652.0
3022629861,human,267.0
3006957729,same-system,61.0
3007008137,same-system,1898.0
3008078111,same-system,1297.0
2977217766,same-system,2784.0
2931207627,human,4.0
2872976444,same-system,1201.0
2934474018,human,59.0
2934514801,human,313.0
2869930457,same-system,1927.0
3044315874,human,58.0
3044359744,same-system,1558.0
3014777684,same-system,1705.0
2979077563,human,55.0
2976001872,same-system,1475.0
3054060405,human,4.0
2978817412,same-system,335.0
3011381849,same-system,1879.0
2950887644,human,14.0
3001891220,human,4.0
3059746529,human,53.0
3061714003,human,141.0
2980393752,same-system,1226.0
3003119150,human,120.0
2969285930,human,37.0
3038625500,human,33.0
3072224498,same-system,894.0
2950343436,human,38.0
2919613387,same-system,1304.0
3025943515,human,36.0
2862960823,human,223.0
2866677291,human,36.0
2866983432,human,36.0
2869212770,same-system,4399.0
2924260323,human,18.0
3045585824,human,50.0
3059525581,human,59.0
3014264400,human,78.0
2962619853,same-system,1274.0
3214685209,human,128.0
3217974094,cross-system,59687.0
3218581563,cross-system,15350.0
3219676488,cross-system,5920.0
3219910020,human,1704.0
3219917372,human,1219.0
3219925500,human,388.0
3085535223,same-system,2107.0
3046183958,same-system,461.0
2948349433,human,562.0
3014043515,same-system,1632.0
3014266563,same-system,2305.0
3071251237,same-system,1210.0
3088186376,human,267.0
3054353080,human,5.0
3054706269,human,5.0
2926116566,human,4.0
2928644224,human,17.0
2933045725,human,21.0
2933740416,human,104.0
2933756379,human,46.0
2986026886,human,50.0
3014300455,same-system,2965.0
2883722488,same-system,2175.0
2887512438,human,5.0
2890011572,human,56.0
2909307943,human,1.0
2905744779,human,590.0
2905995243,human,105.0
3071257243,same-system,1354.0
3071264730,human,148.0
2988588786,human,53.0
3036838485,same-system,1577.0
2860394469,same-system,1470.0
3013789353,human,372.0
3013872749,human,204.0
3013874909,human,202.0
3013880856,human,141.0
2988014707,same-system,696.0
2993744379,same-system,2657.0
3061249270,same-system,1293.0
3058050965,human,16.0
2997259137,human,4380.0
2855860369,human,25.0
2855865634,human,58.0
3018100017,human,23.0
2951845255,same-system,2360.0
3029615885,human,17.0
2917842140,human,86.0
3046177944,human,5.0
2929073949,human,582.0
2916202857,same-system,1474.0
2941933739,human,226.0
3020730063,same-system,61.0
3026220104,same-system,1142.0
3020982199,human,77.0
2882035590,same-system,862.0
2924238512,human,76.0
3008296766,same-system,815.0
2978826451,same-system,61.0
2981411902,human,60.0
2985171607,same-system,2093.0
3030272201,same-system,2176.0
3089755835,same-system,1177.0
3093886007,human,4.0
2866906279,same-system,4120.0
2871914760,human,146.0
3057350878,human,86.0
3014195554,human,46.0
3014197483,human,166.0
2987321883,human,155.0
2860981041,human,170.0
3012983797,same-system,3557.0
3026992154,human,38.0
2895152885,human,8.0
3008571082,human,5.0
3010871575,human,218.0
2855878228,human,36.0
2895711907,same-system,1505.0
2909460384,same-system,1563.0
2976150180,human,16.0
2999289423,human,58.0
2980154540,human,4.0
3035671439,same-system,831.0
2893984324,same-system,2135.0
2972707283,human,4.0
3079405814,human,238.0
3059554663,human,4.0
3042401244,human,495.0
3050389516,human,277.0
3054773138,human,59.0
2858268815,human,124.0
2858297018,human,143.0
2861804351,human,47.0
3011474046,human,8.0
3047486436,same-system,899.0
2892098699,same-system,1231.0
2891461931,same-system,896.0
2891908813,same-system,860.0
2937470435,human,50.0
3018152838,human,37.0
2859226842,human,4.0
2963719684,human,100.0
2964244375,human,86.0
2976928846,human,20.0
3050329198,same-system,1531.0
3055576486,human,21.0
2890264756,human,1125.0
2894187088,human,899.0
2987508468,human,22.0
2996596834,cross-system,61.0
2923099523,human,109.0
2906248739,same-system,4011.0
2908921674,human,28.0
2967928857,human,96.0
2894378586,human,29.0
2887654829,same-system,1421.0
2910641729,human,29.0
2914385718,human,160.0
2903856015,same-system,2208.0
2922578337,human,4.0
2923583916,human,85.0
2951008317,human,4.0
2951312060,human,60.0
2966960371,same-system,1205.0
3065745621,same-system,1315.0
3065760001,human,40.0
2881611708,human,130.0
2881639181,human,131.0
2881840965,same-system,1690.0
2970551474,human,4.0
3025502351,human,8.0
2963260575,human,6620.0
2963303908,human,867.0
2963471509,human,195.0
2883130072,same-system,2325.0
3073697635,same-system,1197.0
3073717746,same-system,1403.0
3017433621,human,45.0
2942740076,human,303.0
2998109387,human,106.0
2866379288,same-system,1051.0
3045414330,human,157.0
3048099646,human,74.0
2859303523,same-system,1172.0
2870307670,same-system,117.0
3051968206,human,8.0
3051970167,same-system,1321.0
2896966538,human,39.0
2900541983,same-system,2672.0
2914580139,human,153.0
2914946232,same-system,2521.0
2864576279,same-system,792.0
2864641554,human,5.0
2924924427,human,315.0
2925139425,human,57.0
2925381653,human,428.0
2926419837,human,803.0
2965206014,human,476.0
3024056898,human,4.0
2895646003,same-system,1537.0
2895801465,human,135.0
2856594712,human,27.0
2862934004,human,1206.0
2865302009,human,183.0
2882511730,human,65.0
2944039918,same-system,1613.0
2947273421,human,47.0
2958761807,human,113.0
3014828721,human,139.0
3104833443,same-system,1222.0
3063295979,same-system,629.0
2894489271,same-system,2078.0
2895327562,human,138.0
2897772971,same-system,2575.0
2925052854,human,228.0
2925101176,human,40.0
2938483024,human,50.0
2889511792,human,142.0
2905254695,human,55.0
2901760884,human,26.0
3071281502,human,128.0
3065676876,human,3220.0
3065677913,human,3220.0
3057363248,human,128.0
3058170258,human,34.0
3028536989,human,21.0
3028629395,human,51.0
2955365353,human,1.0
2955604567,human,112.0
3031651368,human,435.0
3032112090,human,507.0
3032171675,human,378.0
2936650108,same-system,380.0
3010642202,human,67.0
2911544047,human,4.0
3054788186,same-system,1058.0
3063104456,human,186.0
2897954422,human,11.0
2863477383,same-system,793.0
2863725892,human,5.0
3050508701,same-system,1495.0
2969356742,same-system,2401.0
2862361786,human,124.0
3034982864,human,4.0
3035831352,human,137.0
2965311632,human,31.0
2965640919,human,214.0
2852459483,same-system,967.0
2853977713,human,70.0
2856712012,human,626.0
2948086328,human,139.0
2914877038,same-system,720.0
2966439142,human,91.0
3049206634,human,107.0
3049281590,human,113.0
2965776126,human,231.0
2968147456,same-system,896.0
3049469154,human,97.0
3056115558,same-system,1259.0
3062991675,human,16.0
3063060572,human,4.0
2936631098,same-system,1396.0
2902558539,same-system,2002.0
2941992759,human,224.0
3027854768,same-system,2215.0
3062748970,same-system,1451.0
3085971858,same-system,2404.0
3007341368,same-system,1174.0
2961120880,human,17.0
2970945135,human,21.0
3039453137,human,33.0
2933474207,human,46.0
3013884828,human,395.0
3003682631,human,89.0
3086530301,same-system,930.0
2952791548,human,796.0
3065980252,human,7.0
3056081553,human,5.0
2915509927,human,45.0
2995129420,human,460.0
2995266226,human,35.0
3030397962,human,110.0
3016003942,human,319.0
3016029128,human,206.0
3016112195,human,8.0
2977961033,human,4.0
2937390958,human,56.0
2937659506,same-system,1950.0
2877453025,human,47.0
2880992575,same-system,2881.0
2944128392,same-system,1984.0
2962803153,human,105.0
3005883674,human,133.0
2968848054,human,382.0
2969337944,human,69.0
2889648954,same-system,1171.0
2889662403,same-system,1220.0
3072194560,human,33.0
2924076149,human,109.0
3026004319,human,45.0
3026145079,human,107.0
2963463101,same-system,1905.0
2947420752,human,195.0
3019023242,human,34.0
3025564281,same-system,1533.0
3025726560,same-system,1780.0
3028243605,human,76.0
2981370449,same-system,61.0
2986578520,human,3.0
2951145539,same-system,1083.0
2918976358,cross-system,320.0
2919013078,cross-system,2371.0
2926902735,cross-system,2341.0
2926938429,cross-system,2570.0
3070368041,human,131.0
2963744037,human,13.0
3086534526,same-system,452.0
3069257136,human,529.0
2854449351,human,13.0
2879357731,human,22.0
2968901199,same-system,4110.0
3021090925,same-system,3226.0
2887922481,human,4.0
3044378439,human,104.0
2876840109,human,23.0
2986336880,human,4.0
2984251011,human,76.0
3054786038,human,130.0
3071408220,human,192.0
2915760744,same-system,333.0
2958851735,human,41.0
2995820199,same-system,463.0
2976293109,human,52.0
2976357077,human,77.0
2976568879,human,17.0
2976577692,human,8.0
2976579143,human,22.0
2983111847,human,33.0
2983126962,human,32.0
2983133912,human,22.0
2984560089,human,24.0
2915144063,same-system,2240.0
3284083020,human,28.0
3058101968,human,8.0
2893810546,human,82.0
2861928883,same-system,61.0
2955832365,same-system,427.0
3093952544,human,4.0
2942089988,same-system,1656.0
2942306906,human,21.0
2857581609,human,282.0
2860728198,human,80.0
3045741432,same-system,1247.0
3045753518,human,2125.0
2890358420,same-system,1328.0
3042349082,human,147.0
2970832680,human,248.0
2979198618,human,167.0
2979272846,human,182.0
3005878008,human,8.0
3006617362,human,8.0
3060811342,human,113.0
3046941939,human,4.0
2991236435,human,10.0
3182220779,human,4.0
2897765448,same-system,1490.0
2883496746,human,49.0
2992906375,same-system,1538.0
2996881712,cross-system,4947.0
3002274349,cross-system,5197.0
2884296496,human,83.0
2884310831,human,297.0
2930546407,same-system,282.0
2930735917,same-system,755.0
3067273818,same-system,601.0
2932598746,human,39.0
2936989156,human,221.0
2967061840,human,777.0
2967425016,human,84.0
2969480748,human,844.0
2936856205,human,75.0
2944332979,human,64.0
2984086814,human,16.0
2985224682,human,69.0
2985235810,human,26.0
2985264327,human,138.0
3025378281,same-system,1155.0
3368019843,human,15.0
3001722270,human,201.0
2969323637,human,71.0
2969332020,human,39.0
2969366634,human,58.0
2916947414,human,176.0
2991021978,same-system,1304.0
2980056739,human,465.0
2991262203,human,584.0
2991277799,human,259.0
2991313638,human,2866.0
2960325974,same-system,1152.0
2988061633,human,752.0
2988335890,human,526.0
3058531433,human,189.0
3072777838,same-system,1711.0
2967656701,same-system,1005.0
2883162717,same-system,2441.0
2969481436,human,740.0
2851929804,same-system,467.0
2851953092,human,421.0
2851977549,human,151.0
2869159321,human,7.0
2963391382,human,73.0
2969358310,human,120.0
2882132764,human,108.0
2882157307,human,11.0
2976449709,human,42.0
2976572492,human,55.0
3002447247,human,139.0
2903959661,human,4.0
3058549335,human,117.0
2897830520,same-system,2391.0
3006910427,same-system,2461.0
3202836219,human,58.0
2961395730,same-system,970.0
3054070978,human,104.0
2985996350,human,29.0
2967724278,human,444.0
2967893203,human,160.0
2960236669,same-system,2007.0
2966130558,human,4.0
2980889593,human,21.0
3012964276,human,7.0
3027355748,human,27.0
3027811660,same-system,1341.0
3036234642,human,18.0
2867248313,same-system,783.0
2915149219,same-system,2028.0
2930565825,same-system,448.0
3058109303,human,34.0
2892962241,same-system,1515.0
2893317295,same-system,1967.0
2998643144,same-system,117.0
2998651900,same-system,1675.0
2858728255,same-system,775.0
2859621264,human,11.0
2972845711,same-system,318.0
2994821148,human,10.0
2993575022,human,23.0
2955826170,same-system,1325.0
2962874867,human,62.0
2969469392,human,1010.0
2914638983,same-system,3131.0
3052530852,human,89.0
2926327185,human,173.0
2926334952,human,156.0
2994828069,human,47.0
2994853639,human,14.0
2861812542,human,42.0
2865405790,human,38.0
2859822061,same-system,955.0
2863739168,same-system,2010.0
2951845630,same-system,1435.0
2858789144,same-system,1639.0
2859646254,human,1.0
2889205508,same-system,1110.0
2889202856,human,183.0
2889315455,human,10.0
2958016519,human,4.0
2958083464,human,235.0
2974211249,same-system,2180.0
2867457641,same-system,1446.0
2851789833,same-system,2368.0
2990954783,human,416.0
3071680256,human,16.0
2990678193,human,76.0
2869365659,human,11.0
3038629574,human,33.0
3014247572,human,61.0
2923395304,same-system,1333.0
2978214936,human,10.0
2994851324,same-system,117.0
2994986631,human,69.0
2865302811,human,79.0
2865324923,human,86.0
2865387063,human,19.0
2965992323,human,78.0
2966122294,human,176.0
3051845661,human,129.0
2939266844,human,118.0
2982360249,same-system,1012.0
2889247933,human,57.0
2915142717,human,33.0
2936978344,same-system,1452.0
3084897927,human,116.0
3087288875,human,60.0
2933724442,same-system,1076.0
2933725223,human,19.0
2960428933,human,142.0
2950314802,human,54.0
3031907174,human,4.0
3025562516,human,47.0
2963839788,human,4.0
2953032823,human,35.0
2906171324,same-system,1035.0
2906171325,human,5.0
2999452834,human,173.0
2999760291,human,31.0
2999843287,human,367.0
3053657787,human,10.0
2860154351,same-system,1168.0
2944038059,human,39.0
3034735335,human,16.0
2909421501,human,4.0
2930116344,human,207.0
2862806759,human,180.0
3017495581,human,129.0
2942222797,human,82.0
3059745082,same-system,1383.0
3059756679,human,160.0
2998472867,human,42.0
2971256833,human,20.0
2971337971,same-system,2443.0
3069950415,human,17.0
2972238281,human,607.0
2976806821,human,435.0
3080632159,same-system,475.0
3080634010,human,26.0
2983740657,human,11.0
2934797063,human,543.0
2918160292,human,5.0
3018774118,same-system,2139.0
3024405033,human,108.0
3024648193,human,352.0
2969462577,human,130.0
2936113306,human,1837.0
2936381907,human,1145.0
2936593878,human,95.0
2936625862,human,82.0
2936645032,human,82.0
2936652349,human,84.0
3021187370,human,122.0
2863655837,same-system,1602.0
2868687567,human,11.0
2995794883,same-system,61.0
2959149032,human,325.0
2959358949,human,127.0
2959760674,human,19.0
2960525450,human,216.0
3003413823,human,120.0
2963381445,human,133.0
2984588185,human,135.0
2995479906,human,40.0
2853086720,human,138.0
2853154526,human,237.0
2853374238,human,35.0
2954592780,human,155.0
2922657614,human,181.0
2888497877,human,36.0
2888523656,human,87.0
2888665047,human,96.0
3046878544,human,4.0
3046881448,same-system,965.0
3047474343,same-system,975.0
2942409364,human,67.0
3064798713,same-system,525.0
3027957747,same-system,2182.0
2953142343,human,94.0
2955594209,same-system,412.0
2888746527,same-system,936.0
2861628658,human,43.0
2861647770,human,9.0
2899864645,same-system,767.0
2879664833,same-system,2498.0
3061655248,human,188.0
3063438837,human,60.0
2948621568,same-system,1542.0
2948674846,human,57.0
2964679884,human,4.0
2994815987,human,10.0
2961901243,same-system,1957.0
2961954047,same-system,117.0
2976074071,human,79.0
2976453147,human,101.0
2976621475,human,52.0
2976691129,human,43.0
3058908907,same-system,2560.0
3058913231,same-system,1784.0
2952328947,same-system,2304.0
3047286984,human,247.0
3047414105,human,186.0
3047991292,human,89.0
3051612238,human,38.0
2942149449,human,48.0
2942695757,human,200.0
2889254470,human,196.0
3045900984,human,4.0
2982225010,human,84.0
2891157692,human,4.0
3018395025,human,123.0
2904922836,human,228.0
2969214606,same-system,2876.0
3021774787,human,204.0
3022309416,human,204.0
2930440249,same-system,345.0
2934429641,human,236.0
2937340814,human,948.0
2937442703,human,991.0
3099788633,same-system,901.0
2991593358,same-system,429.0
2933324044,human,39.0
2967372933,human,497.0
2947769464,same-system,1668.0
2962908034,human,110.0
2963301533,human,105.0
3013162886,human,128.0
2857901660,human,166.0
2857956911,same-system,1543.0
3031789545,human,7.0
3033025605,human,9.0
3033211268,human,8.0
3035082987,same-system,2491.0
3035110777,same-system,2046.0
3035119897,same-system,2396.0
3035128932,same-system,2788.0
2957155878,human,6.0
2861863274,same-system,406.0
2985807190,same-system,1121.0
3042441372,human,197.0
3059640883,human,86.0
3063748247,human,44.0
3044911820,human,181.0
3020386913,same-system,2026.0
3031623179,same-system,2201.0
3031624157,same-system,2179.0
3031914111,human,56.0
2968802000,human,66.0
3069893673,human,87.0
3070354331,same-system,2190.0
2911380094,human,232.0
2911406335,human,35.0
2911454236,human,677.0
2942579732,human,15.0
2852347735,same-system,763.0
3022903038,human,31.0
2959798927,human,219.0
2937237941,human,285.0
2937334584,human,272.0
2937366224,human,45.0
2937395847,human,135.0
2937529241,human,97.0
2937543130,human,112.0
2940590352,human,151.0
2944116460,human,2208.0
2944204661,human,253.0
2946583065,human,287.0
2946913892,human,821.0
2947185717,human,806.0
2947250478,human,65.0
2947353882,human,386.0
2884410608,human,252.0
2863444097,same-system,1603.0
2894763219,human,21.0
2948381014,same-system,3747.0
3122216176,human,80.0
2918485200,human,26.0
3187301826,human,122.0
3187302670,same-system,1363.0
3012662274,human,102.0
3012682388,human,302.0
3014158734,human,124.0
2946204786,human,295.0
2947141836,human,52.0
2887741163,same-system,866.0
2943519719,same-system,1760.0
2904817661,same-system,61.0
2904818999,same-system,61.0
2904823437,same-system,61.0
2904839543,same-system,2317.0
2858565395,human,14.0
2860827959,human,104.0
2855137670,same-system,1202.0
2911595213,same-system,3337.0
2907713349,human,11.0
3043812329,human,40.0
3048160107,human,79.0
3048185116,human,68.0
3098152954,same-system,2923.0
2858991810,human,197.0
3069670212,human,145.0
2999462657,human,52.0
3003041083,human,81.0
3036871437,human,78.0
3036944557,human,88.0
3037285512,human,25.0
3037447589,same-system,117.0
3038655599,same-system,1246.0
3045895387,human,11.0
3036962961,human,119.0
3046570120,human,29.0
2865143128,same-system,978.0
3264318938,human,26.0
2863222544,human,4.0
2908217775,human,286.0
2991031116,human,65.0
2851799277,human,49.0
2982374557,human,72.0
2962058939,human,38.0
2908564115,human,36.0
2997547153,same-system,1385.0
3069587579,same-system,549.0
3028128337,human,50.0
3015723210,human,27.0
2873482572,human,8.0
2883186736,same-system,2465.0
2925540888,human,305.0
3031572995,human,209.0
3031587869,human,122.0
3031603377,human,393.0
3019200034,human,5.0
2968382968,human,72.0
3047882612,human,12.0
3055479488,human,144.0
2903674642,same-system,1279.0
3057505548,same-system,1644.0
3046467000,human,427.0
3049730839,human,192.0
3049820926,same-system,1992.0
2980800771,human,88.0
2980851899,human,63.0
2922129522,human,359.0
2925497244,human,39.0
2987325141,same-system,2466.0
2944200742,same-system,367.0
2971687578,human,28.0
2948454949,same-system,704.0
2980089958,human,49.0
2980816636,human,106.0
2963735924,same-system,2025.0
2963738141,human,152.0
2976550085,human,141.0
3057284959,human,53.0
3057295312,human,53.0
3027961164,same-system,1733.0
2983680891,human,73.0
2983728640,human,44.0
2922480877,same-system,1411.0
2918137056,human,11.0
2911681464,human,81.0
3016923417,human,599.0
2872139931,human,469.0
3054705657,human,235.0
3054965601,human,70.0
3061426046,human,431.0
2966393007,human,13.0
2966395834,same-system,1487.0
3071876316,same-system,990.0
3001569849,human,154.0
2908552564,human,4.0
2948346966,human,37.0
3055008032,human,245.0
2939408123,human,138.0
2918141354,cross-system,320.0
2914942645,human,4662.0
2915157967,human,356.0
2918615325,human,1137.0
2981685656,same-system,61.0
2981741752,human,20.0
2981750416,same-system,1504.0
2981770140,same-system,1487.0
2862904706,human,286.0
2882498559,human,88.0
2998400441,human,747.0
2862483806,human,106.0
2905101991,human,127.0
2905288892,human,58.0
2909717571,same-system,493.0
2910005168,human,1437.0
2910971158,same-system,1261.0
3043398058,same-system,1699.0
3275661414,human,172.0
3275702924,human,693.0
2906400737,same-system,1532.0
2984944688,same-system,1465.0
3058092135,human,91.0
3058106053,human,89.0
2888390839,same-system,993.0
2915195201,same-system,751.0
3025786267,human,23.0
2951752347,human,183.0
2966815156,same-system,2160.0
2868182024,human,8.0
3174151728,human,126.0
2889962449,same-system,1103.0
2908011123,same-system,759.0
2861503963,same-system,1338.0
2860322025,human,334.0
2860624677,human,29.0
2864216330,human,51.0
2954133887,same-system,950.0
2884208533,same-system,1808.0
2965607494,human,4.0
2928886549,same-system,726.0
3064873897,human,128.0
2974549430,human,246.0
2978563120,human,62.0
2862730716,human,727.0
2914446494,same-system,707.0
2953003110,same-system,1841.0
2970779521,same-system,1787.0
2974467380,human,4.0
2860966068,same-system,1927.0
2994340148,human,28.0
3011067083,same-system,1671.0
3007286025,human,8.0
3072980075,same-system,423.0
3191175586,human,41.0
2999020240,human,492.0
2999058729,human,237.0
2999119227,human,20.0
3046163218,same-system,1046.0
2907094198,same-system,835.0
2924367230,human,4.0
3149350163,human,32.0
3086470677,same-system,535.0
3086522647,same-system,503.0
2961370038,human,4.0
2852662976,same-system,1268.0
3029012731,human,136.0
3029115534,human,4.0
2972547557,human,170.0
2972696788,human,208.0
2878023025,same-system,961.0
3024687793,same-system,642.0
3025283558,human,37.0
3040015888,human,40.0
2943754082,human,58.0
3021778913,human,204.0
3022325329,human,110.0
3071341159,human,732.0
2976129362,human,48.0
3021699421,same-system,1394.0
2874642891,same-system,117.0
2979141367,human,64.0
2979229582,human,31.0
3071379044,same-system,459.0
3035339804,same-system,678.0
2972683433,human,7.0
2972709535,human,14.0
2977071075,human,5.0
2963712496,human,227.0
2963726259,human,365.0
3304330569,human,121.0
2867022967,same-system,1076.0
2971011676,human,64.0
2997845601,human,48.0
2997977227,human,35.0
3017404568,human,25.0
2864471618,same-system,117.0
2864675023,human,52.0
2948350458,human,84.0
2948380498,same-system,1648.0
2949080982,human,89.0
2983712360,human,320.0
3287087274,same-system,1395.0
3289504849,human,37.0
2905657272,human,4.0
2855571480,human,30.0
2855624085,human,56.0
2921894885,human,421.0
2922008185,human,200.0
2922184134,human,221.0
2915147614,same-system,734.0
2892972508,human,7.0
2994849827,human,50.0
2874571259,human,24.0
2874032568,same-system,5845.0
2859759887,same-system,2561.0
2887029415,same-system,337.0
2915330639,same-system,1332.0
2915330832,human,101.0
3037811375,human,264.0
2911319438,same-system,1879.0
2994249095,human,50.0
3056089859,human,543.0
2914788209,human,105.0
2933008745,cross-system,2912.0
2933109665,cross-system,2069.0
2933438743,cross-system,2816.0
2933458898,cross-system,2859.0
2933515412,cross-system,124.0
2933632566,cross-system,2961.0
2882293877,human,165.0
2882629686,human,8.0
2973520069,human,51.0
3024405967,human,12.0
3024482229,human,23.0
3024573708,human,219.0
3024602323,human,596.0
3024794480,human,133.0
3024941894,human,30833.0
3025005462,human,2113.0
3025021310,human,1291.0
2894399558,human,57.0
2894400887,human,57.0
2875892784,same-system,1747.0
2914638932,human,55.0
3019095210,human,442.0
3019266932,human,278.0
2983063311,same-system,61.0
3039335843,human,26.0
3039492751,human,12.0
3072542699,human,24.0
3048725234,same-system,2071.0
3003615133,human,124.0
2951826407,human,46.0
2951866876,human,96.0
2959882701,human,141.0
2959891675,human,531.0
2960011715,human,363.0
2960079420,human,43.0
2871133874,human,73.0
2955259010,human,47.0
2954642518,human,9.0
3006563512,same-system,2523.0
2858727906,human,42.0
3028515667,same-system,460.0
2942109533,human,647.0
3043758390,same-system,2552.0
3052246895,human,34.0
2895117429,human,129.0
2984485039,human,75.0
2984551745,human,66.0
2882611619,human,8.0
2910791758,human,196.0
2911478356,human,75.0
3038632095,same-system,562.0
2922738708,human,5.0
2958834866,cross-system,1877.0
3171747716,human,643.0
2908423260,human,40.0
2953145561,human,28.0
2875589710,human,143.0
2875625535,human,227.0
2875629283,human,240.0
2876281519,human,182.0
2951414286,human,16.0
2890981533,same-system,61.0
2965569218,same-system,1322.0
3015284861,human,4.0
2865394077,human,41.0
2865429254,human,8.0
3029039059,human,32.0
3029088566,human,156.0
2922606438,human,489.0
2923242478,human,973.0
2924832716,human,210.0
2924919440,human,500.0
2926384760,human,219.0
2923635437,human,5.0
3053925913,same-system,1612.0
2980551580,human,195.0
2879390109,same-system,1388.0
3145187797,human,19.0
2925514572,human,62.0
3016121458,human,51.0
2978739842,human,81.0
2984372231,human,27.0
2970308664,human,4.0
2932106815,human,56.0
2935925369,human,45.0
2938474809,human,44.0
2869013953,human,17.0
2983715604,same-system,991.0
2983755756,same-system,894.0
2969362038,same-system,996.0
2951976695,human,4.0
2895998283,same-system,2134.0
2930140007,human,103.0
2995880690,human,6.0
2982802521,human,134.0
2982835955,human,382.0
2982928980,human,137.0
2906811228,human,196.0
2906897394,human,748.0
3101089631,human,4.0
3008457040,same-system,1050.0
2938061236,same-system,858.0
2995877038,same-system,2229.0
2907702708,human,49.0
2940373281,human,105.0
2940571581,human,28.0
2940573846,human,62.0
3045981146,same-system,1898.0
2977082371,human,51.0
2889276438,human,759.0
2889320931,human,867.0
2902743554,same-system,955.0
2869929835,same-system,1425.0
2958536549,human,191.0
3066102216,human,1286.0
3066403522,human,75.0
3035507739,same-system,891.0
3047248356,human,71.0
2852156487,human,112.0
2852183916,human,21.0
2967594965,same-system,374.0
2908194088,same-system,1099.0
2963141373,human,227.0
2971740595,human,205.0
2972345803,human,1185.0
2915090808,human,3567.0
2883593804,human,31.0
2882583627,human,470.0
2882626626,human,639.0
2981774578,same-system,2092.0
3067341581,human,4.0
2869752366,human,56.0
2934932058,same-system,1759.0
2948454970,human,1222.0
2937017275,human,227.0
2906141190,same-system,1961.0
2852309331,human,77.0
3149102770,same-system,978.0
3149142021,same-system,117.0
2982302399,same-system,1950.0
2993149410,human,266.0
3012943413,same-system,61.0
3012973027,same-system,1662.0
3013017703,human,1542.0
3013100187,human,133.0
3013887456,same-system,61.0
3013911381,same-system,1070.0
3039713700,same-system,1364.0
3043810467,human,273.0
2906263116,same-system,907.0
2978806766,human,47.0
2992429208,human,119.0
3024406178,human,69.0
2981135502,same-system,1087.0
2944204449,human,159.0
2944213094,human,5.0
3006252568,human,19.0
2928191946,human,121.0
2987842213,same-system,61.0
2997795979,human,82.0
2997871743,human,30.0
2884323964,human,41.0
2999175109,human,9.0
2855182721,human,4.0
2861838539,same-system,1723.0
2968527131,human,126.0
2964911737,same-system,2492.0
3066679966,human,19.0
3029820713,human,45.0
3032906156,human,336.0
3055152020,same-system,1658.0
3097336234,human,913.0
3116905119,human,110.0
3025503506,human,40.0
2940303430,same-system,1657.0
2995830692,same-system,1877.0
2995833883,human,155.0
3000465445,human,82.0
2871165947,human,62.0
2871211259,human,69.0
2855757307,human,112.0
3008372159,human,34.0
2980584618,same-system,2237.0
3039003704,same-system,990.0
2858907840,same-system,352.0
2968530755,human,509.0
2962042744,human,4.0
2965399143,human,4.0
3015297026,human,4.0
3025577157,human,50.0
2997881711,human,73.0
3017334055,human,36.0
3017362011,human,47.0
2923300458,human,13.0
2923341379,human,53.0
2962374002,same-system,1496.0
2966240808,human,16.0
2859114713,human,582.0
2930079646,same-system,1234.0
3050028130,human,55.0
3050216586,same-system,2327.0
3053966984,human,7.0
2859156529,same-system,345.0
2888133726,human,30.0
3031634824,human,26.0
2983792254,human,31.0
2855850005,human,236.0
2997800831,human,61.0
3014725683,human,93.0
3022281401,human,1.0
2893164249,human,125.0
2896157394,human,23.0
3039271357,human,96.0
3041566189,human,20.0
2903905216,cross-system,341.0
2903915446,cross-system,341.0
2903915747,cross-system,341.0
2903924211,cross-system,2169.0
2903928915,human,20.0
2903973458,human,122.0
2994579811,human,13.0
2994756494,human,71.0
3381168792,same-system,1183.0
2967021153,human,55.0
2984502231,human,70.0
2984625666,human,109.0
2984657519,human,62.0
2855289845,human,5.0
2978206399,human,4.0
2978439347,human,33.0
2978858879,human,1.0
2978735931,human,598.0
2984374328,human,27.0
2919019041,human,87.0
2914411100,same-system,117.0
2958714639,same-system,932.0
3024576672,same-system,1662.0
2996730116,human,191.0
2943529396,human,105.0
2851855542,human,17.0
2894489633,human,44.0
2855537223,same-system,358.0
2855663594,human,11.0
2855669921,human,22.0
2856120581,human,297.0
2899258259,same-system,1018.0
2923945596,same-system,2008.0
2963681024,human,157.0
2999473883,human,12.0
2953959523,human,38.0
2968159459,cross-system,1887.0
2941024517,human,40.0
2950945093,human,19.0
3050379717,same-system,1712.0
3050477964,human,4.0
2863343226,same-system,231.0
2863723784,human,5.0
2908522479,human,179.0
2979211069,human,54.0
2979236191,human,36.0
2972699387,human,34.0
2882412315,same-system,2796.0
2921113214,same-system,830.0
2968489035,human,294.0
2968582192,human,73.0
2944169672,human,154.0
2895129624,same-system,1453.0
2855569418,human,58.0
2855616030,human,42.0
3024622145,human,194.0
3025154813,human,72.0
2939726249,human,9.0
3073173507,human,171.0
2992827216,human,93.0
3025452881,human,31.0
3057354534,human,309.0
3058406061,human,557.0
3058573661,human,17.0
2851602880,human,29.0
3010120353,same-system,1846.0
2884007538,human,13.0
2859345466,human,22.0
2999161065,human,171.0
3016782698,human,19.0
3036014924,human,58.0
2936013690,human,159.0
3017398319,human,47.0
2918740206,human,11.0
2919777583,human,58.0
2921540384,human,40.0
2921869181,human,41.0
2923700888,human,236.0
3046057881,human,84.0
3051240894,human,1.0
3051721213,human,4.0
3051532417,same-system,1017.0
2859410173,same-system,1017.0
3065419827,same-system,1095.0
2913168378,same-system,1710.0
3035320461,human,43.0
2946353214,human,186.0
2979980048,human,4.0
3019285931,human,17.0
2882032837,same-system,332.0
2980403411,same-system,1331.0
2980411790,human,317.0
2983477513,human,8.0
3031694715,human,159.0
3031723677,human,1678.0
2980156450,human,108.0
3043427232,human,36.0
3043735111,human,112.0
3044023438,human,56.0
3070855240,human,172.0
3070902081,human,6.0
3070908966,human,146.0
3073573301,human,103.0
3049293047,human,177.0
3056228971,human,58.0
2905447551,human,373.0
2958805299,human,62.0
2940574697,human,136.0
3141802807,same-system,1134.0
2949046487,same-system,1220.0
2950247107,same-system,483.0
2973388219,same-system,1729.0
3028437561,human,8.0
2894125486,same-system,3540.0
2984703506,human,12.0
2984749349,human,4.0
2968137841,same-system,2521.0
3042484153,same-system,1454.0
3042912624,human,257.0
3047371610,same-system,2352.0
3000284520,human,120.0
2908361186,human,44.0
3045762023,same-system,1116.0
2991559563,human,511.0
2991566154,cross-system,1009.0
2991757938,cross-system,449.0
2950738331,human,92.0
2950773248,human,260.0
2951853462,human,67.0
3034189054,same-system,1184.0
3068093212,human,64.0
3068101279,human,64.0
3068140820,human,73.0
3072292047,human,73.0
2902343899,same-system,347.0
3008163026,human,4.0
2963613184,human,79.0
2852095531,human,30.0
2990877147,same-system,2625.0
2883913794,human,16.0
2947787374,human,17.0
3060152002,same-system,1329.0
3091967611,human,416.0
2922174127,human,13.0
2858568431,human,60.0
2860565965,human,358.0
2860603210,same-system,1798.0
2863791757,human,149.0
2863855623,human,453.0
2891592025,human,423.0
2876921363,same-system,1732.0
2954662875,human,117.0
2954683686,human,78.0
2954742320,human,79.0
2954782856,human,53.0
2954801694,human,16.0
3081607282,human,54.0
2953998962,human,431.0
2959499134,human,40.0
2991864705,human,12.0
3060207125,same-system,516.0
3009907267,human,136.0
3012636368,human,33.0
3012637598,human,48.0
3012638439,human,48.0
3012643326,human,48.0
3012644585,human,6.0
3012644631,human,6.0
3012808031,human,19.0
2999933624,same-system,1151.0
2947022025,human,46.0
3038517404,same-system,573.0
2933443422,human,189.0
3046113844,human,77.0
3084629265,human,290.0
3091917171,human,1115.0
2983258340,human,23.0
2983308617,human,9.0
2983432078,human,8.0
3069731475,human,89.0
2946607247,same-system,1503.0
2983538962,human,52.0
2983709151,human,31.0
2857370845,same-system,399.0
2881567814,same-system,669.0
2977408000,human,244.0
2978607405,human,177.0
3053447348,human,133.0
3053478172,same-system,1435.0
3056004037,human,80.0
2998711190,same-system,1972.0
3034724398,human,69.0
3034856877,human,17.0
2969335392,human,242.0
2969351765,human,273.0
2969367036,human,461.0
2995275793,same-system,1871.0
2995329664,same-system,1618.0
2995355765,same-system,2171.0
2923667908,same-system,729.0
3032280874,human,21.0
3054614761,human,125.0
2982369849,same-system,1878.0
2953605559,same-system,963.0
2853732304,human,61.0
3058168446,human,34.0
3082161964,human,30.0
2932609460,same-system,1327.0
2932634546,human,298.0
2898903337,same-system,341.0
2958766739,human,162.0
2972930960,human,72.0
2991545518,cross-system,835.0
2991548189,human,194.0
2991563421,cross-system,765.0
2908010609,same-system,734.0
3002640578,same-system,1728.0
3014081362,human,10.0
3017009916,same-system,1269.0
2892783501,human,50.0
2894342186,human,38.0
2970381923,human,120.0
2990915700,same-system,1170.0
3357060236,same-system,1779.0
2851631247,human,5.0
2947731887,human,5.0
2914394347,same-system,461.0
2958750843,same-system,1057.0
2976935442,human,1949.0
2976982050,human,43.0
2947314244,human,117.0
2870150240,human,273.0
2870192547,human,88.0
2965855029,human,1477.0
2994765198,same-system,1782.0
2940341514,human,52.0
2940404230,human,119.0
3017411905,human,47.0
2915769831,same-system,917.0
2875904447,human,51.0
2899413220,same-system,1760.0
2901460406,human,18.0
2980394597,same-system,355.0
2884422530,human,64.0
2885297837,human,467.0
2914894742,human,181.0
2889756541,same-system,1535.0
2745646536,human,41.0
2745659529,human,2.0
2943758476,cross-system,1650.0
2873663048,cross-system,472.0
2734489235,human,7.0
2734550731,human,5.0
2829798067,cross-system,1078.0
2829804257,cross-system,365.0
2720236258,human,2.0
2720327519,human,5.0
3003299700,cross-system,729.0
3047457169,cross-system,2526.0
2888588881,cross-system,2605.0
2888674964,cross-system,9101.0
2888754879,cross-system,6959.0
2888819781,cross-system,9577.0
3047908790,cross-system,2636.0
3047958854,cross-system,2621.0
3048033007,cross-system,2487.0
3048100244,cross-system,2527.0
3048143526,cross-system,2537.0
3011576804,cross-system,716.0
2876516989,cross-system,124.0
3010749232,cross-system,601.0
2763255873,human,4.0
2986919286,cross-system,788.0
2987311079,human,22.0
2579830179,human,5.0
2587911282,cross-system,1013.0
3074492104,human,1.0
3074499478,cross-system,1137.0
3074532426,human,7.0
2742644620,human,41.0
2742726321,human,7.0
2727637156,human,38.0
2755285006,human,2.0
2755709696,human,1.0
3010539293,human,26.0
3021505619,cross-system,1716.0
3022177216,human,225.0
3022561428,human,553.0
2949217097,human,77.0
2949227599,human,200.0
2979852864,cross-system,1659.0
2979858882,cross-system,3266.0
2979889256,cross-system,3349.0
2979923318,cross-system,1530.0
2996350986,human,238.0
2998194559,cross-system,2621.0
3002226977,cross-system,2484.0
3002257472,cross-system,2571.0
3044402910,cross-system,153.0
3079736951,cross-system,153.0
2939844664,cross-system,153.0
3044198606,cross-system,4901.0
3044225422,cross-system,4974.0
3044235027,cross-system,5054.0
3044293043,cross-system,5293.0
3044313533,cross-system,4984.0
3047507791,cross-system,4985.0
3047521919,cross-system,2459.0
3047601597,cross-system,2422.0
3047636726,cross-system,2648.0
3047651993,cross-system,2497.0
3047709566,cross-system,2723.0
2816213606,cross-system,1429.0
2790786488,cross-system,117.0
2790786600,cross-system,117.0
2827695822,cross-system,1203.0
2967938508,human,498.0
2968081166,human,143.0
3053292307,cross-system,2359.0
2742412711,human,1.0
2742597316,human,7.0
2879909282,cross-system,117.0
2879914808,cross-system,275.0
2597862467,human,8.0
2956726200,human,1.0
2705630643,human,2.0
2709593881,human,5.0
2715354132,human,5.0
2929770393,human,4.0
2727944046,human,133.0
3070959490,human,11.0
3073937517,cross-system,1177.0
3036180275,cross-system,153.0
3036189904,cross-system,10149.0
2642535078,human,69.0
2709151641,human,143.0
2956748283,human,23.0
2812038559,human,66.0
2833725413,human,53.0
2833732636,human,142.0
2834248050,cross-system,472.0
2808839096,human,13.0
3024961948,cross-system,1248.0
2985269714,human,27.0
2848601934,cross-system,2811.0
2851346845,human,33.0
2854114041,human,14.0
3050328569,cross-system,153.0
2869187687,human,195.0
2999180218,cross-system,588.0
2907455876,cross-system,2428.0
2907500820,cross-system,2783.0
3044813005,cross-system,2676.0
3044842942,cross-system,2647.0
3045116084,cross-system,3347.0
3045296786,cross-system,2612.0
2727107213,human,5.0
2780827642,human,79.0
2780847559,human,94.0
2781204211,human,51.0
3073665975,human,29.0
2846415434,human,145.0
2846455721,human,5.0
3034739465,cross-system,2571.0
3025183342,cross-system,2779.0
3025272454,cross-system,2676.0
3055340672,human,145.0
2911195944,cross-system,153.0
3066501219,human,1.0
3073818280,human,7.0
2653537384,human,82.0
2774219906,human,39.0
2642784429,human,7.0
2568672618,human,110.0
2568680034,human,24.0
2865305710,human,42.0
2865751787,human,140.0
3014255257,cross-system,7743.0
3014257769,cross-system,2696.0
3014265064,cross-system,5358.0
3014273487,cross-system,5433.0
3014283227,cross-system,2881.0
3014291956,cross-system,5394.0
3014292833,cross-system,2872.0
3014301633,cross-system,5171.0
3014302297,cross-system,2671.0
3017298687,cross-system,5239.0
3017312892,cross-system,2591.0
3017470813,cross-system,2484.0
2813298952,human,92.0
2951061789,cross-system,900.0
2969790814,cross-system,686.0
3066137035,cross-system,929.0
3069831205,human,84.0
3073769926,human,9.0
2584914425,human,6.0
2967996945,cross-system,766.0
2969061442,cross-system,1416.0
2998940475,cross-system,756.0
2999745923,human,15.0
2600067341,human,126.0
2742388355,human,1.0
3011153537,cross-system,2509.0
3011201430,cross-system,5204.0
3011260188,cross-system,2436.0
2798707770,human,233.0
3044301294,cross-system,3332.0
3044331189,cross-system,2026.0
3055465104,human,107.0
3039538567,cross-system,1437.0
2819581149,cross-system,895.0
2773050594,human,100.0
2809089503,human,2.0
2809181200,human,4.0
2847121765,cross-system,1420.0
3058022511,human,250.0
2762039328,cross-system,327.0
2851754370,human,43.0
2603876352,human,93.0
2527919599,cross-system,276.0
2888529246,cross-system,124.0
2888556053,cross-system,124.0
2888592969,cross-system,124.0
2890074373,cross-system,124.0
2898591195,cross-system,340.0
2957309960,cross-system,1632.0
2960318818,human,12.0
3000585491,human,133.0
2828569443,cross-system,404.0
2828869728,human,94.0
2859219447,human,281.0
2618988745,human,122.0
2866377786,cross-system,2612.0
2866378505,cross-system,2898.0
2866730788,cross-system,1403.0
2866734825,cross-system,3142.0
2848785613,cross-system,1537.0
2848788392,cross-system,2229.0
2960594025,cross-system,789.0
2851400921,human,73.0
2907518267,cross-system,597.0
2932827769,cross-system,339.0
2944850889,human,179.0
2945278378,human,80.0
2797858271,human,34.0
2753926730,cross-system,32.0
2754692000,cross-system,32.0
2588506115,cross-system,1169.0
2778407870,cross-system,2120.0
3003858215,human,18.0
2985305832,cross-system,1129.0
2986370993,human,80.0
2665980597,human,135.0
2666063048,human,193.0
2798600062,human,1.0
2798697306,human,2.0
2791494553,human,4577.0
2608019271,human,4.0
2604152259,cross-system,894.0
2649654043,human,2.0
2650311879,human,1.0
2912137034,human,16.0
2908690756,human,5.0
3043830364,cross-system,2731.0
3043851539,cross-system,2514.0
3044001066,cross-system,2527.0
3044112940,cross-system,2421.0
2733106818,human,55.0
2659521877,human,1.0
2867890563,human,6.0
2952376026,cross-system,1610.0
2908888099,human,4.0
2918058237,human,5.0
2941712583,human,1.0
2941729894,human,20.0
2835190771,cross-system,1478.0
2820115516,cross-system,887.0
2821662753,human,17.0
3044306690,cross-system,2545.0
3045130515,cross-system,2786.0
3046790605,cross-system,5128.0
3046848596,cross-system,4966.0
2603213751,human,431.0
2911788832,human,13.0
2588704370,cross-system,839.0
2787124868,human,22.0
3021064440,cross-system,5829.0
3021084752,cross-system,5595.0
3021148677,cross-system,2601.0
3021162392,cross-system,5837.0
3021605553,cross-system,2749.0
3021740037,cross-system,2848.0
3022032955,cross-system,3282.0
3022091057,cross-system,2609.0
3022151436,cross-system,2538.0
3026359155,cross-system,5123.0
3030883302,cross-system,2771.0
3028216204,cross-system,1129.0
3028615847,human,13.0
2700283866,human,142.0
3069820314,cross-system,1882.0
3070087335,human,33.0
2957120511,human,8.0
2882457000,cross-system,124.0
2882461289,cross-system,124.0
2884603937,cross-system,2835.0
2884610910,cross-system,2647.0
2964214547,cross-system,61.0
2964610400,human,70.0
2572194919,human,173.0
2680206503,cross-system,927.0
2792917199,human,23.0
2587871263,human,8.0
2790287119,human,2.0
2790395070,human,6.0
2879897916,cross-system,7282.0
2879901613,cross-system,7032.0
2879927598,cross-system,4188.0
2879933308,cross-system,4579.0
2879943786,cross-system,4171.0
2882344059,cross-system,2443.0
2882411299,cross-system,124.0
2882429532,cross-system,2290.0
2882474411,cross-system,124.0
2882631131,cross-system,124.0
3041789795,cross-system,2673.0
3045099047,cross-system,2501.0
2577299722,cross-system,1105.0
2577307468,cross-system,8220.0
2810461634,human,253.0
2859816136,human,69.0
2780284293,cross-system,117.0
2681121615,human,4.0
2681265363,human,4.0
2934578873,human,5.0
2838344212,human,31.0
2937450241,cross-system,990.0
2744856834,cross-system,89.0
2679554857,human,56.0
2597527560,cross-system,981.0
3001936944,cross-system,2654.0
2744828434,cross-system,694.0
2744829966,human,52.0
2676207701,cross-system,1102.0
3003951043,human,11.0
3066331107,cross-system,7563.0
3071457136,cross-system,7834.0
3072130923,cross-system,6994.0
3074409040,cross-system,3052.0
3074503740,cross-system,4456.0
2727711605,human,28.0
2948029743,cross-system,1092.0
2895551508,human,5.0
2790712167,cross-system,117.0
2790712272,cross-system,117.0
2805346922,human,83.0
2759893427,human,94.0
2759950210,human,7.0
2759968072,human,6.0
2816343283,human,13.0
2741401668,human,212.0
3059526169,human,4.0
2804834383,cross-system,1110.0
3055611384,cross-system,2122.0
2775173327,cross-system,1063.0
2759650939,cross-system,12764.0
2761673976,cross-system,12336.0
2996313196,cross-system,2084.0
2996433867,human,8.0
2828178128,human,53.0
2604143861,cross-system,968.0
2589465003,cross-system,738.0
3023839901,cross-system,1943.0
3027633065,human,11.0
2755649463,human,72.0
2755733064,human,11.0
2863142013,cross-system,1432.0
2863142928,cross-system,1635.0
2676728788,human,45.0
2676736880,human,76.0
3072655653,cross-system,153.0
3047211052,cross-system,2612.0
3047227163,cross-system,4920.0
3047523277,cross-system,5187.0
3047537395,cross-system,4942.0
3047619105,cross-system,2740.0
3047761497,cross-system,2629.0
2642163666,human,37.0
2906541927,human,106.0
2761638891,cross-system,4731.0
2594533066,human,16.0
2809067701,human,2.0
2811019426,human,95.0
3072243219,human,17.0
2744085186,cross-system,311.0
2745279864,human,42.0
2747474876,human,27.0
2617071474,human,5.0
2898823136,human,5.0
2774741464,human,21.0
2777829714,human,29.0
3048201161,cross-system,2519.0
2991965844,human,7.0
2991971575,human,5.0
2639366772,human,7.0
2880491587,cross-system,2386.0
2706210964,human,14.0
2706391851,human,5.0
2706400742,human,21.0
2706428953,human,5.0
2894310366,human,4.0
2742849554,human,92.0
2742916861,human,6.0
2976833888,cross-system,1956.0
2976862139,cross-system,1883.0
2976904840,cross-system,1744.0
3031635197,human,13.0
3002225357,human,7.0
2751941423,human,7.0
2751955419,human,10.0
2821902689,cross-system,8197.0
2907021169,cross-system,1373.0
2934243030,human,159.0
2655018000,human,426.0
2934651073,human,10.0
2660935915,cross-system,2114.0
2593675567,cross-system,969.0
2712879623,human,26.0
3016899312,cross-system,6147.0
3017261737,cross-system,4466.0
3017277843,cross-system,4391.0
3017290100,cross-system,4343.0
3020100226,cross-system,4603.0
2966478794,cross-system,2264.0
2978498850,human,11.0
2564365426,human,29.0
2991831596,cross-system,2620.0
3002953723,cross-system,2864.0
3003016435,cross-system,2734.0
2749333251,human,1.0
2813319146,human,309.0
2557083507,human,83.0
2557566084,human,132.0
2742456726,human,1.0
2539986728,human,25.0
3007629845,cross-system,926.0
2793321249,human,43.0
2793319933,human,7.0
2793322432,human,5.0
2798731282,human,2.0
2798929707,human,28.0
2720339296,human,2.0
2720468119,human,5.0
3009611226,cross-system,89.0
3009611469,human,1.0
3009686392,human,101.0
2884090960,cross-system,124.0
2845852981,human,47.0
2847466336,cross-system,983.0
2793381260,human,35.0
2717050876,cross-system,472.0
2816151814,cross-system,472.0
2805433555,human,92.0
2798571867,human,5.0
2798695182,human,2.0
2916374261,human,24.0
2834055163,human,37.0
2834092281,human,30.0
2834298884,human,78.0
2881917589,cross-system,124.0
2908919528,human,2.0
2692564166,cross-system,713.0
2742105566,human,25.0
2742170699,human,4.0
2822538917,human,183.0
3059748077,cross-system,409.0
3061279511,human,2.0
2848078485,cross-system,2199.0
2848163875,human,281.0
2848184698,human,259.0
2856248626,human,6.0
2720815349,human,203.0
2723355245,human,163.0
2633865788,human,260.0
2908582595,cross-system,603.0
2777824690,human,77.0
2946713596,cross-system,1519.0
2946740889,cross-system,1530.0
2946746971,cross-system,3080.0
2946773195,cross-system,1651.0
2946777268,cross-system,1512.0
2946807612,cross-system,1481.0
2946815010,cross-system,1534.0
2946819424,cross-system,1558.0
2946853922,cross-system,1530.0
2969331061,cross-system,1544.0
2984685315,cross-system,2542.0
2984715860,cross-system,4915.0
2984727178,cross-system,4885.0
2878593909,cross-system,124.0
2805549607,human,7.0
2805568003,human,5.0
2776889121,cross-system,117.0
2588639794,cross-system,1110.0
2678411208,cross-system,1113.0
2989542778,cross-system,2468.0
3070864264,cross-system,22594.0
2933234115,human,43.0
2686129211,human,10.0
2934356141,human,66.0
2969607498,human,2.0
2738496143,cross-system,916.0
2908915036,human,5.0
3036210560,cross-system,153.0
2873184819,cross-system,1398.0
2873254071,cross-system,3809.0
2797860836,human,7.0
2968573991,cross-system,1362.0
2968575103,cross-system,210.0
2969056982,cross-system,2458.0
2969057093,cross-system,372.0
2969059487,cross-system,2325.0
2969060452,cross-system,1698.0
2969060553,cross-system,476.0
2969061649,cross-system,1093.0
2969061814,cross-system,424.0
2969063123,cross-system,2641.0
2969063218,cross-system,972.0
3034922740,cross-system,2665.0
3034991154,cross-system,3382.0
3034997291,cross-system,6377.0
3035013764,cross-system,2509.0
2530707032,human,338.0
2876645386,cross-system,6900.0
2882824012,cross-system,2542.0
2882877555,cross-system,1913.0
2884674339,cross-system,124.0
2884677515,cross-system,2623.0
2790638323,cross-system,117.0
2893630543,cross-system,957.0
2685150012,human,57.0
2686775135,human,58.0
2798925389,human,2.0
2798932518,human,20.0
2790520188,human,8.0
2823667960,human,111.0
2738563764,human,26.0
2738590068,human,16.0
2738619489,human,7.0
2797861474,human,7.0
2861677576,human,26.0
2962258409,cross-system,3169.0
2985782792,cross-system,2707.0
2985896729,cross-system,2641.0
2986028867,cross-system,2701.0
2798264069,human,2.0
2725775056,cross-system,291.0
2872020383,cross-system,3135.0
3071507349,human,109.0
3043345878,human,753.0
2762300602,cross-system,890.0
2995565201,cross-system,831.0
3054519544,cross-system,2488.0
2938199953,human,1.0
2938218160,human,46.0
2938236524,human,82.0
2752463170,human,4.0
2680925211,cross-system,975.0
2942846475,human,421.0
2944259650,human,89.0
2947268353,cross-system,1519.0
2947348232,cross-system,1598.0
2947385004,cross-system,1545.0
3040664493,cross-system,1216.0
3040673331,human,13.0
2950005986,cross-system,1794.0
3041639179,cross-system,1310.0
3041657349,human,173.0
2948601934,cross-system,756.0
2852632407,human,7.0
2619385528,human,4.0
2789741086,human,80.0
2789741566,human,1.0
2792845457,human,10.0
2680567531,human,154.0
3039261901,cross-system,2934.0
3039276842,cross-system,3018.0
3039357632,cross-system,2519.0
3045303660,cross-system,2846.0
3073676377,human,241.0
2976840298,cross-system,1762.0
2976864333,cross-system,1536.0
2988431174,cross-system,2613.0
2879316982,human,42.0
2782681331,human,7.0
2783052723,human,7.0
3053132163,human,4.0
3004279438,cross-system,696.0
2848281266,cross-system,2034.0
2784397331,cross-system,117.0
2784430351,human,8.0
2967032240,cross-system,1691.0
2993968958,cross-system,2557.0
2993999506,cross-system,2464.0
2994062499,cross-system,4961.0
2994098002,cross-system,2915.0
2994274242,cross-system,2433.0
2995060344,cross-system,2507.0
2995167260,cross-system,5312.0
3072467367,human,54.0
2693521883,human,26.0
2588098741,human,208.0
2848337476,cross-system,2359.0
2766752626,human,6.0
2768055514,human,7.0
3056874366,cross-system,2305.0
2848735895,human,4.0
2582681310,human,50.0
2604125173,human,188.0
2813016886,human,67.0
2908154153,cross-system,4153.0
2989471672,cross-system,5207.0
2754755699,human,313.0
2754763840,human,87.0
2936794308,cross-system,1049.0
2936838508,human,37.0
3007682805,human,66.0
2851599847,human,109.0
2752669678,human,2.0
2739144101,human,2.0
2742408952,human,5.0
2890423927,human,2.0
2890461527,human,16.0
2619370318,human,4.0
3044113858,cross-system,1837.0
2890715186,human,5.0
2728219908,human,6.0
3062721141,cross-system,14008.0
3062768545,cross-system,3238.0
3062843255,cross-system,3802.0
3063213649,cross-system,2452.0
3063276133,cross-system,1971.0
2717575342,human,130.0
3033652906,human,39.0
3088208837,human,6.0
2915452090,human,5.0
3012227947,human,174.0
2764366539,cross-system,1745.0
2845224321,human,83.0
3006688481,cross-system,557.0
2762153843,cross-system,204.0
2762155608,cross-system,2734.0
2762156334,cross-system,204.0
2762159763,cross-system,3621.0
2762163381,cross-system,4959.0
2762164689,cross-system,5313.0
2762165482,cross-system,2408.0
2762170384,cross-system,2156.0
2762171098,cross-system,2742.0
2762171582,cross-system,2553.0
2762190842,cross-system,7027.0
2762190900,human,196.0
3074350089,cross-system,913.0
3074354604,human,64.0
2976486563,human,30.0
2946700069,cross-system,1614.0
2946707601,cross-system,3052.0
2946730344,cross-system,1626.0
2946752825,cross-system,1547.0
2946760684,cross-system,1609.0
2946784388,cross-system,1661.0
2947699922,cross-system,1693.0
2819325918,human,271.0
2619372265,human,4.0
2665856201,human,5.0
3008511704,cross-system,5107.0
3008597380,cross-system,2574.0
3023522160,cross-system,5502.0
2825824903,cross-system,1062.0
2933707566,human,72.0
2933743963,cross-system,1373.0
2908922430,human,4.0
3021393128,cross-system,2603.0
2604129628,cross-system,1021.0
2841267100,human,31.0
2841303963,human,27.0
2749797700,human,84.0
3011382549,cross-system,2990.0
3011401780,cross-system,5525.0
3011406736,cross-system,5705.0
3011956811,cross-system,2936.0
3012007963,cross-system,2856.0
3012130990,cross-system,2967.0
3012147290,cross-system,2814.0
2999750437,human,5.0
2664167187,human,167.0
2747613880,human,10.0
2958644712,cross-system,1838.0
2958777086,cross-system,3048.0
2958819240,cross-system,3283.0
2959298220,cross-system,4481.0
2959324349,cross-system,1661.0
2959346430,cross-system,4874.0
2959376581,cross-system,3194.0
2959408267,cross-system,6121.0
2974637950,cross-system,4886.0
2974672672,cross-system,7598.0
2974855474,cross-system,3027.0
2974922127,cross-system,4454.0
2974972044,cross-system,6162.0
2848871697,cross-system,1514.0
2780859417,cross-system,117.0
2780859509,cross-system,117.0
2777734514,human,4.0
2835006242,human,2.0
2835409817,human,111.0
3040387223,cross-system,5665.0
3040426571,cross-system,8018.0
3040446923,cross-system,5661.0
3040490619,cross-system,7864.0
3040526114,cross-system,8087.0
3040549307,cross-system,7752.0
2698910021,human,48.0
2721033416,human,49.0
2724081547,human,207.0
3000543127,human,1.0
3000580464,human,2.0
2847590275,cross-system,3123.0
2882392930,human,74.0
2889541870,human,205.0
2860265434,human,19.0
3068565191,cross-system,3838.0
3069890996,cross-system,1601.0
2798679896,human,1.0
2798709584,human,2.0
2866372704,human,6.0
2639270728,human,69.0
2744000950,cross-system,547.0
2808424206,human,4.0
2848848807,cross-system,2177.0
2848850659,cross-system,1226.0
2848851069,cross-system,2133.0
2884532126,cross-system,124.0
2884544221,cross-system,124.0
2998913364,cross-system,675.0
2857551269,cross-system,117.0
2857554393,cross-system,117.0
2860438983,cross-system,426.0
2718445045,human,6.0
2952480302,cross-system,932.0
3027404344,cross-system,1234.0
2749718584,human,20.0
2662249204,human,4.0
2823724639,human,55.0
3008692823,cross-system,689.0
3011875243,human,67.0
3018013883,human,150.0
2973484293,cross-system,1803.0
2973524493,cross-system,1686.0
2973533103,cross-system,1495.0
2676726262,human,37.0
2676777452,human,22.0
2814743028,human,20.0
2876533019,cross-system,124.0
2968309267,cross-system,950.0
2980395544,human,63.0
3007850700,cross-system,963.0
2692880524,human,57.0
2791873872,cross-system,117.0
2791873979,cross-system,117.0
2746569512,human,60.0
2760897250,human,144.0
2904736190,human,7.0
2916683267,human,141.0
2603166312,human,149.0
2562443344,human,25.0
2787442883,human,100.0
2742756913,human,7.0
2876542963,cross-system,124.0
2698034043,human,5.0
2748375958,human,7.0
2748577797,human,46.0
2847907277,human,126.0
2944032273,cross-system,1824.0
2944057946,human,144.0
2944070784,cross-system,1769.0
2907138042,human,7.0
2746365584,human,4.0
2748495678,human,60.0
2669238469,human,342.0
2985301141,human,18.0
3368065399,human,9.0
2543021388,human,101.0
2934548834,human,61.0
3046351396,cross-system,2374.0
3049682443,human,10.0
3041797181,cross-system,1221.0
3041834310,human,5.0
2779650153,cross-system,1119.0
3031675304,human,360.0
3031690387,human,79.0
3047069073,human,17.0
2933774157,cross-system,984.0
2730830055,cross-system,639.0
2669641700,cross-system,1647.0
2617009782,human,13.0
2533128302,human,25.0
2533193444,human,13.0
2908760388,human,44.0
2909828689,human,27.0
2912522359,human,7.0
2979209562,cross-system,1488.0
2979255286,cross-system,1489.0
2908642228,cross-system,592.0
2967484279,cross-system,2457.0
2785097540,cross-system,117.0
2955975148,human,7.0
2956681389,cross-system,1750.0
3016852528,cross-system,1579.0
2763095613,human,7.0
2763289408,human,19.0
2827647032,cross-system,1040.0
2860186126,cross-system,2415.0
2600689374,human,5.0
2938223637,human,1.0
2938401737,human,27.0
2938419535,human,61.0
2778730329,cross-system,398.0
2778802667,human,24.0
2811124408,human,4.0
2830887188,cross-system,1099.0
2915448921,human,5.0
2820396927,cross-system,2470.0
2823550737,human,22.0
3027288530,human,1.0
3027295538,human,1.0
3009316649,human,1.0
3009382351,human,71.0
2984874487,cross-system,2569.0
2692578472,cross-system,855.0
2911878717,human,5.0
3044866643,human,119.0
3024462837,human,7.0
3025025954,human,12.0
2995204569,cross-system,1039.0
2693437182,human,35.0
2756380577,cross-system,502.0
3079124889,cross-system,1462.0
3082510717,human,38.0
3064551912,cross-system,7237.0
2896502997,cross-system,340.0
2896521034,cross-system,340.0
2896666467,cross-system,340.0
2896855874,cross-system,340.0
2897025445,cross-system,340.0
2897140041,cross-system,340.0
2983889231,cross-system,1641.0
2983968829,cross-system,2571.0
2526856882,human,123.0
2907463498,cross-system,124.0
2827301338,human,5.0
2881857876,cross-system,124.0
3062151217,human,37.0
3100828712,human,7.0
3116745371,human,18.0
3040243648,cross-system,455.0
3040363093,human,2.0
2703863559,human,108.0
2831761847,human,5.0
2791660413,cross-system,117.0
2951926976,cross-system,982.0
2655058866,human,46.0
2728433984,human,5.0
2870848641,human,100.0
2642748022,human,55.0
3069956224,cross-system,960.0
3069961460,human,75.0
2876529594,cross-system,124.0
2900929001,cross-system,340.0
2901294878,cross-system,340.0
2901353778,cross-system,340.0
2901366312,cross-system,340.0
2895615462,human,5.0
2812192786,human,21.0
2812252928,human,25.0
2900189349,cross-system,340.0
2900265250,cross-system,340.0
2985422042,human,67.0
3007496403,cross-system,835.0
2947254814,cross-system,1144.0
2947258156,cross-system,79.0
3008284168,cross-system,873.0
3010839549,cross-system,643.0
2715834593,human,35.0
2898811545,human,5.0
2898835032,human,5.0
2802393199,human,4.0
2854255738,human,15.0
2732217663,human,46.0
2811032214,human,37.0
2798726287,human,2.0
3059413094,human,386.0
3062042524,human,9.0
2530839937,human,163.0
2530848702,human,57.0
2727979265,cross-system,472.0
2788537879,cross-system,117.0
2679338051,human,653.0
3073715173,human,31.0
2912300789,human,19.0
3044295810,cross-system,2550.0
3044333053,cross-system,14498.0
3044389434,cross-system,5690.0
3044475576,cross-system,7535.0
3044529670,cross-system,7389.0
3044547122,cross-system,5273.0
3045108287,cross-system,2443.0
2530614352,human,61.0
2808820325,human,96.0
3046737284,human,4.0
2961895480,cross-system,1628.0
2652559864,human,52.0
2751780376,human,4.0
2544592669,human,8.0
3029689116,cross-system,2466.0
3031432704,cross-system,5158.0
3031462968,cross-system,2468.0
3031476672,cross-system,5162.0
3031498055,cross-system,5004.0
3035021824,cross-system,5407.0
2813062546,cross-system,1575.0
2826807523,cross-system,811.0
2815321654,human,26.0
2680901198,human,2.0
2680902807,human,5.0
2988392440,cross-system,828.0
2988622056,cross-system,5075.0
3030372325,cross-system,2594.0
3069590847,cross-system,956.0
3069752800,human,1.0
3060147877,cross-system,1284.0
3060186979,human,1.0
2946725289,cross-system,1575.0
2946739677,cross-system,1526.0
2919737873,human,50.0
2977198460,human,73.0
2984584666,human,186.0
2987286250,human,5.0
2735056718,human,11.0
2868948654,human,24.0
2742092288,human,38.0
2752034222,cross-system,851.0
2752075414,cross-system,1250.0
2755447859,cross-system,1190.0
2755933354,cross-system,1239.0
2594029413,human,167.0
2845702556,human,78.0
2965552321,human,225.0
2854423073,cross-system,1551.0
3066459360,cross-system,2332.0
2850509827,human,16.0
2944368243,human,96.0
2928847558,human,4.0
3073669955,human,1.0
3073695968,cross-system,1871.0
2906892765,cross-system,550.0
3079227911,cross-system,560.0
3079790406,human,4.0
3080024536,cross-system,452.0
2749087528,human,4.0
2781330620,cross-system,1113.0
2823814115,human,96.0
3009709220,cross-system,566.0
3045085420,cross-system,153.0
3049461212,cross-system,126.0
3074659321,cross-system,1456.0
3074948286,human,5.0
3007826512,cross-system,655.0
3096212702,human,131.0
2636267043,human,53.0
3055481856,cross-system,5066.0
2898847934,human,1.0
2742329286,human,24.0
2660107671,cross-system,1720.0
2974848963,cross-system,1802.0
3043043718,cross-system,2815.0
3043090262,cross-system,2704.0
3043123918,cross-system,2794.0
3043177747,cross-system,2949.0
2742563863,human,21.0
2899516136,human,71.0
2899569456,human,13.0
2790898349,human,159.0
2605203104,human,5.0
2558581317,human,458.0
2891267861,cross-system,2278.0
2944371303,human,74.0
2898655088,human,76.0
2898661509,human,7.0
2898665521,human,5.0
2602623683,human,16.0
2908890810,human,25.0
2749706597,human,19.0
2981228931,human,45.0
3038672038,cross-system,2592.0
2999450691,cross-system,684.0
2582889131,human,4.0
3033053444,cross-system,2212.0
2765637965,cross-system,89.0
2957373233,human,95.0
2957425130,human,85.0
2875157317,human,13.0
2646209984,human,30.0
2881854217,cross-system,124.0
2899144272,human,5.0
2755160955,human,4.0
2591529204,cross-system,821.0
2742762930,human,5.0
2643501512,human,1.0
3069739564,cross-system,153.0
2936559899,human,90.0
3030348648,cross-system,2622.0
3030396992,cross-system,2817.0
2983707687,cross-system,1556.0
2983761921,cross-system,1642.0
2983801828,cross-system,1559.0
2983829146,cross-system,1569.0
2991448449,cross-system,2849.0
2991752895,cross-system,2509.0
2991766951,cross-system,2589.0
2864315427,human,99.0
2864326965,human,70.0
2628340629,human,34.0
2642779803,human,113.0
2780285121,cross-system,117.0
2793954855,human,88.0
2742816093,human,1.0
2865570088,human,11.0
2951983724,human,325.0
2952012374,human,1.0
3007414143,human,58.0
3038345585,cross-system,1464.0
2705593679,human,5.0
2756275262,human,7.0
2759183510,human,1.0
2799735708,human,31.0
2984858037,cross-system,2654.0
2984860793,cross-system,2595.0
2984882986,cross-system,2579.0
2985238996,cross-system,2624.0
2991764659,cross-system,2726.0
2956188669,cross-system,479.0
2960332992,human,5.0
2745130298,cross-system,474.0
3014579684,cross-system,704.0
3014591361,human,6.0
2686053994,human,893.0
3054089045,cross-system,1399.0
3054238789,human,16.0
2562354941,human,7.0
2908383307,cross-system,8309.0
2908386695,cross-system,7110.0
2908398700,cross-system,2272.0
2908413732,cross-system,2143.0
2889028980,cross-system,2924.0
2819653128,human,166.0
2971920963,cross-system,1561.0
2971931316,cross-system,1650.0
2976917802,cross-system,1704.0
2941248503,human,5.0
2530756906,human,131.0
2982554894,human,13.0
2812390474,human,18.0
2639431605,human,4.0
2920101515,human,15.0
2680808503,cross-system,1252.0
2745035306,human,22.0
2745763678,human,14.0
3070628816,cross-system,1850.0
3070725546,human,5.0
3070970144,human,5.0
3012303984,cross-system,561.0
3033224010,cross-system,5418.0
3033231679,cross-system,2612.0
3033579344,cross-system,2683.0
3033683407,cross-system,2948.0
2917850882,human,16.0
2853340498,human,36.0
2632436018,human,134.0
2837713100,cross-system,908.0
3007366901,cross-system,807.0
2961668214,human,17.0
2843765692,human,1.0
2834233596,cross-system,472.0
2793392845,human,7.0
3008372745,cross-system,633.0
2707441249,human,46.0
2676730948,human,41.0
2676839816,human,5.0
2599941253,cross-system,857.0
2915808146,human,188.0
2827724007,cross-system,881.0
2762271194,cross-system,206.0
2762426330,cross-system,204.0
2762430869,cross-system,10186.0
2659919025,cross-system,2402.0
2911976843,human,302.0
3006664308,cross-system,562.0
2656907978,cross-system,1178.0
2657103568,cross-system,2224.0
2668734504,cross-system,817.0
2668758884,human,192.0
3036211810,cross-system,153.0
2745734661,human,30.0
2562269468,human,44.0
2562093410,cross-system,5922.0
3019118501,human,1.0
3019417255,human,81.0
2964327286,human,4.0
2889333135,cross-system,124.0
2889338592,cross-system,124.0
2889373540,cross-system,124.0
2890074296,cross-system,124.0
2898593929,cross-system,340.0
2898605302,cross-system,340.0
2807887215,human,245.0
2562182691,human,44.0
2908927393,human,59.0
2866867238,human,4.0
2750778149,human,51.0
2976844901,cross-system,775.0
2999464373,cross-system,858.0
3022900120,cross-system,1932.0
2965530314,cross-system,2064.0
2965561257,human,64.0
2821244314,human,2.0
2823666147,human,5.0
2664908570,human,94.0
2585182609,human,244.0
2776969162,human,249.0
3056625749,cross-system,2398.0
3063823418,human,919.0
2642325331,human,51.0
2669305434,human,5.0
2958094004,cross-system,1936.0
2797567542,cross-system,1915.0
2797570063,human,112.0
2632500596,human,5.0
2748200141,human,427.0
2749677141,cross-system,470.0
2750981136,human,4.0
2798773746,human,131.0
2837279961,human,26.0
2668763469,cross-system,1078.0
2607004897,human,46.0
2752002065,human,4.0
2905935284,cross-system,1846.0
2906061582,cross-system,124.0
2906075462,cross-system,124.0
2906167886,cross-system,124.0
2966674035,cross-system,1581.0
3069720544,cross-system,617.0
3069721188,human,7.0
2806535450,cross-system,1298.0
3272492708,human,108.0
2718841112,human,263.0
2669665968,human,36.0
2669671825,human,6.0
2602556794,human,161.0
2848698847,cross-system,1943.0
2900193046,cross-system,340.0
2900260660,cross-system,340.0
2900306437,cross-system,340.0
2900355552,cross-system,2846.0
2900408713,cross-system,340.0
2900821418,cross-system,340.0
2900825270,cross-system,340.0
2635214540,human,90.0
2787085447,cross-system,1338.0
2845408523,human,84.0
2846544963,cross-system,945.0
2563919344,human,19.0
2981687929,human,5.0
2947770895,cross-system,1515.0
2793497917,human,2.0
2793550831,human,5.0
2829140297,human,1.0
2725908659,cross-system,375.0
3056872075,human,28.0
2890871397,human,1.0
2530754972,human,173.0
2672791343,human,6.0
2949095144,human,2.0
2949540010,human,1.0
2530578646,human,47.0
2966284349,human,4.0
2539074963,human,175.0
3009740307,cross-system,693.0
2949108235,cross-system,410.0
2872049890,human,8.0
2988385467,cross-system,1827.0
2990086029,cross-system,1853.0
2990112860,cross-system,1852.0
2990154127,cross-system,1852.0
2990277525,cross-system,1849.0
2990524166,cross-system,2589.0
3007503164,cross-system,786.0
2603216509,human,156.0
2911888889,human,19.0
2899102599,human,108.0
2899215182,human,102.0
2969121938,cross-system,1137.0
2789265042,human,7.0
2789420121,human,1.0
3043822428,cross-system,3008.0
3043893052,cross-system,3979.0
3043956340,cross-system,3036.0
2761434986,cross-system,88.0
3008093386,cross-system,1046.0
3031438861,cross-system,2646.0
2899478846,human,12.0
3047658433,cross-system,5542.0
3047807446,cross-system,5365.0
3047823063,cross-system,2720.0
3048140650,cross-system,2750.0
2858234522,human,59.0
2744832273,human,1.0
2756179959,human,350.0
2756245500,human,125.0
2758887187,human,39.0
2759023722,human,7.0
2759026361,human,5.0
2838077976,cross-system,1022.0
2995928030,cross-system,1586.0
2996061716,human,94.0
2993450815,cross-system,5018.0
2993493045,cross-system,2953.0
2993531363,cross-system,2792.0
2993733907,cross-system,2482.0
2993771420,cross-system,2675.0
2999494696,cross-system,5039.0
2597599687,human,10.0
2792529698,cross-system,117.0
2655582819,human,27.0
2666521945,human,502.0
2742065481,human,50.0
2745204375,human,65.0
3009486351,cross-system,728.0
2896516888,cross-system,340.0
2896528196,cross-system,340.0
2896671221,cross-system,340.0
2934329064,human,50.0
2934333764,human,50.0
2934335113,human,50.0
2899147927,human,5.0
3003780586,cross-system,885.0
3005372914,human,111.0
2934097340,human,1.0
2582986108,human,4.0
3074121794,cross-system,1572.0
3082579376,human,66.0
3059489794,human,4.0
2629842680,human,35.0
2879585324,cross-system,2213.0
2879590681,cross-system,2480.0
2879602386,cross-system,124.0
2879639191,cross-system,7005.0
2879652606,cross-system,4616.0
2879656858,cross-system,4356.0
2879708561,cross-system,4760.0
2879713978,cross-system,2297.0
3066080029,human,2.0
3066081084,cross-system,520.0
3070066206,human,1.0
2604162160,cross-system,880.0
3055487748,human,137.0
3066402004,human,1.0
3066404666,cross-system,1130.0
3066466771,human,4.0
2854634676,human,192.0
3070239081,cross-system,6641.0
3035402520,cross-system,2700.0
3035574242,cross-system,2425.0
2909131447,human,48.0
2898847026,human,2.0
2805385278,cross-system,1259.0
2742349945,human,1.0
2943752197,cross-system,1690.0
3008620181,human,117.0
3009091111,human,111.0
3009094213,human,5.0
3009108700,human,5.0
2530481307,human,33.0
2728002968,human,486.0
3046711356,cross-system,2518.0
2876692973,cross-system,2916.0
2876695157,cross-system,2533.0
2876700908,cross-system,4920.0
2876702222,cross-system,2441.0
2876704852,cross-system,4177.0
2876712227,cross-system,2931.0
2876714548,cross-system,3734.0
2876716998,cross-system,3495.0
2876727551,cross-system,3261.0
2876734002,cross-system,124.0
3036152565,cross-system,2461.0
3036155244,cross-system,2525.0
3036169951,cross-system,2482.0
3036265891,cross-system,5005.0
3036278500,cross-system,5004.0
3036407323,cross-system,9611.0
3039323467,cross-system,5146.0
2826331191,human,825.0
2665479038,human,25.0
2792151127,human,50.0
3018028129,cross-system,1299.0
3026239917,human,143.0
2666294406,human,33.0
2666302483,human,5.0
2960493557,cross-system,1048.0
2899458657,human,40.0
2980163188,human,146.0
2983504781,human,14.0
2727977492,cross-system,472.0
2722833394,human,31.0
2934294236,cross-system,930.0
3009508128,cross-system,3362.0
3009539138,cross-system,3200.0
3010303645,cross-system,3352.0
2968829833,cross-system,1520.0
3067430137,human,21.0
3068069732,human,12.0
2977325439,cross-system,849.0
2938932090,human,261.0
2942460606,human,430.0
3029959462,cross-system,1440.0
3070310919,cross-system,950.0
3070358217,human,4.0
2847895280,human,11.0
2841684775,human,24.0
2532288712,human,16.0
2532316076,human,10.0
2848281477,cross-system,866.0
2848284241,cross-system,764.0
2848284438,cross-system,1755.0
3009710031,cross-system,555.0
2939944256,cross-system,1549.0
2980534897,human,149.0
2837623974,human,284.0
2744639555,human,48.0
3051845119,human,13.0
2763404147,human,7.0
2763904428,human,11.0
2863175586,cross-system,1173.0
2866028862,cross-system,2463.0
2604591498,cross-system,1041.0
2852296831,human,157.0
2852304930,human,5.0
3009374522,cross-system,611.0
2919246413,human,4.0
2805536386,human,55.0
2897942047,human,8.0
2897972112,human,10.0
2938016451,human,8.0
2868990664,human,57.0
2579324236,human,90.0
3064856314,cross-system,2139.0
3068161780,human,14.0
3026361354,cross-system,5042.0
3026378726,cross-system,5068.0
3026410157,cross-system,5649.0
3026479842,cross-system,8229.0
3026576229,cross-system,5308.0
3030319855,cross-system,5646.0
3030390520,cross-system,2692.0
3030430066,cross-system,2779.0
3030468266,cross-system,5704.0
3030483665,cross-system,2611.0
3030523367,cross-system,2375.0
3030566250,cross-system,2642.0
3030589932,cross-system,5132.0
3030597868,cross-system,2441.0
3030651416,cross-system,4942.0
3030691966,cross-system,2754.0
3030748990,cross-system,4953.0
3030767738,cross-system,2441.0
3030860470,cross-system,2635.0
2979969656,human,29.0
2830862046,cross-system,922.0
2995749783,cross-system,290.0
2876797211,human,16.0
2898625184,cross-system,340.0
2898654849,cross-system,340.0
2898671663,cross-system,340.0
2898685387,cross-system,340.0
2900841851,cross-system,2930.0
2900877504,cross-system,3057.0
2905085894,cross-system,2640.0
2905269928,cross-system,2696.0
2905304473,cross-system,340.0
2798177060,human,84.0
3070422185,cross-system,2099.0
2578943034,human,189.0
3017426654,human,473.0
2696979771,cross-system,974.0
2728259364,human,13.0
2893442327,human,58.0
2893555691,human,540.0
2728907701,human,345.0
2890917798,human,16.0
2890924973,human,110.0
2798687531,human,1.0
2798719640,human,132.0
2699006546,human,22.0
2949006103,human,459.0
2949237484,human,1.0
2594411986,cross-system,955.0
2782998604,human,7.0
2782999877,human,87.0
3037584091,cross-system,1544.0
2811411554,cross-system,5361.0
2944400605,cross-system,1702.0
2944403518,cross-system,1764.0
2944413873,cross-system,1672.0
2944429385,cross-system,1641.0
2944438552,cross-system,1641.0
2945661408,cross-system,1599.0
2946682415,cross-system,1633.0
2850296445,human,28.0
3069778583,cross-system,586.0
3069825696,human,153.0
2839899682,human,554.0
2789203125,human,33.0
2789428584,human,5.0
2812815849,human,36.0
3048522130,cross-system,61.0
3048785612,human,6.0
2814580192,human,528.0
2718044910,cross-system,472.0
3043877440,cross-system,2512.0
2712501338,human,5.0
2712756799,human,82.0
2898773849,human,68.0
2943860965,cross-system,1825.0
2625355018,human,32.0
2625823505,human,1.0
3002248250,cross-system,2473.0
3002374119,cross-system,2760.0
3008106418,cross-system,5512.0
3030320824,cross-system,3471.0
3047563523,cross-system,2341.0
2720706041,human,2.0
2725012152,human,17.0
2866292156,human,4.0
2938456217,human,1.0
2588968147,human,5.0
2890312663,cross-system,2203.0
2890338710,cross-system,5903.0
2890347917,cross-system,5446.0
2890413904,cross-system,5239.0
2890434693,cross-system,2418.0
2890454783,cross-system,2872.0
2890495456,cross-system,124.0
2890535807,cross-system,2426.0
2890550667,cross-system,124.0
2669044094,cross-system,1281.0
2910918628,human,99.0
2913089815,human,76.0
3059560167,human,4.0
3017596994,cross-system,2672.0
2797861123,human,7.0
2998698533,cross-system,457.0
2882992833,cross-system,124.0
2882998868,cross-system,124.0
2966734613,cross-system,2856.0
2968527520,human,125.0
2968581829,human,5.0
2842949271,cross-system,8885.0
2915400114,cross-system,153.0
2951801538,cross-system,1117.0
2952050831,cross-system,2151.0
2952070319,cross-system,1888.0
2623555245,cross-system,3087.0
3012033913,cross-system,673.0
3060469579,cross-system,1329.0
3060522118,human,13.0
2848007341,cross-system,2642.0
2881640353,cross-system,124.0
2607655095,cross-system,814.0
2889387477,cross-system,2167.0
2889399308,cross-system,2460.0
2889412935,cross-system,3008.0
2889435304,cross-system,124.0
2889448617,cross-system,1994.0
2940052718,cross-system,935.0
2752584086,human,10.0
2752596352,human,2.0
2945061745,human,20.0
2945365754,human,8.0
3021579999,cross-system,1307.0
2910105823,cross-system,470.0
2785167101,cross-system,117.0
2785167102,cross-system,117.0
2563884988,human,3.0
2762155404,human,14.0
2783623953,human,16.0
3056816998,cross-system,1984.0
2588493243,cross-system,839.0
2947275600,cross-system,2034.0
2947699801,cross-system,1687.0
2947700765,cross-system,1878.0
2969331382,cross-system,2188.0
3006655834,cross-system,2598.0
3008090657,cross-system,5079.0
3014264867,cross-system,5945.0
3014268027,cross-system,2649.0
2906234761,cross-system,563.0
2797859226,human,7.0
2955024118,cross-system,1676.0
2955120982,cross-system,1712.0
2955134378,cross-system,1708.0
2823281262,cross-system,429.0
2823307585,cross-system,548.0
2738398464,human,2.0
2738586249,human,5.0
2596793504,cross-system,947.0
3049832509,cross-system,2041.0
2985882119,human,74.0
2687947935,cross-system,701.0
3027324994,cross-system,2493.0
3027377420,cross-system,2602.0
2946167069,cross-system,1039.0
2590919430,cross-system,908.0
3055984657,human,86.0
2778552520,cross-system,117.0
2779106096,cross-system,117.0
2779106188,cross-system,117.0
2779106392,cross-system,117.0
2779106576,cross-system,117.0
2779106887,cross-system,117.0
2779790946,human,18.0
2779791158,cross-system,117.0
3055565035,human,25.0
2778704949,cross-system,1530.0
2898592113,human,162.0
2898637043,human,5.0
2951231331,cross-system,1814.0
2951310524,cross-system,4597.0
3014291332,cross-system,2671.0
3014293180,cross-system,2707.0
3014309556,cross-system,5317.0
3014311989,cross-system,2672.0
3014386671,cross-system,2757.0
3045226971,cross-system,2754.0
3003818355,cross-system,1048.0
2869184935,cross-system,978.0
2877330539,human,91.0
2877371640,human,51.0
2911782867,human,150.0
3052183116,cross-system,1729.0
2906654621,human,35.0
2907143041,cross-system,2049.0
2926637048,human,196.0
2852136441,human,47.0
2852142991,human,27.0
3040673776,cross-system,1038.0
2876201641,cross-system,124.0
2877674934,cross-system,124.0
3029121403,cross-system,1314.0
2949412808,human,184.0
2957405629,human,54.0
2739225328,human,123.0
2739281407,human,7.0
2831855879,human,5.0
3069827703,cross-system,578.0
3069830480,human,13.0
2889332391,cross-system,124.0
2889437520,cross-system,124.0
2894002643,cross-system,340.0
2944390952,cross-system,2036.0
2745025358,cross-system,89.0
3071981382,human,75.0
2797861978,human,2.0
2625833740,human,2.0
2792904268,human,65.0
2955048016,cross-system,1657.0
2577003824,human,126.0
2579017677,human,144.0
2619383502,human,4.0
2741238446,cross-system,379.0
3020732052,cross-system,1417.0
2864528188,cross-system,5999.0
2635407693,human,16.0
2604500650,human,36.0
2943566870,cross-system,1757.0
2943578219,cross-system,3368.0
2943763093,cross-system,1823.0
3004641802,human,21.0
2844522336,cross-system,826.0
2845487423,human,4.0
3012367785,cross-system,810.0
2664556175,human,69.0
2664571798,human,362.0
2664630360,human,263.0
3002171120,cross-system,2655.0
2957115726,cross-system,2106.0
2960002653,human,1.0
2928349008,human,4.0
2780541481,human,7.0
2782639863,human,1.0
2680312211,cross-system,1224.0
2840442670,cross-system,326.0
2743025500,human,77.0
2887348465,cross-system,124.0
2649421121,human,43.0
3039045629,human,32.0
3052333169,cross-system,1818.0
2663404953,cross-system,3006.0
2663521945,cross-system,1879.0
2751955684,human,5.0
2751958818,human,5.0
2980577550,cross-system,1749.0
2582148908,human,37.0
2582224153,human,81.0
2582521294,human,413.0
2609675562,human,30.0
2609766291,human,150.0
2957045184,cross-system,2133.0
2890301820,cross-system,124.0
2684682524,human,45.0
2642971546,human,17.0
2730980373,human,7.0
2907435174,cross-system,124.0
2908112619,cross-system,124.0
2908550312,cross-system,2802.0
2908553128,cross-system,124.0
2831851538,human,5.0
2684024152,human,220.0
2870826624,human,49.0
2952129483,cross-system,893.0
2725961278,human,118.0
3046719986,cross-system,2915.0
2551587584,human,4.0
2705127429,human,192.0
3017281716,cross-system,1304.0
3025841851,cross-system,1494.0
3047245826,cross-system,2767.0
3047270616,cross-system,2829.0
2668790520,cross-system,1059.0
2557254063,human,30.0
2661860040,cross-system,1162.0
2720497618,human,6.0
3045401165,cross-system,2751.0
3045456924,cross-system,5144.0
2957726414,human,130.0
2960313421,human,7.0
2656486545,cross-system,2043.0
2741977329,human,113.0
2749367090,human,1.0
3032376156,human,23.0
2884648920,cross-system,2833.0
2884660809,cross-system,2911.0
2884664090,cross-system,124.0
3009440565,cross-system,2679.0
3009498744,cross-system,5143.0
3009700026,cross-system,2726.0
2851552729,human,7.0
2969042386,human,230.0
2798082357,human,7.0
2798083795,human,165.0
2977230767,cross-system,1048.0
2977243651,human,5.0
2957004645,cross-system,3225.0
2957084817,cross-system,1627.0
2957173900,cross-system,3262.0
2809244853,human,7.0
2809253901,human,38.0
2805471146,human,689.0
3031509109,cross-system,2885.0
3031556602,cross-system,3106.0
2680236109,cross-system,817.0
2998480506,cross-system,19730.0
3019949292,cross-system,5765.0
3024522809,cross-system,3351.0
3024564744,cross-system,3085.0
3027343977,cross-system,8194.0
3027386628,cross-system,7911.0
3039967988,human,14.0
2891283183,cross-system,1365.0
3049768328,cross-system,153.0
3059685007,cross-system,126.0
2827075016,human,22.0
2790142852,human,7.0
2792883868,human,16.0
3043191168,human,62.0
3070386726,cross-system,13969.0
3071535933,cross-system,4370.0
3081241491,cross-system,10879.0
3081258490,cross-system,10565.0
3082113513,cross-system,7790.0
3082219689,cross-system,2281.0
3082718350,cross-system,5089.0
2725863498,cross-system,394.0
2909283579,human,1.0
2995712641,cross-system,3335.0
2934709404,human,54.0
3046086250,human,112.0
3046427945,human,66.0
3074963595,human,76.0
2956232873,cross-system,3501.0
2960007456,human,4.0
3065362951,cross-system,28947.0
2924985718,cross-system,1939.0
3040627354,human,1.0
3041255718,human,56.0
3041300273,human,4.0
3058760006,cross-system,7667.0
3058884693,cross-system,5465.0
2976286736,cross-system,63174.0
2976365244,cross-system,32397.0
2976436757,cross-system,85804.0
2976514694,cross-system,33939.0
2948101180,human,81.0
2658155254,cross-system,4992.0
3031815897,cross-system,5462.0
3031823341,cross-system,4096.0
3013957170,human,133.0
2681388032,human,9.0
2681856843,human,77.0
2682350063,human,4.0
2682908679,human,1.0
3035651338,human,3924.0
3036055571,human,3873.0
3038908944,human,435.0
2926988872,cross-system,1036.0
2995146793,cross-system,1809.0
3058551870,cross-system,17921.0
3058556660,cross-system,5842.0
3058707951,cross-system,13319.0
2868760968,cross-system,2964.0
3040099225,cross-system,3608.0
2675823823,cross-system,1724.0
3037624512,cross-system,23303.0
3040775259,cross-system,8083.0
3042243943,cross-system,18599.0
3042738081,cross-system,6215.0
3042855323,cross-system,3723.0
3042879873,cross-system,2980.0
3055084145,cross-system,2321.0
3090819884,cross-system,2995.0
2679915807,cross-system,7897.0
2971650824,cross-system,56041.0
2971716848,cross-system,58452.0
2933843828,cross-system,2031.0
3069404479,cross-system,260.0
3037316936,cross-system,2612.0
3038746414,cross-system,2279.0
3038768280,cross-system,2845.0
2926995970,cross-system,718.0
2930817007,cross-system,3238.0
2930822717,cross-system,21253.0
2930925098,cross-system,4601.0
2931190563,cross-system,4442.0
2933894046,cross-system,1566.0
2933923446,cross-system,2443.0
2933989146,human,220.0
2934168550,human,218.0
2934269018,human,954.0
2941306357,cross-system,26180.0
2941589526,human,1078.0
3067027006,cross-system,1304.0
3067243168,cross-system,6390.0
3067349502,cross-system,2975.0
3067446341,cross-system,47199.0
3067598383,cross-system,48813.0
3013778335,cross-system,8054.0
3013781232,cross-system,62969.0
3013782140,cross-system,7589.0
3013787256,cross-system,7852.0
3013828450,cross-system,4910.0
3013849640,cross-system,5140.0
2951536787,cross-system,3503.0
2834207200,cross-system,1033.0
2836039071,human,36.0
2918863704,cross-system,3905.0
2919034399,cross-system,15004.0
2898403364,cross-system,10055.0
2899388804,human,51.0
3069203804,cross-system,124.0
2948057904,cross-system,4189.0
2948058028,cross-system,477.0
2948058091,cross-system,2607.0
2948061172,cross-system,9106.0
3030610810,cross-system,2691.0
3000422611,cross-system,2112.0
3000431667,cross-system,2471.0
3000446797,cross-system,2153.0
3000450492,cross-system,124.0
3000455481,cross-system,1883.0
3066982423,cross-system,527.0
3003473330,human,72.0
3008372442,human,14.0
2991874373,cross-system,4000.0
2991876349,cross-system,301.0
3035843604,human,278.0
2813456857,cross-system,180.0
2813609831,human,169.0
2814811256,human,4.0
3035141126,cross-system,549.0
3008569579,cross-system,1207.0
2780740066,human,378.0
3052105385,cross-system,260.0
3052788482,cross-system,260.0
2743244478,cross-system,89.0
2743304666,human,32.0
2805734132,human,798.0
2973229141,cross-system,1971.0
2973297391,human,12.0
2982081204,cross-system,1836.0
2982084858,cross-system,9175.0
2982196188,human,13.0
2982798385,cross-system,48454.0
2982841442,cross-system,53818.0
2982915049,cross-system,39292.0
2982955112,cross-system,10398.0
2947393546,cross-system,12387.0
2947398998,cross-system,2055.0
3045734272,human,194.0
3069370883,cross-system,1863.0
3035199724,cross-system,4652.0
3035200031,cross-system,659.0
3035200651,cross-system,35593.0
3035214529,cross-system,36493.0
3035294221,cross-system,15162.0
3035119258,cross-system,1229.0
2908642646,cross-system,6799.0
2908643014,cross-system,2676.0
3136946957,human,39.0
2921298697,cross-system,2578.0
3047170194,cross-system,2653.0
3047209756,cross-system,2700.0
3048133326,cross-system,1943.0
3048143668,cross-system,2078.0
2913539827,cross-system,12870.0
2968508879,cross-system,1751.0
3019966388,cross-system,8245.0
3078120806,cross-system,6282.0
3084119459,human,35.0
3062719412,cross-system,114358.0
2941205502,cross-system,2195.0
3050281193,human,92.0
3051292320,human,42.0
2873410389,cross-system,1591.0
2873414292,cross-system,71392.0
2873609127,cross-system,5909.0
2873661786,human,46.0
3033913759,cross-system,1119.0
3042738048,cross-system,1957.0
2960542346,cross-system,12499.0
2960608779,human,23.0
2960612609,human,134.0
3039241276,cross-system,2446.0
3002605291,cross-system,1622.0
3002652464,human,616.0
3005289139,human,4.0
3006081409,human,7.0
2879698516,cross-system,2137.0
2882469227,cross-system,3357.0
3008350434,human,209.0
2928748919,human,1139.0
2937013228,human,297.0
2990832546,cross-system,2617.0
2919114268,cross-system,5745.0
2933931044,cross-system,4385.0
3001472185,cross-system,839.0
3001478791,cross-system,6426.0
3003645519,human,2.0
2932371025,cross-system,3631.0
2932374422,cross-system,576.0
2957018476,human,6.0
3035608783,cross-system,3953.0
3035608983,cross-system,704.0
3013526233,cross-system,2471.0
3013532913,cross-system,2546.0
3013535607,cross-system,2521.0
3013539007,cross-system,2534.0
3000258039,cross-system,2634.0
3036289765,cross-system,1452.0
3062395157,cross-system,15869.0
3062416679,cross-system,5991.0
2908126540,cross-system,6914.0
2908127359,cross-system,2774.0
3009413363,cross-system,18567.0
3014703325,human,83.0
2918595621,human,5114.0
3035387218,cross-system,672.0
2728192327,human,27.0
2866389127,cross-system,2706.0
2918905411,cross-system,6849.0
2908619098,cross-system,7427.0
2908619677,cross-system,2743.0
2997278782,cross-system,64398.0
2990148310,cross-system,4878.0
3058232899,cross-system,1113.0
3194206170,cross-system,384.0
3046471491,cross-system,2951.0
3047609071,cross-system,2837.0
3051569907,human,8.0
3051605404,human,130.0
3056322992,cross-system,11151.0
3056348792,cross-system,3745.0
3056397150,cross-system,2414.0
3056419399,cross-system,2260.0
2673404846,cross-system,1623.0
3014044059,human,201.0
3028471073,human,23.0
3052683073,cross-system,56850.0
3053227233,cross-system,28571.0
3068048233,human,337.0
3038575271,cross-system,2972.0
3047655418,cross-system,2994.0
3051099001,human,48.0
3052415717,human,8.0
3014249853,cross-system,2498.0
3016491371,cross-system,5231.0
3016539930,cross-system,2437.0
3016630287,cross-system,11421.0
3016646289,cross-system,2411.0
3016963448,cross-system,2617.0
3018842285,cross-system,5132.0
3018865427,cross-system,5570.0
3018925797,cross-system,2516.0
3018952343,cross-system,2747.0
2951537045,cross-system,1675.0
2647205417,human,12.0
2874455770,human,642.0
2929253940,cross-system,2183.0
3072041196,cross-system,690.0
3073969032,cross-system,641.0
2972297432,cross-system,59596.0
2973880104,cross-system,12555.0
2973894107,cross-system,10429.0
2974034865,cross-system,60841.0
2974272521,cross-system,40263.0
2974404009,cross-system,42257.0
2974490574,cross-system,31283.0
2980907959,cross-system,1321.0
2856737037,human,118.0
2857383439,human,163.0
3031626643,human,4.0
2888869336,human,153.0
2911235274,cross-system,2405.0
2813848916,human,253.0
2814686677,human,12.0
2947158033,cross-system,4384.0
2947161297,cross-system,346.0
3039858146,cross-system,155434.0
3039861779,cross-system,43.0
3039865075,cross-system,43.0
3039872957,cross-system,3198.0
3042967464,cross-system,126714.0
3042973997,cross-system,43.0
3043053553,cross-system,141027.0
3043920269,cross-system,112600.0
2948197490,cross-system,2583.0
2679908484,cross-system,5159.0
2686618657,cross-system,89.0
3035441224,cross-system,38733.0
3035543274,cross-system,2661.0
2669664930,human,4.0
3020036759,cross-system,1489.0
3059539579,cross-system,17929.0
2991692224,cross-system,57075.0
2885691382,cross-system,37743.0
2885712797,cross-system,2795.0
2678966305,human,348.0
2679113194,human,15.0
3010618367,cross-system,9517.0
3016097884,human,543.0
2945430897,human,13.0
2957702865,cross-system,297.0
2957968885,cross-system,658.0
2653412912,human,4.0
2946027203,cross-system,3312.0
2946031349,cross-system,441.0
2946164808,human,4.0
2681196091,human,1.0
2682336603,human,117.0
2942048904,cross-system,4245.0
2942052194,cross-system,409.0
3016815191,human,5.0
3069309764,human,498.0
2952059409,cross-system,3658.0
2952060685,cross-system,455.0
2991569644,cross-system,111574.0
3047266705,cross-system,68328.0
3049598567,cross-system,33690.0
3049626708,cross-system,35029.0
3067065423,human,103.0
2894236384,cross-system,99.0
3003575733,human,254.0
3011433088,human,20.0
3015452003,human,2.0
2916737406,cross-system,320.0
2883798609,cross-system,942.0
2933161713,human,4.0
2907640052,cross-system,1424.0
2908249443,cross-system,4685.0
2908408016,cross-system,5054.0
2848787560,cross-system,1022.0
2892024920,cross-system,1198.0
2898317963,cross-system,1184.0
3042125144,cross-system,551.0
2886733596,cross-system,3061.0
3005666605,cross-system,2338.0
2855575032,cross-system,1467.0
2866847589,cross-system,851.0
2932553742,human,4.0
3028152828,cross-system,5776.0
3028774631,cross-system,9515.0
2853848390,cross-system,767.0
2889950915,cross-system,1837.0
2889944128,cross-system,259.0
2928355678,cross-system,790.0
2991903265,cross-system,351.0
2991903745,cross-system,11623.0
2864812323,human,373.0
3033236542,cross-system,3830.0
3033240278,cross-system,367.0
2917928383,cross-system,1556.0
2929154816,cross-system,1039.0
2932296309,cross-system,1728.0
2856463919,cross-system,117.0
2856468942,cross-system,5511.0
2856493732,human,55.0
2937305470,human,4.0
2853920936,human,13.0
3060927104,cross-system,3373.0
3060927256,cross-system,245.0
3060932103,cross-system,273.0
2895720830,cross-system,4973.0
2895723912,cross-system,2593.0
2895731054,cross-system,5900.0
2851550521,cross-system,967.0
2887058209,cross-system,1665.0
2968579889,cross-system,3742.0
2851070330,cross-system,1114.0
2859368868,cross-system,587.0
2997944960,cross-system,4947.0
2898902274,cross-system,625.0
2880891212,cross-system,3416.0
2849086156,cross-system,1931.0
3042611884,cross-system,29970.0
3044990402,cross-system,2361.0
2850787422,human,107.0
2907105268,cross-system,2169.0
2908483844,cross-system,124.0
2908489602,cross-system,124.0
2908494854,cross-system,124.0
3062966375,cross-system,127.0
2935919144,cross-system,452.0
2935935716,cross-system,1889.0
2937693113,human,175.0
3057965282,cross-system,12445.0
2896532687,cross-system,185.0
2909726284,cross-system,1511.0
2873374419,cross-system,1427.0
2854950938,cross-system,1262.0
2951689490,human,4.0
3036244916,cross-system,5458.0
3036271986,cross-system,7119.0
2946806516,human,27.0
3013188539,cross-system,3512.0
3013189518,cross-system,389.0
3056865168,cross-system,123.0
3056871092,human,4.0
2899520527,cross-system,2550.0
2871029982,cross-system,176.0
3069358846,cross-system,267.0
3069440405,human,123.0
2859193416,cross-system,1157.0
2849405482,cross-system,1354.0
2847777263,cross-system,608.0
2898276690,cross-system,1497.0
2899581450,cross-system,340.0
2899599649,human,12.0
2897334620,cross-system,2723.0
2908053760,cross-system,1294.0
2848924522,cross-system,1360.0
2969099216,cross-system,2901.0
2848361190,cross-system,2348.0
2939039327,cross-system,997.0
2939039120,cross-system,630.0
2944039342,cross-system,1647.0
2864184882,cross-system,13008.0
3001084489,cross-system,8053.0
3001118012,cross-system,5477.0
3001327889,cross-system,2882.0
3024411866,cross-system,5578.0
2991839934,cross-system,5407.0
2991905128,cross-system,9705.0
3065668560,cross-system,5542.0
3068095454,cross-system,3908.0
3068587096,cross-system,6453.0
2984296842,cross-system,7025.0
2990790440,cross-system,6791.0
2990821364,cross-system,9331.0
2990822471,cross-system,13638.0
2948331360,human,4.0
2898335444,cross-system,1755.0
2879708586,cross-system,7142.0
2879708671,cross-system,9689.0
2948254013,human,4.0
2851643285,cross-system,1750.0
2951665266,human,5.0
2893440757,cross-system,636.0
2854285783,cross-system,557.0
2880889758,cross-system,1544.0
2969331807,cross-system,3750.0
2869215232,cross-system,2813.0
2874917046,human,273.0
2847969945,cross-system,2544.0
2882404097,cross-system,887.0
2909808416,cross-system,2428.0
2915173724,cross-system,313.0
2939537693,cross-system,3652.0
2963566168,cross-system,2957.0
2947587306,human,4.0
2943570694,human,6.0
2894381239,cross-system,1227.0
2894385661,cross-system,3622.0
3036621198,human,282.0
2895263933,cross-system,1267.0
2948390867,human,4.0
2947129136,cross-system,209.0
2927252764,cross-system,471.0
2880532320,cross-system,3829.0
2880543054,human,12.0
2909031321,cross-system,2450.0
2894428458,cross-system,3669.0
2894430872,cross-system,751.0
2897063230,human,79.0
3108768947,human,53.0
3116060839,cross-system,986.0
3119217685,human,225.0
3183988222,human,13.0
2965765843,cross-system,16106.0
2897319359,cross-system,2016.0
3021824362,cross-system,25682.0
3021918804,cross-system,23006.0
2918486634,cross-system,265.0
2956335090,human,4.0
2848993587,cross-system,1187.0
3016347686,cross-system,1572.0
2849087546,cross-system,1318.0
2908085302,cross-system,4111.0
2852039229,cross-system,818.0
2850756526,cross-system,292.0
2855706017,cross-system,1292.0
2959693223,cross-system,272.0
2887232712,cross-system,1292.0
2996318413,cross-system,4412.0
2996326145,cross-system,571.0
2996348576,cross-system,637.0
2880894429,cross-system,2167.0
2913528305,cross-system,2659.0
2861619575,human,61.0
2912833249,cross-system,3925.0
2848313413,cross-system,1221.0
2856555689,cross-system,490.0
2896751361,cross-system,875.0
2851355470,cross-system,871.0
2896927143,cross-system,3399.0
2897125762,cross-system,10317.0
3012886731,cross-system,2713.0
3013544519,cross-system,5189.0
2909600206,cross-system,1610.0
3026145770,cross-system,2234.0
2930537566,human,4.0
2917982465,cross-system,826.0
2863774203,cross-system,1324.0
3031730236,human,51.0
2897167688,cross-system,952.0
2899467812,cross-system,2201.0
2877409776,human,98.0
2853984627,cross-system,906.0
2881863914,human,24.0
2881903951,cross-system,357.0
2918335002,cross-system,1956.0
2895432127,cross-system,3393.0
2947106673,cross-system,217.0
2879927905,cross-system,722.0
3016973269,human,68.0
2848353313,cross-system,1258.0
2848368146,cross-system,1476.0
2851185724,human,193.0
2919836945,cross-system,1374.0
2944367013,human,71.0
2866431769,cross-system,13977.0
2908088144,cross-system,6334.0
2913062049,human,4.0
2930604845,human,4.0
2915256159,human,451.0
2916872255,human,147.0
2854469986,cross-system,1482.0
2940045710,human,4.0
2967900985,cross-system,1192.0
2908576250,cross-system,1032.0
2939677498,cross-system,2435.0
2976805229,cross-system,13199.0
2853143367,cross-system,1145.0
2847980025,cross-system,2008.0
2849219794,cross-system,2133.0
2866387094,cross-system,4118.0
2848921555,cross-system,863.0
3025714059,cross-system,3524.0
3025716983,cross-system,415.0
3028483282,cross-system,367.0
3028521004,cross-system,362.0
2903500449,cross-system,4389.0
2873927818,human,13.0
3014284123,cross-system,2447.0
2990031381,cross-system,4650.0
2990033283,cross-system,743.0
2990535098,cross-system,4561.0
2990538743,cross-system,12448.0
2990573269,cross-system,3882.0
2909574837,cross-system,1346.0
2896726197,human,2.0
2852139796,cross-system,1645.0
2995108001,cross-system,12265.0
2922513410,cross-system,1966.0
2853722268,cross-system,747.0
2851578424,cross-system,734.0
2925317973,human,12.0
2930559974,human,4.0
2847932076,cross-system,2959.0
2847932627,cross-system,16879.0
3069555166,cross-system,6791.0
2959071029,cross-system,1458.0
2969478587,cross-system,4475.0
3015019906,cross-system,1453.0
2861964593,human,4.0
2917824333,cross-system,656.0
2917922168,human,30.0
3039728676,human,122.0
2863774786,cross-system,1908.0
2878225584,cross-system,1521.0
2878231359,cross-system,4562.0
2878376530,cross-system,2289.0
2856581174,cross-system,4025.0
2856585558,cross-system,2665.0
2995117532,cross-system,3376.0
3021053481,cross-system,3685.0
3021060506,cross-system,394.0
2911866748,cross-system,214.0
2848203964,cross-system,776.0
2961350912,cross-system,1095.0
2909411116,cross-system,14925.0
2877385825,human,5.0
2877385549,human,13.0
2863777525,cross-system,2026.0
3010629315,cross-system,3323.0
2909832840,cross-system,372.0
2851673319,cross-system,1053.0
3026980758,cross-system,2617.0
2901746225,cross-system,2591.0
2917933850,cross-system,2534.0
3025503573,cross-system,4665.0
2924493802,cross-system,3197.0
3053541988,cross-system,2746.0
2855396334,cross-system,3016.0
2855402336,cross-system,2449.0
2908383777,cross-system,3828.0
2908384289,cross-system,1694.0
3045257063,human,105.0
3049178563,human,34.0
3049332497,human,4.0
2908622268,cross-system,3014.0
2912472782,cross-system,1408.0
2912476961,cross-system,5398.0
2912808486,cross-system,8797.0
2913062574,cross-system,6229.0
2913080475,cross-system,6669.0
2913113499,cross-system,6967.0
2913313714,cross-system,5297.0
2880889836,cross-system,1631.0
2852197493,cross-system,1572.0
2969937702,cross-system,1685.0
2911740008,cross-system,1862.0
2848459513,cross-system,1259.0
2909726245,cross-system,2375.0
2855303194,cross-system,2338.0
2858092249,cross-system,1645.0
3076914182,cross-system,911.0
2941339120,cross-system,1316.0
2941342175,cross-system,6196.0
2857150660,cross-system,671.0
2894559401,cross-system,1423.0
2877461244,cross-system,2517.0
2889120985,cross-system,248.0
2954332747,cross-system,1347.0
2930314533,cross-system,3910.0
2930314896,cross-system,388.0
2855041220,cross-system,2153.0
2937087296,human,4.0
2880896296,cross-system,3676.0
2847986464,cross-system,3007.0
2937866959,human,4.0
2943843329,cross-system,4238.0
2943918908,cross-system,3937.0
2890169447,human,10.0
2937993396,human,4.0
2897395622,cross-system,2613.0
2900493442,cross-system,1768.0
2900173620,cross-system,5115.0
2862983414,cross-system,338.0
2862986957,human,12.0
2915150534,cross-system,4092.0
2915178615,cross-system,4235.0
2915197097,cross-system,2245.0
2851529374,cross-system,656.0
2910639560,human,158.0
2930320830,human,5.0
2870117850,cross-system,1292.0
2925021673,cross-system,124.0
2925035859,cross-system,124.0
2926754077,cross-system,124.0
2926757137,cross-system,124.0
2958753960,cross-system,6459.0
2958758550,cross-system,5173.0
2863175239,cross-system,1291.0
2940386596,human,4.0
2940296094,human,4.0
2938649014,human,1598.0
2880891996,cross-system,3760.0
2959626608,cross-system,2422.0
2976249855,human,1.0
2864923696,cross-system,255.0
2908429847,cross-system,249.0
2898388986,cross-system,2879.0
2898648153,cross-system,4545.0
2898651184,cross-system,2343.0
2848336393,cross-system,2014.0
2855896070,cross-system,1764.0
3036197632,cross-system,3207.0
2866991289,cross-system,2482.0
2977818762,cross-system,6307.0
2959513236,cross-system,1834.0
2849237299,cross-system,879.0
2920614921,human,50.0
2850688328,cross-system,412.0
2849129657,cross-system,1417.0
2909726141,cross-system,1609.0
2854431733,cross-system,4595.0
2854436624,cross-system,2621.0
2917143129,cross-system,1116.0
2917145248,cross-system,2172.0
2870127178,cross-system,1291.0
2925232661,cross-system,3302.0
2854559908,cross-system,10436.0
2969361432,cross-system,1627.0
2898839445,cross-system,340.0
2898341431,cross-system,1888.0
2924151171,cross-system,3560.0
2924158903,cross-system,333.0
2895440819,cross-system,1406.0
2922946414,cross-system,1214.0
2922959319,cross-system,2965.0
2858570161,human,286.0
2873383357,cross-system,1133.0
2945467173,human,182.0
2859493616,cross-system,686.0
2899899888,human,26.0
3031282807,cross-system,2345.0
2880025327,cross-system,3141.0
2939250550,cross-system,3204.0
2939250623,cross-system,765.0
3008593169,cross-system,8780.0
2897146949,cross-system,1920.0
2848364351,cross-system,2748.0
2898582753,cross-system,842.0
2944013720,cross-system,2112.0
2929275992,cross-system,7377.0
2854588270,cross-system,1802.0
3013415326,human,71.0
2907854625,cross-system,1533.0
2907855271,cross-system,3923.0
2907870288,cross-system,1831.0
2907931219,human,339.0
3045092924,cross-system,7412.0
3045448652,cross-system,9323.0
3045476202,human,4.0
2918838792,cross-system,1259.0
2895909307,human,89.0
2897097600,human,51.0
2847979935,cross-system,1501.0
2988594644,cross-system,5870.0
3013450132,human,42.0
2907678775,cross-system,807.0
3035776593,cross-system,804.0
2848359762,cross-system,5050.0
2898288482,cross-system,295.0
2897581575,human,2.0
2895652583,cross-system,1141.0
2856171307,cross-system,89.0
2856173045,cross-system,89.0
2852875485,cross-system,1366.0
2937571952,cross-system,3563.0
2937573665,cross-system,259.0
2937576093,cross-system,1888.0
3018081821,cross-system,2924.0
3014479234,cross-system,9713.0
3014489950,cross-system,2633.0
2913794990,cross-system,5130.0
2895271183,cross-system,1726.0
2863171964,cross-system,1550.0
2897271743,cross-system,3524.0
2897408814,cross-system,2059.0
2854123350,cross-system,273.0
2856112131,cross-system,335.0
3061968913,cross-system,3845.0
3061971264,cross-system,717.0
3061981123,cross-system,484.0
2893528981,human,5.0
2911712808,cross-system,217.0
3060640376,human,4.0
2858622244,cross-system,1291.0
2969186460,human,192.0
3035201600,human,9.0
2882620697,human,77.0
2940240521,human,4.0
2880890382,cross-system,1625.0
2911392204,cross-system,2072.0
2934142347,human,4.0
2866427813,human,15.0
2922605170,cross-system,1540.0
3020220728,human,85.0
2852875147,cross-system,1726.0
2918306575,cross-system,3111.0
2918330279,cross-system,1751.0
2867300000,cross-system,249.0
2867321512,human,12.0
2859660388,cross-system,2099.0
2942963864,cross-system,1778.0
2907757407,cross-system,124.0
2962426276,cross-system,2754.0
2896972542,cross-system,2678.0
2943820760,human,8.0
2910886505,cross-system,214.0
2855505934,cross-system,3138.0
2855525414,cross-system,3032.0
2855561189,cross-system,3039.0
2861453081,cross-system,7201.0
2959362513,cross-system,438.0
2959512883,cross-system,343.0
2959522111,cross-system,3587.0
2871891266,cross-system,354.0
2872463203,human,110.0
2881784001,human,4.0
2974135294,cross-system,2553.0
2849091096,cross-system,1285.0
2942856525,cross-system,3878.0
2942858407,cross-system,1786.0
2937633852,cross-system,1438.0
2937635890,cross-system,4031.0
2856378193,cross-system,541.0
2856387214,human,12.0
3056779706,human,148.0
2981931585,cross-system,300.0
2981933514,human,12.0
2909805469,cross-system,2244.0
2862950493,cross-system,3672.0
2862952159,cross-system,2275.0
2863309304,human,22.0
3012937750,cross-system,3404.0
3012938489,cross-system,309.0
2911918147,cross-system,1018.0
3036148449,cross-system,3229.0
3036148779,cross-system,228.0
2881374113,cross-system,1585.0
2969472182,cross-system,4911.0
2854114087,cross-system,1000.0
2956154446,human,4.0
3335123240,cross-system,1728.0
2918894315,cross-system,13263.0
2989291369,cross-system,8459.0
2932508626,cross-system,1467.0
2934475266,cross-system,2077.0
2934479925,cross-system,2277.0
2849051567,cross-system,2486.0
2898927131,cross-system,3969.0
2904284020,cross-system,5016.0
3036148311,cross-system,3737.0
3036148535,cross-system,394.0
2926320762,human,7.0
2884332706,cross-system,1694.0
2880892384,cross-system,2460.0
2863774728,cross-system,2310.0
2921155967,cross-system,1693.0
2851287215,cross-system,1002.0
2849088189,cross-system,1248.0
2849051747,cross-system,1688.0
2850167624,cross-system,2129.0
2974473211,cross-system,2089.0
2918784723,cross-system,1773.0
2908895015,cross-system,1247.0
2849112460,cross-system,913.0
3012892389,cross-system,5354.0
2859214859,human,52.0
2869382298,cross-system,3970.0
2869382759,cross-system,5191.0
2869383001,cross-system,3312.0
2863396272,cross-system,1333.0
2863401891,cross-system,8059.0
2863405597,human,12.0
2849865794,cross-system,2449.0
2858396901,human,61.0
2948943134,cross-system,635.0
2948943554,cross-system,3449.0
2948947179,cross-system,367.0
2948947630,cross-system,1540.0
2855006425,cross-system,1702.0
2921171705,human,78.0
3027835700,human,159.0
2854659217,cross-system,1354.0
2863241030,cross-system,6292.0
2933963908,cross-system,676.0
2933963829,cross-system,779.0
2933965039,cross-system,126.0
2956081985,human,4.0
2978953788,cross-system,2518.0
2978963102,cross-system,25068.0
2978975312,human,13.0
2933364376,cross-system,909.0
2939929947,human,4.0
2917121128,human,81.0
2940010338,cross-system,2105.0
2911892238,cross-system,969.0
2911897222,cross-system,2064.0
2988322937,cross-system,2779.0
3059393539,human,8.0
2856172345,cross-system,2283.0
2848336412,cross-system,3675.0
2918157361,cross-system,2960.0
2849051333,cross-system,2638.0
2922508383,human,56.0
2849646794,cross-system,24856.0
3028808860,cross-system,3828.0
3028809557,cross-system,3473.0
3028812991,cross-system,510.0
3028817566,cross-system,58350.0
2893870507,cross-system,914.0
3073082706,cross-system,1235.0
3073264340,cross-system,5716.0
3073482626,cross-system,6271.0
3073522167,cross-system,5987.0
3073533278,cross-system,7071.0
3073548563,cross-system,3508.0
3073554537,cross-system,2371.0
3073556188,cross-system,4277.0
3012099928,cross-system,3399.0
3012101828,cross-system,478.0
2872154631,human,6010.0
2873623939,human,212.0
2876002822,human,5.0
2944785448,human,49.0
2909797268,cross-system,1453.0
2941347340,cross-system,1892.0
3021184665,human,28.0
2947531245,human,4.0
2972850615,cross-system,5354.0
2948693479,human,4.0
2849109519,cross-system,2347.0
2930822490,human,4.0
2907696576,cross-system,1349.0
2910014161,cross-system,1536.0
3057966199,cross-system,69019.0
2848245505,cross-system,1563.0
2853089796,cross-system,4804.0
2848351890,cross-system,4272.0
2848352142,cross-system,2064.0
2897530108,cross-system,3294.0
2896743890,human,87.0
2916742409,cross-system,3649.0
3006320789,cross-system,3602.0
3006324989,cross-system,364.0
3008901151,cross-system,594.0
3009196983,cross-system,316.0
2947116081,cross-system,217.0
2995236167,cross-system,1941.0
2969164954,cross-system,2643.0
2848352373,cross-system,4019.0
2848352855,cross-system,2451.0
2991934823,cross-system,8853.0
2848863483,cross-system,1818.0
2903628631,cross-system,2205.0
2954179280,cross-system,1149.0
2848843952,cross-system,1806.0
2848849512,cross-system,1443.0
2909962453,cross-system,1506.0
2852527242,cross-system,213.0
2852534332,cross-system,1436.0
2852535145,human,12.0
2911530988,cross-system,130.0
2911676999,human,37.0
2869609811,cross-system,1292.0
3003625864,human,16.0
2908722897,cross-system,15155.0
2946836817,cross-system,9608.0
2849085383,cross-system,1452.0
3016513607,cross-system,4084.0
3016515901,cross-system,3579.0
3016518391,cross-system,352.0
3016527365,cross-system,38689.0
3017859410,human,55.0
3054038725,cross-system,2369.0
2982367559,human,141.0
2853154894,cross-system,1399.0
2943341708,cross-system,1066.0
2943340459,cross-system,693.0
2923341801,human,44.0
2857685145,cross-system,1826.0
2896754375,cross-system,3350.0
2887659838,cross-system,3824.0
2887667135,cross-system,14051.0
2887717452,human,12.0
2855432781,cross-system,786.0
3021258125,cross-system,3471.0
3021258208,cross-system,739.0
3021260589,cross-system,595.0
2855401484,cross-system,4762.0
2855404147,cross-system,2607.0
2947487182,human,4.0
2893688513,human,4.0
2950068456,cross-system,242.0
2856138827,cross-system,2608.0
2848359573,cross-system,3841.0
2848192164,human,16.0
2962012442,human,130.0
2856829437,cross-system,3646.0
2918317713,cross-system,4134.0
2931014258,cross-system,2698.0
2947119442,cross-system,217.0
2941787391,human,4.0
2912634110,cross-system,2955.0
2928895224,cross-system,4837.0
2928902790,cross-system,4978.0
2928908764,cross-system,4078.0
2928917629,cross-system,6390.0
2932499757,cross-system,701.0
2932526308,cross-system,6340.0
2932551691,cross-system,124.0
2932554825,cross-system,124.0
2941387332,human,4.0
2908568896,cross-system,710.0
2988089872,cross-system,2799.0
2991114105,cross-system,14680.0
2981329053,cross-system,11299.0
2981379264,cross-system,6278.0
2981465226,cross-system,13509.0
2982650758,cross-system,6085.0
2918027698,cross-system,594.0
2975072196,cross-system,3784.0
2975073951,cross-system,3013.0
2975078132,cross-system,197.0
2975176109,human,4.0
2973237824,cross-system,240.0
2908940527,cross-system,784.0
2904498508,human,77.0
2864819935,human,4.0
2855692268,cross-system,814.0
2884284107,cross-system,1203.0
2896473090,cross-system,2783.0
2896528404,cross-system,2542.0
2869944559,human,180.0
2849051455,cross-system,1877.0
3013413607,cross-system,4678.0
3013415138,cross-system,794.0
2895323282,cross-system,1143.0
2941512579,cross-system,951.0
2941513646,cross-system,2716.0
2941550815,human,13.0
2948389302,human,67.0
2892199434,human,35.0
2951391142,human,4.0
2863774621,cross-system,1854.0
2910782159,cross-system,3127.0
2911069177,cross-system,7189.0
2911217185,cross-system,13080.0
2911897959,cross-system,3172.0
2911914639,cross-system,3098.0
2957450637,cross-system,1342.0
2859142823,human,47.0
2878636828,human,34.0
2934125816,cross-system,1008.0
2934128071,cross-system,2618.0
2934265774,human,12.0
2858687154,cross-system,1589.0
2858340716,cross-system,1105.0
2915115792,cross-system,332.0
2875421414,cross-system,875.0
2941906960,cross-system,809.0
2941913470,human,13.0
2970370050,cross-system,1218.0
2970380000,cross-system,34359.0
2970391620,human,12.0
2848366064,cross-system,4849.0
2918518122,cross-system,3178.0
2848323121,cross-system,5876.0
2932303303,cross-system,1084.0
2877446836,cross-system,466.0
2877819116,cross-system,466.0
2877819196,cross-system,466.0
2877819833,cross-system,2706.0
2856050967,cross-system,3585.0
2856052108,cross-system,10340.0
2856077624,human,13.0
2848317258,cross-system,1927.0
2915233600,cross-system,1554.0
2851260599,cross-system,866.0
2869869086,cross-system,1291.0
2905933173,cross-system,2414.0
2989686483,cross-system,3368.0
2989687617,cross-system,328.0
2989712508,cross-system,293.0
2989724105,cross-system,387.0
2899704696,cross-system,750.0
2849000253,cross-system,295.0
2895304075,cross-system,4038.0
2895305044,cross-system,1749.0
2940199261,human,4.0
2952651526,human,263.0
2954668935,human,42.0
2935644761,cross-system,3819.0
2935650160,cross-system,390.0
2935658091,cross-system,2008.0
2935692904,cross-system,2552.0
3001745166,cross-system,2250.0
2943671407,human,4.0
2850922959,cross-system,346.0
3059391451,human,8.0
2907834723,cross-system,1923.0
2852083392,cross-system,895.0
2956389847,human,4.0
2848001452,cross-system,910.0
2863774864,cross-system,1560.0
2985182703,cross-system,2715.0
2985184217,cross-system,28356.0
2985866435,human,12.0
2848342384,cross-system,329.0
2849103086,human,12.0
2911498239,cross-system,130.0
2910435613,cross-system,8838.0
2910710959,cross-system,9647.0
2911320045,cross-system,12705.0
2911632955,cross-system,7415.0
2911804525,cross-system,3613.0
2969464839,cross-system,2534.0
3002066395,cross-system,5061.0
3002780821,cross-system,7307.0
2978931859,cross-system,2018.0
2978936285,cross-system,18998.0
2978943259,human,13.0
2991924636,cross-system,535.0
2991938668,human,10.0
3054927750,cross-system,3865.0
3054930293,cross-system,488.0
3055284621,cross-system,516.0
2995306728,cross-system,5575.0
2995319223,cross-system,4450.0
3014197256,cross-system,2754.0
2976777912,human,62.0
2979316258,human,7.0
2849091519,cross-system,1994.0
2936052347,human,8.0
2851487360,cross-system,1674.0
2941896012,cross-system,1160.0
2856877733,cross-system,2352.0
2856883477,cross-system,17043.0
2856901118,human,13.0
2978767269,cross-system,3575.0
2978772041,cross-system,338.0
2978774000,cross-system,10252.0
2975848828,cross-system,3555.0
2991490982,human,144.0
2992294806,human,36.0
2848735862,cross-system,1259.0
3050598042,cross-system,10929.0
2873360167,human,13.0
2873360759,cross-system,2452.0
2873361744,cross-system,8339.0
2983079256,cross-system,249.0
2983234945,human,12.0
2854604568,cross-system,3348.0
2854670090,human,4.0
2854670645,cross-system,15610.0
2966020081,cross-system,21579.0
2966052811,cross-system,4852.0
2852168883,cross-system,870.0
2870140817,cross-system,1292.0
2851387765,cross-system,1975.0
2919627269,cross-system,2611.0
2855132698,cross-system,1407.0
3061391414,cross-system,1090.0
2897190146,cross-system,3440.0
2859266904,cross-system,1176.0
2898905957,cross-system,1392.0
2862840331,cross-system,877.0
2937379143,cross-system,5078.0
2963561978,human,170.0
2847883125,cross-system,858.0
2934568730,cross-system,4961.0
2934569110,cross-system,3028.0
2908687657,human,4.0
3072264805,cross-system,27405.0
3035799558,cross-system,565.0
2911712447,cross-system,1874.0
2929041927,cross-system,1954.0
2929001336,cross-system,1869.0
2929005058,cross-system,8999.0
2929050182,cross-system,6686.0
2989681567,cross-system,6524.0
2989684740,cross-system,5776.0
2866724463,cross-system,1740.0
2866955208,cross-system,1682.0
2867098891,human,10.0
2938091798,human,4.0
2849082980,cross-system,447.0
2944150958,cross-system,9834.0
2855845562,human,64.0
2947211960,cross-system,11999.0
2955428565,human,119.0
2994838888,human,55.0
2995466058,human,15.0
2866796977,human,45.0
2922756985,cross-system,124.0
2936452521,cross-system,1036.0
2983076404,cross-system,1533.0
2983083959,cross-system,14646.0
2983234509,human,12.0
3013506848,cross-system,3668.0
3013507650,cross-system,668.0
2880359585,cross-system,2745.0
2854014421,cross-system,1094.0
2912890341,cross-system,1901.0
2999973901,human,17.0
3004760127,human,21.0
2897643966,human,101.0
2913873704,human,215.0
2946324773,human,78.0
2928903989,cross-system,1328.0
2929536506,cross-system,4918.0
2850999550,cross-system,2043.0
2849373376,cross-system,1689.0
2947547914,human,4.0
3006764019,human,58.0
3072312363,cross-system,127.0
2929215867,cross-system,1712.0
2854211832,cross-system,1026.0
2854170736,cross-system,1487.0
2873248130,cross-system,2437.0
2873249526,cross-system,1827.0
2866395058,cross-system,331.0
3034817468,cross-system,130.0
3064639814,human,29.0
2858657079,cross-system,2348.0
2858772660,cross-system,1522.0
2854092074,cross-system,2750.0
3031555271,human,39.0
2883965650,cross-system,906.0
2884334555,human,52.0
2884671471,human,4.0
3187077065,cross-system,1113.0
2961776203,cross-system,14697.0
3109229797,cross-system,7585.0
2880982519,human,189.0
2888903314,human,83.0
2852210394,cross-system,1134.0
2924490981,cross-system,2489.0
2998821900,human,5.0
2898329754,cross-system,4223.0
2854794796,cross-system,700.0
2877085536,human,152.0
2850633230,cross-system,1112.0
2907821664,cross-system,931.0
2915558098,cross-system,1971.0
2847876484,cross-system,2752.0
2907061839,cross-system,1639.0
3048750746,cross-system,381.0
2958824730,human,4.0
2939143580,human,182.0
2940438647,human,4.0
2954809365,human,378.0
3061277806,cross-system,383.0
2916813371,cross-system,1237.0
2850302654,cross-system,2345.0
2850718043,cross-system,2585.0
2868795287,cross-system,1104.0
2848353423,cross-system,4266.0
2848353696,cross-system,2865.0
2849034294,cross-system,2703.0
2898274978,cross-system,2859.0
2848827405,cross-system,1259.0
2849190537,cross-system,3891.0
2850949134,human,53.0
2851000726,cross-system,4170.0
2959982807,human,4.0
2898951475,cross-system,245.0
2911147086,cross-system,326.0
2889378150,cross-system,1291.0
2860224931,cross-system,1387.0
2946787752,cross-system,3091.0
3011977034,human,13.0
3030899386,cross-system,256.0
3030920784,human,93.0
2910133351,cross-system,3608.0
2901889742,cross-system,251.0
2901892288,cross-system,253.0
2901900172,cross-system,1292.0
2898388413,human,4.0
2851803515,cross-system,1240.0
2851327079,cross-system,950.0
2855797017,cross-system,971.0
2951769642,human,4.0
2900084027,cross-system,2459.0
2941312345,human,4.0
2908669833,human,77.0
2860965036,cross-system,21.0
3042563571,human,29.0
2849088146,cross-system,935.0
2851211106,cross-system,2159.0
3035882880,cross-system,1275.0
2915453222,cross-system,5931.0
2915535664,cross-system,4500.0
2915756023,cross-system,2080.0
3036154394,cross-system,3433.0
3036154605,cross-system,406.0
2850833703,cross-system,234.0
2918044399,cross-system,1457.0
2918142663,cross-system,1568.0
2918215206,cross-system,1268.0
3061356132,cross-system,294.0
2933636912,cross-system,710.0
2933636096,cross-system,935.0
2933638818,cross-system,2995.0
2933641621,cross-system,126.0
3019662852,cross-system,1459.0
2869374555,cross-system,2612.0
2869374587,cross-system,2187.0
2866921965,cross-system,5543.0
2850809554,cross-system,2927.0
2855604419,cross-system,805.0
2848125370,human,12.0
2873991060,cross-system,9205.0
2849051742,cross-system,2484.0
2928845577,cross-system,332.0
3068242729,cross-system,21917.0
3068330921,cross-system,4773.0
2928946630,cross-system,3390.0
2928946664,cross-system,971.0
2928946692,cross-system,412.0
2928946897,cross-system,4061.0
2898329269,cross-system,2277.0
2959695141,cross-system,249.0
2888315587,human,6.0
2938173836,cross-system,271.0
3013858037,human,98.0
3091953014,human,92.0
2909031891,cross-system,1436.0
2912512054,cross-system,1825.0
3102936019,cross-system,4316.0
2933856846,cross-system,1064.0
2928553323,cross-system,3128.0
2928555219,cross-system,3359.0
2928555575,cross-system,106.0
2990552099,cross-system,1464.0
2991856200,cross-system,3492.0
2983075222,cross-system,1129.0
2983076304,cross-system,1422.0
2983083545,cross-system,14401.0
2985009560,human,12.0
2858732702,cross-system,1090.0
2961346710,cross-system,688.0
2898953821,cross-system,214.0
2854767160,cross-system,1752.0
2995765701,cross-system,1897.0
2884311132,cross-system,1292.0
2997065798,cross-system,3229.0
2997069434,cross-system,534.0
2879596934,cross-system,466.0
2856081846,cross-system,1854.0
2849354166,cross-system,1021.0
2973025810,cross-system,7441.0
2973053013,cross-system,5665.0
2904248522,cross-system,4825.0
2929726031,cross-system,2657.0
3004507914,cross-system,2875.0
3004636303,cross-system,2991.0
3021062292,human,115.0
2898336838,cross-system,1920.0
2897853682,cross-system,229.0
2896694226,human,2.0
2948027309,human,4.0
2961986626,human,4.0
2849346343,cross-system,280.0
2925102721,cross-system,3695.0
2925104458,cross-system,410.0
2927270140,cross-system,608.0
2984547075,cross-system,5877.0
2856182368,cross-system,2590.0
2893912996,cross-system,6158.0
2893916849,cross-system,996.0
2911918270,cross-system,408.0
2975180101,cross-system,916.0
3062435893,cross-system,5839.0
2848356744,cross-system,14656.0
2915124573,cross-system,4334.0
2912040998,cross-system,1387.0
2912042483,cross-system,124.0
3035865048,cross-system,1024.0
2849339314,cross-system,391.0
2889755556,cross-system,1383.0
2887064408,cross-system,1292.0
2921663756,cross-system,1472.0
2857166226,cross-system,552.0
2991894901,cross-system,2952.0
2992694008,cross-system,3606.0
2992904781,cross-system,1970.0
2993154750,cross-system,2444.0
2869283193,cross-system,2292.0
2869283473,cross-system,3141.0
3043857333,human,537.0
2956766489,human,4.0
2936063925,human,8.0
2902988066,cross-system,242.0
2873986012,cross-system,10476.0
2930021763,cross-system,253.0
2875324889,human,3461.0
2927051400,cross-system,413.0
2932680520,human,47.0
2876720275,cross-system,2825.0
2944365909,human,4.0
2952002527,cross-system,1718.0
2956588332,cross-system,2406.0
2862074530,cross-system,7651.0
2862079823,cross-system,2022.0
2871797354,human,20.0
2908416274,cross-system,3925.0
2940080964,human,4.0
2857167458,cross-system,624.0
3056900028,cross-system,123.0
3056906657,human,4.0
2895895920,cross-system,2362.0
2897995229,cross-system,2962.0
2898033451,cross-system,2108.0
2887177567,cross-system,586.0
2887183110,cross-system,1741.0
2887201572,human,13.0
2906279718,cross-system,4628.0
2948093449,cross-system,4391.0
2948093843,cross-system,392.0
2876191218,human,14.0
2919691626,cross-system,2841.0
2972988150,cross-system,1832.0
2885801876,cross-system,4998.0
2885802120,cross-system,4004.0
2885806574,cross-system,2506.0
2885875252,cross-system,4299.0
2902862675,cross-system,2342.0
2907217735,cross-system,16503.0
2907241669,cross-system,6678.0
2907315055,cross-system,6361.0
2907424798,cross-system,3212.0
2907458136,cross-system,2845.0
2907591721,cross-system,6369.0
2907639032,cross-system,3810.0
2907663197,cross-system,2904.0
3037134087,human,306.0
3037397193,human,1149.0
3038925025,human,4.0
2919529328,cross-system,1129.0
2891252658,cross-system,117.0
2891269426,human,12.0
2916346969,cross-system,1461.0
2959693623,cross-system,670.0
2902017592,cross-system,1575.0
2849091866,cross-system,1077.0
2923565643,cross-system,675.0
2923599498,human,12.0
3027348434,human,470.0
2858871534,cross-system,1138.0
2896228416,cross-system,2502.0
2991889868,cross-system,6385.0
2856408464,cross-system,1740.0
2856427908,human,55.0
2885855612,human,36.0
2896832270,cross-system,3647.0
2896834994,cross-system,1975.0
2923200900,cross-system,124.0
2910139238,cross-system,2666.0
2896177789,cross-system,809.0
3035020886,cross-system,1549.0
2952072627,cross-system,7997.0
2968964045,cross-system,5620.0
2907585528,human,40.0
2849253759,cross-system,1586.0
2852181258,cross-system,1131.0
3035972660,cross-system,480.0
2955702520,human,4.0
3255278092,cross-system,6514.0
3255480444,cross-system,1851.0
3255493521,cross-system,365.0
3265343145,human,1473.0
2919594540,cross-system,1364.0
2963240706,cross-system,1303.0
2985156386,cross-system,5821.0
2985159298,cross-system,98903.0
2985207451,human,12.0
2858081449,cross-system,893.0
2903500653,cross-system,2391.0
2955344935,cross-system,1736.0
2955361716,human,169.0
2959068410,cross-system,1544.0
2915378717,cross-system,2406.0
2903694869,cross-system,991.0
2903697273,cross-system,1264.0
2948047123,human,4.0
2948281147,human,4.0
2849092602,cross-system,1606.0
2853045995,cross-system,2155.0
2940684837,cross-system,1592.0
2918831663,cross-system,1048.0
2868859360,human,23.0
2896830531,cross-system,2354.0
2853849790,cross-system,1734.0
2864467413,human,393.0
2890620078,cross-system,258.0
2890627764,cross-system,1292.0
2901731181,cross-system,700.0
2871184074,cross-system,117.0
2918044662,cross-system,1027.0
2855074230,cross-system,2921.0
2937625879,cross-system,1404.0
2848390249,cross-system,793.0
2937614230,cross-system,3448.0
2937614374,cross-system,570.0
2937615135,cross-system,239.0
2937616006,cross-system,1503.0
2907755485,cross-system,2003.0
2948449009,cross-system,1825.0
2948487164,human,125.0
2941101371,human,4.0
2906299308,cross-system,2946.0
3063681457,cross-system,3336.0
2969200857,cross-system,10490.0
2849093378,cross-system,1086.0
2886390498,cross-system,1292.0
2863778358,cross-system,1669.0
3007398539,cross-system,1965.0
2917943515,cross-system,1780.0
2924122320,human,22.0
2930954766,human,79.0
2880889527,cross-system,2133.0
2925718463,human,4.0
2854069926,cross-system,5429.0
2941078439,human,4.0
2917826683,cross-system,338.0
2898370905,cross-system,2949.0
2960314477,cross-system,910.0
2960314976,cross-system,4233.0
2960394743,human,80.0
2947973777,cross-system,1462.0
2923348678,cross-system,1058.0
3035856625,cross-system,1337.0
3035857485,cross-system,1322.0
3035858878,cross-system,1292.0
2903299429,cross-system,2842.0
2903634489,cross-system,7132.0
2904032404,cross-system,3461.0
2904048238,cross-system,2761.0
2904077414,human,12.0
2904081632,cross-system,13863.0
2903404014,cross-system,4160.0
2855391466,cross-system,4393.0
2855392312,cross-system,1997.0
2886964629,cross-system,3052.0
3069519623,cross-system,946.0
2944038992,cross-system,1026.0
2863778572,cross-system,2962.0
2871371248,human,22.0
3212937968,human,368.0
2877089777,human,149.0
2946894172,human,4.0
2940976936,cross-system,733.0
2940978953,cross-system,1878.0
2940979362,cross-system,1686.0
2940980769,cross-system,2131.0
2943721286,cross-system,1942.0
2944150776,cross-system,1053.0
2944602781,cross-system,1719.0
3059564070,cross-system,127.0
2863774860,cross-system,1876.0
2893761200,cross-system,280.0
2952088442,human,4.0
3062003346,cross-system,944.0
3064790302,cross-system,9860.0
2988404447,cross-system,2300.0
2970850233,cross-system,9793.0
3052280063,human,25.0
2923573342,cross-system,1306.0
3007803090,human,45.0
2848368066,human,3.0
2848390337,cross-system,1353.0
2911529791,cross-system,217.0
2948995117,cross-system,218.0
2949762900,human,482.0
3035183753,cross-system,530.0
2897365875,cross-system,1286.0
3046166863,cross-system,266.0
2880889175,cross-system,2850.0
2968515751,cross-system,2987.0
2919754762,cross-system,4242.0
2920838945,cross-system,2277.0
3036147981,cross-system,3988.0
3036148406,cross-system,534.0
2917552451,human,78.0
2855207834,cross-system,953.0
2922540752,cross-system,3603.0
2922542974,cross-system,510.0
2924177983,cross-system,185.0
2928956946,cross-system,1830.0
2928956973,cross-system,4051.0
2928957108,cross-system,359.0
2928957204,cross-system,4838.0
2928960185,cross-system,4262.0
2928962348,cross-system,3703.0
2849224742,cross-system,598.0
2849051481,cross-system,829.0
2849089814,cross-system,1089.0
2991558411,cross-system,2020.0
2925026510,cross-system,4239.0
2925030942,cross-system,322.0
2927080469,human,111.0
2930323444,cross-system,5334.0
2932686713,human,37.0
2962288635,cross-system,16646.0
2997050074,cross-system,3208.0
2997052938,cross-system,518.0
2907151644,cross-system,1009.0
2999413314,cross-system,6540.0
2999423626,cross-system,4135.0
2851721429,cross-system,1669.0
2938048462,human,4.0
2879136085,human,64.0
2985274260,cross-system,1185.0
2985275547,cross-system,5558.0
2985276248,cross-system,11414.0
2985350388,human,12.0
2915498576,cross-system,124.0
2941651029,human,4.0
2938893836,cross-system,7533.0
2849448482,cross-system,2505.0
2849448751,cross-system,1498.0
2849496840,cross-system,788.0
2856158753,cross-system,398.0
2935335731,cross-system,11942.0
2948511487,human,4.0
2898957870,cross-system,523.0
2997034344,cross-system,3239.0
2997038794,cross-system,353.0
2852967785,cross-system,5204.0
2852968353,cross-system,907.0
2971397775,cross-system,2260.0
2971404034,cross-system,11796.0
2973771327,human,30.0
2908303671,cross-system,1631.0
2864836873,human,11.0
2991123838,cross-system,1421.0
2848345293,cross-system,2855.0
2908594218,cross-system,3021.0
2908594432,cross-system,5736.0
2909180864,cross-system,3019.0
2979235933,cross-system,7680.0
2898900825,cross-system,839.0
2880890386,cross-system,1452.0
2938951549,human,97.0
2938983856,human,2.0
2908140758,cross-system,1915.0
2948061191,cross-system,793.0
2948061590,cross-system,1684.0
3038790776,human,13.0
2948405051,human,4.0
2862419419,cross-system,4299.0
2862421892,cross-system,1116.0
2862422037,cross-system,3369.0
2863139508,cross-system,2026.0
2880893970,cross-system,2638.0
2955436099,human,4.0
2960771641,cross-system,2176.0
2960782046,cross-system,8488.0
2961118058,human,13.0
2909003173,cross-system,2017.0
2880892511,cross-system,2492.0
2894483507,cross-system,2536.0
2850699391,cross-system,2422.0
2899408756,cross-system,949.0
2901122933,cross-system,257.0
2901134336,cross-system,1292.0
2849091052,cross-system,2672.0
2898930586,cross-system,257.0
2898933876,cross-system,1292.0
2919622413,cross-system,7082.0
2970169682,cross-system,1829.0
2971151635,cross-system,1558.0
2971375938,cross-system,1742.0
2916113993,human,355.0
2894398465,cross-system,3006.0
3042587453,human,20.0
2997018500,cross-system,3711.0
2997022287,cross-system,395.0
2947503513,cross-system,1645.0
2914105361,human,126.0
2856530258,cross-system,1323.0
2856549990,human,54.0
3057812265,human,2.0
3057813518,cross-system,61433.0
2925688348,cross-system,124.0
2926101167,human,32.0
2866029643,cross-system,2139.0
2856322484,cross-system,8978.0
2890893460,cross-system,3859.0
2890898115,cross-system,33237.0
2892556695,cross-system,3243.0
2894417944,human,354.0
2894762304,cross-system,5362.0
2895252344,human,12.0
2947986071,human,4.0
3013461355,cross-system,5355.0
3018201081,cross-system,2778.0
3018228514,cross-system,3001.0
2879732351,cross-system,915.0
2865703760,cross-system,6204.0
2863778978,cross-system,2950.0
2865022177,cross-system,6446.0
2913721882,human,4.0
3036998411,cross-system,1171.0
2933231987,cross-system,893.0
2908912716,cross-system,965.0
2920879295,human,799.0
2925753610,human,73.0
2900927634,cross-system,1576.0
2983077864,cross-system,239.0
2983235300,human,12.0
2861473961,cross-system,968.0
2933953542,cross-system,4592.0
2933955671,cross-system,263.0
2933970914,cross-system,6499.0
2908906142,cross-system,1049.0
2969562880,cross-system,1551.0
2948590964,human,4.0
2848921615,cross-system,576.0
3059395422,human,8.0
2956469695,human,4.0
3030139194,cross-system,4339.0
3030146282,cross-system,348.0
2876871131,cross-system,268.0
2876872708,cross-system,2569.0
2876878717,human,65.0
2934090326,human,4.0
2939528681,cross-system,3375.0
2879320986,human,95.0
2896027742,human,105.0
2855472642,cross-system,1358.0
3024644680,cross-system,1572.0
3024683311,human,163.0
2973333861,cross-system,7814.0
2849083137,cross-system,1478.0
2933822151,cross-system,1064.0
2905959455,cross-system,843.0
2961751925,cross-system,8525.0
2961850165,human,4.0
2848345877,cross-system,2266.0
2848399633,cross-system,1500.0
2969470579,cross-system,5432.0
2977230095,cross-system,4128.0
2977260649,cross-system,2676.0
2977286523,cross-system,6366.0
2855806085,cross-system,1292.0
2857867200,cross-system,1625.0
2918832338,cross-system,837.0
2911563039,cross-system,2534.0
2911570732,cross-system,7984.0
2953333486,human,38.0
2956911435,human,60.0
2866407117,cross-system,2161.0
2851877660,cross-system,1529.0
2852075993,cross-system,1129.0
2904371424,cross-system,5845.0
2859344970,cross-system,3815.0
2907852282,cross-system,1924.0
2915360749,cross-system,124.0
2896159465,cross-system,3263.0
2896297842,cross-system,1044.0
2901369635,cross-system,1844.0
2901678941,cross-system,1968.0
2901720115,cross-system,2391.0
2901768242,cross-system,2543.0
2901882652,cross-system,3202.0
2908645293,cross-system,117.0
2897185599,cross-system,270.0
2852005225,cross-system,2154.0
2880890514,cross-system,1533.0
2934229143,cross-system,3994.0
2934231169,cross-system,229.0
2934336549,cross-system,411.0
2907822014,cross-system,1070.0
3034649683,cross-system,3846.0
3034653919,cross-system,452.0
2959068336,cross-system,329.0
2880890496,cross-system,1736.0
2848390085,cross-system,1033.0
2956483904,cross-system,1207.0
2956498141,human,12.0
3005045059,cross-system,6715.0
3005525867,cross-system,5229.0
3005572154,cross-system,2653.0
3005607061,cross-system,7871.0
3005755568,cross-system,4345.0
3005898773,cross-system,6753.0
3007737096,cross-system,3251.0
3007750534,cross-system,2668.0
3012282822,cross-system,5972.0
3013717234,cross-system,6475.0
2906427672,cross-system,4094.0
2958472311,human,132.0
2942813256,cross-system,2051.0
2944586726,human,406.0
2958558778,human,791.0
2958615572,human,9.0
3025950920,cross-system,5478.0
2922695489,cross-system,4608.0
2868479694,human,32.0
2872630053,cross-system,1323.0
2869809191,cross-system,2505.0
2869927581,human,12.0
2931303400,human,8.0
2973033657,human,8.0
2974034597,human,13.0
2848675763,cross-system,1258.0
2854841225,cross-system,935.0
2984546333,cross-system,1444.0
3056626467,cross-system,1362.0
3085800723,human,25.0
3125000707,human,5.0
2909719411,cross-system,821.0
2987799079,cross-system,4791.0
3039259014,cross-system,2450.0
2880182541,human,156.0
2908122289,cross-system,2669.0
2908385479,cross-system,4475.0
2933930404,cross-system,486.0
2933930093,cross-system,440.0
2933931238,cross-system,126.0
2858398469,human,359.0
2864263018,human,18.0
2987212603,cross-system,903.0
2987271728,cross-system,1060.0
2852959261,cross-system,816.0
2951555543,cross-system,2371.0
2922507016,cross-system,3258.0
2922513840,cross-system,655.0
2925046394,cross-system,340.0
2855157467,cross-system,1048.0
2848179681,cross-system,2467.0
2854867964,human,4.0
2867205881,cross-system,1210.0
2867257352,cross-system,1291.0
3029041262,human,23.0
3054252038,cross-system,865.0
3030075511,cross-system,3463.0
3030079420,cross-system,539.0
2855386133,cross-system,5535.0
2855389251,cross-system,2640.0
2922102860,human,168.0
2919725516,cross-system,1497.0
2890444529,cross-system,2463.0
2850939340,cross-system,959.0
2869788325,human,144.0
2869837575,human,5.0
2910661553,cross-system,1446.0
2852676217,cross-system,2103.0
2988347207,cross-system,4026.0
2875971033,cross-system,1421.0
2938027812,cross-system,3703.0
2938029109,cross-system,532.0
2847876111,cross-system,881.0
3034795398,cross-system,2582.0
2856383564,cross-system,3713.0
2969481225,cross-system,1270.0
2911060357,cross-system,1842.0
2848346634,cross-system,1301.0
3000338350,cross-system,3346.0
3000341362,cross-system,343.0
2976819287,cross-system,130.0
2980920552,cross-system,130.0
2985807108,human,4.0
2899209558,cross-system,1916.0
2876208658,cross-system,565.0
2963129148,cross-system,8027.0
2856123677,cross-system,1821.0
2851820216,cross-system,1843.0
2959664783,cross-system,2117.0
2967353508,cross-system,2364.0
2859963289,cross-system,29489.0
2859965017,cross-system,26507.0
2860005443,cross-system,3685.0
2860022121,cross-system,3591.0
2860089862,cross-system,4304.0
2852657897,cross-system,4857.0
2853072394,cross-system,2713.0
2895716195,cross-system,8618.0
2890458985,human,91.0
3017416080,human,888.0
2919701718,cross-system,609.0
2919708074,cross-system,3957.0
2919711769,cross-system,623.0
2990003609,cross-system,4053.0
2990004651,cross-system,300.0
2990022773,cross-system,395.0
2990034532,cross-system,367.0
2990115175,cross-system,416.0
3006861980,cross-system,3031.0
3007314885,cross-system,3987.0
2861707338,human,65.0
2861742378,cross-system,323.0
2993509332,cross-system,7368.0
2993898310,cross-system,2359.0
2867558934,cross-system,1161.0
2884744527,human,5.0
2952068345,cross-system,1040.0
2952071816,human,5.0
2865841860,cross-system,399.0
2879349719,cross-system,1036.0
2919032671,cross-system,2366.0
2919033786,cross-system,7376.0
2919046488,human,13.0
2910169246,cross-system,2074.0
2947998475,human,4.0
2855166268,cross-system,6967.0
2950345593,cross-system,1747.0
2932705130,human,4.0
2849300265,cross-system,732.0
2944198831,cross-system,6627.0
2946677338,cross-system,3439.0
2898385520,cross-system,2904.0
2865259893,cross-system,3169.0
3051987122,human,29.0
2984449754,cross-system,2527.0
2852043008,cross-system,1139.0
2931934586,human,95.0
2849414118,cross-system,655.0
2955204873,cross-system,1679.0
2925098867,cross-system,3980.0
2969051240,cross-system,212.0
2919150841,cross-system,1168.0
2919606116,human,11.0
3035872087,cross-system,924.0
3037128353,human,440.0
2858807312,cross-system,913.0
3071111985,cross-system,4269.0
3071290938,cross-system,1675.0
2849085751,cross-system,1251.0
2904521763,cross-system,4716.0
2969205119,cross-system,3327.0
3035338402,cross-system,871.0
3035341825,cross-system,807.0
2906511429,cross-system,4904.0
3001744813,cross-system,549.0
2948269197,human,4.0
3012892505,cross-system,2653.0
2904565584,cross-system,1670.0
2847772996,cross-system,1180.0
3063751364,cross-system,774.0
2956751594,human,4.0
2863782599,cross-system,4649.0
2851430823,cross-system,1094.0
2907240460,cross-system,1517.0
2854536322,cross-system,1439.0
2980451602,human,5.0
2984579745,cross-system,2099.0
3016775426,human,36.0
3021246580,human,5.0
2952127602,cross-system,2069.0
2848346800,cross-system,1271.0
2848347115,cross-system,2210.0
2873357513,cross-system,1249.0
2873361145,cross-system,8638.0
2880892310,cross-system,1840.0
2969291893,cross-system,711.0
2969476977,cross-system,408.0
2969481056,cross-system,1111.0
2896517377,cross-system,19399.0
2903585000,cross-system,3185.0
2903671595,cross-system,10710.0
2904358159,cross-system,3161.0
2996282867,human,4.0
2864316409,cross-system,1998.0
2862222077,cross-system,1547.0
2853026504,cross-system,1579.0
2919665611,cross-system,2740.0
2919673081,cross-system,11779.0
2849082725,cross-system,1255.0
2855705116,cross-system,1292.0
2915589584,cross-system,124.0
2917013632,human,13.0
2863423245,human,13.0
2848357199,human,4.0
2863779529,cross-system,2745.0
3032724884,cross-system,499.0
2986668942,cross-system,2343.0
2899351531,cross-system,89.0
2982679522,cross-system,1359.0
3011121146,human,105.0
2901656675,cross-system,2676.0
2849334171,cross-system,1473.0
2886698318,human,18.0
2867419514,cross-system,1647.0
2867430459,cross-system,1883.0
2855819233,cross-system,1490.0
2878738021,human,532.0
2952758505,cross-system,2637.0
2954291758,human,116.0
2848550222,cross-system,298.0
2848553878,cross-system,298.0
2848564537,cross-system,337.0
2848573442,cross-system,322.0
2848668824,cross-system,605.0
2983067283,cross-system,944.0
2983232652,human,12.0
3064364024,cross-system,15643.0
2858438870,cross-system,1525.0
2964333581,cross-system,1787.0
2848387949,cross-system,1174.0
2911574265,cross-system,4361.0
3062264318,cross-system,1269.0
3062270398,cross-system,2964.0
2929076362,cross-system,3902.0
2929099140,cross-system,4199.0
2929149458,cross-system,6326.0
2856135910,cross-system,1622.0
2857625065,cross-system,2915.0
2869162352,cross-system,1719.0
3036941417,cross-system,454.0
2906483880,cross-system,3078.0
2908565020,cross-system,15715.0
2908565343,cross-system,3290.0
2859588468,cross-system,671.0
2859589287,cross-system,3411.0
2859607824,cross-system,4728.0
2864610073,cross-system,1253.0
2864611469,human,12.0
2865382715,human,12.0
2855496095,cross-system,1526.0
2955880044,human,4.0
2886115286,cross-system,2467.0
2886120852,cross-system,2350.0
2959209627,cross-system,3110.0
2978708944,cross-system,1698.0
2908286869,cross-system,4394.0
3076914271,cross-system,1450.0
2848483626,cross-system,1516.0
2863109266,cross-system,4704.0
2880892531,cross-system,2295.0
2934895391,human,2.0
2930137290,cross-system,1977.0
2849065906,cross-system,276.0
2968294113,cross-system,2915.0
2968294323,cross-system,2040.0
2956045013,human,4.0
2849121033,cross-system,1859.0
2847997156,cross-system,5493.0
2924377999,human,1114.0
2906437405,cross-system,3027.0
2863087551,cross-system,4284.0
2863105619,cross-system,2343.0
2930437640,cross-system,3573.0
2897490178,cross-system,13349.0
2936806675,cross-system,3462.0
2853000344,cross-system,1292.0
2862833910,cross-system,1708.0
2946919480,human,4.0
2848365302,cross-system,2856.0
2858794210,cross-system,1316.0
2895314523,cross-system,706.0
2895317296,cross-system,2507.0
2895395627,human,12.0
2999240408,human,59.0
2967046196,cross-system,3039.0
2947757136,cross-system,1033.0
2863618017,human,46.0
2896203566,cross-system,1294.0
2917660852,cross-system,1373.0
2911908610,human,32.0
2969320561,cross-system,7444.0
2956875751,cross-system,1064.0
2910609930,cross-system,2505.0
2875385498,cross-system,1440.0
2875392261,cross-system,5957.0
2941037368,cross-system,3586.0
2848325149,cross-system,2819.0
2848554352,cross-system,1655.0
2891125336,cross-system,1725.0
2891128423,cross-system,9929.0
2891215482,human,13.0
2907413597,cross-system,4296.0
2913184210,cross-system,5766.0
2918302543,cross-system,1249.0
2944626914,human,628.0
3037163701,cross-system,463.0
2898905533,cross-system,251.0
2898316412,cross-system,678.0
2911176068,cross-system,20581.0
2910809837,human,4.0
2956237185,human,4.0
2969472327,cross-system,5194.0
2849051436,cross-system,1461.0
2947731230,cross-system,708.0
2848304494,cross-system,2291.0
2943964905,cross-system,819.0
2848352491,cross-system,638.0
2997020003,cross-system,3324.0
2997022347,cross-system,335.0
2875328775,cross-system,682.0
2849393653,cross-system,1066.0
2918835380,cross-system,1385.0
2848364908,cross-system,2163.0
2880889691,cross-system,1586.0
2936663778,human,4.0
2879486519,cross-system,716.0
2849090726,cross-system,1120.0
2855359920,cross-system,3637.0
2855362606,cross-system,1758.0
2976211166,cross-system,9018.0
3031165654,cross-system,378.0
3031227592,human,308.0
3044359154,human,383.0
2886682113,cross-system,429.0
2901943247,cross-system,3938.0
2905983705,cross-system,1216.0
2905992436,cross-system,2982.0
2905994117,cross-system,2025.0
2906277560,cross-system,3350.0
2898266185,cross-system,633.0
2915266884,human,4.0
2915919733,cross-system,3338.0
3038722208,cross-system,5011.0
2963382829,cross-system,1002.0
3002090623,cross-system,8862.0
2929037787,cross-system,3155.0
2929038001,cross-system,2304.0
2929038182,cross-system,688.0
2952023829,human,4.0
3063769812,cross-system,17283.0
3064417133,cross-system,4515.0
3064524301,cross-system,10795.0
3064628509,cross-system,6445.0
3064801182,cross-system,5240.0
3064891873,cross-system,2178.0
3065482560,cross-system,8919.0
2864202450,cross-system,5654.0
2941434641,cross-system,4154.0
2941436537,cross-system,964.0
2941439316,cross-system,836.0
2997764008,human,5.0
2994045555,human,214.0
3005670882,human,4.0
2969560478,cross-system,8333.0
2969753669,cross-system,10923.0
2848654457,cross-system,1095.0
2849167327,human,53.0
2848343157,cross-system,792.0
2990569824,cross-system,1680.0
2910057418,cross-system,2199.0
2856560654,cross-system,1638.0
2856578388,human,54.0
2984929375,cross-system,485.0
2934479096,cross-system,1533.0
2864710544,human,33.0
2923919754,cross-system,359.0
2923926124,cross-system,1892.0
2930800150,human,13.0
2994171676,human,42.0
2869007062,cross-system,1763.0
2863776466,cross-system,2060.0
2880893720,cross-system,2710.0
2900778780,cross-system,252.0
2926133253,cross-system,1002.0
2931020666,human,9.0
2961994989,human,102.0
2923384186,cross-system,2317.0
2854011820,cross-system,1941.0
2990711312,cross-system,1733.0
2974224449,cross-system,2048.0
2974229738,cross-system,3396.0
2974243785,cross-system,744.0
2896174106,cross-system,1524.0
2915602695,human,380.0
2933900584,human,80.0
2851512339,cross-system,725.0
2995060314,cross-system,1603.0
2869325456,cross-system,3323.0
2869326358,cross-system,4194.0
2954785406,cross-system,220.0
2866524536,cross-system,10751.0
2856224145,cross-system,1757.0
2856229132,cross-system,6337.0
2856259111,human,247.0
2899682013,cross-system,3510.0
2941926659,cross-system,881.0
2941930812,cross-system,1683.0
2941936871,cross-system,5471.0
2971521514,cross-system,666.0
2991980294,cross-system,3504.0
2923534073,cross-system,4244.0
2925814062,cross-system,1740.0
2966994311,human,112.0
2916911209,cross-system,2723.0
3070346703,cross-system,3931.0
3070351076,cross-system,401.0
2898282694,cross-system,2113.0
2998459911,human,2.0
2898693114,cross-system,3108.0
2848795489,cross-system,842.0
2931018017,human,4.0
2915190980,cross-system,727.0
2857560888,cross-system,1432.0
2849317771,cross-system,774.0
2865730717,cross-system,393.0
2865738635,human,32.0
2865745354,human,6.0
2956266802,human,4.0
2848232531,cross-system,1543.0
2862123943,cross-system,1634.0
2911902233,cross-system,305.0
2948434097,cross-system,1588.0
2881499732,cross-system,1768.0
2885538583,human,13.0
2858293119,cross-system,2674.0
2919155787,cross-system,3639.0
3035082846,cross-system,3027.0
2848666654,cross-system,1104.0
2848668653,cross-system,1025.0
2908224784,cross-system,2128.0
2930955851,cross-system,1906.0
2937386448,cross-system,2958.0
2937478349,cross-system,2430.0
2854593325,cross-system,1763.0
2969578016,cross-system,1096.0
2974761242,cross-system,1691.0
2975510145,cross-system,15313.0
2983246826,cross-system,16759.0
2996665470,human,208.0
2859238324,cross-system,1687.0
2969330842,cross-system,14138.0
2969333030,cross-system,4747.0
2880899581,cross-system,3465.0
3011937366,cross-system,463.0
3025701810,cross-system,3857.0
3025707699,cross-system,431.0
2924248121,cross-system,1327.0
2898954565,cross-system,188.0
2959014131,human,662.0
2973333845,cross-system,2691.0
2973340311,cross-system,150373.0
2973359256,human,13.0
2909851547,cross-system,5970.0
2864697125,cross-system,1292.0
2866955181,cross-system,1574.0
2863774937,cross-system,2430.0
2898344720,cross-system,2774.0
2849093342,cross-system,1723.0
2898770818,cross-system,644.0
2882488659,cross-system,908.0
3032502806,cross-system,7294.0
3033749204,cross-system,3541.0
2879475672,cross-system,3776.0
2879842674,cross-system,17331.0
3003012172,human,193.0
2908153260,cross-system,176.0
2929043826,cross-system,3697.0
2929043957,cross-system,466.0
2929047664,cross-system,520.0
2929488844,cross-system,472.0
2849264150,cross-system,311.0
2885898010,cross-system,1047.0
3012756974,cross-system,3739.0
3012757103,cross-system,258.0
2869708375,human,23.0
2944119814,cross-system,3712.0
2944120622,cross-system,327.0
2944121380,cross-system,267.0
2944123703,cross-system,2716.0
3032930926,cross-system,1454.0
3033965962,cross-system,2417.0
3033971468,cross-system,21139.0
2914310169,cross-system,3412.0
2914313139,cross-system,727.0
2890329364,cross-system,3617.0
2903788048,cross-system,341.0
2914983742,cross-system,5106.0
2866835277,cross-system,1607.0
2934190336,human,4.0
2944299806,human,240.0
2947017759,human,4.0
2984577386,cross-system,2874.0
2900234886,cross-system,448.0
2897030461,cross-system,2546.0
2897103104,cross-system,2268.0
2936294663,cross-system,5054.0
2936380834,cross-system,1959.0
2870572131,human,13.0
2986161125,cross-system,558.0
2913709065,cross-system,1609.0
3061922511,cross-system,521.0
3061922551,cross-system,3716.0
3061925899,cross-system,449.0
2857568483,human,11.0
2911101340,cross-system,1708.0
2995235300,cross-system,7590.0
2938494249,cross-system,3366.0
2940475725,human,4.0
2868929619,cross-system,2644.0
2868929707,cross-system,2529.0
2895720197,cross-system,984.0
2883963309,cross-system,1700.0
2848213385,cross-system,1403.0
2848217684,cross-system,1241.0
2856195512,cross-system,1385.0
2929283240,cross-system,4635.0
2911864300,cross-system,130.0
3031743180,cross-system,130.0
3034004759,human,106.0
3019790103,cross-system,3904.0
3019791456,cross-system,1973.0
3019794753,cross-system,2224.0
3019794834,cross-system,407.0
2947767931,cross-system,6644.0
2880891015,cross-system,2880.0
2960392839,cross-system,789.0
2960395356,cross-system,3638.0
2960395497,human,13.0
2928881771,cross-system,9056.0
2851561910,cross-system,1147.0
2936788104,cross-system,1847.0
2879998831,cross-system,1582.0
2880159733,cross-system,1711.0
2857168929,cross-system,889.0
2947442025,human,252.0
2909397288,cross-system,3114.0
2956438939,human,4.0
3019764647,cross-system,2171.0
3020310245,cross-system,1974.0
2948042121,human,4.0
2848345062,cross-system,1307.0
2925578257,cross-system,5985.0
2925764808,cross-system,6860.0
2925785498,cross-system,910.0
2935280679,cross-system,4028.0
2935282208,cross-system,514.0
2935305175,cross-system,1237.0
2928064791,cross-system,3592.0
2928066496,cross-system,467.0
2928071707,cross-system,7081.0
2923014718,cross-system,886.0
2908467498,cross-system,1199.0
2851096043,cross-system,256.0
3014198374,cross-system,4303.0
2983067597,cross-system,687.0
2983077522,cross-system,12164.0
2983233749,human,12.0
2880890620,cross-system,3311.0
2881092037,cross-system,2439.0
2884605436,cross-system,5168.0
2909796811,cross-system,2043.0
2978330433,cross-system,1582.0
2978332830,cross-system,1875.0
2978344703,human,12.0
2947031567,human,11.0
2859325908,cross-system,1772.0
2995310233,cross-system,3355.0
2869071379,cross-system,1584.0
2848379164,cross-system,1114.0
2900945515,cross-system,340.0
2900968166,cross-system,340.0
2901004987,cross-system,340.0
2906025783,cross-system,2538.0
2902737835,cross-system,1699.0
2882410388,cross-system,1001.0
2944425108,cross-system,486.0
2944425172,cross-system,3818.0
2944426303,cross-system,466.0
2850087954,cross-system,774.0
2850230877,human,37.0
2849111070,cross-system,1088.0
2974819162,cross-system,1279.0
2899186354,cross-system,2872.0
2933839156,cross-system,1064.0
2936984714,human,4.0
2952027252,human,61.0
2852175449,cross-system,298.0
2969470106,cross-system,3244.0
2854833881,cross-system,4095.0
2909191421,cross-system,2527.0
2909192562,cross-system,2958.0
2909198815,cross-system,2815.0
2849051246,cross-system,1532.0
2849872076,cross-system,3415.0
2849890594,cross-system,2453.0
2849908718,cross-system,2807.0
2849996683,cross-system,1731.0
2928401403,cross-system,4493.0
2948008339,cross-system,4269.0
2997275652,cross-system,4312.0
2866838694,cross-system,2292.0
2908430576,cross-system,478.0
2910053824,cross-system,11726.0
2906386668,cross-system,3991.0
2926778104,cross-system,1794.0
2882460799,human,4.0
2848365125,cross-system,5882.0
2898911662,cross-system,361.0
2863782590,cross-system,3533.0
2969570722,cross-system,3921.0
2906444303,cross-system,1498.0
3056812106,cross-system,4471.0
3013462167,human,108.0
2905681178,cross-system,1772.0
3067914555,cross-system,127.0
2942005997,human,407.0
2975269072,cross-system,1972.0
2975269276,cross-system,4298.0
2975274967,cross-system,284.0
2854420583,cross-system,323.0
2875432063,cross-system,986.0
2927547798,cross-system,3261.0
2927556584,cross-system,358.0
2927559518,cross-system,3280.0
2852152347,cross-system,2095.0
2850409660,cross-system,1443.0
2855241358,cross-system,2215.0
2860176544,cross-system,1766.0
3013442578,human,76.0
2947523788,human,4.0
2955408744,cross-system,456.0
2937619315,cross-system,1064.0
3051773213,cross-system,3886.0
3051779580,cross-system,411.0
3033792642,cross-system,3735.0
3033871513,cross-system,4546.0
3033927285,cross-system,3929.0
3033942611,cross-system,3402.0
3029482570,cross-system,3393.0
2848311052,cross-system,229.0
2865534423,cross-system,1291.0
2866954722,cross-system,2264.0
2932777616,cross-system,124.0
2848302519,cross-system,2571.0
2855652006,cross-system,1319.0
2867542010,cross-system,1572.0
2948458357,cross-system,1064.0
2899703913,cross-system,181.0
2992106780,cross-system,4453.0
2864946264,cross-system,2510.0
3069946741,cross-system,546.0
3069947504,cross-system,9723.0
3069969222,human,13.0
2922795912,human,7.0
2855913584,cross-system,836.0
2948340655,human,107.0
2884139902,human,4.0
2923601129,cross-system,617.0
2923605920,cross-system,2521.0
2858745004,cross-system,1682.0
2918329612,cross-system,6306.0
2918449832,cross-system,10588.0
2918476072,cross-system,2113.0
2918630843,cross-system,5238.0
2918928409,cross-system,2820.0
2919725712,cross-system,6307.0
2919808815,cross-system,2862.0
3049096027,cross-system,2867.0
3049096425,cross-system,3883.0
3049100111,cross-system,457.0
3049101024,cross-system,33110.0
3049890631,human,48.0
2853390628,human,268.0
2919007408,cross-system,2432.0
2919020948,cross-system,4283.0
2995245063,human,268.0
2996128991,human,194.0
2858092408,cross-system,2308.0
2984234267,cross-system,10476.0
2914299975,cross-system,3719.0
2914302941,cross-system,629.0
2853576142,cross-system,347.0
2849087904,cross-system,1432.0
2859413851,cross-system,5294.0
2859418475,cross-system,1829.0
2919393347,cross-system,657.0
2866476897,cross-system,1785.0
2866617876,human,70.0
2866861041,cross-system,7984.0
2887671299,cross-system,2510.0
2948769260,cross-system,4223.0
2927197865,cross-system,2479.0
2961416232,human,99.0
2855732796,cross-system,1033.0
3001511640,cross-system,12030.0
3034871359,cross-system,7777.0
2851785386,cross-system,833.0
2857446510,cross-system,1553.0
2858857331,cross-system,1124.0
3021404427,cross-system,14965.0
2854853042,cross-system,3949.0
2880888953,cross-system,1686.0
2969961024,human,4.0
3013479496,human,28.0
2948216147,cross-system,306.0
2859143034,cross-system,1350.0
2876920478,cross-system,1579.0
2876922154,cross-system,1030.0
2847981665,cross-system,1628.0
2941717064,human,4.0
2941717606,human,4.0
2898928895,cross-system,258.0
2898931727,cross-system,1602.0
2946818919,human,4.0
2880895014,cross-system,2611.0
2858724749,cross-system,1020.0
2928416566,human,10.0
2850758600,cross-system,1283.0
2904357210,cross-system,6212.0
2929261762,cross-system,9994.0
3013599512,cross-system,3742.0
3013599537,cross-system,1698.0
3013600555,cross-system,341.0
3013600944,cross-system,4522.0
2880981923,cross-system,277.0
3055129656,cross-system,2580.0
3056417429,cross-system,4069.0
2989158712,cross-system,2268.0
3059397436,human,8.0
2854871709,cross-system,1505.0
2894368888,human,11.0
2894369226,human,174.0
2948385465,human,4.0
3054260964,cross-system,3812.0
3054263094,cross-system,414.0
3054315787,cross-system,363.0
3054752897,cross-system,348.0
2907820619,cross-system,969.0
2898029673,cross-system,2103.0
2898331953,cross-system,1994.0
2911127022,cross-system,3882.0
2911155534,cross-system,2988.0
2947501680,human,4.0
2911721950,cross-system,124.0
3033114273,cross-system,1068.0
2978052956,cross-system,2197.0
2915233693,cross-system,1172.0
2862869233,cross-system,157.0
2959682397,cross-system,312.0
2898288978,cross-system,716.0
2863852532,cross-system,12472.0
2863852897,cross-system,2919.0
2866061957,human,84.0
2867015705,cross-system,3856.0
2950475448,cross-system,1164.0
2933237792,cross-system,799.0
2872022119,cross-system,1215.0
2872029148,cross-system,4171.0
2893816753,cross-system,4167.0
2893820105,cross-system,2016.0
2913091951,cross-system,21890.0
2913106186,cross-system,7815.0
2913164579,cross-system,4973.0
2914766120,cross-system,4707.0
2914816932,cross-system,7380.0
2869211261,human,150.0
2870086263,human,96.0
2907868505,cross-system,993.0
2964436484,cross-system,2406.0
2964439391,cross-system,15777.0
2964441342,human,12.0
3002777453,cross-system,2787.0
2855417764,cross-system,4994.0
2855419824,cross-system,2473.0
2922108539,cross-system,2281.0
2924707364,cross-system,1950.0
2924715643,cross-system,2330.0
2863777723,cross-system,3182.0
2848894648,cross-system,423.0
2913687519,cross-system,2350.0
2914088294,cross-system,124.0
2848358795,cross-system,1890.0
2904352888,cross-system,912.0
2854017508,cross-system,3592.0
2893840873,cross-system,1298.0
2898957951,cross-system,419.0
2937425986,cross-system,1388.0
2937425574,cross-system,786.0
2937432961,cross-system,210.0
3072984743,cross-system,7331.0
2893685217,cross-system,896.0
3059734602,human,4.0
2903715701,cross-system,1558.0
2903718063,human,5.0
2988507257,cross-system,6488.0
2896206796,cross-system,20163.0
2896402710,cross-system,7820.0
2854908228,cross-system,874.0
2849183317,cross-system,1674.0
3014160182,cross-system,3367.0
3014160343,cross-system,1086.0
3014160457,cross-system,808.0
2993293826,cross-system,2938.0
2868762800,cross-system,4847.0
2868767087,cross-system,3206.0
2993095038,cross-system,119.0
2993119928,cross-system,206.0
2858012375,cross-system,361.0
2868598713,human,54.0
2870650376,human,57.0
2849360404,cross-system,280.0
2852237304,cross-system,555.0
2909345887,human,64.0
3015019160,cross-system,1881.0
3015305640,cross-system,2416.0
3015786509,cross-system,1978.0
2848311883,cross-system,1830.0
2898298252,cross-system,852.0
3006828706,cross-system,20015.0
2938443006,cross-system,2129.0
2938444241,cross-system,3294.0
2938953820,human,13.0
2848347143,cross-system,2104.0
2978389061,cross-system,2348.0
2978390840,cross-system,5487.0
2978392283,cross-system,39176.0
2978513728,human,12.0
3038820765,human,185.0
2849085890,cross-system,1122.0
2900994626,cross-system,253.0
2901000365,cross-system,1292.0
3035491539,cross-system,3548.0
3035494318,cross-system,358.0
3035533160,cross-system,531.0
3035776026,cross-system,466.0
2950293723,cross-system,3831.0
2924497306,cross-system,2524.0
2907829279,cross-system,1682.0
2962442174,cross-system,1409.0
2896284755,cross-system,1066.0
2852442330,cross-system,966.0
2915621824,cross-system,1874.0
2849274758,cross-system,658.0
2848831293,cross-system,4687.0
2898416222,cross-system,3967.0
2898579812,cross-system,1849.0
2947449464,human,4.0
2947982731,cross-system,1152.0
2869512920,cross-system,1342.0
2870326704,human,43.0
2849051181,cross-system,1233.0
2849883415,cross-system,1244.0
2849999464,cross-system,2573.0
2978476127,cross-system,476.0
2978478417,cross-system,12982.0
2978479696,human,12.0
2926814913,cross-system,1561.0
2864936746,cross-system,854.0
2849230491,cross-system,1580.0
2849283311,human,81.0
2869170557,cross-system,1204.0
2849107505,cross-system,1141.0
2907673679,cross-system,2924.0
2907674267,cross-system,8913.0
2909029659,cross-system,8188.0
2879309904,cross-system,1341.0
2925390916,cross-system,2228.0
2932453103,cross-system,2773.0
2899052786,cross-system,1262.0
3034518056,cross-system,4320.0
3034526405,cross-system,204.0
3035199991,cross-system,408.0
3123774454,cross-system,539.0
2992057379,cross-system,17505.0
2992089458,cross-system,7339.0
2941271935,human,4.0
2941218466,human,4.0
2930755338,human,4.0
2849090344,cross-system,1714.0
2849084903,cross-system,238.0
2861344021,cross-system,3391.0
2917799927,cross-system,716.0
3035496557,cross-system,920.0
2933794450,cross-system,4993.0
2937294173,cross-system,2693.0
2937322066,cross-system,3992.0
2858229379,cross-system,996.0
2922014014,cross-system,3735.0
2946388479,cross-system,3629.0
2898876295,cross-system,340.0
2944606247,human,4.0
2848316558,cross-system,1687.0
2908640754,cross-system,1652.0
2895895636,cross-system,1742.0
3036147851,cross-system,3598.0
3036148006,cross-system,423.0
2906333242,cross-system,797.0
3088050827,human,265.0
2928953329,cross-system,3014.0
2918073085,cross-system,2761.0
2884224073,cross-system,1469.0
2867264384,cross-system,1958.0
2867269203,cross-system,8351.0
2867317062,human,12.0
2862944838,cross-system,1796.0
2862946036,cross-system,5177.0
2862954710,human,136.0
2903576909,human,8.0
2858481662,cross-system,1987.0
2985199963,cross-system,1080.0
2985201128,cross-system,2762.0
2985218488,human,12.0
2898270213,human,23.0
2937515530,cross-system,1249.0
2937516763,cross-system,4663.0
2937554892,human,10.0
2944152106,cross-system,3828.0
2856065463,cross-system,368.0
2896309051,cross-system,1621.0
3069916143,cross-system,1165.0
2848690207,human,10.0
2992552236,cross-system,4880.0
2992557576,cross-system,1190.0
2992636035,cross-system,416.0
2994990804,cross-system,347.0
2997155419,cross-system,413.0
2998316754,cross-system,615.0
2998348409,cross-system,494.0
3030581234,human,64.0
2857812253,cross-system,1673.0
2848232855,cross-system,1772.0
2870156541,human,422.0
2937675012,cross-system,2186.0
2983060550,cross-system,974.0
2983064126,cross-system,9552.0
2983231795,human,12.0
2998539560,cross-system,240.0
2998541089,cross-system,186.0
2998691937,human,4.0
2848503318,cross-system,2530.0
2932134181,cross-system,4360.0
2947742332,cross-system,10751.0
2947744399,cross-system,3249.0
2947765252,cross-system,4116.0
2947798101,cross-system,10064.0
2947803034,cross-system,5609.0
2947819525,cross-system,6780.0
2947884637,cross-system,4504.0
2977127089,human,5.0
2872000605,cross-system,117.0
2872630591,cross-system,2396.0
2874198381,cross-system,1800.0
2880892350,cross-system,3591.0
2999939178,cross-system,2140.0
2921260547,cross-system,927.0
2921262819,cross-system,1844.0
2899533215,cross-system,245.0
3063787010,cross-system,1527.0
2853045545,cross-system,265.0
2920042489,cross-system,1437.0
2854718936,cross-system,1475.0
3036154363,cross-system,3957.0
3036154723,cross-system,560.0
2959707489,cross-system,314.0
2884136170,human,4.0
2898350194,cross-system,1869.0
2898569356,cross-system,1294.0
2977174402,human,54.0
2977188791,cross-system,3493.0
2848349819,cross-system,4418.0
2848350365,cross-system,1328.0
2882049296,human,14.0
2879184659,cross-system,2997.0
3052522600,cross-system,1555.0
2855397932,cross-system,4308.0
2855401149,cross-system,3176.0
2869367665,cross-system,2126.0
2869368562,cross-system,4142.0
2978276673,cross-system,1565.0
2947137938,human,170.0
2950363141,human,32.0
2950602123,human,10.0
2850874077,cross-system,360.0
2997836523,human,17.0
2997841161,cross-system,2437.0
2849087840,cross-system,1349.0
2937488893,cross-system,1064.0
2899655329,cross-system,602.0
2854926595,cross-system,1224.0
2898237136,human,1.0
3038826489,human,59.0
2849089342,cross-system,1350.0
2905784382,cross-system,10647.0
2905795775,cross-system,2307.0
2922820337,cross-system,124.0
2923503655,cross-system,124.0
2925357190,human,16.0
2947915141,cross-system,3182.0
2868953474,cross-system,1716.0
2874469496,cross-system,1716.0
2869065983,cross-system,1729.0
2848449415,cross-system,1259.0
2855401889,cross-system,3921.0
2855403686,cross-system,1783.0
3013561756,cross-system,5309.0
3013582622,cross-system,5338.0
3013661924,cross-system,2660.0
3013674648,cross-system,13103.0
3013686640,cross-system,8077.0
3013689713,cross-system,11363.0
3013694567,cross-system,5554.0
3017542156,cross-system,9027.0
2849085613,cross-system,1735.0
2850945567,cross-system,1935.0
2935891178,cross-system,277.0
2991534306,human,17.0
2930116819,cross-system,1916.0
2970612539,human,1118.0
2869336896,cross-system,1785.0
2869340294,cross-system,4870.0
2869345071,cross-system,6804.0
2869351748,cross-system,2189.0
2869405545,cross-system,4866.0
2869432401,cross-system,2817.0
2869451577,cross-system,4139.0
2870321437,human,43.0
2870709139,cross-system,2942.0
2870716806,cross-system,1425.0
2866117104,cross-system,1888.0
2977450780,cross-system,5607.0
2849326563,cross-system,1052.0
2988346206,cross-system,1841.0
2916744804,cross-system,3934.0
2859182851,cross-system,4988.0
2859184933,cross-system,1160.0
2866396244,human,40.0
2933956696,cross-system,820.0
2933957516,cross-system,284.0
2933958713,cross-system,126.0
2933963428,cross-system,1580.0
2944562039,human,4.0
2929201322,cross-system,1807.0
2848450565,cross-system,335.0
2900842589,human,5.0
2900846065,cross-system,2223.0
2900850542,cross-system,3245.0
3045578998,human,192.0
2993340261,cross-system,5755.0
2849366486,cross-system,687.0
2880346092,human,55.0
2948375244,human,4.0
2882804810,cross-system,1051.0
2908624678,cross-system,774.0
2950575461,cross-system,343.0
2955837865,human,4.0
2948271439,human,4.0
2893225417,cross-system,992.0
2855282107,human,4.0
2855099652,cross-system,260.0
2879931807,cross-system,667.0
2895723540,cross-system,2939.0
2943884057,cross-system,1938.0
2881890357,cross-system,6122.0
2947454680,human,10.0
2930963502,cross-system,1657.0
2848358087,cross-system,5376.0
2880890106,cross-system,1590.0
2848334006,cross-system,1148.0
2908576556,cross-system,1242.0
2856633646,human,27.0
2924659863,cross-system,339.0
2852389183,cross-system,2161.0
2852906461,human,162.0
3052739530,cross-system,25652.0
3053734083,cross-system,71572.0
3053855799,cross-system,68753.0
3053925360,cross-system,5806.0
2946780728,human,4.0
2965063537,cross-system,1857.0
2849090068,cross-system,1056.0
2929707356,cross-system,2387.0
2849010242,human,5.0
2925607557,cross-system,214.0
2955819020,human,4.0
2870676934,human,4.0
2907737865,cross-system,751.0
2907821639,cross-system,3820.0
2925909396,human,68.0
2866840765,cross-system,5402.0
2855299301,cross-system,3286.0
2898810013,cross-system,950.0
2898810847,cross-system,3490.0
2900300308,cross-system,4283.0
2962644532,cross-system,1563.0
2854109719,cross-system,3455.0
2856154504,cross-system,2037.0
2849089461,cross-system,1153.0
2911518316,cross-system,2428.0
2911943857,cross-system,2077.0
2900017611,human,58.0
2985261265,cross-system,739.0
2985329014,human,12.0
2859256529,cross-system,1442.0
3050336680,human,8.0
3050433656,human,141.0
2909744424,cross-system,923.0
2881008581,cross-system,1635.0
2917595077,cross-system,1100.0
2933315857,cross-system,1482.0
2935910037,cross-system,1737.0
2850379600,cross-system,6571.0
2858509659,cross-system,3682.0
2858920119,human,57.0
3076914240,cross-system,1939.0
2899019402,cross-system,15035.0
2899067383,cross-system,16998.0
2899105787,cross-system,14342.0
2899121081,cross-system,2678.0
2864699989,cross-system,4854.0
2933125685,human,4.0
3057971187,cross-system,15160.0
2908848745,cross-system,3191.0
3034864250,cross-system,2637.0
2918528522,human,104.0
2919049051,human,1577.0
2850624759,cross-system,5072.0
2847983325,cross-system,3322.0
2888787030,cross-system,4158.0
2888855446,cross-system,3635.0
2889095506,cross-system,7708.0
2890193487,cross-system,3334.0
2851468819,cross-system,326.0
2933246541,cross-system,832.0
2933588188,human,48.0
3007444754,cross-system,1496.0
3007464120,cross-system,1124.0
3007471853,cross-system,1739.0
2904371288,cross-system,11479.0
2911448033,human,17.0
2886977338,cross-system,2973.0
2887035171,human,12.0
2942302605,cross-system,2016.0
2942308141,cross-system,13457.0
2942673429,human,282.0
2943002639,human,240.0
2948503171,human,256.0
2879065205,human,1.0
2896224796,cross-system,2295.0
2896232640,cross-system,3356.0
2896475627,human,12.0
2895819364,cross-system,1783.0
2889342731,cross-system,1569.0
3053628286,cross-system,25975.0
2872978318,cross-system,1137.0
2968954729,cross-system,1675.0
2898847277,cross-system,1378.0
3032730935,cross-system,2848.0
3033027493,cross-system,2608.0
2855889558,cross-system,5942.0
2855891858,cross-system,2349.0
2866396655,human,33.0
2923591069,cross-system,124.0
2995950607,human,4.0
2947331276,cross-system,1674.0
2947541535,human,4.0
2853847879,cross-system,1369.0
2854909931,human,11.0
2854854745,cross-system,3588.0
3018032859,cross-system,2554.0
2908861140,cross-system,5614.0
2969085158,cross-system,6840.0
2969118629,cross-system,3704.0
2969150523,cross-system,7105.0
2969157259,cross-system,3816.0
2969163977,cross-system,4243.0
2903788105,cross-system,341.0
2858550266,cross-system,1339.0
2859317802,cross-system,702.0
2898332618,cross-system,204.0
2936455835,cross-system,6883.0
2859086894,cross-system,387.0
2859249295,cross-system,1867.0
2848568209,cross-system,1576.0
3036008192,cross-system,4130.0
3036008213,cross-system,2079.0
3036008698,cross-system,223.0
3036009789,human,26.0
3206215995,cross-system,159.0
2855285341,cross-system,1854.0
2994980572,cross-system,2895.0
2898180836,cross-system,1292.0
2898175394,cross-system,258.0
2898211783,cross-system,4248.0
2948506715,cross-system,1064.0
2928191185,cross-system,3768.0
2928348919,cross-system,4357.0
3232103799,cross-system,20047.0
3232149134,cross-system,21415.0
3250043841,cross-system,19820.0
2985130425,cross-system,945.0
2985135412,cross-system,2819.0
2985153466,human,12.0
2922510889,cross-system,1191.0
2940262316,human,4.0
2878145390,cross-system,2892.0
2879115532,human,4.0
2855400210,cross-system,4572.0
2855401002,cross-system,1185.0
2885080564,cross-system,3026.0
2898299247,cross-system,2017.0
3051632235,human,26.0
3001955254,cross-system,3663.0
2944506657,human,4.0
3007806820,human,282.0
2897683055,cross-system,259.0
2897690259,cross-system,1553.0
2880891819,cross-system,2386.0
2859261717,human,164.0
2861518559,human,69.0
2879714845,human,11.0
3038097100,cross-system,455.0
3038097527,cross-system,3261.0
3038099533,cross-system,445.0
2932405227,cross-system,1032.0
2912969163,cross-system,2761.0
2913121229,cross-system,1757.0
2858451185,cross-system,856.0
2912381591,cross-system,3214.0
2912385193,cross-system,685.0
2849087321,cross-system,1280.0
2861722630,cross-system,1146.0
2983329047,human,25.0
3025025618,human,43.0
2855866622,cross-system,2053.0
2889117393,cross-system,1130.0
2944039329,cross-system,409.0
2908889883,cross-system,816.0
2848468240,cross-system,1259.0
2904259932,cross-system,763.0
3237790344,cross-system,4418.0
2854658469,cross-system,1542.0
2893223068,cross-system,8229.0
2900955502,cross-system,258.0
2900965700,cross-system,1702.0
2909963777,cross-system,1440.0
2914591572,cross-system,5763.0
2919046670,cross-system,9659.0
2925534571,cross-system,28634.0
2926238136,cross-system,4035.0
2926754762,cross-system,8212.0
2928190608,cross-system,2867.0
2928209013,cross-system,3548.0
2927293329,cross-system,4285.0
2927295337,cross-system,883.0
2848358018,cross-system,3312.0
2907024774,cross-system,4567.0
3036175611,cross-system,1194.0
2852017868,cross-system,984.0
3059115286,cross-system,3213.0
3059399131,human,8.0
2849469025,cross-system,827.0
2849543849,human,12.0
2874923065,cross-system,2020.0
2874924648,cross-system,2803.0
2874996331,human,15.0
2980597554,cross-system,124.0
3000608622,cross-system,125.0
3000609608,same-system,7793.0
2942171523,cross-system,53751.0
2949924446,cross-system,7294.0
2953084663,cross-system,3416.0
2990878712,cross-system,23760.0
2990956382,cross-system,17168.0
2991077246,cross-system,12949.0
3036926029,cross-system,3908.0
3036932001,cross-system,212.0
2948123704,same-system,3238.0
2948852526,same-system,4705.0
2948930004,same-system,1595.0
2961112074,same-system,4722.0
2961149234,human,4.0
2908545263,cross-system,886.0
3009391515,cross-system,3523.0
3057273433,same-system,2729.0
3051148742,cross-system,4775.0
3051153411,cross-system,553.0
2974094389,human,50.0
3032849783,cross-system,124.0
3012493558,same-system,2930.0
2990883264,cross-system,16852.0
2918954871,cross-system,1657.0
2953185780,same-system,1605.0
2953224307,same-system,3072.0
2956997949,same-system,3162.0
2973233583,cross-system,2552.0
2959456197,human,4.0
2963052545,same-system,4144.0
2963140850,same-system,1556.0
3014994007,same-system,2769.0
3038540152,cross-system,3756.0
3038544022,cross-system,358.0
2910605044,same-system,2693.0
2910863308,same-system,5216.0
2912337333,human,4.0
3038542274,cross-system,3766.0
3038546871,cross-system,595.0
3051027131,cross-system,3424.0
3051030156,cross-system,315.0
3013194789,cross-system,14005.0
2910541014,human,191.0
2976215520,cross-system,720.0
2932946281,human,30.0
2932968043,same-system,2425.0
2942596722,same-system,1576.0
2942607297,same-system,1679.0
2946696006,same-system,3262.0
2946738032,same-system,1858.0
2959211410,same-system,3720.0
2959276489,same-system,1615.0
3005884870,same-system,2777.0
3013974732,same-system,2591.0
2944622569,cross-system,2919.0
2960081121,cross-system,153.0
3002073844,same-system,2745.0
3002093794,cross-system,126.0
3058917429,same-system,127.0
2994963725,cross-system,266.0
2884078643,cross-system,15879.0
3010259899,cross-system,4352.0
3010275282,cross-system,193.0
3042492603,cross-system,3397.0
3042494747,cross-system,310.0
3037009278,cross-system,2827.0
2918703465,human,50.0
2936500519,human,179.0
3077754176,same-system,127.0
3009717590,same-system,12365.0
3009721027,cross-system,366.0
2991732396,cross-system,125.0
2988327326,cross-system,1654.0
2995418958,cross-system,125.0
2944125852,same-system,1613.0
2947992872,cross-system,2222.0
2947992962,same-system,1763.0
3014247271,same-system,2637.0
2990949543,same-system,5345.0
2980417074,cross-system,6810.0
2953908250,human,5.0
3005758844,same-system,3149.0
2906739305,cross-system,597.0
3014320381,same-system,2961.0
2943864179,cross-system,153.0
3018250673,same-system,2709.0
3018273292,same-system,5016.0
3018303013,same-system,3006.0
3018324993,same-system,2847.0
3018330301,same-system,2778.0
3018340805,same-system,2652.0
2964140042,cross-system,4278.0
2989736292,same-system,3002.0
2991049707,same-system,2774.0
2979545216,human,41.0
3000707808,same-system,2757.0
2947739503,cross-system,1198.0
2955922181,cross-system,1716.0
2963941936,same-system,124.0
2963943072,same-system,124.0
3042619093,cross-system,4604.0
3042626033,cross-system,911.0
3036098601,cross-system,515.0
3036100277,same-system,253.0
2906067180,cross-system,563.0
3038544529,cross-system,3563.0
3038548580,cross-system,248.0
2999992376,cross-system,35635.0
2848268500,cross-system,1346.0
2973196330,cross-system,1626.0
3036077811,cross-system,1039.0
3036081139,same-system,2776.0
3036085358,same-system,124.0
3020789996,cross-system,3671.0
3020793560,cross-system,299.0
2947812307,human,10.0
3045557324,cross-system,1006.0
3066732966,same-system,127.0
3083873170,human,7.0
3031583253,same-system,5199.0
3031596121,same-system,5148.0
2980392503,human,578.0
2988019746,cross-system,815.0
2988074387,cross-system,1052.0
2988095816,cross-system,1101.0
2988129007,cross-system,1541.0
3000597492,cross-system,35057.0
3004413669,cross-system,35854.0
3041396549,cross-system,4200.0
3041402112,cross-system,432.0
3000619930,cross-system,125.0
2977733254,cross-system,830.0
2977760200,human,13.0
3035582993,cross-system,1617.0
3074806147,human,5.0
3033532532,human,115.0
2933273723,same-system,2084.0
2987547777,same-system,2621.0
2994576431,human,28.0
2973463173,cross-system,945.0
3035614911,cross-system,1756.0
2954941038,same-system,1880.0
2954941673,cross-system,125.0
2964054584,cross-system,153.0
2964056687,same-system,3252.0
3042419934,cross-system,4172.0
3042425276,cross-system,715.0
2976937941,human,5.0
2979889671,cross-system,3833.0
2979941499,cross-system,4370.0
2979968945,cross-system,1213.0
2980149146,cross-system,4685.0
2980575879,cross-system,2297.0
2981176603,cross-system,2538.0
2969288573,cross-system,4424.0
2969289159,cross-system,363.0
2966777416,human,50.0
3016367861,cross-system,1883.0
3016380635,same-system,2727.0
2953657043,same-system,3454.0
2953677161,cross-system,125.0
2954188884,same-system,2190.0
2954517599,same-system,124.0
2924628857,same-system,124.0
2929030287,same-system,124.0
3045497845,cross-system,419.0
3045516320,cross-system,495.0
2940308224,human,11.0
3030594413,same-system,20308.0
2990573831,cross-system,3722.0
2990578327,cross-system,3747.0
2990600949,cross-system,4179.0
2990608107,cross-system,4555.0
2990641331,cross-system,6556.0
2990679510,cross-system,4955.0
2990731124,cross-system,5814.0
3152237281,human,4.0
2944155050,cross-system,153.0
3021610895,cross-system,3258.0
2967470050,same-system,1977.0
2971803881,cross-system,1783.0
2971808226,same-system,320.0
3016373945,cross-system,1725.0
3016387380,same-system,5521.0
3037927045,cross-system,4474.0
3038376597,cross-system,4182.0
2907490915,cross-system,602.0
2892263837,same-system,325.0
2894744651,same-system,325.0
2894745458,cross-system,2066.0
2895350432,human,92.0
2914028378,cross-system,3986.0
2972193500,human,11.0
3036940774,cross-system,3612.0
3036944558,cross-system,231.0
2980630553,same-system,2198.0
2980820555,same-system,1711.0
3032690199,same-system,2600.0
3052238376,cross-system,128.0
2973401752,same-system,3476.0
3024846175,human,47.0
2977129985,human,11.0
2968950492,cross-system,125.0
2968950740,same-system,2121.0
2968994145,cross-system,6344.0
2996731543,cross-system,5426.0
3066870465,cross-system,21878.0
2977788884,cross-system,1433.0
2977791638,cross-system,7526.0
2977886179,human,12.0
2915589886,cross-system,2525.0
2915594272,cross-system,1571.0
3008432614,cross-system,4321.0
3038673897,human,215.0
3039294202,same-system,2672.0
3039333823,same-system,5510.0
3039407562,same-system,3376.0
3039428683,same-system,2840.0
3039448952,same-system,3131.0
3045014513,same-system,2971.0
3045063281,same-system,2538.0
3045139093,same-system,2633.0
2988392537,cross-system,944.0
2988537191,cross-system,1335.0
2914841690,human,25.0
2925617033,same-system,124.0
2918953067,cross-system,1938.0
2948065023,same-system,3740.0
2941123606,human,85.0
2966766760,cross-system,1991.0
2933654279,same-system,124.0
3038550318,cross-system,3647.0
3038555187,cross-system,449.0
2984903126,cross-system,2931.0
2984920241,cross-system,3224.0
3052242928,cross-system,128.0
3034603904,same-system,2485.0
3034609091,same-system,2468.0
3034662738,same-system,2716.0
3014320563,same-system,2707.0
3014503434,same-system,3319.0
2934823005,human,33.0
2947486618,cross-system,199.0
2994521194,human,29.0
2979681709,same-system,1779.0
3057634247,cross-system,31156.0
2948353497,human,23.0
2969322629,cross-system,4696.0
2969322963,cross-system,577.0
3013359127,cross-system,17831.0
3013368118,same-system,3054.0
2973332702,same-system,1576.0
2963340982,cross-system,20672.0
2959372166,human,31.0
3042368558,cross-system,3469.0
3042370978,cross-system,277.0
3036091375,human,165.0
2914028046,cross-system,5642.0
2914054240,cross-system,4908.0
2957755848,same-system,3367.0
2968463922,same-system,1671.0
2968468353,same-system,124.0
2944290054,human,11.0
2935439061,cross-system,1065.0
2974052139,same-system,1691.0
2974062175,cross-system,5503.0
2980781188,cross-system,582.0
2985251024,cross-system,1670.0
3010785980,human,16.0
3001228101,same-system,2875.0
2978341249,human,6.0
3055040225,human,3.0
2923584342,same-system,124.0
2925415726,human,1.0
3011515089,same-system,2778.0
3013388120,same-system,2715.0
3013390029,same-system,2680.0
3013831239,same-system,2476.0
3014315354,same-system,2444.0
3038547769,cross-system,3674.0
3038553021,cross-system,378.0
2916222563,human,5.0
2978075971,cross-system,124.0
3030841414,same-system,2679.0
3030845309,same-system,2586.0
3249033973,human,4.0
3021645612,same-system,2640.0
3021658336,same-system,2406.0
2978430534,cross-system,125.0
2971859744,same-system,3303.0
3025199267,human,70.0
2995883786,human,61.0
3001097793,same-system,2807.0
3003519419,same-system,5441.0
3003529889,same-system,2677.0
3008631652,same-system,2880.0
3009212164,same-system,2451.0
3022929244,same-system,4903.0
3027549090,same-system,2719.0
3027815543,same-system,5381.0
3027821654,same-system,2508.0
3031790846,same-system,5257.0
3036335609,same-system,2759.0
3036369778,same-system,2959.0
3036704896,same-system,5315.0
3041532211,same-system,5056.0
2937040007,human,1.0
3038554485,cross-system,4109.0
3038561819,cross-system,399.0
2995899465,same-system,3297.0
2920969879,same-system,124.0
2920996622,same-system,2153.0
2921013498,same-system,124.0
2921058664,human,4.0
3003335029,same-system,2738.0
3012514732,same-system,2746.0
3014509489,same-system,5133.0
3014518210,same-system,2612.0
3014617439,same-system,2994.0
2904640564,same-system,4260.0
2904641908,cross-system,13333.0
2904665022,cross-system,11179.0
2905494983,same-system,5050.0
2907693024,same-system,4556.0
2907695200,cross-system,8004.0
2920952127,cross-system,4095.0
2921009287,cross-system,2756.0
2921246733,cross-system,4315.0
2921298757,cross-system,5013.0
2921426788,cross-system,9242.0
3038532271,cross-system,3442.0
3038536916,cross-system,320.0
3032895095,cross-system,125.0
2987978143,cross-system,1304.0
2988128241,cross-system,2386.0
2994688320,human,45.0
3035572608,cross-system,532.0
2937484073,cross-system,1558.0
2980273808,same-system,1975.0
2980294772,same-system,1842.0
2980306032,same-system,1576.0
3021897880,same-system,2677.0
2930408851,same-system,124.0
3014894687,cross-system,1723.0
3015731753,cross-system,1452.0
3015739469,same-system,2649.0
3015757008,same-system,7271.0
3015810868,same-system,7440.0
3015825709,cross-system,3007.0
3033281350,same-system,2604.0
3033383331,cross-system,1656.0
3033447981,cross-system,2065.0
3033460817,same-system,4943.0
3033489503,same-system,7090.0
3033809603,same-system,2506.0
3036970968,cross-system,3945.0
3036974714,cross-system,304.0
2952299721,cross-system,1814.0
2984467318,human,28.0
3021324321,cross-system,2308.0
2951210895,human,7.0
3029567704,same-system,2581.0
3030408405,same-system,2830.0
3249033846,human,4.0
2951675674,human,11.0
2971887286,cross-system,4333.0
2951939013,cross-system,153.0
2987113377,same-system,320.0
2955573562,cross-system,153.0
2977931937,cross-system,1422.0
3000953461,same-system,2464.0
2934889223,human,370.0
2933092908,same-system,4299.0
2912629970,same-system,2752.0
2912700574,same-system,3048.0
2912894507,same-system,5558.0
2913106410,same-system,3376.0
2913143306,same-system,2993.0
2913303760,same-system,2878.0
2913358222,same-system,124.0
2914243362,same-system,2750.0
2914257764,same-system,8268.0
2916654820,same-system,5236.0
2916702704,same-system,4437.0
2916758194,same-system,2345.0
2916791425,same-system,8533.0
2917502190,same-system,4889.0
2917829688,same-system,9093.0
2919628342,same-system,6157.0
2921128516,same-system,4873.0
2922276575,same-system,8379.0
2927925224,same-system,2515.0
2928014444,same-system,4615.0
2929030943,same-system,7464.0
2948093774,same-system,1741.0
2948118579,same-system,3232.0
2948122300,same-system,3243.0
2949035066,human,4.0
3022145837,same-system,5772.0
3001810196,same-system,2644.0
3002349252,same-system,8989.0
3002382015,same-system,8997.0
3002425419,same-system,8345.0
3002457105,same-system,11230.0
3002536595,human,1.0
3002608209,same-system,8924.0
3002632553,same-system,11302.0
3002737632,same-system,5074.0
3002798919,same-system,5135.0
3002828923,same-system,3274.0
3002837767,human,57.0
3038942593,same-system,2477.0
3039730590,same-system,4888.0
3039740789,human,42.0
3040030101,same-system,2489.0
2915488002,cross-system,153.0
2947821858,same-system,321.0
3003247801,human,62.0
3003281602,human,7.0
3004108662,same-system,32140.0
3031651774,cross-system,2047.0
3032516462,human,34.0
2966399823,same-system,1585.0
2972090855,cross-system,767.0
2972095880,cross-system,2796.0
2972259952,cross-system,3054.0
2968938386,cross-system,124.0
2994346124,same-system,5383.0
2994356041,cross-system,9280.0
2994448972,same-system,5615.0
2994453440,cross-system,4820.0
2994469256,same-system,3132.0
2994489642,same-system,2761.0
2994490344,cross-system,4967.0
2994216671,same-system,2827.0
3008813798,same-system,2596.0
3008839205,same-system,2498.0
3008860272,same-system,2526.0
3012492530,same-system,2804.0
3013421166,cross-system,1085.0
3025979450,human,25.0
2955099260,cross-system,1804.0
3195509331,human,68.0
3234594669,human,181.0
3023860626,cross-system,4070.0
3023865075,cross-system,500.0
3013178744,same-system,2475.0
3013180056,same-system,2379.0
3013184645,same-system,2492.0
3013204122,same-system,2496.0
3013216266,same-system,2537.0
3013227540,same-system,4913.0
3013245225,same-system,5024.0
3013270157,same-system,2565.0
3013282973,same-system,5178.0
3013295520,same-system,4881.0
3013306965,same-system,5029.0
3013330061,same-system,5015.0
3013331703,same-system,5195.0
2972908222,cross-system,1390.0
2973071757,cross-system,1390.0
2980848275,cross-system,1754.0
3028681408,human,143.0
3028921517,human,91.0
3038724660,human,96.0
3015099986,human,211.0
3050380612,cross-system,3981.0
3050384098,cross-system,559.0
3050447064,cross-system,1016.0
2966139253,cross-system,125.0
2966142402,same-system,320.0
2914594352,same-system,124.0
2978949499,cross-system,1148.0
3002025077,same-system,7812.0
2902241402,cross-system,12625.0
2910427859,same-system,5000.0
2910604147,same-system,2668.0
3005538113,cross-system,2373.0
3005542678,cross-system,14084.0
3055513543,human,61.0
2969008977,cross-system,4093.0
3051736271,same-system,127.0
2921893285,cross-system,933.0
3025759078,same-system,2704.0
2977276064,same-system,1579.0
2917842501,cross-system,153.0
2938017308,human,303.0
3029566116,same-system,3098.0
2998545364,human,14.0
2988327385,cross-system,1547.0
2958993872,cross-system,125.0
2978768614,human,99.0
2982796361,human,40.0
3045915001,cross-system,3719.0
3045918559,cross-system,565.0
2910842545,cross-system,1675.0
2912613210,same-system,124.0
2912635122,same-system,124.0
2912679394,human,4.0
3014273773,same-system,13087.0
2985024104,human,14.0
2985029742,cross-system,2787.0
2985050343,cross-system,3297.0
3007343505,cross-system,1202.0
3010165604,human,105.0
2972962398,same-system,3624.0
2979494669,cross-system,4265.0
2959141275,human,47.0
2977187883,cross-system,2026.0
2977216689,cross-system,2192.0
3050898163,same-system,127.0
2963503692,human,1.0
2989686623,same-system,5165.0
2989692710,same-system,5135.0
3014284017,cross-system,990.0
2989764340,cross-system,19754.0
2990715880,cross-system,17073.0
2990863778,cross-system,18278.0
2955575132,cross-system,153.0
2978389510,cross-system,125.0
3014297924,same-system,2823.0
3021085156,cross-system,125.0
2933219681,same-system,124.0
2956805654,human,540.0
2956934661,human,109.0
3038555394,cross-system,4024.0
3038563749,cross-system,451.0
2946606693,same-system,1525.0
3042618856,cross-system,3782.0
3042623637,cross-system,418.0
3008176201,same-system,10362.0
2922661079,human,38.0
2962551406,same-system,3673.0
2962583828,cross-system,212.0
2962620679,cross-system,212.0
2962657701,same-system,1902.0
3018302996,same-system,2695.0
3018326639,same-system,5214.0
2985146351,cross-system,2107.0
3016454515,cross-system,3746.0
3016459419,cross-system,243.0
3042293730,cross-system,4808.0
3042297425,cross-system,742.0
3043229952,human,42.0
2953765583,same-system,4923.0
2953836206,human,76.0
2959438023,human,23.0
2919677687,human,25.0
2971240683,human,4.0
2971243772,same-system,1590.0
3005707367,cross-system,4327.0
3005716653,cross-system,282.0
2932350197,same-system,124.0
2932654795,same-system,124.0
2933600694,same-system,124.0
2950689135,same-system,1727.0
2950700278,same-system,1722.0
2950739608,same-system,1889.0
2979221556,cross-system,124.0
3017736507,same-system,6181.0
3001058908,cross-system,125.0
3036932627,cross-system,3785.0
3036936501,cross-system,261.0
2973237175,same-system,2088.0
2989984384,human,6.0
2989985068,cross-system,1610.0
2926064652,cross-system,4598.0
2980625266,human,25.0
3002222735,human,36.0
3037242911,cross-system,4425.0
3037248442,cross-system,346.0
2903004823,cross-system,241.0
3037243176,cross-system,3483.0
3037249890,cross-system,235.0
3004407405,human,120.0
3011575310,cross-system,4200.0
3011584175,cross-system,506.0
2906120973,cross-system,551.0
3035620363,same-system,2897.0
3051416791,cross-system,4114.0
3051430932,cross-system,631.0
3051771938,cross-system,492.0
2992428487,cross-system,4643.0
2992437107,cross-system,484.0
3002593738,human,14.0
2977268800,cross-system,1505.0
3013033460,same-system,2866.0
3035400054,cross-system,1213.0
3035400798,same-system,2975.0
3035404908,cross-system,2210.0
3035405401,same-system,7976.0
3035426846,cross-system,1626.0
3035427988,same-system,5036.0
3035430294,cross-system,1894.0
3035430922,same-system,2623.0
3035990754,cross-system,1350.0
3036093958,cross-system,1229.0
3036094225,same-system,5060.0
3036103347,same-system,2532.0
3046152764,cross-system,4308.0
3046160910,cross-system,295.0
2948025786,same-system,1798.0
2948025791,cross-system,1053.0
2937079729,human,1.0
2914391452,same-system,124.0
2914411683,same-system,124.0
2914417802,same-system,124.0
2914425377,same-system,124.0
2914429865,cross-system,1914.0
3020962391,cross-system,3346.0
3020965778,cross-system,300.0
3021014508,human,88.0
2992663426,cross-system,125.0
2953333490,same-system,3263.0
2953340461,cross-system,125.0
2964157733,cross-system,153.0
2964164028,same-system,3711.0
3052125248,cross-system,119903.0
3000463007,same-system,2784.0
2979910868,cross-system,5566.0
2979936803,cross-system,2636.0
2979943167,cross-system,5949.0
2979955422,cross-system,4340.0
2979957756,cross-system,2464.0
2979972912,cross-system,3442.0
2979975037,cross-system,2561.0
2979977799,cross-system,2280.0
2979978057,cross-system,1968.0
2980017031,cross-system,3360.0
2980031853,cross-system,1654.0
2980143426,cross-system,2127.0
2980171170,cross-system,1928.0
2981151146,cross-system,4147.0
2988568462,cross-system,11214.0
2988655897,cross-system,3720.0
2925476102,same-system,124.0
2925502849,same-system,124.0
2925517279,same-system,124.0
2925520708,cross-system,2627.0
2948009719,cross-system,79.0
2948009987,same-system,1867.0
2982549792,same-system,1848.0
3026427479,same-system,5198.0
3036930575,cross-system,4256.0
3036935034,cross-system,367.0
2957115372,human,8.0
2989695356,same-system,5549.0
2989847648,same-system,2489.0
3034152463,same-system,5047.0
3034164762,same-system,5133.0
3009682618,same-system,2542.0
2926220856,cross-system,1658.0
3011391773,same-system,2580.0
2979303702,cross-system,865.0
2987975973,cross-system,2095.0
2997460395,human,11.0
3016375090,cross-system,1996.0
3029461339,human,6.0
2907520217,cross-system,592.0
3034118246,cross-system,318.0
2960457460,same-system,1945.0
2998093323,same-system,5548.0
2957029159,cross-system,3106.0
2958604727,cross-system,5068.0
2930367741,same-system,124.0
2932365506,human,41.0
2932391421,same-system,124.0
2994187067,same-system,2792.0
3046087736,cross-system,4468.0
3046094254,cross-system,408.0
2994071516,same-system,5224.0
2980128316,same-system,3464.0
2980160192,same-system,1720.0
2980172997,same-system,1560.0
2980191879,same-system,124.0
3036970657,cross-system,4319.0
3029531421,same-system,3146.0
2965295773,cross-system,1246.0
2979050877,human,200.0
3038551175,cross-system,3554.0
3038558493,cross-system,276.0
3070158716,cross-system,1081.0
2969410814,same-system,1635.0
2914948122,human,4.0
2972577593,same-system,5491.0
2972591233,same-system,3955.0
2990145254,same-system,2797.0
2990147835,cross-system,15927.0
2990163811,cross-system,4413.0
2990172690,same-system,3029.0
2990174974,cross-system,5299.0
3025206814,same-system,2676.0
2951673599,human,68.0
2972038512,human,21.0
2941126981,human,101.0
2988406189,cross-system,23687.0
2988516077,cross-system,93248.0
2988943148,cross-system,14816.0
2944907712,human,419.0
2945746408,human,69.0
3016447514,cross-system,3968.0
3016455874,cross-system,233.0
3022836182,same-system,2832.0
3050386774,human,59.0
3050387606,human,59.0
3038551901,cross-system,4180.0
3038558402,cross-system,369.0
2992989561,cross-system,9490.0
2993081015,cross-system,4352.0
2993095046,cross-system,7535.0
2978345342,cross-system,124.0
2978098062,cross-system,124.0
2990650992,cross-system,1319.0
3003133136,human,1.0
3024174784,human,226.0
2999378857,same-system,2678.0
3002436871,cross-system,3724.0
3002440463,cross-system,310.0
3036154510,cross-system,2177.0
2991034722,same-system,7688.0
2991034974,cross-system,23351.0
2991293152,same-system,5471.0
2991313339,same-system,2549.0
3020217735,same-system,2898.0
2998278550,human,52.0
3008463362,cross-system,4070.0
3008467206,cross-system,504.0
2959019308,cross-system,125.0
2932812761,same-system,124.0
2939664668,same-system,1728.0
2978271854,human,697.0
3010179002,cross-system,4440.0
3010185358,cross-system,628.0
2994498269,human,527.0
3052175171,same-system,126.0
3052186143,cross-system,261.0
2933500177,human,9.0
3023416724,cross-system,4831.0
3023422681,cross-system,976.0
3006004033,cross-system,13981.0
3006332955,cross-system,9876.0
3014277917,same-system,2680.0
3015330353,same-system,2729.0
2982133638,same-system,3102.0
2933886086,cross-system,4372.0
2933887780,cross-system,353.0
2933888269,cross-system,7209.0
2933888562,same-system,6049.0
3042372898,cross-system,4137.0
3042380150,cross-system,315.0
3042690205,human,222.0
2948930586,human,21.0
3038637446,cross-system,5802.0
3038743230,cross-system,9488.0
2993452088,cross-system,125.0
3013444936,same-system,2739.0
2809724539,cross-system,256.0
3046465638,same-system,2684.0
3010611244,same-system,2564.0
2984996717,cross-system,3427.0
2957754281,same-system,319.0
2968467768,same-system,3519.0
2968469621,same-system,4763.0
2968471585,same-system,1857.0
2968475253,same-system,1910.0
2980863298,cross-system,7232.0
2968983865,cross-system,125.0
3036907211,cross-system,5206.0
3036912000,cross-system,714.0
2963581495,human,1.0
2933167144,same-system,2569.0
2933211193,same-system,2231.0
2933279063,same-system,2356.0
2940029434,same-system,1482.0
2947188614,cross-system,1963.0
3017445931,same-system,7890.0
2991417040,same-system,3080.0
2990828692,same-system,5403.0
2911200278,cross-system,519.0
2999109669,cross-system,6864.0
3012474911,cross-system,4110.0
3012575198,human,18.0
2911567076,cross-system,946.0
2911770743,cross-system,2478.0
2977205327,cross-system,2141.0
2977274946,cross-system,2118.0
3017383300,human,173.0
3058261657,cross-system,1570.0
3059665111,cross-system,1901.0
3059665512,same-system,58.0
2996579793,same-system,7715.0
2996583529,cross-system,125.0
3042152154,cross-system,3889.0
3042158425,cross-system,431.0
2925447399,same-system,124.0
2925455100,cross-system,1064.0
2925499188,same-system,124.0
2925505519,cross-system,1933.0
2925517162,same-system,124.0
2925521386,same-system,124.0
2925531286,cross-system,1868.0
2935975291,same-system,2537.0
3021820355,same-system,2729.0
3021998321,same-system,10075.0
2998141922,human,261.0
2900450185,same-system,325.0
3009423458,same-system,8981.0
2988392470,cross-system,954.0
2997471707,cross-system,1085.0
2948275055,same-system,124.0
2950589164,human,64.0
2960797924,human,10.0
3025311978,same-system,2549.0
3027391022,same-system,2982.0
3016620376,cross-system,2939.0
3025814333,same-system,5483.0
2994763857,human,24.0
3031565532,same-system,2970.0
3031579732,same-system,2619.0
3016371329,cross-system,1472.0
3016382572,same-system,2668.0
3081240780,same-system,58.0
2906432354,cross-system,1123.0
2906434521,human,43.0
3014257337,same-system,2752.0
2988937008,same-system,2623.0
3054834474,human,31.0
2988001378,same-system,2822.0
3042390850,cross-system,4132.0
3042397903,cross-system,517.0
2980978207,cross-system,1107.0
2980988901,cross-system,1308.0
2978719303,cross-system,2459.0
2978723917,same-system,4813.0
2979068359,same-system,3209.0
2979437704,same-system,1579.0
2982577729,human,212.0
2982943572,human,296.0
2918588540,cross-system,3554.0
3046088602,cross-system,4282.0
3046097995,cross-system,456.0
3031370345,same-system,7872.0
3031374737,same-system,5318.0
3031403903,same-system,5017.0
3031415643,same-system,5318.0
3031421146,same-system,2821.0
2966748413,same-system,1803.0
2940943785,human,94.0
2943929906,same-system,3731.0
2984738548,cross-system,949.0
2984741962,cross-system,949.0
3026827496,same-system,2711.0
2973128124,same-system,6383.0
2973132066,same-system,1511.0
2973141045,same-system,3035.0
2973147432,same-system,1704.0
3010192885,cross-system,4154.0
3010200490,cross-system,680.0
2910674098,cross-system,3035.0
2910815162,cross-system,1792.0
2987663235,human,12.0
2929063699,cross-system,1451.0
2929064290,same-system,6916.0
2984098470,same-system,2630.0
2990585057,same-system,2589.0
2990657760,same-system,2530.0
2990683308,same-system,2515.0
2990692055,same-system,5384.0
2990700538,same-system,3059.0
2990718954,same-system,2643.0
2990722644,same-system,2682.0
2990887829,same-system,2559.0
2990912011,same-system,2505.0
2990921382,same-system,4968.0
2990929668,same-system,2622.0
2963178706,same-system,3455.0
2963698964,same-system,3235.0
3010261869,cross-system,3100.0
3010265728,cross-system,368.0
2949979017,human,167.0
2950692325,same-system,1485.0
3017073989,cross-system,6396.0
3032958384,cross-system,41426.0
2930131934,cross-system,1655.0
2930378869,cross-system,2506.0
2930379264,cross-system,8463.0
3036860448,human,27.0
2991431409,human,17.0
3022528085,cross-system,19343.0
3033329176,cross-system,21594.0
3035217979,cross-system,2971.0
3035237790,cross-system,9474.0
2991010148,cross-system,1034.0
3013339361,same-system,2988.0
3021734634,cross-system,1587.0
2980814541,human,146.0
2989646728,cross-system,367.0
2989647686,same-system,5348.0
2946835881,same-system,1660.0
2973635361,same-system,3203.0
3017176563,human,70.0
2999492387,cross-system,1065.0
3052243582,cross-system,128.0
2914643744,same-system,124.0
2914652539,same-system,124.0
2930969294,human,12.0
2948022532,cross-system,99.0
3012596990,cross-system,4751.0
2995469397,same-system,2683.0
2965706444,same-system,320.0
2965710933,cross-system,124.0
3015987349,cross-system,208.0
3042287208,cross-system,4445.0
3042294072,cross-system,895.0
3034957854,same-system,8151.0
3034961560,cross-system,24318.0
3035282762,same-system,5006.0
3006670097,same-system,2897.0
2950767172,same-system,3155.0
3042391678,cross-system,3352.0
3042398580,cross-system,192.0
2945079012,human,4.0
3034619846,cross-system,462.0
3034643099,cross-system,117.0
3012928893,same-system,2814.0
3012928915,cross-system,10304.0
3013275104,cross-system,7450.0
3013277734,same-system,5468.0
3005160872,cross-system,793.0
3003057513,cross-system,36041.0
3016456856,cross-system,4667.0
3016462931,cross-system,315.0
2907534619,cross-system,470.0
2981372967,cross-system,4761.0
2981386625,cross-system,1746.0
2997808911,human,54.0
2960975185,human,1.0
2962028177,same-system,1714.0
2944260045,human,11.0
2942460376,same-system,2225.0
2942545290,same-system,3410.0
2942706280,same-system,3391.0
2942970452,same-system,59.0
3013085689,same-system,2546.0
3013105880,same-system,2610.0
3013112797,same-system,2543.0
3013136351,same-system,2468.0
3013154540,same-system,2409.0
3005136578,cross-system,2646.0
2953540849,same-system,1902.0
2953672550,same-system,1623.0
2953725336,same-system,1635.0
2953808257,same-system,1574.0
3046090000,cross-system,4353.0
3046095316,cross-system,599.0
3006747540,same-system,2909.0
2998802619,cross-system,17628.0
2998198989,same-system,5133.0
2941118227,human,325.0
3025452760,same-system,3394.0
3028923828,same-system,124.0
3028945063,same-system,2796.0
2922747653,human,161.0
3025219398,human,332.0
3031136045,human,4.0
