pr_id,episodes,episodes_ai,episodes_human,any_same,any_cross,any_human,any_inline,any_summary,authoring_agent,review_config,substance
2756921963,1,1.0,,False,True,False,True,False,Devin,cross,line-anchored
2758636941,1,,1.0,False,False,True,True,False,Devin,human,line-anchored
2759620798,1,,1.0,False,False,True,False,False,Devin,human,bare verdicts only
2760115428,1,,1.0,False,False,True,False,True,Devin,human,summary only
2760243902,1,,1.0,False,False,True,False,False,Devin,human,bare verdicts only
2760266883,1,,1.0,False,False,True,True,False,Devin,human,line-anchored
2760327496,1,,1.0,False,False,True,False,False,Devin,human,bare verdicts only
2761264439,1,,1.0,False,False,True,False,False,Devin,human,bare verdicts only
2761288801,1,,1.0,False,False,True,True,False,Devin,human,line-anchored
2761311271,1,,1.0,False,False,True,False,False,Devin,human,bare verdicts only
2761376844,1,,1.0,False,False,True,False,False,Devin,human,bare verdicts only
2761455933,1,,1.0,False,False,True,False,False,Devin,human,bare verdicts only
2761577144,2,,2.0,False,False,True,True,False,Devin,human,line-anchored
2761639494,1,,1.0,False,False,True,False,False,Devin,human,bare verdicts only
2762078403,1,,1.0,False,False,True,False,False,Devin,human,bare verdicts only
2762228850,1,,1.0,False,False,True,True,False,Devin,human,line-anchored
2762247476,3,,3.0,False,False,True,True,False,Devin,human,line-anchored
2763242692,1,,1.0,False,False,True,False,False,Devin,human,bare verdicts only
2763395657,1,,1.0,False,False,True,False,False,Devin,human,bare verdicts only
2763620087,1,,1.0,False,False,True,False,False,Devin,human,bare verdicts only
2763878383,1,,1.0,False,False,True,False,False,Devin,human,bare verdicts only
2764167191,1,,1.0,False,False,True,False,False,Devin,human,bare verdicts only
2764211776,1,,1.0,False,False,True,False,False,Devin,human,bare verdicts only
2764665933,1,,1.0,False,False,True,False,False,Devin,human,bare verdicts only
2765771643,1,,1.0,False,False,True,True,False,Devin,human,line-anchored
2766353261,1,1.0,,False,True,False,True,True,Devin,cross,line-anchored
2766513428,1,,1.0,False,False,True,True,False,Devin,human,line-anchored
2767652233,1,,1.0,False,False,True,False,False,Devin,human,bare verdicts only
2767657628,1,,1.0,False,False,True,True,False,Devin,human,line-anchored
2767878178,1,,1.0,False,False,True,True,False,Devin,human,line-anchored
2768057346,1,,1.0,False,False,True,True,True,Devin,human,line-anchored
2768057378,1,,1.0,False,False,True,True,True,Devin,human,line-anchored
2768132850,1,,1.0,False,False,True,True,True,Devin,human,line-anchored
2768570229,1,,1.0,False,False,True,True,True,Devin,human,line-anchored
2768662452,1,,1.0,False,False,True,True,True,Devin,human,line-anchored
2768706725,1,,1.0,False,False,True,False,False,Devin,human,bare verdicts only
2768801424,1,,1.0,False,False,True,True,True,Devin,human,line-anchored
2768814420,1,,1.0,False,False,True,True,False,Devin,human,line-anchored
2768952674,1,,1.0,False,False,True,True,True,Devin,human,line-anchored
2768962384,1,,1.0,False,False,True,False,False,Devin,human,bare verdicts only
2768982424,1,,1.0,False,False,True,True,False,Devin,human,line-anchored
2769663445,1,,1.0,False,False,True,True,False,Devin,human,line-anchored
2769791644,2,1.0,1.0,False,True,True,True,False,Devin,cross+human,line-anchored
2769930216,2,1.0,1.0,False,True,True,True,False,Devin,cross+human,line-anchored
2769964943,2,1.0,1.0,False,True,True,True,False,Devin,cross+human,line-anchored
2769973551,2,1.0,1.0,False,True,True,True,False,Devin,cross+human,line-anchored
2770590659,1,1.0,,False,True,False,True,False,Devin,cross,line-anchored
2770724281,1,,1.0,False,False,True,False,False,Devin,human,bare verdicts only
2770730384,2,1.0,1.0,False,True,True,True,True,Devin,cross+human,line-anchored
2770799696,1,,1.0,False,False,True,True,True,Devin,human,line-anchored
2771402284,2,,2.0,False,False,True,True,False,Devin,human,line-anchored
2771417743,1,,1.0,False,False,True,True,False,Devin,human,line-anchored
2771538261,2,,2.0,False,False,True,True,False,Devin,human,line-anchored
2771599553,1,,1.0,False,False,True,True,True,Devin,human,line-anchored
2771851179,1,,1.0,False,False,True,False,False,Devin,human,bare verdicts only
2772459642,2,,2.0,False,False,True,True,False,Devin,human,line-anchored
2773911009,1,,1.0,False,False,True,True,False,Devin,human,line-anchored
2773964481,1,,1.0,False,False,True,True,False,Devin,human,line-anchored
2774111740,2,,2.0,False,False,True,False,False,Devin,human,bare verdicts only
2775336826,1,,1.0,False,False,True,False,False,Devin,human,bare verdicts only
2775745278,1,,1.0,False,False,True,False,False,Devin,human,bare verdicts only
2775827622,1,,1.0,False,False,True,False,False,Devin,human,bare verdicts only
2776299690,2,,2.0,False,False,True,True,True,Devin,human,line-anchored
2776459226,1,,1.0,False,False,True,False,False,Devin,human,bare verdicts only
2776603613,1,,1.0,False,False,True,True,False,Devin,human,line-anchored
2776604195,1,,1.0,False,False,True,True,False,Devin,human,line-anchored
2777165355,1,,1.0,False,False,True,True,True,Devin,human,line-anchored
2777165691,1,,1.0,False,False,True,True,True,Devin,human,line-anchored
2777347182,1,,1.0,False,False,True,False,False,Devin,human,bare verdicts only
2777349471,1,,1.0,False,False,True,False,False,Devin,human,bare verdicts only
2777356351,1,,1.0,False,False,True,False,False,Devin,human,bare verdicts only
2777500617,2,,2.0,False,False,True,True,False,Devin,human,line-anchored
2778132201,1,,1.0,False,False,True,True,False,Devin,human,line-anchored
2778991358,1,,1.0,False,False,True,True,False,Devin,human,line-anchored
2779630816,1,,1.0,False,False,True,False,False,Devin,human,bare verdicts only
2779809128,1,,1.0,False,False,True,False,False,Devin,human,bare verdicts only
2780174351,1,,1.0,False,False,True,False,False,Devin,human,bare verdicts only
2780834098,1,,1.0,False,False,True,True,False,Devin,human,line-anchored
2780883677,1,,1.0,False,False,True,True,True,Devin,human,line-anchored
2780910368,1,,1.0,False,False,True,True,True,Devin,human,line-anchored
2781992674,1,,1.0,False,False,True,True,False,Devin,human,line-anchored
2782566930,2,,2.0,False,False,True,True,False,Devin,human,line-anchored
2783341899,1,,1.0,False,False,True,True,False,Devin,human,line-anchored
2783421768,3,,3.0,False,False,True,True,False,Devin,human,line-anchored
2783423999,1,,1.0,False,False,True,True,True,Devin,human,line-anchored
2783583943,2,,2.0,False,False,True,True,True,Devin,human,line-anchored
2784379195,1,,1.0,False,False,True,False,False,Devin,human,bare verdicts only
2784993744,1,,1.0,False,False,True,False,False,Devin,human,bare verdicts only
2785589564,2,,2.0,False,False,True,True,False,Devin,human,line-anchored
2786715226,1,,1.0,False,False,True,True,False,Devin,human,line-anchored
2788022491,1,,1.0,False,False,True,True,False,Devin,human,line-anchored
2788027928,1,,1.0,False,False,True,False,False,Devin,human,bare verdicts only
2788029019,1,,1.0,False,False,True,False,False,Devin,human,bare verdicts only
2788840620,1,,1.0,False,False,True,True,False,Devin,human,line-anchored
2788912798,1,,1.0,False,False,True,False,False,Devin,human,bare verdicts only
2790033388,1,,1.0,False,False,True,False,False,Devin,human,bare verdicts only
2790142805,1,,1.0,False,False,True,False,False,Devin,human,bare verdicts only
2790183982,1,,1.0,False,False,True,False,False,Devin,human,bare verdicts only
2790908639,1,,1.0,False,False,True,False,False,Devin,human,bare verdicts only
2791026524,1,,1.0,False,False,True,False,False,Devin,human,bare verdicts only
2791677300,2,2.0,,False,True,False,True,True,Devin,cross,line-anchored
2791971139,2,,2.0,False,False,True,True,False,Devin,human,line-anchored
2792145491,1,,1.0,False,False,True,True,False,Devin,human,line-anchored
2792386162,1,,1.0,False,False,True,False,False,Devin,human,bare verdicts only
2792408591,1,,1.0,False,False,True,False,False,Devin,human,bare verdicts only
2793512716,1,,1.0,False,False,True,False,False,Devin,human,bare verdicts only
2793729508,1,,1.0,False,False,True,False,True,Devin,human,summary only
2793852587,1,,1.0,False,False,True,True,False,Devin,human,line-anchored
2794323375,2,,2.0,False,False,True,True,True,Devin,human,line-anchored
2794549110,1,,1.0,False,False,True,True,False,Devin,human,line-anchored
2794907896,1,,1.0,False,False,True,False,False,Devin,human,bare verdicts only
2795084819,1,,1.0,False,False,True,True,False,Devin,human,line-anchored
2795172513,1,,1.0,False,False,True,False,True,Devin,human,summary only
2795821755,1,,1.0,False,False,True,False,False,Devin,human,bare verdicts only
2795930781,1,,1.0,False,False,True,False,False,Devin,human,bare verdicts only
2795964105,2,,2.0,False,False,True,True,False,Devin,human,line-anchored
2795968909,1,,1.0,False,False,True,True,False,Devin,human,line-anchored
2797157546,2,,2.0,False,False,True,True,False,Devin,human,line-anchored
2797184843,2,1.0,1.0,False,True,True,True,False,Devin,cross+human,line-anchored
2797475430,1,,1.0,False,False,True,False,False,Devin,human,bare verdicts only
2797482061,1,,1.0,False,False,True,False,False,Devin,human,bare verdicts only
2798295763,1,,1.0,False,False,True,False,False,Devin,human,bare verdicts only
2798748566,1,,1.0,False,False,True,False,False,Devin,human,bare verdicts only
2798936903,1,1.0,,False,True,False,False,True,Devin,cross,summary only
2799046822,1,,1.0,False,False,True,False,True,Devin,human,summary only
2799121251,1,,1.0,False,False,True,False,True,Devin,human,summary only
2799205474,1,,1.0,False,False,True,False,False,Devin,human,bare verdicts only
2799230876,1,,1.0,False,False,True,False,True,Devin,human,summary only
2799302285,1,,1.0,False,False,True,False,False,Devin,human,bare verdicts only
2800769710,2,,2.0,False,False,True,True,False,Devin,human,line-anchored
2801019781,1,,1.0,False,False,True,False,True,Devin,human,summary only
2802417432,1,,1.0,False,False,True,True,False,Devin,human,line-anchored
2804518743,1,,1.0,False,False,True,True,False,Devin,human,line-anchored
2804519530,2,,2.0,False,False,True,True,False,Devin,human,line-anchored
2804526147,3,,3.0,False,False,True,True,True,Devin,human,line-anchored
2805690384,1,,1.0,False,False,True,False,True,Devin,human,summary only
2807926714,1,,1.0,False,False,True,False,False,Devin,human,bare verdicts only
2810378681,1,,1.0,False,False,True,True,False,Devin,human,line-anchored
2810425952,1,,1.0,False,False,True,False,False,Devin,human,bare verdicts only
2811838511,1,,1.0,False,False,True,True,False,Devin,human,line-anchored
2811839599,1,,1.0,False,False,True,True,False,Devin,human,line-anchored
2811840599,1,,1.0,False,False,True,True,False,Devin,human,line-anchored
2811841666,1,,1.0,False,False,True,True,False,Devin,human,line-anchored
2811843657,1,,1.0,False,False,True,True,False,Devin,human,line-anchored
2811845130,1,,1.0,False,False,True,True,False,Devin,human,line-anchored
2811846298,1,,1.0,False,False,True,True,False,Devin,human,line-anchored
2811847514,1,,1.0,False,False,True,True,False,Devin,human,line-anchored
2811914033,1,,1.0,False,False,True,False,False,Devin,human,bare verdicts only
2812399095,1,,1.0,False,False,True,True,False,Devin,human,line-anchored
2812962777,1,,1.0,False,False,True,False,False,Devin,human,bare verdicts only
2813970310,2,,2.0,False,False,True,False,False,Devin,human,bare verdicts only
2814173503,2,,2.0,False,False,True,True,True,Devin,human,line-anchored
2814227883,1,,1.0,False,False,True,True,False,Devin,human,line-anchored
2814276083,1,,1.0,False,False,True,False,False,Devin,human,bare verdicts only
2814482277,1,,1.0,False,False,True,False,False,Devin,human,bare verdicts only
2814483056,1,,1.0,False,False,True,True,True,Devin,human,line-anchored
2815602191,1,,1.0,False,False,True,True,False,Devin,human,line-anchored
2816202513,1,,1.0,False,False,True,False,False,Devin,human,bare verdicts only
2816233687,1,,1.0,False,False,True,False,False,Devin,human,bare verdicts only
2816492319,1,,1.0,False,False,True,False,False,Devin,human,bare verdicts only
2816527297,1,,1.0,False,False,True,False,True,Devin,human,summary only
2816659151,1,,1.0,False,False,True,True,False,Devin,human,line-anchored
2816661204,1,,1.0,False,False,True,False,True,Devin,human,summary only
2816690510,1,,1.0,False,False,True,False,False,Devin,human,bare verdicts only
2816855074,1,,1.0,False,False,True,False,False,Devin,human,bare verdicts only
2817069743,1,,1.0,False,False,True,False,True,Devin,human,summary only
2818301957,1,,1.0,False,False,True,True,False,Devin,human,line-anchored
2818558986,1,,1.0,False,False,True,False,False,Devin,human,bare verdicts only
2818857108,1,,1.0,False,False,True,False,False,Devin,human,bare verdicts only
2818968550,1,,1.0,False,False,True,False,True,Devin,human,summary only
2819000175,1,,1.0,False,False,True,True,False,Devin,human,line-anchored
2819134642,3,,3.0,False,False,True,True,True,Devin,human,line-anchored
2819377735,1,,1.0,False,False,True,False,False,Devin,human,bare verdicts only
2819873890,1,,1.0,False,False,True,False,True,Devin,human,summary only
2819900203,3,,3.0,False,False,True,True,True,Devin,human,line-anchored
2819976295,1,,1.0,False,False,True,False,True,Devin,human,summary only
2820896574,1,,1.0,False,False,True,True,False,Devin,human,line-anchored
2821503897,1,,1.0,False,False,True,True,False,Devin,human,line-anchored
2821577684,1,,1.0,False,False,True,False,False,Devin,human,bare verdicts only
2821578095,4,,4.0,False,False,True,True,False,Devin,human,line-anchored
2821659019,1,,1.0,False,False,True,True,True,Devin,human,line-anchored
2821716083,1,,1.0,False,False,True,True,True,Devin,human,line-anchored
2823839042,2,,2.0,False,False,True,True,False,Devin,human,line-anchored
2824282372,1,,1.0,False,False,True,True,False,Devin,human,line-anchored
2824328502,2,,2.0,False,False,True,False,True,Devin,human,summary only
2824360133,2,,2.0,False,False,True,False,True,Devin,human,summary only
2824427819,1,1.0,,False,True,False,True,True,Devin,cross,line-anchored
2825676107,1,1.0,,False,True,False,False,True,Devin,cross,summary only
2825700983,1,1.0,,False,True,False,True,True,Devin,cross,line-anchored
2825988641,1,,1.0,False,False,True,False,False,Devin,human,bare verdicts only
2825992462,1,,1.0,False,False,True,False,False,Devin,human,bare verdicts only
2826018855,1,1.0,,False,True,False,True,True,Devin,cross,line-anchored
2826117544,2,,2.0,False,False,True,False,False,Devin,human,bare verdicts only
2826132392,1,1.0,,False,True,False,True,True,Devin,cross,line-anchored
2826904500,1,,1.0,False,False,True,True,False,Devin,human,line-anchored
2827070017,1,1.0,,False,True,False,False,True,Devin,cross,summary only
2827635328,1,,1.0,False,False,True,False,False,Devin,human,bare verdicts only
2828443532,1,1.0,,False,True,False,True,True,Devin,cross,line-anchored
2828939198,1,1.0,,False,True,False,True,True,Devin,cross,line-anchored
2830759283,1,,1.0,False,False,True,True,False,Devin,human,line-anchored
2830967349,1,1.0,,False,True,False,True,True,Devin,cross,line-anchored
2831233724,1,,1.0,False,False,True,False,True,Devin,human,summary only
2831492164,1,,1.0,False,False,True,False,False,Devin,human,bare verdicts only
2831622547,1,1.0,,False,True,False,True,True,Devin,cross,line-anchored
2831659682,2,,2.0,False,False,True,True,True,Devin,human,line-anchored
2831826191,2,,2.0,False,False,True,True,False,Devin,human,line-anchored
2833560557,1,,1.0,False,False,True,False,False,Devin,human,bare verdicts only
2833672153,1,,1.0,False,False,True,True,False,Devin,human,line-anchored
2833722888,1,,1.0,False,False,True,False,False,Devin,human,bare verdicts only
2833789929,1,1.0,,False,True,False,True,True,Devin,cross,line-anchored
2834062498,1,,1.0,False,False,True,False,True,Devin,human,summary only
2834395087,1,1.0,,False,True,False,True,True,Devin,cross,line-anchored
2834465535,1,,1.0,False,False,True,True,True,Devin,human,line-anchored
2834928458,1,,1.0,False,False,True,True,False,Devin,human,line-anchored
2836251474,1,,1.0,False,False,True,True,False,Devin,human,line-anchored
2836332099,1,,1.0,False,False,True,False,False,Cursor,human,bare verdicts only
2836434163,1,,1.0,False,False,True,False,False,Devin,human,bare verdicts only
2836446355,1,,1.0,False,False,True,True,True,Devin,human,line-anchored
2836523710,1,,1.0,False,False,True,False,False,Devin,human,bare verdicts only
2836598978,1,1.0,,False,True,False,True,True,Devin,cross,line-anchored
2836653590,1,,1.0,False,False,True,True,False,Devin,human,line-anchored
2836984102,1,,1.0,False,False,True,True,False,Devin,human,line-anchored
2836994029,1,,1.0,False,False,True,True,False,Devin,human,line-anchored
2836998661,1,,1.0,False,False,True,False,True,Devin,human,summary only
2838837697,1,,1.0,False,False,True,True,True,Devin,human,line-anchored
2838857193,3,,3.0,False,False,True,True,True,Devin,human,line-anchored
2838943759,2,,2.0,False,False,True,True,False,Devin,human,line-anchored
2838982087,1,,1.0,False,False,True,False,False,Devin,human,bare verdicts only
2838992710,1,,1.0,False,False,True,False,False,Devin,human,bare verdicts only
2839069412,1,,1.0,False,False,True,False,True,Devin,human,summary only
2839176660,2,,2.0,False,False,True,True,False,Devin,human,line-anchored
2839273370,1,,1.0,False,False,True,True,True,Devin,human,line-anchored
2839327801,2,1.0,1.0,False,True,True,True,False,Devin,cross+human,line-anchored
2839377784,1,,1.0,False,False,True,False,True,Devin,human,summary only
2840011330,1,,1.0,False,False,True,False,True,Devin,human,summary only
2840014261,1,,1.0,False,False,True,True,False,Devin,human,line-anchored
2840202434,1,,1.0,False,False,True,False,False,Devin,human,bare verdicts only
2840213744,1,,1.0,False,False,True,False,False,Devin,human,bare verdicts only
2840469667,1,1.0,,False,True,False,True,True,Devin,cross,line-anchored
2840501983,1,1.0,,False,True,False,True,True,Devin,cross,line-anchored
2840519868,1,1.0,,False,True,False,True,True,Devin,cross,line-anchored
2840540666,1,1.0,,False,True,False,True,True,Devin,cross,line-anchored
2840686963,1,,1.0,False,False,True,False,False,Devin,human,bare verdicts only
2841027811,2,,2.0,False,False,True,True,False,Devin,human,line-anchored
2841035709,2,,2.0,False,False,True,True,True,Devin,human,line-anchored
2841184790,1,1.0,,False,True,False,True,True,Devin,cross,line-anchored
2841314055,2,,2.0,False,False,True,True,True,Devin,human,line-anchored
2841681750,2,,2.0,False,False,True,True,True,Devin,human,line-anchored
2843318713,1,,1.0,False,False,True,True,True,Devin,human,line-anchored
2844207207,1,,1.0,False,False,True,False,False,Devin,human,bare verdicts only
2844243754,1,1.0,,False,True,False,True,True,Devin,cross,line-anchored
2847161494,1,,1.0,False,False,True,False,False,Devin,human,bare verdicts only
2848656258,1,,1.0,False,False,True,False,False,Devin,human,bare verdicts only
2852521157,1,,1.0,False,False,True,False,False,Devin,human,bare verdicts only
2852546056,1,,1.0,False,False,True,False,True,Devin,human,summary only
2852724489,2,,2.0,False,False,True,True,True,Devin,human,line-anchored
2854160310,2,1.0,1.0,False,True,True,True,False,Devin,cross+human,line-anchored
2854433830,1,,1.0,False,False,True,False,False,Devin,human,bare verdicts only
2854503544,1,,1.0,False,False,True,True,False,Devin,human,line-anchored
2854721329,1,,1.0,False,False,True,True,True,Devin,human,line-anchored
2854995975,1,,1.0,False,False,True,True,False,Devin,human,line-anchored
2855037516,1,,1.0,False,False,True,False,False,Devin,human,bare verdicts only
2855063691,1,,1.0,False,False,True,False,False,Devin,human,bare verdicts only
2855372676,1,,1.0,False,False,True,True,False,Devin,human,line-anchored
2855377059,1,,1.0,False,False,True,False,True,Devin,human,summary only
2855386414,1,,1.0,False,False,True,False,True,Devin,human,summary only
2855407582,1,,1.0,False,False,True,False,True,Devin,human,summary only
2855417406,1,,1.0,False,False,True,False,True,Devin,human,summary only
2857171695,1,,1.0,False,False,True,True,False,Devin,human,line-anchored
2858429985,1,,1.0,False,False,True,False,False,Devin,human,bare verdicts only
2858527610,1,,1.0,False,False,True,True,False,Devin,human,line-anchored
2858700194,1,,1.0,False,False,True,False,False,Devin,human,bare verdicts only
2858841754,1,,1.0,False,False,True,False,False,Devin,human,bare verdicts only
2859527888,1,,1.0,False,False,True,False,True,Devin,human,summary only
2859989652,1,,1.0,False,False,True,True,False,Devin,human,line-anchored
2860434821,1,1.0,,False,True,False,True,True,Devin,cross,line-anchored
2861659768,1,,1.0,False,False,True,True,False,Devin,human,line-anchored
2861722790,1,,1.0,False,False,True,False,False,Devin,human,bare verdicts only
2861830174,1,,1.0,False,False,True,True,False,Devin,human,line-anchored
2861932217,2,,2.0,False,False,True,True,True,Devin,human,line-anchored
2862138612,2,,2.0,False,False,True,True,True,Devin,human,line-anchored
2862179936,2,,2.0,False,False,True,False,False,Devin,human,bare verdicts only
2863178913,2,,2.0,False,False,True,True,False,Devin,human,line-anchored
2863193910,3,,3.0,False,False,True,True,True,Devin,human,line-anchored
2863371219,2,,2.0,False,False,True,True,True,Devin,human,line-anchored
2864376778,1,,1.0,False,False,True,False,False,Devin,human,bare verdicts only
2864385192,1,,1.0,False,False,True,True,False,Devin,human,line-anchored
2864468865,1,,1.0,False,False,True,False,False,Devin,human,bare verdicts only
2864511051,1,,1.0,False,False,True,False,False,Devin,human,bare verdicts only
2864543554,1,,1.0,False,False,True,False,False,Devin,human,bare verdicts only
2864646601,1,,1.0,False,False,True,False,True,Devin,human,summary only
2864744607,1,,1.0,False,False,True,True,False,Devin,human,line-anchored
2864977009,2,,2.0,False,False,True,True,True,Devin,human,line-anchored
2866152798,1,,1.0,False,False,True,False,True,Devin,human,summary only
2866186240,1,,1.0,False,False,True,True,False,Devin,human,line-anchored
2867174561,1,,1.0,False,False,True,True,False,Devin,human,line-anchored
2867925946,2,,2.0,False,False,True,True,True,Devin,human,line-anchored
2867959664,1,,1.0,False,False,True,True,False,Devin,human,line-anchored
2868356535,1,,1.0,False,False,True,False,True,Devin,human,summary only
2869463251,1,,1.0,False,False,True,True,False,Devin,human,line-anchored
2870022451,1,,1.0,False,False,True,True,False,Devin,human,line-anchored
2870047901,1,,1.0,False,False,True,True,False,Devin,human,line-anchored
2870344282,1,1.0,,False,True,False,True,True,Devin,cross,line-anchored
2870515513,1,,1.0,False,False,True,True,True,Devin,human,line-anchored
2870636223,1,,1.0,False,False,True,True,False,Devin,human,line-anchored
2872803173,2,,2.0,False,False,True,True,False,Devin,human,line-anchored
2872889864,1,,1.0,False,False,True,True,True,Devin,human,line-anchored
2874011496,1,,1.0,False,False,True,True,False,Devin,human,line-anchored
2875837851,1,,1.0,False,False,True,False,False,Devin,human,bare verdicts only
2876006908,1,,1.0,False,False,True,True,False,Claude_Code,human,line-anchored
2876371914,1,,1.0,False,False,True,False,False,Devin,human,bare verdicts only
2876464228,1,,1.0,False,False,True,True,False,Devin,human,line-anchored
2876473421,1,,1.0,False,False,True,True,False,Devin,human,line-anchored
2876474344,1,,1.0,False,False,True,True,False,Devin,human,line-anchored
2876474366,1,,1.0,False,False,True,True,False,Devin,human,line-anchored
2876476091,1,,1.0,False,False,True,True,False,Devin,human,line-anchored
2876476358,2,,2.0,False,False,True,True,True,Devin,human,line-anchored
2876477909,1,,1.0,False,False,True,True,True,Devin,human,line-anchored
2876479825,2,,2.0,False,False,True,True,True,Devin,human,line-anchored
2876482299,1,,1.0,False,False,True,True,False,Devin,human,line-anchored
2876483432,1,,1.0,False,False,True,True,False,Devin,human,line-anchored
2876486205,2,,2.0,False,False,True,False,False,Devin,human,bare verdicts only
2876487591,2,,2.0,False,False,True,True,False,Devin,human,line-anchored
2876727515,2,,2.0,False,False,True,True,True,Devin,human,line-anchored
2876762028,2,,2.0,False,False,True,True,True,Devin,human,line-anchored
2876865587,1,,1.0,False,False,True,True,True,Devin,human,line-anchored
2876998138,2,,2.0,False,False,True,False,True,Devin,human,summary only
2877052668,1,,1.0,False,False,True,False,True,Devin,human,summary only
2879029392,1,,1.0,False,False,True,True,False,Devin,human,line-anchored
2879237385,1,,1.0,False,False,True,True,True,Devin,human,line-anchored
2879253689,1,,1.0,False,False,True,False,False,Devin,human,bare verdicts only
2879357440,1,,1.0,False,False,True,True,True,Devin,human,line-anchored
2879620071,1,,1.0,False,False,True,True,True,Devin,human,line-anchored
2879676348,2,,2.0,False,False,True,True,False,Devin,human,line-anchored
2879700916,1,,1.0,False,False,True,True,True,Devin,human,line-anchored
2879706478,3,1.0,2.0,False,True,True,True,False,Devin,cross+human,line-anchored
2879776301,1,,1.0,False,False,True,True,True,Devin,human,line-anchored
2881647051,2,,2.0,False,False,True,True,False,Devin,human,line-anchored
2881953650,1,1.0,,False,True,False,True,False,Devin,cross,line-anchored
2882576893,1,,1.0,False,False,True,False,False,Claude_Code,human,bare verdicts only
2882941412,1,,1.0,False,False,True,False,False,Devin,human,bare verdicts only
2883083776,1,,1.0,False,False,True,False,True,Claude_Code,human,summary only
2883125190,1,,1.0,False,False,True,True,False,Devin,human,line-anchored
2883187330,2,1.0,1.0,False,True,True,True,False,Devin,cross+human,line-anchored
2884473950,3,1.0,2.0,False,True,True,True,True,Devin,cross+human,line-anchored
2884581493,2,,2.0,False,False,True,True,True,Devin,human,line-anchored
2884694604,3,,3.0,False,False,True,True,False,Devin,human,line-anchored
2886001243,2,1.0,1.0,False,True,True,True,False,Devin,cross+human,line-anchored
2886079850,1,1.0,,False,True,False,True,False,Devin,cross,line-anchored
2886103948,1,,1.0,False,False,True,True,False,Devin,human,line-anchored
2886124960,2,,2.0,False,False,True,False,True,Devin,human,summary only
2886640084,2,1.0,1.0,False,True,True,True,False,Devin,cross+human,line-anchored
2886698699,1,1.0,,False,True,False,True,False,Devin,cross,line-anchored
2886842993,1,,1.0,False,False,True,False,False,Devin,human,bare verdicts only
2886897797,2,,2.0,False,False,True,False,False,Devin,human,bare verdicts only
2887386208,1,,1.0,False,False,True,False,False,Devin,human,bare verdicts only
2887628012,1,,1.0,False,False,True,False,False,Devin,human,bare verdicts only
2888099084,1,,1.0,False,False,True,False,True,Claude_Code,human,summary only
2888223222,1,,1.0,False,False,True,True,False,Devin,human,line-anchored
2888365345,2,,2.0,False,False,True,False,False,Devin,human,bare verdicts only
2888406702,2,,2.0,False,False,True,True,False,Devin,human,line-anchored
2888574069,1,,1.0,False,False,True,False,False,Devin,human,bare verdicts only
2888656724,1,,1.0,False,False,True,False,False,Devin,human,bare verdicts only
2888657963,1,,1.0,False,False,True,False,False,Devin,human,bare verdicts only
2888658506,1,,1.0,False,False,True,False,False,Devin,human,bare verdicts only
2888672043,1,,1.0,False,False,True,False,False,Devin,human,bare verdicts only
2888969392,1,,1.0,False,False,True,True,False,Devin,human,line-anchored
2888969472,1,,1.0,False,False,True,False,False,Devin,human,bare verdicts only
2888982802,1,,1.0,False,False,True,True,False,Devin,human,line-anchored
2889084115,1,,1.0,False,False,True,False,True,Devin,human,summary only
2889088401,1,,1.0,False,False,True,False,False,Devin,human,bare verdicts only
2889242157,1,,1.0,False,False,True,True,False,Devin,human,line-anchored
2889287277,1,,1.0,False,False,True,True,False,Devin,human,line-anchored
2889288178,1,,1.0,False,False,True,True,False,Devin,human,line-anchored
2889292561,1,,1.0,False,False,True,True,False,Devin,human,line-anchored
2889368019,1,,1.0,False,False,True,False,False,Devin,human,bare verdicts only
2890051390,2,,2.0,False,False,True,True,False,Devin,human,line-anchored
2890352964,1,,1.0,False,False,True,True,False,Devin,human,line-anchored
2891871225,1,,1.0,False,False,True,True,False,Devin,human,line-anchored
2891977336,1,,1.0,False,False,True,False,True,Devin,human,summary only
2891984003,1,,1.0,False,False,True,True,False,Devin,human,line-anchored
2892326421,1,1.0,,False,True,False,True,False,Devin,cross,line-anchored
2892364883,1,,1.0,False,False,True,True,True,Devin,human,line-anchored
2892514403,2,,2.0,False,False,True,False,True,Devin,human,summary only
2892552345,3,,3.0,False,False,True,True,True,Devin,human,line-anchored
2892580326,1,,1.0,False,False,True,True,False,Devin,human,line-anchored
2892658334,1,,1.0,False,False,True,True,False,Devin,human,line-anchored
2893236471,1,,1.0,False,False,True,False,True,Devin,human,summary only
2893361646,1,,1.0,False,False,True,True,False,Devin,human,line-anchored
2893421717,1,1.0,,False,True,False,True,True,Devin,cross,line-anchored
2893535102,2,,2.0,False,False,True,False,False,Devin,human,bare verdicts only
2893733497,2,1.0,1.0,False,True,True,True,True,Devin,cross+human,line-anchored
2894762370,1,1.0,,False,True,False,False,True,Claude_Code,cross,summary only
2894930869,1,,1.0,False,False,True,True,True,Devin,human,line-anchored
2895316084,1,,1.0,False,False,True,True,False,Devin,human,line-anchored
2895731914,1,1.0,,False,True,False,True,False,Devin,cross,line-anchored
2895754600,1,1.0,,False,True,False,True,False,Devin,cross,line-anchored
2895849861,1,,1.0,False,False,True,False,True,Devin,human,summary only
2895910398,1,,1.0,False,False,True,True,False,Devin,human,line-anchored
2895935478,1,,1.0,False,False,True,True,False,Devin,human,line-anchored
2896167895,1,1.0,,False,True,False,True,True,Devin,cross,line-anchored
2896388103,1,1.0,,False,True,False,True,True,Devin,cross,line-anchored
2897155784,1,1.0,,False,True,False,True,True,Devin,cross,line-anchored
2897765164,1,,1.0,False,False,True,True,True,Devin,human,line-anchored
2897928860,1,1.0,,False,True,False,True,True,Devin,cross,line-anchored
2898408890,1,,1.0,False,False,True,True,False,Devin,human,line-anchored
2899050914,1,,1.0,False,False,True,True,False,Devin,human,line-anchored
2899248773,2,,2.0,False,False,True,False,False,Devin,human,bare verdicts only
2899293720,1,,1.0,False,False,True,True,False,Devin,human,line-anchored
2899323444,1,,1.0,False,False,True,True,False,Devin,human,line-anchored
2899347249,1,,1.0,False,False,True,True,True,Devin,human,line-anchored
2899415257,1,1.0,,False,True,False,True,True,Devin,cross,line-anchored
2900058289,1,,1.0,False,False,True,True,False,Devin,human,line-anchored
2900145289,1,,1.0,False,False,True,True,True,Devin,human,line-anchored
2900251639,1,,1.0,False,False,True,False,False,Devin,human,bare verdicts only
2900283922,2,,2.0,False,False,True,False,True,Devin,human,summary only
2900522154,1,,1.0,False,False,True,False,False,Devin,human,bare verdicts only
2900672985,1,,1.0,False,False,True,True,False,Devin,human,line-anchored
2900760271,1,,1.0,False,False,True,True,False,Devin,human,line-anchored
2900819744,1,,1.0,False,False,True,False,False,Devin,human,bare verdicts only
2901039945,1,,1.0,False,False,True,False,False,Devin,human,bare verdicts only
2901256184,1,,1.0,False,False,True,False,True,Devin,human,summary only
2901266443,1,,1.0,False,False,True,False,False,Devin,human,bare verdicts only
2901338223,1,,1.0,False,False,True,True,False,Devin,human,line-anchored
2901506327,1,,1.0,False,False,True,False,False,Devin,human,bare verdicts only
2901556657,1,,1.0,False,False,True,True,False,Devin,human,line-anchored
2901577117,1,,1.0,False,False,True,False,False,Devin,human,bare verdicts only
2901677234,1,,1.0,False,False,True,True,False,Devin,human,line-anchored
2901772831,2,,2.0,False,False,True,True,True,Devin,human,line-anchored
2902050510,2,,2.0,False,False,True,True,True,Devin,human,line-anchored
2902796110,1,,1.0,False,False,True,False,False,Devin,human,bare verdicts only
2902941522,2,1.0,1.0,False,True,True,True,False,Devin,cross+human,line-anchored
2902945589,1,1.0,,False,True,False,True,False,Devin,cross,line-anchored
2902946216,1,1.0,,False,True,False,True,False,Devin,cross,line-anchored
2903255028,1,1.0,,False,True,False,True,True,Devin,cross,line-anchored
2903268247,1,,1.0,False,False,True,False,False,Devin,human,bare verdicts only
2903362817,1,,1.0,False,False,True,False,False,Devin,human,bare verdicts only
2903434211,1,,1.0,False,False,True,False,False,Devin,human,bare verdicts only
2903765641,1,1.0,,False,True,False,False,True,Devin,cross,summary only
2903873052,1,,1.0,False,False,True,False,False,Devin,human,bare verdicts only
2903936265,1,,1.0,False,False,True,False,True,Claude_Code,human,summary only
2904255373,2,1.0,1.0,False,True,True,False,True,Devin,cross+human,summary only
2904296517,1,,1.0,False,False,True,False,True,Devin,human,summary only
2905748105,1,,1.0,False,False,True,True,False,Claude_Code,human,line-anchored
2905777305,2,1.0,1.0,False,True,True,True,False,Devin,cross+human,line-anchored
2905811550,2,,2.0,False,False,True,False,True,Devin,human,summary only
2905878217,1,1.0,,False,True,False,True,True,Devin,cross,line-anchored
2907965341,1,,1.0,False,False,True,False,False,Devin,human,bare verdicts only
2908063881,1,,1.0,False,False,True,False,False,Devin,human,bare verdicts only
2908371213,1,,1.0,False,False,True,True,False,Devin,human,line-anchored
2908771855,1,1.0,,False,True,False,False,True,Claude_Code,cross,summary only
2908973350,1,,1.0,False,False,True,False,True,Devin,human,summary only
2909640593,1,1.0,,False,True,False,True,True,Claude_Code,cross,line-anchored
2909659518,3,,3.0,False,False,True,False,False,Devin,human,bare verdicts only
2911046194,3,,3.0,False,False,True,True,False,Devin,human,line-anchored
2911062935,2,,2.0,False,False,True,False,True,Devin,human,summary only
2911384010,1,,1.0,False,False,True,False,False,Devin,human,bare verdicts only
2911421627,1,,1.0,False,False,True,False,False,Devin,human,bare verdicts only
2911866751,1,,1.0,False,False,True,True,False,Devin,human,line-anchored
2911977885,1,1.0,,False,True,False,False,True,Devin,cross,summary only
2912249467,2,,2.0,False,False,True,True,True,Devin,human,line-anchored
2912451155,2,,2.0,False,False,True,False,True,Devin,human,summary only
2912459770,2,,2.0,False,False,True,False,True,Devin,human,summary only
2912461442,2,,2.0,False,False,True,False,True,Devin,human,summary only
2912546402,1,,1.0,False,False,True,False,False,Claude_Code,human,bare verdicts only
2913889839,1,,1.0,False,False,True,True,False,Devin,human,line-anchored
2913907959,1,1.0,,False,True,False,True,True,Devin,cross,line-anchored
2914035697,1,,1.0,False,False,True,False,False,Devin,human,bare verdicts only
2914053224,2,,2.0,False,False,True,True,True,Devin,human,line-anchored
2914109730,1,,1.0,False,False,True,False,False,Devin,human,bare verdicts only
2914264245,1,,1.0,False,False,True,True,False,Devin,human,line-anchored
2914277614,1,,1.0,False,False,True,False,True,Claude_Code,human,summary only
2914376188,2,,2.0,False,False,True,True,True,Claude_Code,human,line-anchored
2914383409,1,,1.0,False,False,True,True,False,Devin,human,line-anchored
2914582204,1,,1.0,False,False,True,True,False,Devin,human,line-anchored
2915084110,1,,1.0,False,False,True,False,False,Devin,human,bare verdicts only
2915185703,2,,2.0,False,False,True,True,True,Devin,human,line-anchored
2915198291,1,1.0,,False,True,False,False,True,Claude_Code,cross,summary only
2915204489,1,1.0,,False,True,False,False,True,Claude_Code,cross,summary only
2915517113,1,,1.0,False,False,True,False,False,Devin,human,bare verdicts only
2915529501,1,1.0,,False,True,False,True,True,Devin,cross,line-anchored
2915568680,1,1.0,,False,True,False,False,True,Devin,cross,summary only
2915657286,1,1.0,,False,True,False,True,True,Devin,cross,line-anchored
2915784381,3,,3.0,False,False,True,False,True,Claude_Code,human,summary only
2915901814,1,,1.0,False,False,True,True,False,Devin,human,line-anchored
2916133951,1,1.0,,False,True,False,True,True,Devin,cross,line-anchored
2916209226,2,,2.0,False,False,True,False,True,Devin,human,summary only
2916249428,1,1.0,,False,True,False,True,True,Devin,cross,line-anchored
2916429274,2,,2.0,False,False,True,False,True,Devin,human,summary only
2916506583,1,,1.0,False,False,True,True,False,Devin,human,line-anchored
2916677326,4,,4.0,False,False,True,False,True,Claude_Code,human,summary only
2917148554,1,,1.0,False,False,True,True,True,Devin,human,line-anchored
2918474942,1,,1.0,False,False,True,False,False,Devin,human,bare verdicts only
2918530308,1,,1.0,False,False,True,True,False,Devin,human,line-anchored
2918600215,1,,1.0,False,False,True,True,False,Devin,human,line-anchored
2918768296,2,,2.0,False,False,True,True,False,Devin,human,line-anchored
2918946440,2,,2.0,False,False,True,True,False,Devin,human,line-anchored
2920256357,1,,1.0,False,False,True,True,True,Devin,human,line-anchored
2920270644,1,,1.0,False,False,True,True,True,Devin,human,line-anchored
2920281090,1,,1.0,False,False,True,True,True,Devin,human,line-anchored
2920298510,1,,1.0,False,False,True,False,False,Devin,human,bare verdicts only
2920341738,2,,2.0,False,False,True,True,True,Devin,human,line-anchored
2920356295,1,,1.0,False,False,True,False,False,Devin,human,bare verdicts only
2920374991,1,,1.0,False,False,True,True,True,Devin,human,line-anchored
2920388738,1,,1.0,False,False,True,False,False,Devin,human,bare verdicts only
2920400760,2,,2.0,False,False,True,True,True,Devin,human,line-anchored
2920415625,1,,1.0,False,False,True,True,True,Devin,human,line-anchored
2920429766,1,,1.0,False,False,True,True,True,Devin,human,line-anchored
2920442892,2,,2.0,False,False,True,True,False,Devin,human,line-anchored
2920459651,1,,1.0,False,False,True,False,False,Devin,human,bare verdicts only
2920607824,2,,2.0,False,False,True,True,True,Devin,human,line-anchored
2920999550,2,1.0,1.0,False,True,True,True,True,Claude_Code,cross+human,line-anchored
2921025032,2,,2.0,False,False,True,False,False,Devin,human,bare verdicts only
2921044123,5,1.0,4.0,False,True,True,True,True,Claude_Code,cross+human,line-anchored
2921210539,1,,1.0,False,False,True,False,False,Devin,human,bare verdicts only
2921431692,1,,1.0,False,False,True,False,False,Devin,human,bare verdicts only
2921555969,1,,1.0,False,False,True,True,False,Devin,human,line-anchored
2921595103,1,,1.0,False,False,True,False,False,Devin,human,bare verdicts only
2921922492,1,,1.0,False,False,True,False,False,Devin,human,bare verdicts only
2922217863,1,,1.0,False,False,True,False,False,Devin,human,bare verdicts only
2922222913,1,1.0,,False,True,False,False,True,Devin,cross,summary only
2922233171,5,,5.0,False,False,True,False,True,Devin,human,summary only
2922332273,1,,1.0,False,False,True,True,False,Devin,human,line-anchored
2922352169,1,,1.0,False,False,True,True,False,Devin,human,line-anchored
2923130106,1,,1.0,False,False,True,True,False,Devin,human,line-anchored
2924044208,2,,2.0,False,False,True,True,True,Devin,human,line-anchored
2925282771,2,,2.0,False,False,True,True,False,Claude_Code,human,line-anchored
2925922567,1,,1.0,False,False,True,False,False,Devin,human,bare verdicts only
2926341856,1,,1.0,False,False,True,False,False,Devin,human,bare verdicts only
2926516546,1,,1.0,False,False,True,True,False,Devin,human,line-anchored
2926624831,1,,1.0,False,False,True,True,False,Devin,human,line-anchored
2926812000,1,1.0,,False,True,False,False,True,Devin,cross,summary only
2926827370,1,1.0,,False,True,False,True,True,Devin,cross,line-anchored
2927039592,1,,1.0,False,False,True,True,True,Devin,human,line-anchored
2928053953,1,,1.0,False,False,True,True,False,Devin,human,line-anchored
2928849745,1,,1.0,False,False,True,False,False,Devin,human,bare verdicts only
2928977855,1,,1.0,False,False,True,False,False,Devin,human,bare verdicts only
2929564397,2,,2.0,False,False,True,True,True,Devin,human,line-anchored
2929590392,1,,1.0,False,False,True,False,False,Devin,human,bare verdicts only
2929652596,2,,2.0,False,False,True,True,False,Devin,human,line-anchored
2929730039,1,,1.0,False,False,True,False,False,Devin,human,bare verdicts only
2929829160,1,,1.0,False,False,True,False,False,Devin,human,bare verdicts only
2930524489,1,1.0,,False,True,False,True,True,Devin,cross,line-anchored
2931811600,1,,1.0,False,False,True,False,False,Devin,human,bare verdicts only
2932649410,1,,1.0,False,False,True,True,False,Devin,human,line-anchored
2932761138,2,,2.0,False,False,True,True,False,Devin,human,line-anchored
2932771365,2,1.0,1.0,False,True,True,True,False,Devin,cross+human,line-anchored
2932784145,1,,1.0,False,False,True,True,False,Devin,human,line-anchored
2932796836,1,,1.0,False,False,True,True,False,Devin,human,line-anchored
2932805811,1,,1.0,False,False,True,True,True,Devin,human,line-anchored
2932816275,2,,2.0,False,False,True,True,False,Devin,human,line-anchored
2932826374,2,1.0,1.0,False,True,True,True,False,Devin,cross+human,line-anchored
2932838782,1,,1.0,False,False,True,True,False,Devin,human,line-anchored
2932851977,1,,1.0,False,False,True,True,False,Devin,human,line-anchored
2932864823,1,,1.0,False,False,True,True,False,Devin,human,line-anchored
2933172410,1,,1.0,False,False,True,False,True,Devin,human,summary only
2933365044,2,,2.0,False,False,True,True,False,Devin,human,line-anchored
2933500744,2,1.0,1.0,False,True,True,True,False,Devin,cross+human,line-anchored
2933739303,1,,1.0,False,False,True,False,False,Devin,human,bare verdicts only
2934097597,1,,1.0,False,False,True,False,False,Devin,human,bare verdicts only
2935908267,2,,2.0,False,False,True,True,False,Devin,human,line-anchored
2935949983,1,,1.0,False,False,True,False,False,Devin,human,bare verdicts only
2936426871,1,,1.0,False,False,True,True,False,Devin,human,line-anchored
2936433712,1,,1.0,False,False,True,False,False,Devin,human,bare verdicts only
2936502154,1,,1.0,False,False,True,True,False,Devin,human,line-anchored
2936705149,1,1.0,,False,True,False,True,False,Devin,cross,line-anchored
2936982220,3,,3.0,False,False,True,True,False,Claude_Code,human,line-anchored
2937600069,2,,2.0,False,False,True,True,True,Devin,human,line-anchored
2938063070,3,,3.0,False,False,True,False,True,Devin,human,summary only
2939503388,1,,1.0,False,False,True,False,False,Devin,human,bare verdicts only
2939562448,1,,1.0,False,False,True,False,True,Devin,human,summary only
2939571603,2,1.0,1.0,False,True,True,True,False,Devin,cross+human,line-anchored
2939616751,1,,1.0,False,False,True,True,False,Devin,human,line-anchored
2940598178,1,,1.0,False,False,True,False,False,Devin,human,bare verdicts only
2941522531,1,,1.0,False,False,True,False,False,Devin,human,bare verdicts only
2941637629,2,,2.0,False,False,True,True,False,Devin,human,line-anchored
2941643405,1,,1.0,False,False,True,True,False,Devin,human,line-anchored
2941644510,1,,1.0,False,False,True,True,False,Devin,human,line-anchored
2941651081,1,,1.0,False,False,True,False,False,Devin,human,bare verdicts only
2942029831,2,,2.0,False,False,True,False,True,Devin,human,summary only
2944016964,1,,1.0,False,False,True,False,False,Devin,human,bare verdicts only
2944337709,1,,1.0,False,False,True,True,False,Devin,human,line-anchored
2944465921,2,,2.0,False,False,True,True,True,Devin,human,line-anchored
2944482200,1,,1.0,False,False,True,False,False,Devin,human,bare verdicts only
2944753566,2,,2.0,False,False,True,True,False,Devin,human,line-anchored
2945366407,2,,2.0,False,False,True,True,True,Devin,human,line-anchored
2946866343,1,,1.0,False,False,True,False,False,Devin,human,bare verdicts only
2947022841,1,,1.0,False,False,True,False,False,Devin,human,bare verdicts only
2947041637,1,,1.0,False,False,True,False,False,Devin,human,bare verdicts only
2947683935,1,,1.0,False,False,True,False,False,Devin,human,bare verdicts only
2947870333,1,,1.0,False,False,True,False,False,Devin,human,bare verdicts only
2947885207,1,,1.0,False,False,True,True,False,Devin,human,line-anchored
2948031260,1,,1.0,False,False,True,True,True,Devin,human,line-anchored
2948843602,1,,1.0,False,False,True,True,False,Devin,human,line-anchored
2949364196,2,,2.0,False,False,True,True,True,Devin,human,line-anchored
2949502900,1,1.0,,False,True,False,False,True,Devin,cross,summary only
2950236074,2,1.0,1.0,False,True,True,True,False,Devin,cross+human,line-anchored
2950313797,1,1.0,,False,True,False,False,True,Devin,cross,summary only
2950922629,2,,2.0,False,False,True,False,True,Devin,human,summary only
2951230031,1,,1.0,False,False,True,True,False,Devin,human,line-anchored
2951329700,1,,1.0,False,False,True,True,False,Devin,human,line-anchored
2951345490,1,,1.0,False,False,True,False,True,Devin,human,summary only
2952003676,2,,2.0,False,False,True,False,True,Devin,human,summary only
2952049919,2,,2.0,False,False,True,False,True,Devin,human,summary only
2952353649,2,,2.0,False,False,True,False,True,Devin,human,summary only
2952650167,3,,3.0,False,False,True,True,True,Devin,human,line-anchored
2952984765,1,,1.0,False,False,True,False,False,Devin,human,bare verdicts only
2953342417,1,,1.0,False,False,True,False,False,Devin,human,bare verdicts only
2953519314,1,,1.0,False,False,True,True,False,Devin,human,line-anchored
2953584873,1,,1.0,False,False,True,False,False,Devin,human,bare verdicts only
2953630096,1,,1.0,False,False,True,False,False,Devin,human,bare verdicts only
2953881496,1,,1.0,False,False,True,True,False,Devin,human,line-anchored
2954082475,4,,4.0,False,False,True,True,True,Devin,human,line-anchored
2954131383,1,,1.0,False,False,True,False,False,Devin,human,bare verdicts only
2954168294,1,,1.0,False,False,True,False,False,Devin,human,bare verdicts only
2954259718,1,,1.0,False,False,True,False,False,Devin,human,bare verdicts only
2954282664,1,,1.0,False,False,True,False,False,Devin,human,bare verdicts only
2954342025,1,,1.0,False,False,True,False,False,Devin,human,bare verdicts only
2954462778,1,,1.0,False,False,True,False,False,Devin,human,bare verdicts only
2954623117,1,,1.0,False,False,True,False,False,Devin,human,bare verdicts only
2955783318,1,,1.0,False,False,True,False,True,Devin,human,summary only
2956095750,1,,1.0,False,False,True,False,False,Devin,human,bare verdicts only
2956281115,1,,1.0,False,False,True,True,False,Devin,human,line-anchored
2956306001,2,1.0,1.0,False,True,True,True,True,Devin,cross+human,line-anchored
2956373402,1,1.0,,False,True,False,False,True,Devin,cross,summary only
2956383897,1,,1.0,False,False,True,True,False,Devin,human,line-anchored
2956393636,2,1.0,1.0,False,True,True,False,True,Devin,cross+human,summary only
2956510109,1,,1.0,False,False,True,True,True,Devin,human,line-anchored
2956537526,1,,1.0,False,False,True,True,False,Devin,human,line-anchored
2956599072,1,,1.0,False,False,True,False,False,Devin,human,bare verdicts only
2956675927,1,,1.0,False,False,True,False,False,Devin,human,bare verdicts only
2957323680,1,,1.0,False,False,True,False,False,Devin,human,bare verdicts only
2957711260,1,,1.0,False,False,True,False,False,Devin,human,bare verdicts only
2957902557,1,,1.0,False,False,True,False,False,Devin,human,bare verdicts only
2958368195,1,,1.0,False,False,True,True,False,Devin,human,line-anchored
2958369170,1,,1.0,False,False,True,True,False,Devin,human,line-anchored
2958392817,1,,1.0,False,False,True,True,True,Devin,human,line-anchored
2958405387,1,,1.0,False,False,True,True,False,Devin,human,line-anchored
2958441612,1,,1.0,False,False,True,True,False,Devin,human,line-anchored
2958457158,1,,1.0,False,False,True,True,True,Devin,human,line-anchored
2958477187,1,,1.0,False,False,True,True,False,Devin,human,line-anchored
2958497047,1,,1.0,False,False,True,False,False,Devin,human,bare verdicts only
2958863587,1,,1.0,False,False,True,True,False,Devin,human,line-anchored
2958880151,1,,1.0,False,False,True,False,False,Devin,human,bare verdicts only
2958947596,1,,1.0,False,False,True,True,False,Devin,human,line-anchored
2958966680,1,,1.0,False,False,True,True,True,Devin,human,line-anchored
2959025558,1,1.0,,False,True,False,False,True,Devin,cross,summary only
2959025892,1,,1.0,False,False,True,False,True,Claude_Code,human,summary only
2959030715,1,1.0,,False,True,False,False,True,Devin,cross,summary only
2959039420,1,,1.0,False,False,True,True,False,Devin,human,line-anchored
2959052862,1,,1.0,False,False,True,False,False,Devin,human,bare verdicts only
2959059531,1,,1.0,False,False,True,False,False,Devin,human,bare verdicts only
2959068895,2,1.0,1.0,False,True,True,True,True,Devin,cross+human,line-anchored
2959442086,1,,1.0,False,False,True,False,True,Devin,human,summary only
2959659217,1,,1.0,False,False,True,False,True,Devin,human,summary only
2959767873,1,,1.0,False,False,True,False,True,Devin,human,summary only
2960937494,1,,1.0,False,False,True,False,False,Devin,human,bare verdicts only
2960957748,1,,1.0,False,False,True,False,False,Devin,human,bare verdicts only
2961010664,1,,1.0,False,False,True,False,False,Devin,human,bare verdicts only
2961539509,1,,1.0,False,False,True,False,False,Devin,human,bare verdicts only
2961881737,1,,1.0,False,False,True,False,False,Devin,human,bare verdicts only
2961908033,1,1.0,,False,True,False,False,True,Devin,cross,summary only
2961955451,1,,1.0,False,False,True,True,False,Devin,human,line-anchored
2962061671,2,,2.0,False,False,True,True,True,Devin,human,line-anchored
2962977807,1,,1.0,False,False,True,False,True,Devin,human,summary only
2963124263,1,,1.0,False,False,True,False,True,Devin,human,summary only
2963758372,1,,1.0,False,False,True,True,True,Devin,human,line-anchored
2964017894,1,,1.0,False,False,True,False,False,Devin,human,bare verdicts only
2964532192,1,,1.0,False,False,True,False,False,Devin,human,bare verdicts only
2964863960,2,,2.0,False,False,True,False,True,Devin,human,summary only
2965816024,2,,2.0,False,False,True,True,True,Devin,human,line-anchored
2965833400,2,,2.0,False,False,True,True,True,Devin,human,line-anchored
2966974920,1,,1.0,False,False,True,True,False,Devin,human,line-anchored
2966979762,1,,1.0,False,False,True,True,False,Devin,human,line-anchored
2967058029,1,,1.0,False,False,True,True,False,Devin,human,line-anchored
2967113793,1,,1.0,False,False,True,True,False,Devin,human,line-anchored
2967427975,1,,1.0,False,False,True,False,False,Devin,human,bare verdicts only
2968159813,2,,2.0,False,False,True,True,True,Devin,human,line-anchored
2968331280,2,1.0,1.0,False,True,True,True,True,Devin,cross+human,line-anchored
2968381717,2,,2.0,False,False,True,True,True,Devin,human,line-anchored
2968834945,2,,2.0,False,False,True,True,True,Devin,human,line-anchored
2969250576,2,,2.0,False,False,True,True,True,Devin,human,line-anchored
2970244633,1,,1.0,False,False,True,True,False,Devin,human,line-anchored
2970414990,1,,1.0,False,False,True,False,False,Devin,human,bare verdicts only
2970732471,1,,1.0,False,False,True,False,False,Devin,human,bare verdicts only
2970747523,2,1.0,1.0,False,True,True,True,True,Devin,cross+human,line-anchored
2970771094,1,,1.0,False,False,True,True,False,Devin,human,line-anchored
2970813905,2,,2.0,False,False,True,True,False,Devin,human,line-anchored
2970816838,2,,2.0,False,False,True,True,False,Devin,human,line-anchored
2970817573,2,,2.0,False,False,True,True,False,Devin,human,line-anchored
2970817625,2,,2.0,False,False,True,True,True,Devin,human,line-anchored
2970823147,2,,2.0,False,False,True,True,True,Devin,human,line-anchored
2970823319,2,,2.0,False,False,True,True,True,Devin,human,line-anchored
2970824623,2,,2.0,False,False,True,True,True,Devin,human,line-anchored
2970834010,2,,2.0,False,False,True,True,True,Devin,human,line-anchored
2970843603,2,,2.0,False,False,True,True,True,Devin,human,line-anchored
2971103872,2,,2.0,False,False,True,False,True,Devin,human,summary only
2971105707,2,,2.0,False,False,True,True,False,Devin,human,line-anchored
2971108176,2,,2.0,False,False,True,True,False,Devin,human,line-anchored
2971108706,2,,2.0,False,False,True,True,True,Devin,human,line-anchored
2971115573,2,,2.0,False,False,True,True,True,Devin,human,line-anchored
2971117107,2,,2.0,False,False,True,True,False,Devin,human,line-anchored
2971118506,2,,2.0,False,False,True,True,False,Devin,human,line-anchored
2971120661,2,,2.0,False,False,True,True,True,Devin,human,line-anchored
2971122854,2,,2.0,False,False,True,True,True,Devin,human,line-anchored
2971125606,1,,1.0,False,False,True,True,True,Devin,human,line-anchored
2971168971,2,,2.0,False,False,True,True,True,Devin,human,line-anchored
2971334331,2,,2.0,False,False,True,True,False,Devin,human,line-anchored
2971334427,1,,1.0,False,False,True,False,True,Devin,human,summary only
2971692797,2,,2.0,False,False,True,True,True,Devin,human,line-anchored
2971767960,4,,4.0,False,False,True,True,True,Devin,human,line-anchored
2971908072,1,,1.0,False,False,True,False,True,Devin,human,summary only
2971926630,2,,2.0,False,False,True,True,True,Devin,human,line-anchored
2972042807,2,,2.0,False,False,True,False,True,Devin,human,summary only
2972138069,2,,2.0,False,False,True,False,True,Devin,human,summary only
2972183405,2,,2.0,False,False,True,True,True,Devin,human,line-anchored
2972319075,3,1.0,2.0,False,True,True,True,True,Devin,cross+human,line-anchored
2972343163,2,,2.0,False,False,True,True,True,Devin,human,line-anchored
2972598350,2,,2.0,False,False,True,True,False,Devin,human,line-anchored
2972926523,1,,1.0,False,False,True,True,False,Devin,human,line-anchored
2973011621,3,1.0,2.0,False,True,True,True,True,Devin,cross+human,line-anchored
2973515264,1,,1.0,False,False,True,False,True,Devin,human,summary only
2973653748,1,,1.0,False,False,True,False,False,Devin,human,bare verdicts only
2974051079,2,1.0,1.0,False,True,True,False,True,Devin,cross+human,summary only
2974105233,2,1.0,1.0,False,True,True,True,True,Devin,cross+human,line-anchored
2974602984,1,1.0,,False,True,False,False,True,Devin,cross,summary only
2974922148,2,1.0,1.0,False,True,True,True,True,Devin,cross+human,line-anchored
2975165913,1,,1.0,False,False,True,False,True,Claude_Code,human,summary only
2975742972,2,,2.0,False,False,True,False,True,Devin,human,summary only
2975829994,3,,3.0,False,False,True,True,False,Devin,human,line-anchored
2975836797,3,,3.0,False,False,True,True,False,Devin,human,line-anchored
2975842137,2,,2.0,False,False,True,True,True,Devin,human,line-anchored
2975846496,2,,2.0,False,False,True,False,True,Devin,human,summary only
2976012580,2,,2.0,False,False,True,True,False,Devin,human,line-anchored
2976106239,2,1.0,1.0,False,True,True,True,True,Devin,cross+human,line-anchored
2976280116,1,,1.0,False,False,True,False,False,Devin,human,bare verdicts only
2976318527,2,,2.0,False,False,True,True,True,Devin,human,line-anchored
2976319344,1,,1.0,False,False,True,True,True,Devin,human,line-anchored
2976332198,1,,1.0,False,False,True,False,True,Devin,human,summary only
2977353844,1,,1.0,False,False,True,True,True,Devin,human,line-anchored
2977963095,3,,3.0,False,False,True,True,True,Devin,human,line-anchored
2977988551,3,1.0,2.0,False,True,True,True,True,Devin,cross+human,line-anchored
2978436805,2,,2.0,False,False,True,True,True,Devin,human,line-anchored
2978450429,1,,1.0,False,False,True,False,True,Devin,human,summary only
2978702847,2,,2.0,False,False,True,True,True,Devin,human,line-anchored
2978840535,2,,2.0,False,False,True,True,False,Devin,human,line-anchored
2979146839,2,,2.0,False,False,True,True,False,Devin,human,line-anchored
2979168546,1,,1.0,False,False,True,False,False,Devin,human,bare verdicts only
2979188108,1,,1.0,False,False,True,True,False,Devin,human,line-anchored
2979615970,1,1.0,,False,True,False,True,True,Devin,cross,line-anchored
2979954710,4,,4.0,False,False,True,True,False,Devin,human,line-anchored
2980213795,1,,1.0,False,False,True,True,False,Devin,human,line-anchored
2980642682,2,,2.0,False,False,True,True,False,Devin,human,line-anchored
2980647782,1,,1.0,False,False,True,False,False,Devin,human,bare verdicts only
2981016143,1,,1.0,False,False,True,True,False,Devin,human,line-anchored
2981186117,1,,1.0,False,False,True,False,False,Devin,human,bare verdicts only
2981300634,1,,1.0,False,False,True,True,False,Devin,human,line-anchored
2981389542,1,,1.0,False,False,True,True,False,Devin,human,line-anchored
2981389984,1,,1.0,False,False,True,True,False,Devin,human,line-anchored
2981422543,2,,2.0,False,False,True,False,True,Devin,human,summary only
2981423993,2,,2.0,False,False,True,True,True,Devin,human,line-anchored
2981432205,1,,1.0,False,False,True,True,False,Devin,human,line-anchored
2981532949,1,1.0,,False,True,False,True,True,Devin,cross,line-anchored
2981923119,1,1.0,,False,True,False,False,True,Devin,cross,summary only
2981947537,2,,2.0,False,False,True,False,True,Devin,human,summary only
2982048284,1,,1.0,False,False,True,False,True,Devin,human,summary only
2982086607,2,,2.0,False,False,True,False,True,Devin,human,summary only
2982204377,1,,1.0,False,False,True,False,False,Devin,human,bare verdicts only
2982207439,1,,1.0,False,False,True,False,False,Devin,human,bare verdicts only
2982357826,1,,1.0,False,False,True,True,False,Devin,human,line-anchored
2982400275,3,,3.0,False,False,True,True,False,Devin,human,line-anchored
2982438384,1,,1.0,False,False,True,True,True,Devin,human,line-anchored
2982545758,3,1.0,2.0,False,True,True,True,True,Devin,cross+human,line-anchored
2982621538,2,,2.0,False,False,True,True,False,Devin,human,line-anchored
2982628828,1,,1.0,False,False,True,True,False,Devin,human,line-anchored
2983172226,1,,1.0,False,False,True,False,False,Devin,human,bare verdicts only
2983438424,1,,1.0,False,False,True,False,False,Devin,human,bare verdicts only
2984176797,1,,1.0,False,False,True,False,False,Devin,human,bare verdicts only
2984262157,1,,1.0,False,False,True,False,True,Devin,human,summary only
2984396673,2,,2.0,False,False,True,False,True,Devin,human,summary only
2984591304,2,,2.0,False,False,True,True,True,Devin,human,line-anchored
2984873610,3,,3.0,False,False,True,True,True,Devin,human,line-anchored
2984932879,1,,1.0,False,False,True,True,False,Devin,human,line-anchored
2985202865,2,,2.0,False,False,True,True,True,Devin,human,line-anchored
2985471045,3,,3.0,False,False,True,True,True,Devin,human,line-anchored
2985600551,1,,1.0,False,False,True,False,False,Devin,human,bare verdicts only
2985728809,1,,1.0,False,False,True,True,False,Devin,human,line-anchored
2986070957,2,,2.0,False,False,True,True,False,Devin,human,line-anchored
2986072834,2,,2.0,False,False,True,True,False,Claude_Code,human,line-anchored
2986927400,1,,1.0,False,False,True,True,False,Devin,human,line-anchored
2987137489,1,,1.0,False,False,True,False,False,Devin,human,bare verdicts only
2987146455,1,,1.0,False,False,True,False,False,Devin,human,bare verdicts only
2987193283,2,1.0,1.0,False,True,True,False,True,Devin,cross+human,summary only
2987270776,1,,1.0,False,False,True,False,False,Devin,human,bare verdicts only
2987290874,1,,1.0,False,False,True,False,False,Devin,human,bare verdicts only
2987950137,1,,1.0,False,False,True,True,False,Devin,human,line-anchored
2988714139,1,,1.0,False,False,True,False,False,Devin,human,bare verdicts only
2988779041,1,,1.0,False,False,True,False,False,Devin,human,bare verdicts only
2989093783,1,,1.0,False,False,True,True,True,Devin,human,line-anchored
2989136571,2,1.0,1.0,False,True,True,True,True,Devin,cross+human,line-anchored
2989241488,1,,1.0,False,False,True,True,False,Devin,human,line-anchored
2989340247,3,1.0,2.0,False,True,True,True,True,Devin,cross+human,line-anchored
2989346669,1,,1.0,False,False,True,True,False,Devin,human,line-anchored
2989490334,1,,1.0,False,False,True,True,False,Devin,human,line-anchored
2989501310,1,,1.0,False,False,True,True,False,Devin,human,line-anchored
2989648978,1,,1.0,False,False,True,False,False,Devin,human,bare verdicts only
2989721425,1,,1.0,False,False,True,False,False,Devin,human,bare verdicts only
2989761342,2,,2.0,False,False,True,True,False,Devin,human,line-anchored
2989797052,1,,1.0,False,False,True,True,False,Devin,human,line-anchored
2990012909,1,,1.0,False,False,True,False,False,Claude_Code,human,bare verdicts only
2990028437,1,,1.0,False,False,True,False,False,Devin,human,bare verdicts only
2990093713,2,,2.0,False,False,True,True,True,Devin,human,line-anchored
2990115371,2,,2.0,False,False,True,True,False,Devin,human,line-anchored
2990194747,1,1.0,,False,True,False,False,True,Devin,cross,summary only
2990448084,4,2.0,2.0,False,True,True,True,True,Devin,cross+human,line-anchored
2990679795,1,,1.0,False,False,True,False,False,Devin,human,bare verdicts only
2990759837,1,,1.0,False,False,True,True,False,Devin,human,line-anchored
2990760074,2,2.0,,False,True,False,False,True,Devin,cross,summary only
2990773468,1,1.0,,False,True,False,False,True,Devin,cross,summary only
2991382588,1,,1.0,False,False,True,True,False,Devin,human,line-anchored
2991406336,1,,1.0,False,False,True,True,False,Devin,human,line-anchored
2991480772,1,,1.0,False,False,True,True,False,Devin,human,line-anchored
2991791185,2,,2.0,False,False,True,True,True,Devin,human,line-anchored
2991810051,2,,2.0,False,False,True,True,True,Devin,human,line-anchored
2992901385,1,,1.0,False,False,True,False,False,Devin,human,bare verdicts only
2993205545,1,,1.0,False,False,True,True,False,Devin,human,line-anchored
2993308860,1,,1.0,False,False,True,False,False,Devin,human,bare verdicts only
2993437629,1,,1.0,False,False,True,False,False,Devin,human,bare verdicts only
2993540792,1,,1.0,False,False,True,False,False,Devin,human,bare verdicts only
2994099200,2,,2.0,False,False,True,True,False,Devin,human,line-anchored
2994132824,2,1.0,1.0,False,True,True,True,True,Devin,cross+human,line-anchored
2994186364,2,1.0,1.0,False,True,True,False,True,Devin,cross+human,summary only
2994651567,1,,1.0,False,False,True,False,False,Devin,human,bare verdicts only
2994679953,1,,1.0,False,False,True,True,False,Devin,human,line-anchored
2994704169,1,,1.0,False,False,True,False,False,Devin,human,bare verdicts only
2994933163,2,,2.0,False,False,True,True,True,Devin,human,line-anchored
2996628427,1,,1.0,False,False,True,True,False,Devin,human,line-anchored
2998444772,1,,1.0,False,False,True,True,False,Devin,human,line-anchored
2999367490,1,,1.0,False,False,True,True,True,Devin,human,line-anchored
2999563616,2,,2.0,False,False,True,True,True,Devin,human,line-anchored
2999859413,1,,1.0,False,False,True,True,False,Devin,human,line-anchored
2999960901,1,,1.0,False,False,True,False,False,Devin,human,bare verdicts only
3000083193,1,,1.0,False,False,True,False,True,Devin,human,summary only
3000310264,1,,1.0,False,False,True,True,False,Devin,human,line-anchored
3001400146,1,,1.0,False,False,True,True,False,Devin,human,line-anchored
3001936236,2,1.0,1.0,False,True,True,False,True,Devin,cross+human,summary only
3002304521,1,,1.0,False,False,True,False,False,Devin,human,bare verdicts only
3002392324,1,,1.0,False,False,True,False,False,Devin,human,bare verdicts only
3003414156,2,1.0,1.0,False,True,True,True,True,Devin,cross+human,line-anchored
3003452544,1,,1.0,False,False,True,False,True,Devin,human,summary only
3003672489,1,,1.0,False,False,True,False,False,Devin,human,bare verdicts only
3004072776,1,,1.0,False,False,True,False,True,Devin,human,summary only
3004094750,1,,1.0,False,False,True,False,True,Devin,human,summary only
3004184100,2,,2.0,False,False,True,False,True,Devin,human,summary only
3004609082,1,,1.0,False,False,True,False,False,Devin,human,bare verdicts only
3004739870,2,1.0,1.0,False,True,True,True,True,Devin,cross+human,line-anchored
3004800752,1,1.0,,False,True,False,True,True,Devin,cross,line-anchored
3004932367,2,1.0,1.0,False,True,True,True,True,Devin,cross+human,line-anchored
3004992429,1,,1.0,False,False,True,True,False,Devin,human,line-anchored
3005860496,2,1.0,1.0,False,True,True,True,True,Devin,cross+human,line-anchored
3007049461,1,,1.0,False,False,True,True,False,Devin,human,line-anchored
3007108786,2,1.0,1.0,False,True,True,False,True,Devin,cross+human,summary only
3007111198,2,1.0,1.0,False,True,True,True,True,Devin,cross+human,line-anchored
3007551438,2,,2.0,False,False,True,False,True,Devin,human,summary only
3007785025,1,,1.0,False,False,True,False,True,Claude_Code,human,summary only
3007834112,3,,3.0,False,False,True,True,True,Devin,human,line-anchored
3007942498,1,1.0,,False,True,False,False,True,Devin,cross,summary only
3008439866,1,1.0,,False,True,False,False,True,Devin,cross,summary only
3009753036,2,,2.0,False,False,True,False,True,Devin,human,summary only
3010053302,2,,2.0,False,False,True,False,True,Devin,human,summary only
3010545410,1,,1.0,False,False,True,False,True,Devin,human,summary only
3010678306,3,,3.0,False,False,True,True,False,Devin,human,line-anchored
3011324882,2,1.0,1.0,False,True,True,False,True,Devin,cross+human,summary only
3011464215,1,,1.0,False,False,True,True,False,Devin,human,line-anchored
3011870485,1,,1.0,False,False,True,False,False,Devin,human,bare verdicts only
3011907232,1,1.0,,False,True,False,False,True,Devin,cross,summary only
3011968538,1,1.0,,False,True,False,False,True,Devin,cross,summary only
3012246879,1,,1.0,False,False,True,True,False,Devin,human,line-anchored
3012304281,1,,1.0,False,False,True,False,False,Devin,human,bare verdicts only
3013465434,1,,1.0,False,False,True,False,False,Devin,human,bare verdicts only
3013552792,2,,2.0,False,False,True,True,True,Devin,human,line-anchored
3013750996,2,,2.0,False,False,True,True,True,Devin,human,line-anchored
3013775126,2,,2.0,False,False,True,True,True,Devin,human,line-anchored
3013906937,4,,4.0,False,False,True,True,True,Devin,human,line-anchored
3013980142,1,,1.0,False,False,True,False,False,Devin,human,bare verdicts only
3014051960,1,,1.0,False,False,True,False,False,Devin,human,bare verdicts only
3014353167,1,,1.0,False,False,True,False,False,Devin,human,bare verdicts only
3014434999,1,,1.0,False,False,True,False,False,Devin,human,bare verdicts only
3015103993,1,1.0,,False,True,False,False,True,Devin,cross,summary only
3015345158,1,,1.0,False,False,True,False,False,Devin,human,bare verdicts only
3015346302,1,,1.0,False,False,True,False,False,Devin,human,bare verdicts only
3015729947,2,,2.0,False,False,True,False,True,Devin,human,summary only
3015942635,1,,1.0,False,False,True,True,False,Devin,human,line-anchored
3016022168,3,,3.0,False,False,True,True,True,Devin,human,line-anchored
3016277401,2,,2.0,False,False,True,False,True,Devin,human,summary only
3016516301,2,,2.0,False,False,True,False,True,Devin,human,summary only
3016803016,2,,2.0,False,False,True,True,False,Devin,human,line-anchored
3016844227,1,1.0,,False,True,False,False,True,Devin,cross,summary only
3016881237,2,,2.0,False,False,True,True,False,Devin,human,line-anchored
3016905680,1,1.0,,False,True,False,False,True,Devin,cross,summary only
3016973539,2,,2.0,False,False,True,True,True,Devin,human,line-anchored
3016974217,2,,2.0,False,False,True,True,True,Devin,human,line-anchored
3016975870,2,,2.0,False,False,True,True,True,Devin,human,line-anchored
3016978865,2,,2.0,False,False,True,True,True,Devin,human,line-anchored
3016980479,1,1.0,,False,True,False,False,True,Devin,cross,summary only
3016994685,2,,2.0,False,False,True,True,True,Devin,human,line-anchored
3017016012,2,,2.0,False,False,True,True,False,Devin,human,line-anchored
3017084898,1,,1.0,False,False,True,False,True,Devin,human,summary only
3017122010,1,,1.0,False,False,True,False,True,Devin,human,summary only
3017170831,2,,2.0,False,False,True,True,True,Devin,human,line-anchored
3017188682,2,,2.0,False,False,True,True,True,Devin,human,line-anchored
3017190357,2,,2.0,False,False,True,True,True,Devin,human,line-anchored
3017667755,2,1.0,1.0,False,True,True,True,True,Devin,cross+human,line-anchored
3017855487,1,1.0,,False,True,False,False,True,Devin,cross,summary only
3018126639,1,,1.0,False,False,True,False,True,Devin,human,summary only
3018351923,1,,1.0,False,False,True,False,False,Devin,human,bare verdicts only
3018439207,1,1.0,,False,True,False,False,True,Devin,cross,summary only
3018859900,2,,2.0,False,False,True,False,True,Devin,human,summary only
3018869549,3,,3.0,False,False,True,True,True,Devin,human,line-anchored
3018945300,1,,1.0,False,False,True,False,True,Devin,human,summary only
3019360629,1,,1.0,False,False,True,False,True,Devin,human,summary only
3019918047,2,,2.0,False,False,True,True,True,Devin,human,line-anchored
3019930533,2,,2.0,False,False,True,True,True,Devin,human,line-anchored
3019933276,2,,2.0,False,False,True,True,True,Devin,human,line-anchored
3019935504,2,,2.0,False,False,True,False,True,Devin,human,summary only
3019942035,3,,3.0,False,False,True,True,True,Devin,human,line-anchored
3019944984,3,,3.0,False,False,True,True,True,Devin,human,line-anchored
3019945406,3,,3.0,False,False,True,True,True,Devin,human,line-anchored
3019945918,1,,1.0,False,False,True,True,False,Devin,human,line-anchored
3019947988,2,,2.0,False,False,True,True,True,Devin,human,line-anchored
3019973626,2,,2.0,False,False,True,True,True,Devin,human,line-anchored
3019999747,3,,3.0,False,False,True,True,True,Devin,human,line-anchored
3020000039,3,,3.0,False,False,True,True,True,Devin,human,line-anchored
3020071709,1,,1.0,False,False,True,False,False,Devin,human,bare verdicts only
3020466987,1,,1.0,False,False,True,False,False,Devin,human,bare verdicts only
3020816869,1,,1.0,False,False,True,False,False,Devin,human,bare verdicts only
3021115524,1,,1.0,False,False,True,False,False,Devin,human,bare verdicts only
3021209315,1,,1.0,False,False,True,False,False,Devin,human,bare verdicts only
3021303840,1,,1.0,False,False,True,True,False,Devin,human,line-anchored
3021332625,1,,1.0,False,False,True,True,False,Devin,human,line-anchored
3021459305,1,,1.0,False,False,True,False,False,Devin,human,bare verdicts only
3022021675,1,,1.0,False,False,True,True,False,Devin,human,line-anchored
3022322894,1,,1.0,False,False,True,True,False,Devin,human,line-anchored
3022450521,1,,1.0,False,False,True,True,False,Devin,human,line-anchored
3022909076,2,1.0,1.0,False,True,True,False,True,Devin,cross+human,summary only
3023165571,1,,1.0,False,False,True,True,False,Devin,human,line-anchored
3023193903,1,,1.0,False,False,True,True,False,Devin,human,line-anchored
3023246654,1,,1.0,False,False,True,True,False,Devin,human,line-anchored
3023248867,1,,1.0,False,False,True,True,False,Devin,human,line-anchored
3023309788,1,,1.0,False,False,True,False,False,Devin,human,bare verdicts only
3023333914,1,,1.0,False,False,True,False,False,Devin,human,bare verdicts only
3023344270,1,,1.0,False,False,True,True,False,Devin,human,line-anchored
3023352746,1,,1.0,False,False,True,False,False,Devin,human,bare verdicts only
3023387216,1,,1.0,False,False,True,True,False,Devin,human,line-anchored
3023395903,1,,1.0,False,False,True,False,False,Devin,human,bare verdicts only
3023432503,1,,1.0,False,False,True,True,False,Devin,human,line-anchored
3023513192,1,,1.0,False,False,True,False,False,Devin,human,bare verdicts only
3023519593,1,,1.0,False,False,True,False,False,Devin,human,bare verdicts only
3023532472,1,,1.0,False,False,True,False,False,Devin,human,bare verdicts only
3023723466,2,,2.0,False,False,True,False,True,Devin,human,summary only
3024105016,2,,2.0,False,False,True,True,True,Devin,human,line-anchored
3024124229,1,1.0,,False,True,False,False,True,Devin,cross,summary only
3025434270,2,,2.0,False,False,True,True,True,Devin,human,line-anchored
3025724472,2,,2.0,False,False,True,True,True,Devin,human,line-anchored
3026199338,1,,1.0,False,False,True,False,False,Devin,human,bare verdicts only
3027010160,2,,2.0,False,False,True,True,True,Devin,human,line-anchored
3027014635,2,,2.0,False,False,True,True,False,Devin,human,line-anchored
3027015923,1,,1.0,False,False,True,True,False,Devin,human,line-anchored
3027016589,1,,1.0,False,False,True,True,False,Devin,human,line-anchored
3027021164,2,,2.0,False,False,True,True,False,Devin,human,line-anchored
3027102072,1,,1.0,False,False,True,False,True,Devin,human,summary only
3027121888,1,,1.0,False,False,True,False,False,Devin,human,bare verdicts only
3027186338,1,,1.0,False,False,True,False,True,Devin,human,summary only
3027335374,1,,1.0,False,False,True,False,True,Devin,human,summary only
3028848405,1,,1.0,False,False,True,False,False,Devin,human,bare verdicts only
3029374639,2,1.0,1.0,False,True,True,True,True,Devin,cross+human,line-anchored
3029783614,1,1.0,,False,True,False,True,True,Devin,cross,line-anchored
3029822056,1,,1.0,False,False,True,False,False,Devin,human,bare verdicts only
3029823831,1,,1.0,False,False,True,False,False,Devin,human,bare verdicts only
3029825853,1,,1.0,False,False,True,False,False,Devin,human,bare verdicts only
3029842200,2,,2.0,False,False,True,True,True,Devin,human,line-anchored
3029843479,2,,2.0,False,False,True,True,True,Devin,human,line-anchored
3029848964,1,,1.0,False,False,True,True,False,Devin,human,line-anchored
3029855439,1,,1.0,False,False,True,False,True,Claude_Code,human,summary only
3029870223,1,,1.0,False,False,True,False,False,Devin,human,bare verdicts only
3029881950,2,,2.0,False,False,True,True,True,Devin,human,line-anchored
3029897890,1,,1.0,False,False,True,True,True,Devin,human,line-anchored
3029959683,1,,1.0,False,False,True,False,False,Devin,human,bare verdicts only
3030073254,2,,2.0,False,False,True,True,False,Devin,human,line-anchored
3030166725,2,,2.0,False,False,True,True,True,Devin,human,line-anchored
3030779808,1,1.0,,False,True,False,False,True,Devin,cross,summary only
3031552540,3,1.0,2.0,False,True,True,True,True,Devin,cross+human,line-anchored
3031718849,2,,2.0,False,False,True,True,True,Devin,human,line-anchored
3031898942,1,,1.0,False,False,True,True,False,Devin,human,line-anchored
3031917926,1,,1.0,False,False,True,False,True,Devin,human,summary only
3032017546,2,,2.0,False,False,True,False,False,Devin,human,bare verdicts only
3032149893,1,,1.0,False,False,True,False,False,Devin,human,bare verdicts only
3032813632,2,,2.0,False,False,True,True,True,Devin,human,line-anchored
3033029202,2,,2.0,False,False,True,True,True,Devin,human,line-anchored
3033039693,2,,2.0,False,False,True,False,True,Devin,human,summary only
3033064900,1,,1.0,False,False,True,False,False,Devin,human,bare verdicts only
3033217495,2,,2.0,False,False,True,True,True,Devin,human,line-anchored
3033408828,1,,1.0,False,False,True,False,True,Devin,human,summary only
3033566586,1,,1.0,False,False,True,True,False,Devin,human,line-anchored
3033795217,2,1.0,1.0,False,True,True,False,True,Cursor,cross+human,summary only
3033841175,1,,1.0,False,False,True,True,False,Devin,human,line-anchored
3033886992,4,,4.0,False,False,True,True,False,Devin,human,line-anchored
3034047412,1,,1.0,False,False,True,False,False,Devin,human,bare verdicts only
3034054383,2,,2.0,False,False,True,False,False,Devin,human,bare verdicts only
3034086081,4,,4.0,False,False,True,True,True,Devin,human,line-anchored
3034362032,1,,1.0,False,False,True,False,False,Devin,human,bare verdicts only
3034597936,1,,1.0,False,False,True,True,False,Devin,human,line-anchored
3034601138,1,,1.0,False,False,True,True,False,Devin,human,line-anchored
3034754393,1,,1.0,False,False,True,True,True,Devin,human,line-anchored
3034811249,2,,2.0,False,False,True,True,True,Devin,human,line-anchored
3034982691,1,,1.0,False,False,True,False,False,Devin,human,bare verdicts only
3034985868,2,,2.0,False,False,True,False,True,Devin,human,summary only
3035191266,1,,1.0,False,False,True,False,False,Devin,human,bare verdicts only
3035270771,1,,1.0,False,False,True,False,False,Devin,human,bare verdicts only
3035429935,1,1.0,,False,True,False,False,True,Devin,cross,summary only
3035600823,1,,1.0,False,False,True,False,False,Devin,human,bare verdicts only
3036244398,1,,1.0,False,False,True,False,False,Devin,human,bare verdicts only
3036314560,1,,1.0,False,False,True,True,False,Devin,human,line-anchored
3036525056,1,,1.0,False,False,True,False,False,Devin,human,bare verdicts only
3036540547,1,,1.0,False,False,True,True,False,Devin,human,line-anchored
3036581562,1,,1.0,False,False,True,True,False,Devin,human,line-anchored
3036590770,1,,1.0,False,False,True,False,True,Devin,human,summary only
3036825805,1,,1.0,False,False,True,False,False,Devin,human,bare verdicts only
3036832268,1,,1.0,False,False,True,False,False,Devin,human,bare verdicts only
3036942797,1,,1.0,False,False,True,False,False,Devin,human,bare verdicts only
3036975520,1,1.0,,False,True,False,False,True,Devin,cross,summary only
3037451152,2,1.0,1.0,False,True,True,False,True,Devin,cross+human,summary only
3037457814,1,,1.0,False,False,True,False,False,Claude_Code,human,bare verdicts only
3037589749,1,,1.0,False,False,True,True,True,Devin,human,line-anchored
3037608811,1,,1.0,False,False,True,False,False,Devin,human,bare verdicts only
3037617116,1,,1.0,False,False,True,True,False,Devin,human,line-anchored
3037648655,1,,1.0,False,False,True,False,False,Devin,human,bare verdicts only
3037650945,1,,1.0,False,False,True,False,True,Devin,human,summary only
3037985682,2,1.0,1.0,False,True,True,False,True,Claude_Code,cross+human,summary only
3038284707,1,,1.0,False,False,True,True,False,Devin,human,line-anchored
3038390136,1,,1.0,False,False,True,True,False,Devin,human,line-anchored
3039380315,1,,1.0,False,False,True,False,True,Devin,human,summary only
3039626070,1,,1.0,False,False,True,True,False,Devin,human,line-anchored
3039633986,1,,1.0,False,False,True,True,False,Devin,human,line-anchored
3039645274,2,,2.0,False,False,True,True,False,Devin,human,line-anchored
3040091511,1,,1.0,False,False,True,False,False,Devin,human,bare verdicts only
3040471447,1,,1.0,False,False,True,True,False,Devin,human,line-anchored
3040816766,1,,1.0,False,False,True,False,False,Devin,human,bare verdicts only
3040871845,1,1.0,,False,True,False,False,True,Devin,cross,summary only
3040925337,1,1.0,,False,True,False,True,True,Devin,cross,line-anchored
3040934363,1,,1.0,False,False,True,False,False,Devin,human,bare verdicts only
3040980236,1,,1.0,False,False,True,True,True,Devin,human,line-anchored
3042242308,1,,1.0,False,False,True,True,True,Devin,human,line-anchored
3042979666,1,,1.0,False,False,True,False,False,Devin,human,bare verdicts only
3043612156,3,1.0,2.0,False,True,True,True,True,Devin,cross+human,line-anchored
3043613876,1,,1.0,False,False,True,False,False,Devin,human,bare verdicts only
3043981155,2,,2.0,False,False,True,True,True,Devin,human,line-anchored
3044310536,3,1.0,2.0,False,True,True,True,True,Devin,cross+human,line-anchored
3044855706,2,,2.0,False,False,True,True,True,Devin,human,line-anchored
3044978455,1,,1.0,False,False,True,False,True,Devin,human,summary only
3045353166,4,1.0,3.0,False,True,True,True,True,Devin,cross+human,line-anchored
3045866074,3,,3.0,False,False,True,True,True,Devin,human,line-anchored
3046275323,1,,1.0,False,False,True,False,True,Devin,human,summary only
3046374142,1,,1.0,False,False,True,False,False,Devin,human,bare verdicts only
3046401477,1,,1.0,False,False,True,False,False,Devin,human,bare verdicts only
3046430027,1,,1.0,False,False,True,False,False,Devin,human,bare verdicts only
3046875250,1,,1.0,False,False,True,True,False,Devin,human,line-anchored
3047232373,1,,1.0,False,False,True,False,True,Devin,human,summary only
3047232715,3,1.0,2.0,False,True,True,False,True,Devin,cross+human,summary only
3047296744,2,,2.0,False,False,True,True,True,Devin,human,line-anchored
3047422400,1,,1.0,False,False,True,False,False,Devin,human,bare verdicts only
3047627084,1,,1.0,False,False,True,False,True,Devin,human,summary only
3047689525,1,,1.0,False,False,True,False,False,Devin,human,bare verdicts only
3047699666,3,,3.0,False,False,True,True,False,Claude_Code,human,line-anchored
3048282458,1,,1.0,False,False,True,True,False,Devin,human,line-anchored
3048837078,2,,2.0,False,False,True,True,True,Devin,human,line-anchored
3048954630,1,,1.0,False,False,True,True,False,Devin,human,line-anchored
3048994775,3,1.0,2.0,False,True,True,True,True,Devin,cross+human,line-anchored
3049395641,3,1.0,2.0,False,True,True,True,True,Devin,cross+human,line-anchored
3049889451,1,1.0,,False,True,False,False,True,Devin,cross,summary only
3049966058,1,,1.0,False,False,True,False,False,Devin,human,bare verdicts only
3050163979,1,,1.0,False,False,True,False,False,Devin,human,bare verdicts only
3050164164,2,,2.0,False,False,True,True,False,Devin,human,line-anchored
3050368691,1,,1.0,False,False,True,True,False,Devin,human,line-anchored
3050463039,2,,2.0,False,False,True,True,True,Devin,human,line-anchored
3050491453,1,,1.0,False,False,True,False,False,Devin,human,bare verdicts only
3050557580,1,1.0,,False,True,False,False,True,Devin,cross,summary only
3051248508,1,,1.0,False,False,True,False,True,Devin,human,summary only
3051334108,1,,1.0,False,False,True,False,True,Devin,human,summary only
3051361296,1,,1.0,False,False,True,False,True,Devin,human,summary only
3051560458,1,1.0,,False,True,False,True,True,Devin,cross,line-anchored
3051627275,1,1.0,,False,True,False,True,True,Devin,cross,line-anchored
3051682279,1,,1.0,False,False,True,True,False,Devin,human,line-anchored
3052099941,1,,1.0,False,False,True,True,False,Devin,human,line-anchored
3052112244,2,,2.0,False,False,True,True,False,Devin,human,line-anchored
3052115559,1,,1.0,False,False,True,False,False,Devin,human,bare verdicts only
3052357500,1,,1.0,False,False,True,False,False,Devin,human,bare verdicts only
3052708454,1,,1.0,False,False,True,False,True,Devin,human,summary only
3053140117,1,,1.0,False,False,True,True,False,Devin,human,line-anchored
3053343945,1,,1.0,False,False,True,True,False,Devin,human,line-anchored
3053850042,1,,1.0,False,False,True,True,False,Devin,human,line-anchored
3053867130,1,,1.0,False,False,True,True,False,Devin,human,line-anchored
3053938077,1,,1.0,False,False,True,True,False,Devin,human,line-anchored
3054056380,1,1.0,,False,True,False,False,True,Devin,cross,summary only
3054150679,1,,1.0,False,False,True,True,False,Devin,human,line-anchored
3054200216,1,1.0,,False,True,False,False,True,Devin,cross,summary only
3054252195,1,,1.0,False,False,True,True,False,Claude_Code,human,line-anchored
3054388680,1,,1.0,False,False,True,False,False,Devin,human,bare verdicts only
3054507513,1,,1.0,False,False,True,False,False,Devin,human,bare verdicts only
3054663917,1,,1.0,False,False,True,True,False,Devin,human,line-anchored
3055611476,1,,1.0,False,False,True,False,True,Devin,human,summary only
3055700229,2,,2.0,False,False,True,False,True,Devin,human,summary only
3055785853,2,,2.0,False,False,True,True,True,Devin,human,line-anchored
3056316834,1,,1.0,False,False,True,True,False,Devin,human,line-anchored
3056690965,1,1.0,,False,True,False,True,True,Devin,cross,line-anchored
3057452803,1,,1.0,False,False,True,True,False,Devin,human,line-anchored
3057663648,2,,2.0,False,False,True,True,True,Devin,human,line-anchored
3057698280,2,,2.0,False,False,True,True,False,Devin,human,line-anchored
3057711873,1,,1.0,False,False,True,True,True,Devin,human,line-anchored
3057714463,2,,2.0,False,False,True,True,False,Devin,human,line-anchored
3057825906,4,1.0,3.0,False,True,True,False,True,Claude_Code,cross+human,summary only
3057846956,2,,2.0,False,False,True,True,True,Devin,human,line-anchored
3057880405,1,,1.0,False,False,True,True,True,Devin,human,line-anchored
3057892583,1,1.0,,False,True,False,False,True,Devin,cross,summary only
3057907036,1,1.0,,False,True,False,False,True,Devin,cross,summary only
3057944933,1,,1.0,False,False,True,False,False,Devin,human,bare verdicts only
3058028116,1,,1.0,False,False,True,False,True,Devin,human,summary only
3058070000,1,,1.0,False,False,True,False,False,Devin,human,bare verdicts only
3058246563,1,,1.0,False,False,True,True,False,Devin,human,line-anchored
3058482399,2,,2.0,False,False,True,True,False,Devin,human,line-anchored
3058666010,1,1.0,,False,True,False,True,True,Devin,cross,line-anchored
3058723574,2,,2.0,False,False,True,True,True,Devin,human,line-anchored
3058727828,1,,1.0,False,False,True,False,False,Devin,human,bare verdicts only
3058736038,1,,1.0,False,False,True,True,False,Devin,human,line-anchored
3059113598,1,,1.0,False,False,True,False,False,Devin,human,bare verdicts only
3059487451,1,,1.0,False,False,True,False,False,Devin,human,bare verdicts only
3059861704,1,,1.0,False,False,True,False,False,Devin,human,bare verdicts only
3060575393,1,,1.0,False,False,True,True,True,Devin,human,line-anchored
3060860792,2,1.0,1.0,False,True,True,False,True,Devin,cross+human,summary only
3060998787,3,,3.0,False,False,True,True,True,Devin,human,line-anchored
3061069405,1,,1.0,False,False,True,True,False,Devin,human,line-anchored
3061080740,3,,3.0,False,False,True,False,False,Devin,human,bare verdicts only
3061189699,1,1.0,,False,True,False,True,True,Devin,cross,line-anchored
3061382481,1,,1.0,False,False,True,False,False,Devin,human,bare verdicts only
3062466554,5,1.0,4.0,False,True,True,True,True,Devin,cross+human,line-anchored
3062523712,1,1.0,,False,True,False,True,True,Devin,cross,line-anchored
3063229418,1,,1.0,False,False,True,False,True,Devin,human,summary only
3063471538,1,,1.0,False,False,True,False,False,Devin,human,bare verdicts only
3063489250,1,,1.0,False,False,True,False,False,Devin,human,bare verdicts only
3063570306,1,,1.0,False,False,True,True,False,Devin,human,line-anchored
3063902495,1,,1.0,False,False,True,False,False,Devin,human,bare verdicts only
3063938472,1,,1.0,False,False,True,True,True,Devin,human,line-anchored
3064022728,1,,1.0,False,False,True,True,False,Devin,human,line-anchored
3064065244,1,,1.0,False,False,True,True,False,Devin,human,line-anchored
3064080896,1,,1.0,False,False,True,True,False,Devin,human,line-anchored
3064113723,1,,1.0,False,False,True,False,False,Devin,human,bare verdicts only
3064408470,1,,1.0,False,False,True,True,True,Devin,human,line-anchored
3065134094,1,,1.0,False,False,True,False,True,Devin,human,summary only
3065205042,2,,2.0,False,False,True,True,False,Devin,human,line-anchored
3065400643,1,,1.0,False,False,True,False,True,Devin,human,summary only
3065582542,2,,2.0,False,False,True,True,False,Devin,human,line-anchored
3065695363,3,,3.0,False,False,True,True,True,Devin,human,line-anchored
3066580332,1,,1.0,False,False,True,False,False,Devin,human,bare verdicts only
3066731569,3,1.0,2.0,False,True,True,False,True,Devin,cross+human,summary only
3066897479,1,,1.0,False,False,True,True,False,Devin,human,line-anchored
3066913905,1,,1.0,False,False,True,True,False,Devin,human,line-anchored
3067210808,1,,1.0,False,False,True,False,True,Devin,human,summary only
3067433888,1,,1.0,False,False,True,True,False,Devin,human,line-anchored
3067478872,1,,1.0,False,False,True,False,False,Devin,human,bare verdicts only
3067605533,3,,3.0,False,False,True,True,False,Devin,human,line-anchored
3067624914,1,,1.0,False,False,True,False,False,Devin,human,bare verdicts only
3067625628,1,,1.0,False,False,True,True,True,Devin,human,line-anchored
3067709444,1,1.0,,False,True,False,True,False,Devin,cross,line-anchored
3067711307,1,,1.0,False,False,True,False,False,Devin,human,bare verdicts only
3067984156,1,1.0,,False,True,False,True,False,Devin,cross,line-anchored
3068163160,1,,1.0,False,False,True,True,False,Devin,human,line-anchored
3068333275,1,,1.0,False,False,True,False,True,Devin,human,summary only
3069115431,1,,1.0,False,False,True,True,False,Devin,human,line-anchored
3069147854,1,,1.0,False,False,True,False,False,Devin,human,bare verdicts only
3069384523,1,,1.0,False,False,True,False,False,OpenAI_Codex,human,bare verdicts only
3069414735,1,1.0,,False,True,False,True,True,Devin,cross,line-anchored
3069484998,1,,1.0,False,False,True,True,False,Devin,human,line-anchored
3069495973,2,,2.0,False,False,True,True,False,Devin,human,line-anchored
3069554761,1,,1.0,False,False,True,False,False,Devin,human,bare verdicts only
3069585787,1,,1.0,False,False,True,False,False,Devin,human,bare verdicts only
3069723662,1,,1.0,False,False,True,False,False,OpenAI_Codex,human,bare verdicts only
3069732995,1,,1.0,False,False,True,True,False,Devin,human,line-anchored
3069744517,1,1.0,,False,True,False,True,True,Devin,cross,line-anchored
3069751471,1,,1.0,False,False,True,False,False,OpenAI_Codex,human,bare verdicts only
3069855804,1,1.0,,False,True,False,False,True,Devin,cross,summary only
3069858851,2,,2.0,False,False,True,True,False,Devin,human,line-anchored
3070064535,1,1.0,,False,True,False,True,True,OpenAI_Codex,cross,line-anchored
3070068474,1,1.0,,False,True,False,False,True,OpenAI_Codex,cross,summary only
3070068738,3,1.0,2.0,False,True,True,True,True,OpenAI_Codex,cross+human,line-anchored
3070150168,1,,1.0,False,False,True,False,True,Devin,human,summary only
3070165463,2,,2.0,False,False,True,True,True,Devin,human,line-anchored
3070170567,1,,1.0,False,False,True,False,False,OpenAI_Codex,human,bare verdicts only
3070177269,1,,1.0,False,False,True,False,True,OpenAI_Codex,human,summary only
3070197626,1,,1.0,False,False,True,False,False,Devin,human,bare verdicts only
3070202512,2,1.0,1.0,False,True,True,True,True,OpenAI_Codex,cross+human,line-anchored
3070204179,1,1.0,,False,True,False,False,True,OpenAI_Codex,cross,summary only
3070210050,1,1.0,,False,True,False,True,True,OpenAI_Codex,cross,line-anchored
3070227020,1,1.0,,False,True,False,True,True,OpenAI_Codex,cross,line-anchored
3070227634,1,,1.0,False,False,True,False,False,Devin,human,bare verdicts only
3070229503,1,,1.0,False,False,True,False,False,OpenAI_Codex,human,bare verdicts only
3070233885,2,,2.0,False,False,True,False,True,Devin,human,summary only
3070236675,1,,1.0,False,False,True,False,False,OpenAI_Codex,human,bare verdicts only
3070276012,1,,1.0,False,False,True,False,True,OpenAI_Codex,human,summary only
3070287945,2,2.0,,False,True,False,True,True,OpenAI_Codex,cross,line-anchored
3070310324,1,1.0,,False,True,False,False,True,OpenAI_Codex,cross,summary only
3070312081,1,1.0,,False,True,False,False,True,OpenAI_Codex,cross,summary only
3070320313,1,,1.0,False,False,True,False,True,OpenAI_Codex,human,summary only
3070322024,1,,1.0,False,False,True,False,False,Devin,human,bare verdicts only
3070333386,2,2.0,,False,True,False,True,True,OpenAI_Codex,cross,line-anchored
3070333952,1,1.0,,False,True,False,False,True,OpenAI_Codex,cross,summary only
3070335055,1,1.0,,False,True,False,True,True,OpenAI_Codex,cross,line-anchored
3070337683,1,1.0,,False,True,False,False,True,OpenAI_Codex,cross,summary only
3070338307,1,1.0,,False,True,False,False,True,OpenAI_Codex,cross,summary only
3070340483,1,1.0,,False,True,False,False,True,OpenAI_Codex,cross,summary only
3070343085,1,,1.0,False,False,True,False,False,OpenAI_Codex,human,bare verdicts only
3070364592,2,1.0,1.0,False,True,True,False,True,OpenAI_Codex,cross+human,summary only
3070372539,1,1.0,,False,True,False,False,True,OpenAI_Codex,cross,summary only
3070375416,1,1.0,,False,True,False,False,True,OpenAI_Codex,cross,summary only
3070390119,4,1.0,3.0,False,True,True,True,True,Devin,cross+human,line-anchored
3070434866,1,1.0,,False,True,False,False,True,Devin,cross,summary only
3070437813,2,2.0,,False,True,False,True,True,Devin,cross,line-anchored
3070454996,1,,1.0,False,False,True,False,True,OpenAI_Codex,human,summary only
3070485334,3,1.0,2.0,False,True,True,True,True,OpenAI_Codex,cross+human,line-anchored
3070500868,1,,1.0,False,False,True,False,True,OpenAI_Codex,human,summary only
3070525129,2,1.0,1.0,False,True,True,True,True,OpenAI_Codex,cross+human,line-anchored
3070542749,2,1.0,1.0,False,True,True,False,True,OpenAI_Codex,cross+human,summary only
3070600620,2,1.0,1.0,False,True,True,False,True,OpenAI_Codex,cross+human,summary only
3070601228,4,1.0,3.0,False,True,True,True,True,OpenAI_Codex,cross+human,line-anchored
3070683420,2,1.0,1.0,False,True,True,True,True,OpenAI_Codex,cross+human,line-anchored
3070738464,1,1.0,,False,True,False,True,True,Cursor,cross,line-anchored
3070740875,1,1.0,,False,True,False,True,True,OpenAI_Codex,cross,line-anchored
3070744926,1,,1.0,False,False,True,True,False,OpenAI_Codex,human,line-anchored
3070802405,1,,1.0,False,False,True,False,False,OpenAI_Codex,human,bare verdicts only
3070839522,1,1.0,,False,True,False,True,True,OpenAI_Codex,cross,line-anchored
3070852559,1,1.0,,False,True,False,False,True,OpenAI_Codex,cross,summary only
3070852670,1,1.0,,False,True,False,False,True,OpenAI_Codex,cross,summary only
3070853748,1,,1.0,False,False,True,True,False,OpenAI_Codex,human,line-anchored
3070854363,1,1.0,,False,True,False,True,True,OpenAI_Codex,cross,line-anchored
3070860351,1,1.0,,False,True,False,False,True,OpenAI_Codex,cross,summary only
3070860414,1,1.0,,False,True,False,False,True,OpenAI_Codex,cross,summary only
3070861080,1,1.0,,False,True,False,False,True,OpenAI_Codex,cross,summary only
3070861271,1,1.0,,False,True,False,False,True,OpenAI_Codex,cross,summary only
3070868251,1,1.0,,False,True,False,False,True,OpenAI_Codex,cross,summary only
3070887119,1,1.0,,False,True,False,False,True,OpenAI_Codex,cross,summary only
3070893220,1,1.0,,False,True,False,False,True,OpenAI_Codex,cross,summary only
3070893488,1,1.0,,False,True,False,False,True,OpenAI_Codex,cross,summary only
3070896378,1,1.0,,False,True,False,False,True,Devin,cross,summary only
3070903361,1,,1.0,False,False,True,False,False,OpenAI_Codex,human,bare verdicts only
3070909907,2,1.0,1.0,False,True,True,True,True,OpenAI_Codex,cross+human,line-anchored
3070911425,3,1.0,2.0,False,True,True,True,True,OpenAI_Codex,cross+human,line-anchored
3070912276,1,1.0,,False,True,False,False,True,OpenAI_Codex,cross,summary only
3070913147,2,1.0,1.0,False,True,True,False,True,OpenAI_Codex,cross+human,summary only
3070915829,1,1.0,,False,True,False,False,True,OpenAI_Codex,cross,summary only
3070916231,1,1.0,,False,True,False,True,True,OpenAI_Codex,cross,line-anchored
3070916634,2,1.0,1.0,False,True,True,False,True,OpenAI_Codex,cross+human,summary only
3070921263,1,1.0,,False,True,False,False,True,OpenAI_Codex,cross,summary only
3070921391,1,1.0,,False,True,False,False,True,OpenAI_Codex,cross,summary only
3070928940,1,1.0,,False,True,False,True,True,OpenAI_Codex,cross,line-anchored
3070933575,2,,2.0,False,False,True,True,True,Devin,human,line-anchored
3070933716,1,1.0,,False,True,False,True,True,OpenAI_Codex,cross,line-anchored
3070934910,1,1.0,,False,True,False,True,True,OpenAI_Codex,cross,line-anchored
3070935368,2,1.0,1.0,False,True,True,False,True,OpenAI_Codex,cross+human,summary only
3070935638,1,,1.0,False,False,True,False,True,OpenAI_Codex,human,summary only
3070936351,5,3.0,2.0,False,True,True,True,True,OpenAI_Codex,cross+human,line-anchored
3070937988,1,1.0,,False,True,False,True,True,OpenAI_Codex,cross,line-anchored
3070940788,1,,1.0,False,False,True,False,True,OpenAI_Codex,human,summary only
3070949788,1,1.0,,False,True,False,True,True,OpenAI_Codex,cross,line-anchored
3070950635,2,2.0,,False,True,False,True,True,OpenAI_Codex,cross,line-anchored
3070952955,1,1.0,,False,True,False,False,True,OpenAI_Codex,cross,summary only
3070953480,1,1.0,,False,True,False,False,True,OpenAI_Codex,cross,summary only
3070954603,2,2.0,,False,True,False,True,True,OpenAI_Codex,cross,line-anchored
3070956384,1,1.0,,False,True,False,False,True,OpenAI_Codex,cross,summary only
3070956533,1,1.0,,False,True,False,False,True,OpenAI_Codex,cross,summary only
3070967548,1,1.0,,False,True,False,False,True,OpenAI_Codex,cross,summary only
3070968398,2,1.0,1.0,False,True,True,True,True,OpenAI_Codex,cross+human,line-anchored
3070968990,1,1.0,,False,True,False,True,True,OpenAI_Codex,cross,line-anchored
3070969963,1,1.0,,False,True,False,False,True,OpenAI_Codex,cross,summary only
3070970659,1,1.0,,False,True,False,True,True,OpenAI_Codex,cross,line-anchored
3070980739,2,1.0,1.0,False,True,True,False,True,OpenAI_Codex,cross+human,summary only
3070982748,1,,1.0,False,False,True,False,False,OpenAI_Codex,human,bare verdicts only
3070982953,1,,1.0,False,False,True,False,True,OpenAI_Codex,human,summary only
3070983547,1,1.0,,False,True,False,False,True,OpenAI_Codex,cross,summary only
3071005313,1,1.0,,False,True,False,True,True,OpenAI_Codex,cross,line-anchored
3071010253,1,1.0,,False,True,False,False,True,OpenAI_Codex,cross,summary only
3071032963,1,1.0,,False,True,False,True,True,OpenAI_Codex,cross,line-anchored
3071037378,1,1.0,,False,True,False,True,True,OpenAI_Codex,cross,line-anchored
3071039778,1,,1.0,False,False,True,True,False,OpenAI_Codex,human,line-anchored
3071072587,1,1.0,,False,True,False,False,True,OpenAI_Codex,cross,summary only
3071076370,2,1.0,1.0,False,True,True,True,False,Devin,cross+human,line-anchored
3071076936,4,2.0,2.0,False,True,True,True,True,OpenAI_Codex,cross+human,line-anchored
3071076995,2,1.0,1.0,False,True,True,False,True,OpenAI_Codex,cross+human,summary only
3071077208,1,1.0,,False,True,False,False,True,OpenAI_Codex,cross,summary only
3071077630,1,1.0,,False,True,False,True,True,OpenAI_Codex,cross,line-anchored
3071077865,1,1.0,,False,True,False,True,True,OpenAI_Codex,cross,line-anchored
3071077906,1,1.0,,False,True,False,False,True,OpenAI_Codex,cross,summary only
3071077909,1,1.0,,False,True,False,True,True,OpenAI_Codex,cross,line-anchored
3071083444,1,1.0,,False,True,False,True,True,OpenAI_Codex,cross,line-anchored
3071083616,3,1.0,2.0,False,True,True,True,True,OpenAI_Codex,cross+human,line-anchored
3071083649,1,1.0,,False,True,False,True,True,OpenAI_Codex,cross,line-anchored
3071083728,1,1.0,,False,True,False,True,True,OpenAI_Codex,cross,line-anchored
3071083804,1,,1.0,False,False,True,False,False,Devin,human,bare verdicts only
3071085732,1,,1.0,False,False,True,True,False,Devin,human,line-anchored
3071115751,1,,1.0,False,False,True,False,False,OpenAI_Codex,human,bare verdicts only
3071123087,1,,1.0,False,False,True,False,False,OpenAI_Codex,human,bare verdicts only
3071139526,1,,1.0,False,False,True,False,False,OpenAI_Codex,human,bare verdicts only
3071143061,1,1.0,,False,True,False,True,True,OpenAI_Codex,cross,line-anchored
3071144316,1,1.0,,False,True,False,False,True,OpenAI_Codex,cross,summary only
3071147441,1,1.0,,False,True,False,True,True,OpenAI_Codex,cross,line-anchored
3071149339,1,1.0,,False,True,False,True,True,OpenAI_Codex,cross,line-anchored
3071154500,1,1.0,,False,True,False,False,True,OpenAI_Codex,cross,summary only
3071155018,1,1.0,,False,True,False,False,True,OpenAI_Codex,cross,summary only
3071158083,1,1.0,,False,True,False,True,True,OpenAI_Codex,cross,line-anchored
3071165159,5,2.0,3.0,False,True,True,True,True,OpenAI_Codex,cross+human,line-anchored
3071169461,2,2.0,,False,True,False,True,True,OpenAI_Codex,cross,line-anchored
3071234740,3,1.0,2.0,False,True,True,True,True,Devin,cross+human,line-anchored
3071291667,1,1.0,,False,True,False,True,False,Devin,cross,line-anchored
3071309675,1,1.0,,False,True,False,True,True,Devin,cross,line-anchored
3071341755,1,1.0,,False,True,False,False,True,OpenAI_Codex,cross,summary only
3071362457,1,1.0,,False,True,False,True,True,OpenAI_Codex,cross,line-anchored
3071389487,1,,1.0,False,False,True,False,True,OpenAI_Codex,human,summary only
3071401333,1,1.0,,False,True,False,True,True,Devin,cross,line-anchored
3071443553,1,1.0,,False,True,False,False,True,OpenAI_Codex,cross,summary only
3071484470,1,,1.0,False,False,True,True,False,OpenAI_Codex,human,line-anchored
3071502843,1,1.0,,False,True,False,True,True,OpenAI_Codex,cross,line-anchored
3071510323,2,1.0,1.0,False,True,True,True,True,OpenAI_Codex,cross+human,line-anchored
3071532730,2,2.0,,False,True,False,True,True,Devin,cross,line-anchored
3071574486,1,1.0,,False,True,False,False,True,OpenAI_Codex,cross,summary only
3071582287,1,1.0,,False,True,False,True,True,OpenAI_Codex,cross,line-anchored
3071613138,1,1.0,,False,True,False,False,True,OpenAI_Codex,cross,summary only
3071615096,1,1.0,,False,True,False,False,True,Devin,cross,summary only
3071635485,1,1.0,,False,True,False,True,False,OpenAI_Codex,cross,line-anchored
3071660099,1,1.0,,False,True,False,True,False,OpenAI_Codex,cross,line-anchored
3071674416,1,,1.0,False,False,True,True,False,Devin,human,line-anchored
3071684389,1,1.0,,False,True,False,True,False,OpenAI_Codex,cross,line-anchored
3071701478,1,1.0,,False,True,False,True,True,OpenAI_Codex,cross,line-anchored
3071701673,1,1.0,,False,True,False,True,True,OpenAI_Codex,cross,line-anchored
3071706456,1,1.0,,False,True,False,False,False,OpenAI_Codex,cross,bare verdicts only
3071706518,1,1.0,,False,True,False,False,False,OpenAI_Codex,cross,bare verdicts only
3071708085,1,1.0,,False,True,False,False,True,OpenAI_Codex,cross,summary only
3071786409,1,1.0,,False,True,False,False,False,OpenAI_Codex,cross,bare verdicts only
3071786488,1,1.0,,False,True,False,False,False,OpenAI_Codex,cross,bare verdicts only
3071786742,1,1.0,,False,True,False,False,False,OpenAI_Codex,cross,bare verdicts only
3071786788,1,1.0,,False,True,False,False,False,OpenAI_Codex,cross,bare verdicts only
3071803431,2,1.0,1.0,False,True,True,False,True,OpenAI_Codex,cross+human,summary only
3071817399,1,1.0,,False,True,False,False,True,OpenAI_Codex,cross,summary only
3071822317,3,1.0,2.0,False,True,True,True,True,OpenAI_Codex,cross+human,line-anchored
3071829832,1,,1.0,False,False,True,False,True,Devin,human,summary only
3071832691,1,,1.0,False,False,True,False,False,OpenAI_Codex,human,bare verdicts only
3071839438,1,,1.0,False,False,True,False,True,OpenAI_Codex,human,summary only
3071871877,2,1.0,1.0,False,True,True,True,True,OpenAI_Codex,cross+human,line-anchored
3071874019,1,,1.0,False,False,True,True,False,OpenAI_Codex,human,line-anchored
3071947527,1,,1.0,False,False,True,True,False,OpenAI_Codex,human,line-anchored
3071966289,2,1.0,1.0,False,True,True,True,False,OpenAI_Codex,cross+human,line-anchored
3071986443,1,1.0,,False,True,False,True,True,OpenAI_Codex,cross,line-anchored
3071994262,1,,1.0,False,False,True,False,False,OpenAI_Codex,human,bare verdicts only
3071995028,1,,1.0,False,False,True,False,False,OpenAI_Codex,human,bare verdicts only
3071995303,2,,2.0,False,False,True,False,False,OpenAI_Codex,human,bare verdicts only
3071995758,1,,1.0,False,False,True,True,False,Devin,human,line-anchored
3071995999,1,,1.0,False,False,True,True,False,OpenAI_Codex,human,line-anchored
3072041221,1,1.0,,False,True,False,True,True,OpenAI_Codex,cross,line-anchored
3072041626,1,,1.0,False,False,True,False,False,OpenAI_Codex,human,bare verdicts only
3072042742,1,1.0,,False,True,False,False,True,OpenAI_Codex,cross,summary only
3072043075,1,1.0,,False,True,False,True,True,OpenAI_Codex,cross,line-anchored
3072047554,1,,1.0,False,False,True,False,True,OpenAI_Codex,human,summary only
3072047932,1,1.0,,False,True,False,False,True,OpenAI_Codex,cross,summary only
3072048832,1,1.0,,False,True,False,True,True,OpenAI_Codex,cross,line-anchored
3072049465,1,1.0,,False,True,False,False,True,OpenAI_Codex,cross,summary only
3072050160,1,1.0,,False,True,False,True,True,OpenAI_Codex,cross,line-anchored
3072050733,1,1.0,,False,True,False,True,True,OpenAI_Codex,cross,line-anchored
3072051232,1,1.0,,False,True,False,False,True,OpenAI_Codex,cross,summary only
3072054868,1,1.0,,False,True,False,True,True,OpenAI_Codex,cross,line-anchored
3072055391,1,1.0,,False,True,False,True,True,OpenAI_Codex,cross,line-anchored
3072056399,1,1.0,,False,True,False,True,True,OpenAI_Codex,cross,line-anchored
3072056783,1,1.0,,False,True,False,False,True,OpenAI_Codex,cross,summary only
3072057035,1,1.0,,False,True,False,True,True,OpenAI_Codex,cross,line-anchored
3072057265,1,1.0,,False,True,False,True,True,OpenAI_Codex,cross,line-anchored
3072060085,1,,1.0,False,False,True,False,False,OpenAI_Codex,human,bare verdicts only
3072060996,1,1.0,,False,True,False,False,True,OpenAI_Codex,cross,summary only
3072061300,1,1.0,,False,True,False,False,True,OpenAI_Codex,cross,summary only
3072062021,1,1.0,,False,True,False,True,True,OpenAI_Codex,cross,line-anchored
3072062844,1,1.0,,False,True,False,True,True,OpenAI_Codex,cross,line-anchored
3072063148,1,1.0,,False,True,False,True,True,OpenAI_Codex,cross,line-anchored
3072064790,1,1.0,,False,True,False,False,True,OpenAI_Codex,cross,summary only
3072065137,1,1.0,,False,True,False,True,True,OpenAI_Codex,cross,line-anchored
3072065812,1,1.0,,False,True,False,True,True,OpenAI_Codex,cross,line-anchored
3072066924,1,1.0,,False,True,False,True,True,OpenAI_Codex,cross,line-anchored
3072067927,1,1.0,,False,True,False,True,True,OpenAI_Codex,cross,line-anchored
3072069593,1,1.0,,False,True,False,True,True,OpenAI_Codex,cross,line-anchored
3072070696,1,1.0,,False,True,False,True,True,OpenAI_Codex,cross,line-anchored
3072071385,1,1.0,,False,True,False,True,True,OpenAI_Codex,cross,line-anchored
3072107108,1,1.0,,False,True,False,False,True,OpenAI_Codex,cross,summary only
3072111129,1,1.0,,False,True,False,True,True,OpenAI_Codex,cross,line-anchored
3072115088,1,1.0,,False,True,False,False,True,OpenAI_Codex,cross,summary only
3072117216,1,1.0,,False,True,False,True,True,OpenAI_Codex,cross,line-anchored
3072127450,1,,1.0,False,False,True,False,False,OpenAI_Codex,human,bare verdicts only
3072128473,1,,1.0,False,False,True,True,False,OpenAI_Codex,human,line-anchored
3072131878,1,1.0,,False,True,False,True,True,OpenAI_Codex,cross,line-anchored
3072138891,1,,1.0,False,False,True,True,False,OpenAI_Codex,human,line-anchored
3072144708,1,1.0,,False,True,False,True,True,OpenAI_Codex,cross,line-anchored
3072215224,1,1.0,,False,True,False,False,True,OpenAI_Codex,cross,summary only
3072240366,1,,1.0,False,False,True,False,False,OpenAI_Codex,human,bare verdicts only
3072242779,1,,1.0,False,False,True,False,False,OpenAI_Codex,human,bare verdicts only
3072267149,1,1.0,,False,True,False,False,True,OpenAI_Codex,cross,summary only
3072276670,1,1.0,,False,True,False,False,True,OpenAI_Codex,cross,summary only
3072291123,1,1.0,,False,True,False,True,True,OpenAI_Codex,cross,line-anchored
3072319499,1,1.0,,False,True,False,True,True,OpenAI_Codex,cross,line-anchored
3072331439,1,1.0,,False,True,False,True,True,OpenAI_Codex,cross,line-anchored
3072348761,1,1.0,,False,True,False,True,True,OpenAI_Codex,cross,line-anchored
3072379880,1,1.0,,False,True,False,False,True,OpenAI_Codex,cross,summary only
3072410557,1,1.0,,False,True,False,True,True,OpenAI_Codex,cross,line-anchored
3072427610,1,1.0,,False,True,False,True,True,OpenAI_Codex,cross,line-anchored
3072438099,1,1.0,,False,True,False,True,True,OpenAI_Codex,cross,line-anchored
3072446220,1,1.0,,False,True,False,True,True,OpenAI_Codex,cross,line-anchored
3072456373,1,1.0,,False,True,False,True,True,OpenAI_Codex,cross,line-anchored
3072460329,3,,3.0,False,False,True,False,False,Devin,human,bare verdicts only
3072466764,1,1.0,,False,True,False,True,True,OpenAI_Codex,cross,line-anchored
3072475567,1,1.0,,False,True,False,True,True,OpenAI_Codex,cross,line-anchored
3072482820,1,1.0,,False,True,False,True,True,OpenAI_Codex,cross,line-anchored
3072490819,1,1.0,,False,True,False,True,True,OpenAI_Codex,cross,line-anchored
3072514215,1,1.0,,False,True,False,True,True,OpenAI_Codex,cross,line-anchored
3072527561,1,1.0,,False,True,False,False,True,OpenAI_Codex,cross,summary only
3072538249,1,1.0,,False,True,False,True,True,OpenAI_Codex,cross,line-anchored
3072576759,2,2.0,,False,True,False,True,True,OpenAI_Codex,cross,line-anchored
3072581386,2,1.0,1.0,False,True,True,True,True,OpenAI_Codex,cross+human,line-anchored
3072903094,1,1.0,,False,True,False,True,True,OpenAI_Codex,cross,line-anchored
3073002129,1,,1.0,False,False,True,False,False,OpenAI_Codex,human,bare verdicts only
3073179861,2,1.0,1.0,False,True,True,True,True,OpenAI_Codex,cross+human,line-anchored
3073457731,1,1.0,,False,True,False,True,True,OpenAI_Codex,cross,line-anchored
3073486127,1,1.0,,False,True,False,True,True,OpenAI_Codex,cross,line-anchored
3073577026,1,,1.0,False,False,True,False,False,Devin,human,bare verdicts only
3073606770,2,1.0,1.0,False,True,True,True,True,Devin,cross+human,line-anchored
3073679710,1,1.0,,False,True,False,True,True,OpenAI_Codex,cross,line-anchored
3073705219,1,1.0,,False,True,False,True,True,OpenAI_Codex,cross,line-anchored
3073705436,1,1.0,,False,True,False,False,True,OpenAI_Codex,cross,summary only
3073731048,1,1.0,,False,True,False,False,True,OpenAI_Codex,cross,summary only
3073761198,3,2.0,1.0,False,True,True,True,True,Devin,cross+human,line-anchored
3073780610,1,1.0,,False,True,False,False,True,OpenAI_Codex,cross,summary only
3073836603,1,1.0,,False,True,False,True,True,OpenAI_Codex,cross,line-anchored
3073877552,1,1.0,,False,True,False,True,True,OpenAI_Codex,cross,line-anchored
3073901573,1,,1.0,False,False,True,True,False,OpenAI_Codex,human,line-anchored
3073909006,1,1.0,,False,True,False,False,True,OpenAI_Codex,cross,summary only
3073940448,1,1.0,,False,True,False,False,True,OpenAI_Codex,cross,summary only
3073991734,1,1.0,,False,True,False,False,True,OpenAI_Codex,cross,summary only
3073998720,1,1.0,,False,True,False,True,True,OpenAI_Codex,cross,line-anchored
3074006464,1,1.0,,False,True,False,False,True,OpenAI_Codex,cross,summary only
3074038581,1,,1.0,False,False,True,True,False,Devin,human,line-anchored
3074040192,1,1.0,,False,True,False,True,True,OpenAI_Codex,cross,line-anchored
3074099522,2,,2.0,False,False,True,True,True,Devin,human,line-anchored
3074127016,1,1.0,,False,True,False,True,True,OpenAI_Codex,cross,line-anchored
3074154615,1,1.0,,False,True,False,True,True,OpenAI_Codex,cross,line-anchored
3074160943,1,,1.0,False,False,True,True,False,Devin,human,line-anchored
3074248547,1,1.0,,False,True,False,False,True,OpenAI_Codex,cross,summary only
3074258030,1,1.0,,False,True,False,False,True,OpenAI_Codex,cross,summary only
3074266695,1,,1.0,False,False,True,False,False,Devin,human,bare verdicts only
3074281509,1,1.0,,False,True,False,True,True,OpenAI_Codex,cross,line-anchored
3074312597,1,1.0,,False,True,False,True,True,OpenAI_Codex,cross,line-anchored
3074313562,1,,1.0,False,False,True,False,False,Devin,human,bare verdicts only
3074316895,1,,1.0,False,False,True,False,True,Devin,human,summary only
3074335709,1,1.0,,False,True,False,True,True,OpenAI_Codex,cross,line-anchored
3074351366,1,,1.0,False,False,True,True,False,Devin,human,line-anchored
3074370344,1,1.0,,False,True,False,False,True,OpenAI_Codex,cross,summary only
3074373266,1,1.0,,False,True,False,True,False,Devin,cross,line-anchored
3074376887,1,1.0,,False,True,False,False,True,OpenAI_Codex,cross,summary only
3074393578,1,1.0,,False,True,False,False,True,OpenAI_Codex,cross,summary only
3074397731,1,,1.0,False,False,True,True,False,Devin,human,line-anchored
3074437318,1,1.0,,False,True,False,False,True,OpenAI_Codex,cross,summary only
3074478902,1,1.0,,False,True,False,True,True,OpenAI_Codex,cross,line-anchored
3074482141,2,1.0,1.0,False,True,True,True,True,OpenAI_Codex,cross+human,line-anchored
3074501412,1,1.0,,False,True,False,True,True,OpenAI_Codex,cross,line-anchored
3074511747,3,,3.0,False,False,True,True,False,Copilot,human,line-anchored
3074522103,1,1.0,,False,True,False,True,True,OpenAI_Codex,cross,line-anchored
3074530461,2,1.0,1.0,False,True,True,False,True,OpenAI_Codex,cross+human,summary only
3074531119,2,1.0,1.0,True,False,True,True,True,Copilot,same+human,line-anchored
3074536382,1,1.0,,False,True,False,False,True,OpenAI_Codex,cross,summary only
3074538599,2,,2.0,False,False,True,False,True,Copilot,human,summary only
3074542976,2,1.0,1.0,True,False,True,True,False,Copilot,same+human,line-anchored
3074556279,1,1.0,,False,True,False,True,True,OpenAI_Codex,cross,line-anchored
3074557301,2,1.0,1.0,True,False,True,True,False,Copilot,same+human,line-anchored
3074585419,1,1.0,,False,True,False,False,True,OpenAI_Codex,cross,summary only
3074586763,1,1.0,,False,True,False,False,True,OpenAI_Codex,cross,summary only
3074593115,1,,1.0,False,False,True,False,False,OpenAI_Codex,human,bare verdicts only
3074597647,1,,1.0,False,False,True,False,False,Devin,human,bare verdicts only
3074605898,2,1.0,1.0,True,False,True,True,False,Copilot,same+human,line-anchored
3074609325,2,1.0,1.0,True,False,True,True,False,Copilot,same+human,line-anchored
3074618957,1,,1.0,False,False,True,True,False,Copilot,human,line-anchored
3074635096,2,1.0,1.0,True,False,True,True,False,Copilot,same+human,line-anchored
3074647104,3,1.0,2.0,True,False,True,False,True,Copilot,same+human,summary only
3074649485,3,,3.0,False,False,True,False,True,Copilot,human,summary only
3074650870,1,1.0,,False,True,False,True,True,OpenAI_Codex,cross,line-anchored
3074667128,3,1.0,2.0,True,False,True,True,True,Copilot,same+human,line-anchored
3074688614,2,1.0,1.0,True,False,True,True,False,Copilot,same+human,line-anchored
3074689352,1,1.0,,False,True,False,True,True,OpenAI_Codex,cross,line-anchored
3074689840,4,1.0,3.0,True,False,True,True,True,Copilot,same+human,line-anchored
3074733010,1,1.0,,False,True,False,True,True,OpenAI_Codex,cross,line-anchored
3074763951,2,,2.0,False,False,True,False,False,Copilot,human,bare verdicts only
3074764483,1,,1.0,False,False,True,False,False,Devin,human,bare verdicts only
3074781486,3,1.0,2.0,True,False,True,True,True,Copilot,same+human,line-anchored
3074785958,1,1.0,,True,False,False,True,True,Copilot,same,line-anchored
3074788987,5,1.0,4.0,True,False,True,True,True,Copilot,same+human,line-anchored
3074803753,1,,1.0,False,False,True,False,False,Copilot,human,bare verdicts only
3074805864,1,1.0,,False,True,False,True,True,OpenAI_Codex,cross,line-anchored
3074815283,1,1.0,,False,True,False,True,False,Devin,cross,line-anchored
3074815696,2,1.0,1.0,True,False,True,True,True,Copilot,same+human,line-anchored
3074825404,1,1.0,,False,True,False,True,True,OpenAI_Codex,cross,line-anchored
3074847883,2,1.0,1.0,True,False,True,True,False,Copilot,same+human,line-anchored
3074864896,1,,1.0,False,False,True,True,False,Copilot,human,line-anchored
3074882049,2,1.0,1.0,False,True,True,True,True,OpenAI_Codex,cross+human,line-anchored
3074885425,2,,2.0,False,False,True,True,False,OpenAI_Codex,human,line-anchored
3074893038,3,1.0,2.0,True,False,True,True,True,Copilot,same+human,line-anchored
3074921265,1,,1.0,False,False,True,False,False,OpenAI_Codex,human,bare verdicts only
3074925487,2,1.0,1.0,True,False,True,True,False,Copilot,same+human,line-anchored
3074950203,2,1.0,1.0,True,False,True,True,False,Copilot,same+human,line-anchored
3074962133,1,,1.0,False,False,True,True,False,Devin,human,line-anchored
3074963659,3,1.0,2.0,True,False,True,True,True,Copilot,same+human,line-anchored
3074965771,1,,1.0,False,False,True,False,False,OpenAI_Codex,human,bare verdicts only
3074990791,1,,1.0,False,False,True,False,True,Copilot,human,summary only
3074993448,1,,1.0,False,False,True,False,True,Copilot,human,summary only
3075007123,1,,1.0,False,False,True,False,False,OpenAI_Codex,human,bare verdicts only
3075010876,4,1.0,3.0,True,False,True,True,False,Copilot,same+human,line-anchored
3075016326,1,1.0,,False,True,False,True,True,OpenAI_Codex,cross,line-anchored
3075019704,2,1.0,1.0,True,False,True,True,True,Copilot,same+human,line-anchored
3075023159,1,,1.0,False,False,True,False,True,Copilot,human,summary only
3075024592,2,,2.0,False,False,True,False,False,Copilot,human,bare verdicts only
3075028295,2,1.0,1.0,True,False,True,True,False,Copilot,same+human,line-anchored
3075031726,1,1.0,,True,False,False,False,True,Copilot,same,summary only
3075035064,2,1.0,1.0,True,False,True,True,False,Copilot,same+human,line-anchored
3075036483,1,1.0,,False,True,False,True,True,OpenAI_Codex,cross,line-anchored
3075036713,3,1.0,2.0,True,False,True,True,True,Copilot,same+human,line-anchored
3075038418,1,,1.0,False,False,True,False,True,OpenAI_Codex,human,summary only
3075057354,1,1.0,,False,True,False,False,True,OpenAI_Codex,cross,summary only
3075060544,1,1.0,,True,False,False,True,True,Copilot,same,line-anchored
3075074358,2,1.0,1.0,True,False,True,True,True,Copilot,same+human,line-anchored
3075074837,2,1.0,1.0,True,False,True,True,False,Copilot,same+human,line-anchored
3075075850,1,,1.0,False,False,True,True,True,Devin,human,line-anchored
3075113564,3,1.0,2.0,False,True,True,False,True,OpenAI_Codex,cross+human,summary only
3075176665,4,1.0,3.0,True,False,True,True,True,Copilot,same+human,line-anchored
3075178010,1,1.0,,False,True,False,True,True,OpenAI_Codex,cross,line-anchored
3075195284,1,1.0,,False,True,False,True,True,OpenAI_Codex,cross,line-anchored
3075201543,2,1.0,1.0,True,False,True,True,True,Copilot,same+human,line-anchored
3075207290,1,,1.0,False,False,True,False,True,Copilot,human,summary only
3075216235,2,1.0,1.0,True,False,True,True,False,Copilot,same+human,line-anchored
3075218114,1,1.0,,False,True,False,False,True,OpenAI_Codex,cross,summary only
3075221618,2,,2.0,False,False,True,False,False,Copilot,human,bare verdicts only
3075224580,1,1.0,,False,True,False,True,True,OpenAI_Codex,cross,line-anchored
3075225211,1,,1.0,False,False,True,False,False,Copilot,human,bare verdicts only
3075232636,1,1.0,,False,True,False,True,True,OpenAI_Codex,cross,line-anchored
3075242171,2,1.0,1.0,True,False,True,True,False,Copilot,same+human,line-anchored
3075243153,2,1.0,1.0,True,False,True,True,True,Copilot,same+human,line-anchored
3075252160,1,1.0,,False,True,False,False,True,OpenAI_Codex,cross,summary only
3075262343,2,1.0,1.0,True,False,True,True,False,Copilot,same+human,line-anchored
3075266086,1,1.0,,False,True,False,False,True,OpenAI_Codex,cross,summary only
3075267356,4,,4.0,False,False,True,False,True,Copilot,human,summary only
3075286950,3,1.0,2.0,True,False,True,True,True,Copilot,same+human,line-anchored
3075291570,2,1.0,1.0,True,False,True,True,False,Copilot,same+human,line-anchored
3075300600,1,1.0,,False,True,False,False,True,OpenAI_Codex,cross,summary only
3075322931,1,,1.0,False,False,True,False,True,Copilot,human,summary only
3075368863,3,,3.0,False,False,True,False,False,Devin,human,bare verdicts only
3075370587,1,,1.0,False,False,True,False,True,Copilot,human,summary only
3075373724,1,,1.0,False,False,True,False,False,Copilot,human,bare verdicts only
3075374927,1,1.0,,True,False,False,True,True,Copilot,same,line-anchored
3075385562,1,,1.0,False,False,True,True,False,OpenAI_Codex,human,line-anchored
3075388250,1,1.0,,True,False,False,False,True,Copilot,same,summary only
3075393105,3,1.0,2.0,False,True,True,True,True,OpenAI_Codex,cross+human,line-anchored
3075398355,2,1.0,1.0,True,False,True,True,True,Copilot,same+human,line-anchored
3075403080,1,,1.0,False,False,True,False,False,OpenAI_Codex,human,bare verdicts only
3075408178,2,1.0,1.0,False,True,True,True,True,OpenAI_Codex,cross+human,line-anchored
3075413536,2,1.0,1.0,False,True,True,False,True,OpenAI_Codex,cross+human,summary only
3075415557,3,2.0,1.0,False,True,True,True,True,OpenAI_Codex,cross+human,line-anchored
3075417840,1,,1.0,False,False,True,False,False,Copilot,human,bare verdicts only
3075430961,1,,1.0,False,False,True,False,False,Copilot,human,bare verdicts only
3075456505,1,,1.0,False,False,True,False,False,Copilot,human,bare verdicts only
3075457871,2,1.0,1.0,False,True,True,False,True,OpenAI_Codex,cross+human,summary only
3075460584,1,,1.0,False,False,True,False,False,OpenAI_Codex,human,bare verdicts only
3075470121,1,,1.0,False,False,True,True,False,Copilot,human,line-anchored
3075470378,3,2.0,1.0,False,True,True,False,True,OpenAI_Codex,cross+human,summary only
3075506520,2,2.0,,False,True,False,True,True,OpenAI_Codex,cross,line-anchored
3075506913,3,1.0,2.0,True,False,True,True,True,Copilot,same+human,line-anchored
3075513659,1,1.0,,False,True,False,True,True,OpenAI_Codex,cross,line-anchored
3075534115,1,,1.0,False,False,True,False,False,Copilot,human,bare verdicts only
3075563001,3,1.0,2.0,True,False,True,True,False,Copilot,same+human,line-anchored
3075567778,1,,1.0,False,False,True,True,True,Copilot,human,line-anchored
3075616006,1,,1.0,False,False,True,True,True,OpenAI_Codex,human,line-anchored
3075670611,1,1.0,,True,False,False,True,True,Copilot,same,line-anchored
3075700058,1,1.0,,False,True,False,False,True,OpenAI_Codex,cross,summary only
3075711443,1,1.0,,False,True,False,True,True,OpenAI_Codex,cross,line-anchored
3075716773,1,1.0,,False,True,False,True,True,OpenAI_Codex,cross,line-anchored
3075723453,1,,1.0,False,False,True,False,False,Devin,human,bare verdicts only
3075728562,3,,3.0,False,False,True,False,False,Devin,human,bare verdicts only
3075729468,2,1.0,1.0,False,True,True,False,True,OpenAI_Codex,cross+human,summary only
3075757415,1,,1.0,False,False,True,False,False,Devin,human,bare verdicts only
3075789042,2,1.0,1.0,True,False,True,True,True,Copilot,same+human,line-anchored
3075790811,1,1.0,,False,True,False,True,True,Devin,cross,line-anchored
3075799511,5,1.0,4.0,True,False,True,True,True,Copilot,same+human,line-anchored
3075812391,1,,1.0,False,False,True,False,True,OpenAI_Codex,human,summary only
3075843226,4,1.0,3.0,True,False,True,True,True,Copilot,same+human,line-anchored
3075857183,16,1.0,15.0,True,False,True,True,True,Copilot,same+human,line-anchored
3075868646,2,1.0,1.0,False,True,True,True,True,OpenAI_Codex,cross+human,line-anchored
3075942194,1,1.0,,False,True,False,False,True,OpenAI_Codex,cross,summary only
3075945404,4,2.0,2.0,False,True,True,True,True,OpenAI_Codex,cross+human,line-anchored
3075963167,1,1.0,,False,True,False,False,True,OpenAI_Codex,cross,summary only
3075994560,2,1.0,1.0,True,False,True,True,True,Copilot,same+human,line-anchored
3075996792,3,1.0,2.0,False,True,True,False,True,OpenAI_Codex,cross+human,summary only
3076010217,1,1.0,,False,True,False,False,True,OpenAI_Codex,cross,summary only
3076013183,2,1.0,1.0,False,True,True,False,True,OpenAI_Codex,cross+human,summary only
3076030480,3,1.0,2.0,True,False,True,True,False,Copilot,same+human,line-anchored
3076040059,1,1.0,,False,True,False,False,True,OpenAI_Codex,cross,summary only
3076043127,2,1.0,1.0,True,False,True,True,False,Copilot,same+human,line-anchored
3076064186,2,1.0,1.0,True,False,True,True,True,Copilot,same+human,line-anchored
3076083247,3,1.0,2.0,True,False,True,True,True,Copilot,same+human,line-anchored
3076095158,1,1.0,,False,True,False,False,True,OpenAI_Codex,cross,summary only
3076114345,4,1.0,3.0,True,False,True,True,False,Copilot,same+human,line-anchored
3076155741,1,,1.0,False,False,True,False,True,OpenAI_Codex,human,summary only
3076155796,1,1.0,,False,True,False,False,True,OpenAI_Codex,cross,summary only
3076204222,1,1.0,,False,True,False,False,True,OpenAI_Codex,cross,summary only
3076237105,1,,1.0,False,False,True,False,False,Devin,human,bare verdicts only
3076267770,4,1.0,3.0,True,False,True,True,False,Copilot,same+human,line-anchored
3076300908,2,,2.0,False,False,True,True,False,Copilot,human,line-anchored
3076401687,2,,2.0,False,False,True,False,True,Copilot,human,summary only
3076452714,1,,1.0,False,False,True,False,True,Copilot,human,summary only
3076534856,2,1.0,1.0,True,False,True,True,True,Copilot,same+human,line-anchored
3076603836,3,1.0,2.0,False,True,True,True,True,OpenAI_Codex,cross+human,line-anchored
3076627900,1,,1.0,False,False,True,False,True,Copilot,human,summary only
3076655992,3,1.0,2.0,True,False,True,True,True,Copilot,same+human,line-anchored
3076670977,3,1.0,2.0,True,False,True,True,True,Copilot,same+human,line-anchored
3076685839,1,,1.0,False,False,True,True,True,Devin,human,line-anchored
3076722865,3,,3.0,False,False,True,False,True,Copilot,human,summary only
3076775534,2,1.0,1.0,True,False,True,True,False,Copilot,same+human,line-anchored
3076780891,4,1.0,3.0,True,False,True,True,True,Copilot,same+human,line-anchored
3076831485,2,1.0,1.0,True,False,True,True,False,Copilot,same+human,line-anchored
3076846191,1,1.0,,False,True,False,True,True,OpenAI_Codex,cross,line-anchored
3076876850,1,1.0,,False,True,False,False,True,OpenAI_Codex,cross,summary only
3076876935,1,1.0,,False,True,False,False,True,OpenAI_Codex,cross,summary only
3076879426,1,1.0,,False,True,False,False,True,OpenAI_Codex,cross,summary only
3076882541,3,1.0,2.0,True,False,True,True,False,Copilot,same+human,line-anchored
3076913080,2,1.0,1.0,False,True,True,False,True,OpenAI_Codex,cross+human,summary only
3076925935,1,1.0,,False,True,False,False,True,OpenAI_Codex,cross,summary only
3076931517,1,1.0,,False,True,False,False,True,OpenAI_Codex,cross,summary only
3076943612,1,1.0,,False,True,False,False,True,OpenAI_Codex,cross,summary only
3076960386,1,1.0,,False,True,False,False,True,OpenAI_Codex,cross,summary only
3076965582,2,1.0,1.0,False,True,True,True,True,OpenAI_Codex,cross+human,line-anchored
3076967539,1,1.0,,False,True,False,True,True,OpenAI_Codex,cross,line-anchored
3076981888,3,,3.0,False,False,True,False,True,Copilot,human,summary only
3077006686,1,1.0,,False,True,False,True,True,OpenAI_Codex,cross,line-anchored
3077029518,1,1.0,,False,True,False,True,True,OpenAI_Codex,cross,line-anchored
3077052259,5,1.0,4.0,True,False,True,True,True,Copilot,same+human,line-anchored
3077058914,1,,1.0,False,False,True,False,True,Copilot,human,summary only
3077061912,1,,1.0,False,False,True,False,True,Devin,human,summary only
3077092482,1,1.0,,False,True,False,False,True,OpenAI_Codex,cross,summary only
3077095481,1,,1.0,False,False,True,False,False,Copilot,human,bare verdicts only
3077095878,1,,1.0,False,False,True,True,False,Copilot,human,line-anchored
3077103096,2,,2.0,False,False,True,False,True,Devin,human,summary only
3077154294,1,1.0,,False,True,False,True,True,OpenAI_Codex,cross,line-anchored
3077200682,1,1.0,,False,True,False,True,True,OpenAI_Codex,cross,line-anchored
3077220365,2,1.0,1.0,False,True,True,True,True,OpenAI_Codex,cross+human,line-anchored
3077244370,1,1.0,,False,True,False,True,True,OpenAI_Codex,cross,line-anchored
3077259471,1,1.0,,True,False,False,False,True,Copilot,same,summary only
3077273873,2,,2.0,False,False,True,False,False,Copilot,human,bare verdicts only
3077288177,2,,2.0,False,False,True,True,False,Devin,human,line-anchored
3077293430,1,1.0,,False,True,False,False,True,OpenAI_Codex,cross,summary only
3077294586,1,1.0,,False,True,False,False,True,OpenAI_Codex,cross,summary only
3077296354,1,1.0,,False,True,False,False,True,OpenAI_Codex,cross,summary only
3077310091,1,,1.0,False,False,True,False,False,OpenAI_Codex,human,bare verdicts only
3077311015,2,1.0,1.0,True,False,True,True,False,Copilot,same+human,line-anchored
3077312135,1,,1.0,False,False,True,False,False,OpenAI_Codex,human,bare verdicts only
3077326559,2,1.0,1.0,True,False,True,True,False,Copilot,same+human,line-anchored
3077338815,1,1.0,,False,True,False,True,True,OpenAI_Codex,cross,line-anchored
3077343390,3,2.0,1.0,False,True,True,True,True,OpenAI_Codex,cross+human,line-anchored
3077383006,1,,1.0,False,False,True,False,False,Copilot,human,bare verdicts only
3077405928,2,1.0,1.0,False,True,True,True,True,OpenAI_Codex,cross+human,line-anchored
3077439649,1,,1.0,False,False,True,False,False,Devin,human,bare verdicts only
3077457909,1,1.0,,False,True,False,True,True,OpenAI_Codex,cross,line-anchored
3077511957,1,1.0,,False,True,False,True,True,OpenAI_Codex,cross,line-anchored
3077533728,1,1.0,,False,True,False,True,True,OpenAI_Codex,cross,line-anchored
3077533825,1,,1.0,False,False,True,False,True,Copilot,human,summary only
3077536986,1,,1.0,False,False,True,False,False,OpenAI_Codex,human,bare verdicts only
3077539464,1,,1.0,False,False,True,True,False,Copilot,human,line-anchored
3077558416,1,1.0,,False,True,False,True,True,OpenAI_Codex,cross,line-anchored
3077563797,1,1.0,,False,True,False,True,True,OpenAI_Codex,cross,line-anchored
3077581063,2,2.0,,False,True,False,True,True,OpenAI_Codex,cross,line-anchored
3077582070,1,1.0,,False,True,False,False,True,OpenAI_Codex,cross,summary only
3077594305,1,1.0,,False,True,False,True,True,OpenAI_Codex,cross,line-anchored
3077622008,1,,1.0,False,False,True,True,False,OpenAI_Codex,human,line-anchored
3077625342,1,1.0,,False,True,False,True,True,OpenAI_Codex,cross,line-anchored
3077628746,1,1.0,,False,True,False,False,True,OpenAI_Codex,cross,summary only
3077638020,1,1.0,,False,True,False,False,True,OpenAI_Codex,cross,summary only
3077659392,1,1.0,,False,True,False,True,True,OpenAI_Codex,cross,line-anchored
3077668165,1,,1.0,False,False,True,False,False,Copilot,human,bare verdicts only
3077679669,2,1.0,1.0,True,False,True,True,False,Copilot,same+human,line-anchored
3077704760,1,1.0,,False,True,False,True,True,OpenAI_Codex,cross,line-anchored
3077729458,2,,2.0,False,False,True,True,False,Copilot,human,line-anchored
3077731351,3,,3.0,False,False,True,False,True,Copilot,human,summary only
3077737603,1,1.0,,False,True,False,True,True,OpenAI_Codex,cross,line-anchored
3077744021,1,,1.0,False,False,True,False,False,OpenAI_Codex,human,bare verdicts only
3077757905,3,1.0,2.0,True,False,True,False,True,Copilot,same+human,summary only
3077764443,2,,2.0,False,False,True,True,False,Devin,human,line-anchored
3077764769,1,1.0,,False,True,False,True,True,OpenAI_Codex,cross,line-anchored
3077768704,1,,1.0,False,False,True,False,False,Copilot,human,bare verdicts only
3077784832,1,,1.0,False,False,True,False,True,Copilot,human,summary only
3077791016,1,1.0,,False,True,False,True,True,OpenAI_Codex,cross,line-anchored
3077799254,1,1.0,,False,True,False,False,True,OpenAI_Codex,cross,summary only
3077817610,1,1.0,,False,True,False,False,True,OpenAI_Codex,cross,summary only
3077823693,2,1.0,1.0,True,False,True,True,False,Copilot,same+human,line-anchored
3077846012,1,1.0,,False,True,False,False,True,OpenAI_Codex,cross,summary only
3077878880,1,,1.0,False,False,True,False,True,OpenAI_Codex,human,summary only
3077888679,1,1.0,,False,True,False,True,True,OpenAI_Codex,cross,line-anchored
3077911226,1,1.0,,False,True,False,True,True,OpenAI_Codex,cross,line-anchored
3077950268,1,,1.0,False,False,True,True,False,Devin,human,line-anchored
3077957977,1,1.0,,False,True,False,False,True,OpenAI_Codex,cross,summary only
3077993917,1,,1.0,False,False,True,False,True,OpenAI_Codex,human,summary only
3078006902,2,,2.0,False,False,True,True,True,Claude_Code,human,line-anchored
3078035796,1,1.0,,False,True,False,False,True,OpenAI_Codex,cross,summary only
3078036625,1,,1.0,False,False,True,False,False,OpenAI_Codex,human,bare verdicts only
3078059473,1,1.0,,False,True,False,False,True,OpenAI_Codex,cross,summary only
3078060956,2,1.0,1.0,True,False,True,True,False,Copilot,same+human,line-anchored
3078064622,1,1.0,,False,True,False,False,True,OpenAI_Codex,cross,summary only
3078067394,1,1.0,,False,True,False,False,True,OpenAI_Codex,cross,summary only
3078070839,1,1.0,,False,True,False,True,True,OpenAI_Codex,cross,line-anchored
3078072967,1,1.0,,False,True,False,False,True,OpenAI_Codex,cross,summary only
3078073914,1,1.0,,False,True,False,False,True,OpenAI_Codex,cross,summary only
3078074492,1,1.0,,False,True,False,False,True,OpenAI_Codex,cross,summary only
3078076894,3,1.0,2.0,True,False,True,True,False,Copilot,same+human,line-anchored
3078077090,1,,1.0,False,False,True,True,True,Copilot,human,line-anchored
3078089486,1,1.0,,False,True,False,False,True,OpenAI_Codex,cross,summary only
3078103384,1,1.0,,False,True,False,True,True,OpenAI_Codex,cross,line-anchored
3078123228,1,1.0,,False,True,False,True,True,OpenAI_Codex,cross,line-anchored
3078150036,1,1.0,,False,True,False,True,True,OpenAI_Codex,cross,line-anchored
3078157262,1,1.0,,False,True,False,False,True,OpenAI_Codex,cross,summary only
3078160044,4,1.0,3.0,True,False,True,True,True,Copilot,same+human,line-anchored
3078166226,2,1.0,1.0,True,False,True,True,True,Copilot,same+human,line-anchored
3078166718,1,,1.0,False,False,True,False,True,Copilot,human,summary only
3078187008,3,1.0,2.0,True,False,True,True,False,Copilot,same+human,line-anchored
3078195603,2,1.0,1.0,True,False,True,True,False,Copilot,same+human,line-anchored
3078197210,1,1.0,,False,True,False,True,False,Devin,cross,line-anchored
3078214026,1,1.0,,False,True,False,True,True,OpenAI_Codex,cross,line-anchored
3078237999,1,,1.0,False,False,True,True,False,OpenAI_Codex,human,line-anchored
3078240425,1,1.0,,False,True,False,True,True,OpenAI_Codex,cross,line-anchored
3078256987,3,,3.0,False,False,True,False,True,Copilot,human,summary only
3078288014,1,1.0,,False,True,False,True,True,OpenAI_Codex,cross,line-anchored
3078319136,1,1.0,,False,True,False,True,True,OpenAI_Codex,cross,line-anchored
3078330455,2,1.0,1.0,True,False,True,True,True,Copilot,same+human,line-anchored
3078330940,1,1.0,,False,True,False,False,True,OpenAI_Codex,cross,summary only
3078331713,1,1.0,,False,True,False,True,True,OpenAI_Codex,cross,line-anchored
3078334222,1,,1.0,False,False,True,False,False,Devin,human,bare verdicts only
3078340622,1,,1.0,False,False,True,False,False,Copilot,human,bare verdicts only
3078349165,1,,1.0,False,False,True,False,False,OpenAI_Codex,human,bare verdicts only
3078352984,2,1.0,1.0,True,False,True,True,True,Copilot,same+human,line-anchored
3078353736,2,2.0,,False,True,False,True,True,OpenAI_Codex,cross,line-anchored
3078356584,3,1.0,2.0,True,False,True,True,False,Copilot,same+human,line-anchored
3078366765,5,1.0,4.0,True,False,True,True,False,Copilot,same+human,line-anchored
3078368656,1,1.0,,False,True,False,True,True,OpenAI_Codex,cross,line-anchored
3078382638,2,1.0,1.0,True,False,True,True,True,Copilot,same+human,line-anchored
3078383974,1,,1.0,False,False,True,True,False,Copilot,human,line-anchored
3078425912,1,,1.0,False,False,True,False,True,Copilot,human,summary only
3078429634,1,1.0,,False,True,False,True,True,OpenAI_Codex,cross,line-anchored
3078439427,4,1.0,3.0,True,False,True,True,True,Copilot,same+human,line-anchored
3078440447,2,1.0,1.0,True,False,True,True,True,Copilot,same+human,line-anchored
3078440458,1,1.0,,False,True,False,False,True,OpenAI_Codex,cross,summary only
3078444990,5,1.0,4.0,False,True,True,True,True,OpenAI_Codex,cross+human,line-anchored
3078456496,1,1.0,,False,True,False,True,True,OpenAI_Codex,cross,line-anchored
3078469289,1,,1.0,False,False,True,False,True,Copilot,human,summary only
3078500113,1,1.0,,False,True,False,False,True,OpenAI_Codex,cross,summary only
3078528718,3,1.0,2.0,False,True,True,True,True,OpenAI_Codex,cross+human,line-anchored
3078531818,1,1.0,,False,True,False,True,True,OpenAI_Codex,cross,line-anchored
3078539142,2,1.0,1.0,True,False,True,True,False,Copilot,same+human,line-anchored
3078554288,1,1.0,,False,True,False,True,True,OpenAI_Codex,cross,line-anchored
3078604256,2,1.0,1.0,False,True,True,True,False,OpenAI_Codex,cross+human,line-anchored
3078642261,4,2.0,2.0,False,True,True,True,True,OpenAI_Codex,cross+human,line-anchored
3078666004,3,2.0,1.0,False,True,True,True,True,OpenAI_Codex,cross+human,line-anchored
3078680236,1,1.0,,False,True,False,True,True,OpenAI_Codex,cross,line-anchored
3078704170,1,,1.0,False,False,True,False,False,OpenAI_Codex,human,bare verdicts only
3078707207,5,2.0,3.0,False,True,True,True,True,OpenAI_Codex,cross+human,line-anchored
3078712434,1,,1.0,False,False,True,False,False,Copilot,human,bare verdicts only
3078725618,1,1.0,,False,True,False,True,True,OpenAI_Codex,cross,line-anchored
3078729881,4,1.0,3.0,True,False,True,True,True,Copilot,same+human,line-anchored
3078737490,3,1.0,2.0,True,False,True,True,True,Copilot,same+human,line-anchored
3078758331,4,1.0,3.0,True,False,True,True,True,Copilot,same+human,line-anchored
3078763028,1,1.0,,False,True,False,True,True,OpenAI_Codex,cross,line-anchored
3078777120,1,1.0,,False,True,False,True,True,OpenAI_Codex,cross,line-anchored
3078777355,2,,2.0,False,False,True,True,True,Devin,human,line-anchored
3078782339,1,,1.0,False,False,True,False,False,Copilot,human,bare verdicts only
3078793330,1,1.0,,False,True,False,False,True,OpenAI_Codex,cross,summary only
3078811115,1,1.0,,False,True,False,True,True,OpenAI_Codex,cross,line-anchored
3078814177,1,,1.0,False,False,True,False,False,OpenAI_Codex,human,bare verdicts only
3078817351,1,1.0,,False,True,False,True,True,OpenAI_Codex,cross,line-anchored
3078829099,1,1.0,,False,True,False,True,True,OpenAI_Codex,cross,line-anchored
3078830083,1,1.0,,False,True,False,False,True,OpenAI_Codex,cross,summary only
3078834752,3,1.0,2.0,True,False,True,True,False,Copilot,same+human,line-anchored
3078838952,1,1.0,,False,True,False,True,True,OpenAI_Codex,cross,line-anchored
3078854029,1,1.0,,False,True,False,True,True,OpenAI_Codex,cross,line-anchored
3078911500,1,,1.0,False,False,True,True,False,Devin,human,line-anchored
3078939326,1,1.0,,False,True,False,False,True,OpenAI_Codex,cross,summary only
3079013643,2,1.0,1.0,False,True,True,False,True,OpenAI_Codex,cross+human,summary only
3079015394,1,1.0,,False,True,False,False,True,OpenAI_Codex,cross,summary only
3079015881,2,1.0,1.0,True,False,True,True,False,Copilot,same+human,line-anchored
3079016065,2,1.0,1.0,True,False,True,True,False,Copilot,same+human,line-anchored
3079042406,2,1.0,1.0,False,True,True,False,True,OpenAI_Codex,cross+human,summary only
3079094288,3,2.0,1.0,False,True,True,False,True,OpenAI_Codex,cross+human,summary only
3079097818,2,1.0,1.0,True,False,True,True,False,Copilot,same+human,line-anchored
3079150087,2,1.0,1.0,False,True,True,False,True,OpenAI_Codex,cross+human,summary only
3079169576,1,1.0,,False,True,False,True,True,OpenAI_Codex,cross,line-anchored
3079170931,2,1.0,1.0,True,False,True,True,False,Copilot,same+human,line-anchored
3079176109,2,1.0,1.0,False,True,True,True,True,OpenAI_Codex,cross+human,line-anchored
3079195905,1,1.0,,False,True,False,True,True,OpenAI_Codex,cross,line-anchored
3079232473,4,2.0,2.0,False,True,True,True,True,OpenAI_Codex,cross+human,line-anchored
3079241115,1,,1.0,False,False,True,False,True,Copilot,human,summary only
3079303421,4,2.0,2.0,False,True,True,True,True,Claude_Code,cross+human,line-anchored
3079374187,1,,1.0,False,False,True,False,False,Devin,human,bare verdicts only
3079380987,1,1.0,,False,True,False,True,True,OpenAI_Codex,cross,line-anchored
3079443782,2,,2.0,False,False,True,False,False,Copilot,human,bare verdicts only
3079520197,1,,1.0,False,False,True,False,False,OpenAI_Codex,human,bare verdicts only
3079569825,1,,1.0,False,False,True,True,False,Copilot,human,line-anchored
3079570774,1,,1.0,False,False,True,True,False,Copilot,human,line-anchored
3079611560,1,1.0,,False,True,False,True,False,Devin,cross,line-anchored
3079628682,4,1.0,3.0,True,False,True,True,True,Copilot,same+human,line-anchored
3079632972,3,1.0,2.0,True,False,True,True,False,Copilot,same+human,line-anchored
3079684446,4,1.0,3.0,True,False,True,True,True,Copilot,same+human,line-anchored
3079721124,1,1.0,,False,True,False,False,True,OpenAI_Codex,cross,summary only
3079735405,1,1.0,,False,True,False,True,True,OpenAI_Codex,cross,line-anchored
3079735939,1,1.0,,False,True,False,False,True,OpenAI_Codex,cross,summary only
3079737329,1,1.0,,False,True,False,True,True,OpenAI_Codex,cross,line-anchored
3079799506,2,1.0,1.0,True,False,True,True,True,Copilot,same+human,line-anchored
3079886079,4,1.0,3.0,True,False,True,True,True,Copilot,same+human,line-anchored
3079900258,2,1.0,1.0,False,True,True,True,False,OpenAI_Codex,cross+human,line-anchored
3079967973,4,1.0,3.0,True,False,True,True,True,Copilot,same+human,line-anchored
3079986407,1,1.0,,False,True,False,True,True,OpenAI_Codex,cross,line-anchored
3079989476,2,1.0,1.0,False,True,True,True,True,Devin,cross+human,line-anchored
3080015686,3,1.0,2.0,True,False,True,True,True,Copilot,same+human,line-anchored
3080019917,3,1.0,2.0,True,False,True,True,False,Copilot,same+human,line-anchored
3080023392,4,1.0,3.0,True,False,True,True,True,Copilot,same+human,line-anchored
3080031213,2,1.0,1.0,True,False,True,True,True,Copilot,same+human,line-anchored
3080054034,1,,1.0,False,False,True,False,False,Copilot,human,bare verdicts only
3080054616,1,,1.0,False,False,True,False,False,OpenAI_Codex,human,bare verdicts only
3080058343,3,1.0,2.0,True,False,True,True,True,Copilot,same+human,line-anchored
3080092149,1,1.0,,False,True,False,False,True,OpenAI_Codex,cross,summary only
3080093279,1,,1.0,False,False,True,True,False,Devin,human,line-anchored
3080101913,1,,1.0,False,False,True,False,True,OpenAI_Codex,human,summary only
3080107491,2,1.0,1.0,True,False,True,True,False,Copilot,same+human,line-anchored
3080134448,2,1.0,1.0,True,False,True,True,False,Copilot,same+human,line-anchored
3080190020,1,1.0,,False,True,False,False,True,OpenAI_Codex,cross,summary only
3080192045,1,1.0,,True,False,False,True,True,Copilot,same,line-anchored
3080265580,1,,1.0,False,False,True,False,False,Devin,human,bare verdicts only
3080294030,1,1.0,,False,True,False,True,True,OpenAI_Codex,cross,line-anchored
3080333429,2,,2.0,False,False,True,False,True,OpenAI_Codex,human,summary only
3080351395,1,1.0,,False,True,False,False,True,OpenAI_Codex,cross,summary only
3080439955,1,,1.0,False,False,True,True,False,Devin,human,line-anchored
3080469916,1,1.0,,False,True,False,True,True,OpenAI_Codex,cross,line-anchored
3080501015,2,1.0,1.0,True,False,True,True,True,Copilot,same+human,line-anchored
3080526982,1,1.0,,False,True,False,False,True,OpenAI_Codex,cross,summary only
3080537200,1,1.0,,False,True,False,True,True,OpenAI_Codex,cross,line-anchored
3080543697,1,1.0,,False,True,False,False,True,OpenAI_Codex,cross,summary only
3080627981,1,,1.0,False,False,True,False,False,Devin,human,bare verdicts only
3080646869,1,1.0,,False,True,False,False,True,OpenAI_Codex,cross,summary only
3080668353,2,,2.0,False,False,True,True,True,OpenAI_Codex,human,line-anchored
3080697099,1,1.0,,False,True,False,True,True,OpenAI_Codex,cross,line-anchored
3080726438,1,1.0,,False,True,False,False,True,OpenAI_Codex,cross,summary only
3080743634,2,1.0,1.0,True,False,True,True,False,Copilot,same+human,line-anchored
3080749324,1,,1.0,False,False,True,False,True,OpenAI_Codex,human,summary only
3080751824,3,1.0,2.0,True,False,True,True,False,Copilot,same+human,line-anchored
3080755100,1,,1.0,False,False,True,False,False,Devin,human,bare verdicts only
3080758359,1,,1.0,False,False,True,False,True,OpenAI_Codex,human,summary only
3080765979,1,,1.0,False,False,True,False,False,Devin,human,bare verdicts only
3080810103,1,1.0,,False,True,False,True,True,OpenAI_Codex,cross,line-anchored
3080811433,1,,1.0,False,False,True,False,False,Copilot,human,bare verdicts only
3080817094,1,,1.0,False,False,True,False,True,Copilot,human,summary only
3080825158,1,1.0,,False,True,False,True,True,OpenAI_Codex,cross,line-anchored
3080846070,1,,1.0,False,False,True,False,False,OpenAI_Codex,human,bare verdicts only
3080851322,1,1.0,,False,True,False,True,True,OpenAI_Codex,cross,line-anchored
3080865891,1,,1.0,False,False,True,True,False,Devin,human,line-anchored
3080877416,1,,1.0,False,False,True,False,True,OpenAI_Codex,human,summary only
3080888534,1,1.0,,False,True,False,True,True,OpenAI_Codex,cross,line-anchored
3080893219,1,,1.0,False,False,True,False,False,Devin,human,bare verdicts only
3080933474,1,,1.0,False,False,True,True,False,Devin,human,line-anchored
3080936507,1,,1.0,False,False,True,True,False,Devin,human,line-anchored
3080948143,2,,2.0,False,False,True,False,False,Devin,human,bare verdicts only
3080969048,4,1.0,3.0,True,False,True,True,False,Copilot,same+human,line-anchored
3080977098,1,1.0,,False,True,False,False,True,OpenAI_Codex,cross,summary only
3080995192,3,1.0,2.0,True,False,True,True,True,Copilot,same+human,line-anchored
3081004592,1,1.0,,False,True,False,False,True,OpenAI_Codex,cross,summary only
3081019130,2,1.0,1.0,True,False,True,True,True,Copilot,same+human,line-anchored
3081029577,1,1.0,,False,True,False,True,True,OpenAI_Codex,cross,line-anchored
3081033585,1,,1.0,False,False,True,False,False,Devin,human,bare verdicts only
3081035112,2,1.0,1.0,True,False,True,True,True,Copilot,same+human,line-anchored
3081065025,1,1.0,,False,True,False,True,True,OpenAI_Codex,cross,line-anchored
3081070787,1,1.0,,False,True,False,True,True,OpenAI_Codex,cross,line-anchored
3081079346,1,1.0,,False,True,False,True,True,OpenAI_Codex,cross,line-anchored
3081082136,3,1.0,2.0,True,False,True,True,True,Copilot,same+human,line-anchored
3081084190,1,,1.0,False,False,True,True,False,Devin,human,line-anchored
3081104975,1,1.0,,False,True,False,True,True,OpenAI_Codex,cross,line-anchored
3081109099,2,1.0,1.0,True,False,True,True,False,Copilot,same+human,line-anchored
3081110111,2,,2.0,False,False,True,True,True,OpenAI_Codex,human,line-anchored
3081127754,1,1.0,,False,True,False,False,True,OpenAI_Codex,cross,summary only
3081139238,1,1.0,,False,True,False,True,True,OpenAI_Codex,cross,line-anchored
3081171929,2,1.0,1.0,True,False,True,True,False,Copilot,same+human,line-anchored
3081179837,1,1.0,,False,True,False,True,True,OpenAI_Codex,cross,line-anchored
3081185488,4,1.0,3.0,True,False,True,True,True,Copilot,same+human,line-anchored
3081186157,2,1.0,1.0,True,False,True,True,False,Copilot,same+human,line-anchored
3081194577,1,1.0,,False,True,False,False,True,OpenAI_Codex,cross,summary only
3081213025,1,,1.0,False,False,True,False,True,OpenAI_Codex,human,summary only
3081226179,2,,2.0,False,False,True,False,True,Devin,human,summary only
3081228438,1,,1.0,False,False,True,False,False,Devin,human,bare verdicts only
3081236707,1,,1.0,False,False,True,False,False,Devin,human,bare verdicts only
3081285523,1,,1.0,False,False,True,False,True,Copilot,human,summary only
3081305965,1,,1.0,False,False,True,False,False,OpenAI_Codex,human,bare verdicts only
3081306673,1,,1.0,False,False,True,False,False,OpenAI_Codex,human,bare verdicts only
3081331751,1,,1.0,False,False,True,True,False,Devin,human,line-anchored
3081345740,2,1.0,1.0,True,False,True,False,True,Copilot,same+human,summary only
3081347944,3,,3.0,False,False,True,True,False,OpenAI_Codex,human,line-anchored
3081361910,2,1.0,1.0,True,False,True,True,False,Copilot,same+human,line-anchored
3081369417,3,1.0,2.0,True,False,True,True,False,Copilot,same+human,line-anchored
3081381028,1,1.0,,False,True,False,True,True,OpenAI_Codex,cross,line-anchored
3081388781,2,,2.0,False,False,True,False,True,Copilot,human,summary only
3081407923,3,1.0,2.0,True,False,True,False,True,Copilot,same+human,summary only
3081428597,1,1.0,,False,True,False,False,True,OpenAI_Codex,cross,summary only
3081464962,1,,1.0,False,False,True,True,True,Copilot,human,line-anchored
3081466449,3,1.0,2.0,False,True,True,True,True,OpenAI_Codex,cross+human,line-anchored
3081466594,1,,1.0,False,False,True,False,True,Devin,human,summary only
3081476453,1,1.0,,False,True,False,False,True,OpenAI_Codex,cross,summary only
3081489701,2,,2.0,False,False,True,True,False,Copilot,human,line-anchored
3081511725,1,1.0,,False,True,False,True,True,OpenAI_Codex,cross,line-anchored
3081520479,1,1.0,,False,True,False,True,True,OpenAI_Codex,cross,line-anchored
3081523540,4,,4.0,False,False,True,True,True,OpenAI_Codex,human,line-anchored
3081528523,1,1.0,,False,True,False,True,True,OpenAI_Codex,cross,line-anchored
3081539793,1,1.0,,False,True,False,False,True,OpenAI_Codex,cross,summary only
3081554474,1,,1.0,False,False,True,False,False,OpenAI_Codex,human,bare verdicts only
3081555677,2,2.0,,False,True,False,True,True,OpenAI_Codex,cross,line-anchored
3081557416,1,,1.0,False,False,True,False,False,OpenAI_Codex,human,bare verdicts only
3081557520,1,,1.0,False,False,True,False,True,Copilot,human,summary only
3081563114,1,1.0,,True,False,False,False,True,Copilot,same,summary only
3081566388,3,1.0,2.0,True,False,True,True,True,Copilot,same+human,line-anchored
3081567791,1,1.0,,False,True,False,True,True,OpenAI_Codex,cross,line-anchored
3081576661,1,1.0,,True,False,False,True,True,Copilot,same,line-anchored
3081580094,1,1.0,,False,True,False,True,True,OpenAI_Codex,cross,line-anchored
3081599668,1,1.0,,False,True,False,True,True,OpenAI_Codex,cross,line-anchored
3081616525,1,,1.0,False,False,True,True,False,Devin,human,line-anchored
3081622100,1,1.0,,False,True,False,True,True,OpenAI_Codex,cross,line-anchored
3081626335,1,1.0,,True,False,False,False,True,Copilot,same,summary only
3081636071,1,1.0,,True,False,False,True,True,Copilot,same,line-anchored
3081644654,2,1.0,1.0,True,False,True,False,True,Copilot,same+human,summary only
3081695764,4,1.0,3.0,True,False,True,True,True,Copilot,same+human,line-anchored
3081715193,4,1.0,3.0,True,False,True,True,False,Copilot,same+human,line-anchored
3081719238,3,1.0,2.0,True,False,True,True,False,Copilot,same+human,line-anchored
3081726196,3,1.0,2.0,True,False,True,True,True,Copilot,same+human,line-anchored
3081726892,3,1.0,2.0,True,False,True,False,True,Copilot,same+human,summary only
3081750194,1,1.0,,False,True,False,False,True,OpenAI_Codex,cross,summary only
3081770176,4,1.0,3.0,True,False,True,True,True,Copilot,same+human,line-anchored
3081788219,1,,1.0,False,False,True,False,True,OpenAI_Codex,human,summary only
3081810740,2,1.0,1.0,False,True,True,True,True,OpenAI_Codex,cross+human,line-anchored
3081816195,1,1.0,,True,False,False,False,True,Copilot,same,summary only
3081816409,2,1.0,1.0,True,False,True,True,False,Copilot,same+human,line-anchored
3081821271,2,1.0,1.0,True,False,True,True,False,Copilot,same+human,line-anchored
3081843614,4,2.0,2.0,False,True,True,True,True,OpenAI_Codex,cross+human,line-anchored
3081858153,1,,1.0,False,False,True,True,False,Copilot,human,line-anchored
3081925002,2,1.0,1.0,True,False,True,True,True,Copilot,same+human,line-anchored
3081978815,2,1.0,1.0,True,False,True,True,True,Copilot,same+human,line-anchored
3081992708,2,1.0,1.0,True,False,True,True,True,Copilot,same+human,line-anchored
3081999258,3,1.0,2.0,True,False,True,True,False,Copilot,same+human,line-anchored
3082019461,2,1.0,1.0,True,False,True,True,True,Copilot,same+human,line-anchored
3082037946,1,,1.0,False,False,True,False,False,Devin,human,bare verdicts only
3082070083,3,1.0,2.0,True,False,True,True,True,Copilot,same+human,line-anchored
3082127177,1,,1.0,False,False,True,False,False,OpenAI_Codex,human,bare verdicts only
3082171419,2,1.0,1.0,True,False,True,True,False,Copilot,same+human,line-anchored
3082171819,2,1.0,1.0,True,False,True,True,True,Copilot,same+human,line-anchored
3082188471,2,1.0,1.0,True,False,True,True,False,Copilot,same+human,line-anchored
3082193016,1,,1.0,False,False,True,False,False,OpenAI_Codex,human,bare verdicts only
3082221313,1,1.0,,False,True,False,True,True,OpenAI_Codex,cross,line-anchored
3082238634,3,1.0,2.0,False,True,True,True,True,Devin,cross+human,line-anchored
3082243434,2,1.0,1.0,True,False,True,False,True,Copilot,same+human,summary only
3082279573,1,,1.0,False,False,True,True,False,OpenAI_Codex,human,line-anchored
3082279903,4,1.0,3.0,True,False,True,True,True,Copilot,same+human,line-anchored
3082282170,2,2.0,,False,True,False,True,True,OpenAI_Codex,cross,line-anchored
3082295750,1,1.0,,False,True,False,True,True,OpenAI_Codex,cross,line-anchored
3082306112,2,,2.0,False,False,True,True,True,OpenAI_Codex,human,line-anchored
3082311072,4,2.0,2.0,False,True,True,True,True,OpenAI_Codex,cross+human,line-anchored
3082320330,4,1.0,3.0,True,False,True,True,True,Copilot,same+human,line-anchored
3082388285,2,1.0,1.0,True,False,True,True,False,Copilot,same+human,line-anchored
3082414888,1,,1.0,False,False,True,False,True,Devin,human,summary only
3082471201,1,,1.0,False,False,True,False,True,OpenAI_Codex,human,summary only
3082537413,1,,1.0,False,False,True,False,False,OpenAI_Codex,human,bare verdicts only
3082541069,1,,1.0,False,False,True,True,True,Copilot,human,line-anchored
3082658945,4,2.0,2.0,False,True,True,True,True,OpenAI_Codex,cross+human,line-anchored
3082673812,1,,1.0,False,False,True,True,False,Copilot,human,line-anchored
3082729515,1,,1.0,False,False,True,False,True,Devin,human,summary only
3082820826,3,1.0,2.0,True,False,True,True,True,Copilot,same+human,line-anchored
3082954718,1,,1.0,False,False,True,True,False,Devin,human,line-anchored
3082995225,1,,1.0,False,False,True,True,False,Devin,human,line-anchored
3083117301,2,1.0,1.0,True,False,True,True,False,Copilot,same+human,line-anchored
3083133250,1,,1.0,False,False,True,False,False,Copilot,human,bare verdicts only
3083143441,2,1.0,1.0,False,True,True,False,True,OpenAI_Codex,cross+human,summary only
3083171425,2,,2.0,False,False,True,False,True,OpenAI_Codex,human,summary only
3083175022,2,1.0,1.0,True,False,True,True,False,Copilot,same+human,line-anchored
3083186670,3,1.0,2.0,True,False,True,True,False,Copilot,same+human,line-anchored
3083204365,1,,1.0,False,False,True,True,False,Devin,human,line-anchored
3083216022,2,1.0,1.0,True,False,True,True,False,Copilot,same+human,line-anchored
3083262309,2,1.0,1.0,True,False,True,True,False,Copilot,same+human,line-anchored
3083289205,2,1.0,1.0,False,True,True,False,True,OpenAI_Codex,cross+human,summary only
3083310586,1,,1.0,False,False,True,True,False,Devin,human,line-anchored
3083313712,1,,1.0,False,False,True,False,True,Copilot,human,summary only
3083352446,2,1.0,1.0,True,False,True,True,False,Copilot,same+human,line-anchored
3083360457,4,1.0,3.0,True,False,True,True,True,Copilot,same+human,line-anchored
3083467540,1,1.0,,False,True,False,True,False,Devin,cross,line-anchored
3083467756,1,1.0,,False,True,False,True,True,OpenAI_Codex,cross,line-anchored
3083525136,1,,1.0,False,False,True,False,False,Copilot,human,bare verdicts only
3083541646,1,,1.0,False,False,True,False,True,OpenAI_Codex,human,summary only
3083555562,2,1.0,1.0,False,True,True,False,True,OpenAI_Codex,cross+human,summary only
3083568715,1,,1.0,False,False,True,False,False,OpenAI_Codex,human,bare verdicts only
3083582996,1,1.0,,False,True,False,False,True,OpenAI_Codex,cross,summary only
3083601213,1,,1.0,False,False,True,True,False,OpenAI_Codex,human,line-anchored
3083605655,2,,2.0,False,False,True,True,False,Devin,human,line-anchored
3083630331,1,,1.0,False,False,True,False,True,OpenAI_Codex,human,summary only
3083685567,2,,2.0,False,False,True,False,False,OpenAI_Codex,human,bare verdicts only
3083696599,1,,1.0,False,False,True,False,True,OpenAI_Codex,human,summary only
3083723203,1,,1.0,False,False,True,False,False,OpenAI_Codex,human,bare verdicts only
3083762165,3,1.0,2.0,False,True,True,True,True,OpenAI_Codex,cross+human,line-anchored
3083804503,1,1.0,,False,True,False,True,True,OpenAI_Codex,cross,line-anchored
3083806295,1,,1.0,False,False,True,True,False,Devin,human,line-anchored
3083837004,4,1.0,3.0,True,False,True,True,True,Copilot,same+human,line-anchored
3083841081,1,1.0,,False,True,False,False,True,OpenAI_Codex,cross,summary only
3083842574,3,1.0,2.0,True,False,True,True,False,Copilot,same+human,line-anchored
3083854650,4,,4.0,False,False,True,True,False,Copilot,human,line-anchored
3083879418,1,,1.0,False,False,True,False,True,Copilot,human,summary only
3083905069,2,1.0,1.0,True,False,True,True,True,Copilot,same+human,line-anchored
3083911107,1,1.0,,False,True,False,False,True,OpenAI_Codex,cross,summary only
3083912594,1,1.0,,False,True,False,True,True,OpenAI_Codex,cross,line-anchored
3083914296,1,1.0,,False,True,False,True,True,OpenAI_Codex,cross,line-anchored
3083916318,1,1.0,,False,True,False,True,True,OpenAI_Codex,cross,line-anchored
3083920077,1,1.0,,False,True,False,True,True,OpenAI_Codex,cross,line-anchored
3083925625,1,1.0,,False,True,False,True,True,OpenAI_Codex,cross,line-anchored
3083954281,1,1.0,,False,True,False,False,True,OpenAI_Codex,cross,summary only
3083971614,3,1.0,2.0,True,False,True,True,False,Copilot,same+human,line-anchored
3083983210,1,1.0,,True,False,False,False,True,Copilot,same,summary only
3084021151,4,1.0,3.0,True,False,True,True,True,Copilot,same+human,line-anchored
3084032159,1,1.0,,False,True,False,True,True,OpenAI_Codex,cross,line-anchored
3084032938,1,1.0,,False,True,False,True,True,OpenAI_Codex,cross,line-anchored
3084033665,1,1.0,,False,True,False,True,True,OpenAI_Codex,cross,line-anchored
3084034401,1,1.0,,False,True,False,True,True,OpenAI_Codex,cross,line-anchored
3084036160,1,1.0,,False,True,False,True,True,OpenAI_Codex,cross,line-anchored
3084098546,1,,1.0,False,False,True,False,False,OpenAI_Codex,human,bare verdicts only
3084104232,1,1.0,,False,True,False,True,True,OpenAI_Codex,cross,line-anchored
3084106426,2,1.0,1.0,False,True,True,True,True,OpenAI_Codex,cross+human,line-anchored
3084106490,1,1.0,,False,True,False,False,True,OpenAI_Codex,cross,summary only
3084107311,2,1.0,1.0,True,False,True,True,False,Copilot,same+human,line-anchored
3084108233,1,1.0,,False,True,False,True,True,OpenAI_Codex,cross,line-anchored
3084116517,1,,1.0,False,False,True,True,False,Devin,human,line-anchored
3084117079,1,,1.0,False,False,True,False,False,OpenAI_Codex,human,bare verdicts only
3084119519,1,,1.0,False,False,True,False,False,OpenAI_Codex,human,bare verdicts only
3084119843,1,,1.0,False,False,True,False,False,OpenAI_Codex,human,bare verdicts only
3084139320,1,,1.0,False,False,True,True,False,OpenAI_Codex,human,line-anchored
3084228722,3,1.0,2.0,False,True,True,True,True,OpenAI_Codex,cross+human,line-anchored
3084258051,2,1.0,1.0,True,False,True,True,True,Copilot,same+human,line-anchored
3084261971,4,1.0,3.0,True,False,True,True,True,Copilot,same+human,line-anchored
3084270017,2,2.0,,False,True,False,True,True,Devin,cross,line-anchored
3084294411,2,1.0,1.0,True,False,True,True,False,Copilot,same+human,line-anchored
3084389677,2,,2.0,False,False,True,False,False,Copilot,human,bare verdicts only
3084410784,2,2.0,,False,True,False,True,True,OpenAI_Codex,cross,line-anchored
3084414634,2,,2.0,False,False,True,True,False,Devin,human,line-anchored
3084490358,4,1.0,3.0,True,False,True,True,False,Copilot,same+human,line-anchored
3084561388,2,1.0,1.0,True,False,True,True,False,Copilot,same+human,line-anchored
3084581434,2,1.0,1.0,True,False,True,True,False,Copilot,same+human,line-anchored
3084595474,1,,1.0,False,False,True,True,False,OpenAI_Codex,human,line-anchored
3084597647,5,1.0,4.0,True,False,True,True,True,Copilot,same+human,line-anchored
3084600149,4,1.0,3.0,True,False,True,True,False,Copilot,same+human,line-anchored
3084605839,5,1.0,4.0,True,False,True,True,True,Copilot,same+human,line-anchored
3084607023,1,,1.0,False,False,True,True,False,Devin,human,line-anchored
3084608702,1,,1.0,False,False,True,True,False,Devin,human,line-anchored
3084617544,1,,1.0,False,False,True,True,False,Devin,human,line-anchored
3084631055,2,1.0,1.0,True,False,True,True,False,Copilot,same+human,line-anchored
3084633214,2,1.0,1.0,True,False,True,True,True,Copilot,same+human,line-anchored
3084647456,1,1.0,,True,False,False,False,True,Copilot,same,summary only
3084681490,4,1.0,3.0,True,False,True,True,False,Copilot,same+human,line-anchored
3084710736,1,,1.0,False,False,True,False,False,OpenAI_Codex,human,bare verdicts only
3084733635,1,,1.0,False,False,True,False,True,Copilot,human,summary only
3084778291,4,1.0,3.0,True,False,True,True,False,Copilot,same+human,line-anchored
3084780161,1,1.0,,False,True,False,True,True,OpenAI_Codex,cross,line-anchored
3084793917,1,1.0,,False,True,False,False,True,OpenAI_Codex,cross,summary only
3084794817,3,1.0,2.0,True,False,True,True,False,Copilot,same+human,line-anchored
3084795018,3,1.0,2.0,True,False,True,True,True,Copilot,same+human,line-anchored
3084795047,1,,1.0,False,False,True,False,True,Devin,human,summary only
3084823054,1,1.0,,False,True,False,False,True,OpenAI_Codex,cross,summary only
3084851925,3,1.0,2.0,True,False,True,True,False,Copilot,same+human,line-anchored
3084855641,2,1.0,1.0,True,False,True,True,False,Copilot,same+human,line-anchored
3084861928,1,,1.0,False,False,True,False,True,Copilot,human,summary only
3084876668,2,1.0,1.0,True,False,True,True,True,Copilot,same+human,line-anchored
3084885498,3,,3.0,False,False,True,False,True,Copilot,human,summary only
3084897200,2,1.0,1.0,True,False,True,True,True,Copilot,same+human,line-anchored
3084907353,4,1.0,3.0,True,False,True,True,True,Copilot,same+human,line-anchored
3084917754,2,1.0,1.0,False,True,True,True,True,OpenAI_Codex,cross+human,line-anchored
3085005456,1,,1.0,False,False,True,False,False,OpenAI_Codex,human,bare verdicts only
3085010036,4,1.0,3.0,True,False,True,True,False,Copilot,same+human,line-anchored
3085012827,3,,3.0,False,False,True,False,True,Copilot,human,summary only
3085044127,2,1.0,1.0,True,False,True,True,False,Copilot,same+human,line-anchored
3085074194,1,1.0,,False,True,False,True,True,OpenAI_Codex,cross,line-anchored
3085082878,2,,2.0,False,False,True,True,False,OpenAI_Codex,human,line-anchored
3085094362,2,1.0,1.0,False,True,True,False,True,OpenAI_Codex,cross+human,summary only
3085111843,3,1.0,2.0,True,False,True,True,True,Copilot,same+human,line-anchored
3085120870,3,2.0,1.0,False,True,True,True,True,OpenAI_Codex,cross+human,line-anchored
3085125237,1,1.0,,False,True,False,False,True,OpenAI_Codex,cross,summary only
3085149115,4,3.0,1.0,False,True,True,True,True,OpenAI_Codex,cross+human,line-anchored
3085150302,1,1.0,,False,True,False,True,True,OpenAI_Codex,cross,line-anchored
3085154567,1,1.0,,False,True,False,True,True,OpenAI_Codex,cross,line-anchored
3085161396,2,1.0,1.0,False,True,True,True,True,Devin,cross+human,line-anchored
3085181389,1,,1.0,False,False,True,True,False,OpenAI_Codex,human,line-anchored
3085231629,1,1.0,,False,True,False,False,True,OpenAI_Codex,cross,summary only
3085322410,2,1.0,1.0,True,False,True,False,True,Copilot,same+human,summary only
3085352879,2,1.0,1.0,True,False,True,False,True,Copilot,same+human,summary only
3085365117,2,1.0,1.0,True,False,True,False,True,Copilot,same+human,summary only
3085398469,3,1.0,2.0,True,False,True,True,True,Copilot,same+human,line-anchored
3085403262,5,1.0,4.0,True,False,True,True,False,Copilot,same+human,line-anchored
3085419770,1,,1.0,False,False,True,False,True,OpenAI_Codex,human,summary only
3085430966,2,1.0,1.0,True,False,True,False,True,Copilot,same+human,summary only
3085484675,1,,1.0,False,False,True,False,False,Copilot,human,bare verdicts only
3085487490,3,1.0,2.0,False,True,True,True,True,OpenAI_Codex,cross+human,line-anchored
3085510774,1,1.0,,False,True,False,True,True,OpenAI_Codex,cross,line-anchored
3085512294,1,1.0,,False,True,False,True,True,OpenAI_Codex,cross,line-anchored
3085512966,1,1.0,,False,True,False,True,True,OpenAI_Codex,cross,line-anchored
3085576350,1,,1.0,False,False,True,False,False,Copilot,human,bare verdicts only
3085647764,1,,1.0,False,False,True,True,False,Devin,human,line-anchored
3085653329,3,1.0,2.0,True,False,True,True,False,Copilot,same+human,line-anchored
3085705530,2,1.0,1.0,True,False,True,False,True,Copilot,same+human,summary only
3085761421,1,,1.0,False,False,True,True,False,Devin,human,line-anchored
3085813451,2,,2.0,False,False,True,False,True,Copilot,human,summary only
3085973724,2,1.0,1.0,True,False,True,True,False,Copilot,same+human,line-anchored
3086078600,1,1.0,,False,True,False,False,True,OpenAI_Codex,cross,summary only
3086079968,1,,1.0,False,False,True,False,False,OpenAI_Codex,human,bare verdicts only
3086311429,1,1.0,,False,True,False,False,True,Devin,cross,summary only
3086339591,1,1.0,,True,False,False,False,True,Copilot,same,summary only
3086427872,1,,1.0,False,False,True,False,True,OpenAI_Codex,human,summary only
3086437300,1,,1.0,False,False,True,True,True,Copilot,human,line-anchored
3086457034,2,1.0,1.0,True,False,True,True,True,Copilot,same+human,line-anchored
3086540771,5,1.0,4.0,True,False,True,True,False,Copilot,same+human,line-anchored
3086542515,1,,1.0,False,False,True,False,False,OpenAI_Codex,human,bare verdicts only
3086549942,3,1.0,2.0,False,True,True,True,True,OpenAI_Codex,cross+human,line-anchored
3086614280,2,2.0,,False,True,False,True,True,OpenAI_Codex,cross,line-anchored
3086630744,2,2.0,,False,True,False,True,True,OpenAI_Codex,cross,line-anchored
3086654454,1,,1.0,False,False,True,False,True,OpenAI_Codex,human,summary only
3086669654,1,,1.0,False,False,True,False,True,OpenAI_Codex,human,summary only
3086680393,1,,1.0,False,False,True,False,True,OpenAI_Codex,human,summary only
3086723569,1,,1.0,False,False,True,True,False,Devin,human,line-anchored
3086762625,3,1.0,2.0,False,True,True,True,True,OpenAI_Codex,cross+human,line-anchored
3086778107,1,,1.0,False,False,True,False,False,OpenAI_Codex,human,bare verdicts only
3086791317,1,,1.0,False,False,True,False,False,Copilot,human,bare verdicts only
3086818203,1,1.0,,False,True,False,True,False,Devin,cross,line-anchored
3086826896,1,,1.0,False,False,True,False,True,OpenAI_Codex,human,summary only
3086827583,1,1.0,,False,True,False,True,True,OpenAI_Codex,cross,line-anchored
3086841851,4,1.0,3.0,True,False,True,True,True,Copilot,same+human,line-anchored
3086912526,2,1.0,1.0,False,True,True,True,True,OpenAI_Codex,cross+human,line-anchored
3086930190,2,1.0,1.0,False,True,True,True,False,Claude_Code,cross+human,line-anchored
3086952592,1,,1.0,False,False,True,False,False,OpenAI_Codex,human,bare verdicts only
3086985638,3,1.0,2.0,True,False,True,True,True,Copilot,same+human,line-anchored
3087027952,1,,1.0,False,False,True,False,False,OpenAI_Codex,human,bare verdicts only
3087031790,2,1.0,1.0,True,False,True,True,False,Copilot,same+human,line-anchored
3087035704,2,,2.0,False,False,True,True,True,Devin,human,line-anchored
3087084646,2,1.0,1.0,False,True,True,True,True,OpenAI_Codex,cross+human,line-anchored
3087094895,2,1.0,1.0,True,False,True,True,False,Copilot,same+human,line-anchored
3087099176,2,,2.0,False,False,True,False,True,Copilot,human,summary only
3087114684,3,1.0,2.0,True,False,True,True,False,Copilot,same+human,line-anchored
3087132571,1,,1.0,False,False,True,False,True,Copilot,human,summary only
3087206035,3,,3.0,False,False,True,True,False,OpenAI_Codex,human,line-anchored
3087244958,1,1.0,,False,True,False,False,True,OpenAI_Codex,cross,summary only
3087295315,2,,2.0,False,False,True,True,True,Devin,human,line-anchored
3087345437,1,,1.0,False,False,True,False,False,OpenAI_Codex,human,bare verdicts only
3087364774,4,3.0,1.0,False,True,True,True,True,OpenAI_Codex,cross+human,line-anchored
3087415117,1,,1.0,False,False,True,False,False,OpenAI_Codex,human,bare verdicts only
3087442273,3,1.0,2.0,True,False,True,True,True,Copilot,same+human,line-anchored
3087459580,1,,1.0,False,False,True,False,False,Copilot,human,bare verdicts only
3087466454,1,,1.0,False,False,True,False,False,OpenAI_Codex,human,bare verdicts only
3087470334,1,,1.0,False,False,True,False,False,OpenAI_Codex,human,bare verdicts only
3087501239,1,,1.0,False,False,True,False,False,OpenAI_Codex,human,bare verdicts only
3087514476,2,1.0,1.0,False,True,True,False,True,OpenAI_Codex,cross+human,summary only
3087529807,2,,2.0,False,False,True,False,False,Copilot,human,bare verdicts only
3087535228,3,1.0,2.0,True,False,True,True,False,Copilot,same+human,line-anchored
3087666746,1,1.0,,False,True,False,True,True,OpenAI_Codex,cross,line-anchored
3087680791,1,,1.0,False,False,True,False,True,OpenAI_Codex,human,summary only
3087706234,1,,1.0,False,False,True,False,False,OpenAI_Codex,human,bare verdicts only
3087761233,3,1.0,2.0,True,False,True,True,True,Copilot,same+human,line-anchored
3087813875,2,1.0,1.0,True,False,True,True,False,Copilot,same+human,line-anchored
3087893723,2,1.0,1.0,True,False,True,False,True,Copilot,same+human,summary only
3088038713,1,1.0,,False,True,False,False,True,OpenAI_Codex,cross,summary only
3088109664,2,,2.0,False,False,True,True,True,OpenAI_Codex,human,line-anchored
3088147183,3,1.0,2.0,True,False,True,True,False,Copilot,same+human,line-anchored
3088223140,1,,1.0,False,False,True,False,True,OpenAI_Codex,human,summary only
3088248911,2,,2.0,False,False,True,True,False,OpenAI_Codex,human,line-anchored
3088291397,1,1.0,,True,False,False,True,True,Copilot,same,line-anchored
3088300682,2,1.0,1.0,True,False,True,True,True,Copilot,same+human,line-anchored
3088304216,2,2.0,,False,True,False,True,True,Devin,cross,line-anchored
3088331987,2,1.0,1.0,True,False,True,True,False,Copilot,same+human,line-anchored
3088363246,2,1.0,1.0,True,False,True,True,False,Copilot,same+human,line-anchored
3088411453,1,,1.0,False,False,True,True,False,Devin,human,line-anchored
3088446174,1,,1.0,False,False,True,False,True,Devin,human,summary only
3088471797,1,1.0,,False,True,False,True,True,OpenAI_Codex,cross,line-anchored
3088570820,1,,1.0,False,False,True,True,True,Devin,human,line-anchored
3088604097,1,,1.0,False,False,True,False,True,OpenAI_Codex,human,summary only
3088604697,1,1.0,,False,True,False,False,True,OpenAI_Codex,cross,summary only
3088606911,1,1.0,,False,True,False,True,True,OpenAI_Codex,cross,line-anchored
3088611576,2,1.0,1.0,False,True,True,True,True,Claude_Code,cross+human,line-anchored
3088666999,1,1.0,,False,True,False,False,True,OpenAI_Codex,cross,summary only
3088710464,1,,1.0,False,False,True,False,False,OpenAI_Codex,human,bare verdicts only
3088732930,1,1.0,,False,True,False,False,True,OpenAI_Codex,cross,summary only
3088758509,4,2.0,2.0,False,True,True,True,True,OpenAI_Codex,cross+human,line-anchored
3088793819,2,1.0,1.0,False,True,True,False,True,OpenAI_Codex,cross+human,summary only
3088887203,1,,1.0,False,False,True,True,False,Devin,human,line-anchored
3088938532,2,,2.0,False,False,True,True,True,OpenAI_Codex,human,line-anchored
3088971804,1,,1.0,False,False,True,False,False,Devin,human,bare verdicts only
3088985668,4,1.0,3.0,True,False,True,True,True,Copilot,same+human,line-anchored
3089014567,3,1.0,2.0,True,False,True,True,False,Copilot,same+human,line-anchored
3089035322,3,1.0,2.0,True,False,True,True,False,Copilot,same+human,line-anchored
3089039212,3,2.0,1.0,False,True,True,True,True,OpenAI_Codex,cross+human,line-anchored
3089142164,3,1.0,2.0,True,False,True,True,True,Copilot,same+human,line-anchored
3089144159,5,1.0,4.0,True,False,True,True,True,Copilot,same+human,line-anchored
3089162479,1,,1.0,False,False,True,False,False,OpenAI_Codex,human,bare verdicts only
3089166694,2,1.0,1.0,False,True,True,True,False,OpenAI_Codex,cross+human,line-anchored
3089242891,1,,1.0,False,False,True,True,False,Devin,human,line-anchored
3089280411,1,,1.0,False,False,True,False,False,Devin,human,bare verdicts only
3089281696,1,1.0,,False,True,False,True,True,OpenAI_Codex,cross,line-anchored
3089289056,1,1.0,,False,True,False,False,True,OpenAI_Codex,cross,summary only
3089292949,1,1.0,,False,True,False,False,True,OpenAI_Codex,cross,summary only
3089307204,1,1.0,,False,True,False,True,True,OpenAI_Codex,cross,line-anchored
3089454288,2,1.0,1.0,True,False,True,True,False,Copilot,same+human,line-anchored
3089504888,1,1.0,,False,True,False,True,True,OpenAI_Codex,cross,line-anchored
3089676704,1,1.0,,False,True,False,False,True,OpenAI_Codex,cross,summary only
3089724053,3,,3.0,False,False,True,False,False,Copilot,human,bare verdicts only
3089749999,2,1.0,1.0,True,False,True,True,False,Copilot,same+human,line-anchored
3089909118,2,1.0,1.0,True,False,True,True,False,Copilot,same+human,line-anchored
3089911580,3,2.0,1.0,False,True,True,True,True,OpenAI_Codex,cross+human,line-anchored
3090023166,1,1.0,,True,False,False,False,True,Copilot,same,summary only
3090037689,2,1.0,1.0,True,False,True,True,False,Copilot,same+human,line-anchored
3090058584,1,,1.0,False,False,True,True,False,Devin,human,line-anchored
3090091928,2,1.0,1.0,False,True,True,True,True,OpenAI_Codex,cross+human,line-anchored
3090126527,3,1.0,2.0,False,True,True,True,True,OpenAI_Codex,cross+human,line-anchored
3090153150,2,2.0,,False,True,False,True,True,OpenAI_Codex,cross,line-anchored
3090183341,2,1.0,1.0,True,False,True,True,True,Copilot,same+human,line-anchored
3090192279,1,,1.0,False,False,True,False,False,Devin,human,bare verdicts only
3090228123,3,1.0,2.0,True,False,True,True,True,Copilot,same+human,line-anchored
3090520685,2,,2.0,False,False,True,True,False,Devin,human,line-anchored
3090570894,3,1.0,2.0,True,False,True,True,True,Copilot,same+human,line-anchored
3090577055,1,,1.0,False,False,True,False,False,OpenAI_Codex,human,bare verdicts only
3090578689,7,1.0,6.0,True,False,True,True,False,Copilot,same+human,line-anchored
3090674766,2,1.0,1.0,False,True,True,True,False,OpenAI_Codex,cross+human,line-anchored
3090861379,3,1.0,2.0,False,True,True,True,True,Devin,cross+human,line-anchored
3090862045,5,1.0,4.0,True,False,True,True,True,Copilot,same+human,line-anchored
3090882898,1,,1.0,False,False,True,True,False,Devin,human,line-anchored
3090993724,2,1.0,1.0,True,False,True,True,False,Copilot,same+human,line-anchored
3091138343,1,1.0,,False,True,False,False,True,OpenAI_Codex,cross,summary only
3091256338,1,,1.0,False,False,True,False,True,Copilot,human,summary only
3091332769,1,1.0,,False,True,False,True,True,Claude_Code,cross,line-anchored
3091352056,1,,1.0,False,False,True,False,False,OpenAI_Codex,human,bare verdicts only
3091358398,1,,1.0,False,False,True,False,False,OpenAI_Codex,human,bare verdicts only
3091520348,1,1.0,,False,True,False,True,True,OpenAI_Codex,cross,line-anchored
3091528139,1,1.0,,False,True,False,True,True,OpenAI_Codex,cross,line-anchored
3091566442,1,1.0,,False,True,False,True,True,OpenAI_Codex,cross,line-anchored
3091567572,1,1.0,,False,True,False,True,True,OpenAI_Codex,cross,line-anchored
3091617219,1,,1.0,False,False,True,True,False,Devin,human,line-anchored
3091643325,1,1.0,,True,False,False,True,True,Copilot,same,line-anchored
3091741548,2,1.0,1.0,False,True,True,False,True,OpenAI_Codex,cross+human,summary only
3091758550,2,1.0,1.0,False,True,True,True,True,OpenAI_Codex,cross+human,line-anchored
3091765131,3,1.0,2.0,True,False,True,True,False,Copilot,same+human,line-anchored
3091825094,2,,2.0,False,False,True,False,True,Copilot,human,summary only
3091850704,1,,1.0,False,False,True,True,False,Copilot,human,line-anchored
3091854207,2,1.0,1.0,False,True,True,False,True,OpenAI_Codex,cross+human,summary only
3091868582,2,1.0,1.0,True,False,True,True,False,Copilot,same+human,line-anchored
3091928471,1,1.0,,False,True,False,False,True,OpenAI_Codex,cross,summary only
3092045675,1,,1.0,False,False,True,True,False,Devin,human,line-anchored
3092047554,1,,1.0,False,False,True,False,True,Copilot,human,summary only
3092070166,1,,1.0,False,False,True,False,True,Copilot,human,summary only
3092080816,2,1.0,1.0,False,True,True,True,True,Devin,cross+human,line-anchored
3092102556,1,1.0,,False,True,False,True,True,Devin,cross,line-anchored
3092119644,1,,1.0,False,False,True,True,False,Devin,human,line-anchored
3092158851,2,1.0,1.0,False,True,True,True,False,Devin,cross+human,line-anchored
3092211446,1,,1.0,False,False,True,True,False,Devin,human,line-anchored
3092262299,1,1.0,,False,True,False,False,True,OpenAI_Codex,cross,summary only
3092307182,1,1.0,,False,True,False,False,True,OpenAI_Codex,cross,summary only
3092307921,1,,1.0,False,False,True,False,False,OpenAI_Codex,human,bare verdicts only
3092319732,4,2.0,2.0,False,True,True,True,True,OpenAI_Codex,cross+human,line-anchored
3092341527,1,,1.0,False,False,True,False,True,Copilot,human,summary only
3092347933,1,1.0,,False,True,False,True,True,OpenAI_Codex,cross,line-anchored
3092355883,1,1.0,,False,True,False,True,True,OpenAI_Codex,cross,line-anchored
3092365507,1,1.0,,False,True,False,False,True,OpenAI_Codex,cross,summary only
3092376084,2,1.0,1.0,True,False,True,True,True,Copilot,same+human,line-anchored
3092378043,2,1.0,1.0,True,False,True,True,True,Copilot,same+human,line-anchored
3092400652,2,1.0,1.0,True,False,True,True,False,Copilot,same+human,line-anchored
3092512259,2,1.0,1.0,False,True,True,True,True,OpenAI_Codex,cross+human,line-anchored
3092547689,2,1.0,1.0,True,False,True,True,False,Copilot,same+human,line-anchored
3092586675,1,,1.0,False,False,True,False,False,Devin,human,bare verdicts only
3092604753,1,1.0,,False,True,False,False,True,OpenAI_Codex,cross,summary only
3092750594,1,,1.0,False,False,True,True,False,Devin,human,line-anchored
3092755047,1,1.0,,False,True,False,False,True,OpenAI_Codex,cross,summary only
3092758067,2,,2.0,False,False,True,False,True,OpenAI_Codex,human,summary only
3092761901,2,2.0,,False,True,False,True,True,OpenAI_Codex,cross,line-anchored
3092766038,2,1.0,1.0,False,True,True,False,True,OpenAI_Codex,cross+human,summary only
3092813223,3,2.0,1.0,True,True,True,True,False,Copilot,same+cross+human,line-anchored
3092834387,2,,2.0,False,False,True,True,True,Copilot,human,line-anchored
3092878143,3,1.0,2.0,True,False,True,True,True,Copilot,same+human,line-anchored
3093033729,1,1.0,,False,True,False,True,True,OpenAI_Codex,cross,line-anchored
3093039940,1,1.0,,False,True,False,False,True,OpenAI_Codex,cross,summary only
3093128376,1,1.0,,True,False,False,True,True,Copilot,same,line-anchored
3093146032,1,1.0,,True,False,False,False,True,Copilot,same,summary only
3093214481,1,,1.0,False,False,True,False,True,OpenAI_Codex,human,summary only
3093351057,1,,1.0,False,False,True,True,False,OpenAI_Codex,human,line-anchored
3093399248,3,1.0,2.0,True,False,True,True,False,Copilot,same+human,line-anchored
3093657668,1,,1.0,False,False,True,True,False,Devin,human,line-anchored
3093709619,1,,1.0,False,False,True,False,False,Devin,human,bare verdicts only
3093727675,1,,1.0,False,False,True,False,False,Devin,human,bare verdicts only
3093743553,1,,1.0,False,False,True,True,False,Devin,human,line-anchored
3093831163,1,,1.0,False,False,True,False,False,Devin,human,bare verdicts only
3093856899,1,1.0,,False,True,False,False,True,OpenAI_Codex,cross,summary only
3093898229,2,1.0,1.0,False,True,True,False,True,OpenAI_Codex,cross+human,summary only
3093903920,1,1.0,,True,False,False,False,True,Copilot,same,summary only
3093949496,1,,1.0,False,False,True,True,True,Copilot,human,line-anchored
3093995006,2,1.0,1.0,True,False,True,True,False,Copilot,same+human,line-anchored
3093997872,1,1.0,,False,True,False,True,False,Devin,cross,line-anchored
3093998097,3,2.0,1.0,False,True,True,True,True,Devin,cross+human,line-anchored
3094020110,1,1.0,,True,False,False,True,True,Copilot,same,line-anchored
3094039317,1,,1.0,False,False,True,True,False,Devin,human,line-anchored
3094071534,1,1.0,,False,True,False,True,False,Devin,cross,line-anchored
3094144121,2,1.0,1.0,True,False,True,True,False,Copilot,same+human,line-anchored
3094173620,2,1.0,1.0,True,False,True,True,False,Copilot,same+human,line-anchored
3094261129,2,2.0,,False,True,False,True,True,Devin,cross,line-anchored
3094372246,1,,1.0,False,False,True,False,False,Devin,human,bare verdicts only
3094488685,3,1.0,2.0,True,False,True,True,True,Copilot,same+human,line-anchored
3094503633,1,,1.0,False,False,True,False,False,Copilot,human,bare verdicts only
3094513004,1,,1.0,False,False,True,False,False,OpenAI_Codex,human,bare verdicts only
3094526446,1,,1.0,False,False,True,False,False,Devin,human,bare verdicts only
3094541178,1,,1.0,False,False,True,False,False,OpenAI_Codex,human,bare verdicts only
3094543776,1,,1.0,False,False,True,False,False,Copilot,human,bare verdicts only
3094563380,1,1.0,,False,True,False,True,True,OpenAI_Codex,cross,line-anchored
3094575030,3,1.0,2.0,False,True,True,False,True,OpenAI_Codex,cross+human,summary only
3094575862,1,1.0,,False,True,False,False,True,Devin,cross,summary only
3094579094,2,,2.0,False,False,True,True,True,OpenAI_Codex,human,line-anchored
3094607813,2,1.0,1.0,True,False,True,True,True,Copilot,same+human,line-anchored
3094661134,2,1.0,1.0,True,False,True,True,False,Copilot,same+human,line-anchored
3094661465,1,,1.0,False,False,True,True,True,Claude_Code,human,line-anchored
3094720463,2,2.0,,False,True,False,True,True,OpenAI_Codex,cross,line-anchored
3094721938,2,1.0,1.0,False,True,True,True,True,Devin,cross+human,line-anchored
3094743282,3,,3.0,False,False,True,False,True,Copilot,human,summary only
3094970604,1,,1.0,False,False,True,False,True,Copilot,human,summary only
3094980327,4,1.0,3.0,True,False,True,True,False,Copilot,same+human,line-anchored
3095028076,2,1.0,1.0,True,False,True,True,False,Copilot,same+human,line-anchored
3095076017,3,1.0,2.0,True,False,True,True,True,Copilot,same+human,line-anchored
3095166726,3,1.0,2.0,True,False,True,True,True,Copilot,same+human,line-anchored
3095187813,1,1.0,,False,True,False,True,True,OpenAI_Codex,cross,line-anchored
3095242861,1,,1.0,False,False,True,False,False,OpenAI_Codex,human,bare verdicts only
3095245170,1,,1.0,False,False,True,False,False,Copilot,human,bare verdicts only
3095403215,4,1.0,3.0,True,False,True,True,False,Copilot,same+human,line-anchored
3095408254,1,,1.0,False,False,True,False,False,OpenAI_Codex,human,bare verdicts only
3095409522,2,,2.0,False,False,True,False,False,Copilot,human,bare verdicts only
3095413885,4,1.0,3.0,True,False,True,True,False,Copilot,same+human,line-anchored
3095439815,3,1.0,2.0,True,False,True,False,True,Copilot,same+human,summary only
3095452673,1,1.0,,False,True,False,False,True,Devin,cross,summary only
3095454351,1,,1.0,False,False,True,True,True,Devin,human,line-anchored
3095494046,1,,1.0,False,False,True,False,False,OpenAI_Codex,human,bare verdicts only
3095654449,3,2.0,1.0,False,True,True,True,True,OpenAI_Codex,cross+human,line-anchored
3095678149,4,2.0,2.0,False,True,True,True,True,OpenAI_Codex,cross+human,line-anchored
3095739354,3,2.0,1.0,False,True,True,True,True,OpenAI_Codex,cross+human,line-anchored
3095796914,1,1.0,,False,True,False,True,True,OpenAI_Codex,cross,line-anchored
3095797617,1,,1.0,False,False,True,True,False,OpenAI_Codex,human,line-anchored
3095799628,2,1.0,1.0,False,True,True,False,True,OpenAI_Codex,cross+human,summary only
3095850088,4,1.0,3.0,False,True,True,True,True,OpenAI_Codex,cross+human,line-anchored
3095854016,1,,1.0,False,False,True,False,False,OpenAI_Codex,human,bare verdicts only
3095959416,1,,1.0,False,False,True,False,False,Devin,human,bare verdicts only
3096080665,2,1.0,1.0,True,False,True,True,False,Copilot,same+human,line-anchored
3096094015,2,1.0,1.0,True,False,True,True,True,Copilot,same+human,line-anchored
3096102453,1,1.0,,False,True,False,False,True,Devin,cross,summary only
3096193455,3,1.0,2.0,True,False,True,True,True,Copilot,same+human,line-anchored
3096200855,2,1.0,1.0,True,False,True,True,False,Copilot,same+human,line-anchored
3096235879,1,,1.0,False,False,True,False,True,Copilot,human,summary only
3096240534,2,1.0,1.0,True,False,True,True,True,Copilot,same+human,line-anchored
3096241645,2,,2.0,False,False,True,False,True,Copilot,human,summary only
3096300821,1,,1.0,False,False,True,False,True,OpenAI_Codex,human,summary only
3096311713,1,,1.0,False,False,True,False,True,OpenAI_Codex,human,summary only
3096345047,3,1.0,2.0,True,False,True,True,False,Copilot,same+human,line-anchored
3096394414,1,1.0,,False,True,False,True,True,OpenAI_Codex,cross,line-anchored
3096397240,1,1.0,,False,True,False,True,True,OpenAI_Codex,cross,line-anchored
3096473993,3,1.0,2.0,True,False,True,True,False,Copilot,same+human,line-anchored
3096587527,1,,1.0,False,False,True,False,False,OpenAI_Codex,human,bare verdicts only
3096613645,2,1.0,1.0,True,False,True,True,True,Copilot,same+human,line-anchored
3096661611,2,1.0,1.0,True,False,True,True,False,Copilot,same+human,line-anchored
3096663962,3,2.0,1.0,False,True,True,True,True,OpenAI_Codex,cross+human,line-anchored
3096682409,1,,1.0,False,False,True,False,False,Devin,human,bare verdicts only
3096714878,1,,1.0,False,False,True,True,False,Devin,human,line-anchored
3096785905,1,,1.0,False,False,True,True,True,OpenAI_Codex,human,line-anchored
3096804123,1,,1.0,False,False,True,False,True,Copilot,human,summary only
3096943188,4,1.0,3.0,True,False,True,True,True,Copilot,same+human,line-anchored
3097001056,2,1.0,1.0,True,False,True,True,False,Copilot,same+human,line-anchored
3097032976,1,,1.0,False,False,True,False,False,OpenAI_Codex,human,bare verdicts only
3097089168,1,,1.0,False,False,True,True,False,Copilot,human,line-anchored
3097102537,1,,1.0,False,False,True,False,False,Devin,human,bare verdicts only
3097148026,1,,1.0,False,False,True,False,False,Devin,human,bare verdicts only
3097369537,1,,1.0,False,False,True,False,False,Copilot,human,bare verdicts only
3097377402,1,,1.0,False,False,True,False,True,Devin,human,summary only
3097403205,1,,1.0,False,False,True,False,False,Devin,human,bare verdicts only
3097450852,1,,1.0,False,False,True,False,False,Devin,human,bare verdicts only
3097466678,2,1.0,1.0,True,False,True,True,False,Copilot,same+human,line-anchored
3097560259,1,,1.0,False,False,True,True,False,Copilot,human,line-anchored
3097580126,1,1.0,,False,True,False,False,True,OpenAI_Codex,cross,summary only
3097615893,3,2.0,1.0,False,True,True,True,True,OpenAI_Codex,cross+human,line-anchored
3097657837,1,1.0,,False,True,False,False,True,OpenAI_Codex,cross,summary only
3097662882,1,1.0,,False,True,False,True,True,OpenAI_Codex,cross,line-anchored
3097679780,2,2.0,,False,True,False,False,True,OpenAI_Codex,cross,summary only
3097741919,1,1.0,,False,True,False,True,True,OpenAI_Codex,cross,line-anchored
3097760492,1,,1.0,False,False,True,False,False,Devin,human,bare verdicts only
3097764015,1,,1.0,False,False,True,False,False,Devin,human,bare verdicts only
3097915420,3,1.0,2.0,True,False,True,True,True,Copilot,same+human,line-anchored
3098035626,3,1.0,2.0,False,True,True,True,True,OpenAI_Codex,cross+human,line-anchored
3098036858,3,1.0,2.0,True,False,True,True,True,Copilot,same+human,line-anchored
3098163794,3,,3.0,False,False,True,True,True,OpenAI_Codex,human,line-anchored
3098322647,4,,4.0,False,False,True,True,False,Claude_Code,human,line-anchored
3098333977,1,,1.0,False,False,True,False,True,OpenAI_Codex,human,summary only
3098357525,1,1.0,,False,True,False,False,True,OpenAI_Codex,cross,summary only
3098406026,1,,1.0,False,False,True,False,False,Copilot,human,bare verdicts only
3098600331,1,,1.0,False,False,True,True,False,Copilot,human,line-anchored
3098602377,3,1.0,2.0,True,False,True,True,False,Copilot,same+human,line-anchored
3098628368,1,1.0,,False,True,False,False,True,Devin,cross,summary only
3098640951,1,1.0,,False,True,False,False,True,Devin,cross,summary only
3098643979,1,1.0,,False,True,False,False,True,Devin,cross,summary only
3098653597,1,1.0,,False,True,False,False,True,Devin,cross,summary only
3098739033,5,1.0,4.0,True,False,True,True,True,Copilot,same+human,line-anchored
3098814326,3,1.0,2.0,False,True,True,True,True,OpenAI_Codex,cross+human,line-anchored
3098852388,1,,1.0,False,False,True,False,False,OpenAI_Codex,human,bare verdicts only
3098859005,1,,1.0,False,False,True,False,False,OpenAI_Codex,human,bare verdicts only
3098859735,1,,1.0,False,False,True,True,False,OpenAI_Codex,human,line-anchored
3098866021,1,,1.0,False,False,True,True,False,OpenAI_Codex,human,line-anchored
3098874684,1,,1.0,False,False,True,False,False,OpenAI_Codex,human,bare verdicts only
3098882419,1,,1.0,False,False,True,False,False,OpenAI_Codex,human,bare verdicts only
3098904110,1,,1.0,False,False,True,False,False,Devin,human,bare verdicts only
3098924861,2,,2.0,False,False,True,True,True,OpenAI_Codex,human,line-anchored
3098935454,2,,2.0,False,False,True,True,True,OpenAI_Codex,human,line-anchored
3098938231,2,1.0,1.0,True,False,True,True,True,Copilot,same+human,line-anchored
3098960084,2,1.0,1.0,True,False,True,True,False,Copilot,same+human,line-anchored
3098972655,3,2.0,1.0,False,True,True,True,True,Claude_Code,cross+human,line-anchored
3098979838,3,2.0,1.0,False,True,True,False,True,OpenAI_Codex,cross+human,summary only
3098984483,1,,1.0,False,False,True,False,True,OpenAI_Codex,human,summary only
3099000220,2,1.0,1.0,True,False,True,True,True,Copilot,same+human,line-anchored
3099033781,4,2.0,2.0,False,True,True,True,True,OpenAI_Codex,cross+human,line-anchored
3099122521,1,,1.0,False,False,True,True,False,OpenAI_Codex,human,line-anchored
3099133512,1,,1.0,False,False,True,False,True,Copilot,human,summary only
3099174416,1,,1.0,False,False,True,True,False,Copilot,human,line-anchored
3099187146,1,,1.0,False,False,True,False,False,Copilot,human,bare verdicts only
3099240126,1,,1.0,False,False,True,False,False,Copilot,human,bare verdicts only
3099324583,1,,1.0,False,False,True,False,False,Devin,human,bare verdicts only
3099356981,1,,1.0,False,False,True,True,True,Devin,human,line-anchored
3099462584,1,,1.0,False,False,True,False,False,Cursor,human,bare verdicts only
3099468178,3,,3.0,False,False,True,True,True,OpenAI_Codex,human,line-anchored
3099470459,2,1.0,1.0,True,False,True,True,False,Copilot,same+human,line-anchored
3099541552,2,1.0,1.0,False,True,True,True,True,OpenAI_Codex,cross+human,line-anchored
3099589132,2,1.0,1.0,True,False,True,False,True,Copilot,same+human,summary only
3099617181,1,,1.0,False,False,True,True,False,OpenAI_Codex,human,line-anchored
3099658013,3,1.0,2.0,True,False,True,True,False,Copilot,same+human,line-anchored
3099702523,1,,1.0,False,False,True,False,True,OpenAI_Codex,human,summary only
3099796157,2,1.0,1.0,True,False,True,True,False,Copilot,same+human,line-anchored
3099825876,1,,1.0,False,False,True,False,False,Devin,human,bare verdicts only
3099915069,4,1.0,3.0,True,False,True,True,False,Copilot,same+human,line-anchored
3099945080,1,,1.0,False,False,True,False,False,OpenAI_Codex,human,bare verdicts only
3100043959,4,1.0,3.0,True,False,True,True,True,Copilot,same+human,line-anchored
3100097668,1,,1.0,False,False,True,False,False,Cursor,human,bare verdicts only
3100155456,1,,1.0,False,False,True,False,False,Cursor,human,bare verdicts only
3100224074,2,1.0,1.0,False,True,True,False,True,OpenAI_Codex,cross+human,summary only
3100226241,2,1.0,1.0,True,False,True,True,False,Copilot,same+human,line-anchored
3100227981,1,,1.0,False,False,True,False,False,OpenAI_Codex,human,bare verdicts only
3100296885,3,2.0,1.0,False,True,True,True,True,OpenAI_Codex,cross+human,line-anchored
3100338244,2,,2.0,False,False,True,False,False,OpenAI_Codex,human,bare verdicts only
3100343451,2,,2.0,False,False,True,True,True,OpenAI_Codex,human,line-anchored
3100433465,1,,1.0,False,False,True,True,False,Devin,human,line-anchored
3100453288,1,1.0,,False,True,False,False,True,Devin,cross,summary only
3100483287,1,,1.0,False,False,True,False,False,OpenAI_Codex,human,bare verdicts only
3100489026,4,1.0,3.0,True,False,True,True,False,Copilot,same+human,line-anchored
3100598883,1,1.0,,False,True,False,False,True,Devin,cross,summary only
3100623808,2,,2.0,False,False,True,True,True,OpenAI_Codex,human,line-anchored
3100694013,2,1.0,1.0,True,False,True,True,False,Copilot,same+human,line-anchored
3100789352,2,1.0,1.0,True,False,True,True,False,Copilot,same+human,line-anchored
3100859823,3,1.0,2.0,True,False,True,True,True,Copilot,same+human,line-anchored
3100886012,1,1.0,,False,True,False,False,True,Devin,cross,summary only
3100940782,3,3.0,,False,True,False,True,True,OpenAI_Codex,cross,line-anchored
3100956703,2,1.0,1.0,True,False,True,True,False,Copilot,same+human,line-anchored
3100980487,2,1.0,1.0,False,True,True,True,True,OpenAI_Codex,cross+human,line-anchored
3101067838,1,,1.0,False,False,True,True,False,Devin,human,line-anchored
3101091731,1,1.0,,False,True,False,False,True,OpenAI_Codex,cross,summary only
3101113699,4,1.0,3.0,True,False,True,True,False,Copilot,same+human,line-anchored
3101243147,2,1.0,1.0,True,False,True,True,False,Copilot,same+human,line-anchored
3101254351,2,1.0,1.0,False,True,True,True,True,OpenAI_Codex,cross+human,line-anchored
3101311810,2,1.0,1.0,True,False,True,False,True,Copilot,same+human,summary only
3101333962,2,1.0,1.0,True,False,True,True,False,Copilot,same+human,line-anchored
3101355536,2,1.0,1.0,False,True,True,True,True,OpenAI_Codex,cross+human,line-anchored
3101372825,1,1.0,,False,True,False,True,True,OpenAI_Codex,cross,line-anchored
3101423103,3,1.0,2.0,True,False,True,True,False,Copilot,same+human,line-anchored
3101434004,2,,2.0,False,False,True,True,True,OpenAI_Codex,human,line-anchored
3101440943,4,1.0,3.0,True,False,True,True,True,Copilot,same+human,line-anchored
3101454770,2,2.0,,False,True,False,True,True,Devin,cross,line-anchored
3101459806,1,1.0,,False,True,False,False,True,OpenAI_Codex,cross,summary only
3101464221,3,1.0,2.0,True,False,True,True,False,Copilot,same+human,line-anchored
3101467092,1,,1.0,False,False,True,True,False,OpenAI_Codex,human,line-anchored
3101533148,1,,1.0,False,False,True,False,False,Devin,human,bare verdicts only
3101552957,1,,1.0,False,False,True,False,False,OpenAI_Codex,human,bare verdicts only
3101568650,1,,1.0,False,False,True,False,False,Copilot,human,bare verdicts only
3101574684,2,1.0,1.0,False,True,True,False,True,OpenAI_Codex,cross+human,summary only
3101582715,1,,1.0,False,False,True,True,False,Devin,human,line-anchored
3101599688,4,1.0,3.0,True,False,True,True,False,Copilot,same+human,line-anchored
3101601039,1,1.0,,False,True,False,False,True,OpenAI_Codex,cross,summary only
3101635343,4,1.0,3.0,True,False,True,True,False,Copilot,same+human,line-anchored
3101749599,1,,1.0,False,False,True,False,False,Devin,human,bare verdicts only
3101766096,1,1.0,,False,True,False,False,True,Devin,cross,summary only
3101786321,2,2.0,,False,True,False,True,True,OpenAI_Codex,cross,line-anchored
3101787546,3,2.0,1.0,False,True,True,True,True,OpenAI_Codex,cross+human,line-anchored
3101801459,1,1.0,,False,True,False,True,True,OpenAI_Codex,cross,line-anchored
3101806239,1,1.0,,False,True,False,False,True,OpenAI_Codex,cross,summary only
3101812694,1,,1.0,False,False,True,False,True,OpenAI_Codex,human,summary only
3101857129,4,4.0,,False,True,False,True,True,OpenAI_Codex,cross,line-anchored
3101858317,1,1.0,,False,True,False,True,True,OpenAI_Codex,cross,line-anchored
3101903339,3,1.0,2.0,False,True,True,False,True,OpenAI_Codex,cross+human,summary only
3101996874,1,1.0,,True,False,False,False,True,Copilot,same,summary only
3102011997,3,1.0,2.0,True,False,True,True,True,Copilot,same+human,line-anchored
3102019273,3,1.0,2.0,True,False,True,True,False,Copilot,same+human,line-anchored
3102049332,4,1.0,3.0,True,False,True,True,False,Copilot,same+human,line-anchored
3102134474,1,,1.0,False,False,True,False,False,Copilot,human,bare verdicts only
3102144371,1,,1.0,False,False,True,False,True,OpenAI_Codex,human,summary only
3102172513,1,,1.0,False,False,True,False,True,OpenAI_Codex,human,summary only
3102274919,1,1.0,,False,True,False,False,True,OpenAI_Codex,cross,summary only
3102304644,3,1.0,2.0,False,True,True,True,True,Devin,cross+human,line-anchored
3102323275,2,1.0,1.0,False,True,True,False,True,OpenAI_Codex,cross+human,summary only
3102336394,3,,3.0,False,False,True,True,False,OpenAI_Codex,human,line-anchored
3102347523,3,1.0,2.0,False,True,True,True,True,OpenAI_Codex,cross+human,line-anchored
3102665814,1,,1.0,False,False,True,False,False,Devin,human,bare verdicts only
3102783820,1,1.0,,False,True,False,True,True,OpenAI_Codex,cross,line-anchored
3102786935,1,1.0,,False,True,False,True,True,OpenAI_Codex,cross,line-anchored
3102787666,1,1.0,,False,True,False,True,True,OpenAI_Codex,cross,line-anchored
3102787969,1,1.0,,False,True,False,False,True,OpenAI_Codex,cross,summary only
3102788326,1,1.0,,False,True,False,True,True,OpenAI_Codex,cross,line-anchored
3102788927,1,1.0,,False,True,False,True,True,OpenAI_Codex,cross,line-anchored
3102789593,1,1.0,,False,True,False,True,True,OpenAI_Codex,cross,line-anchored
3102790039,1,1.0,,False,True,False,True,True,OpenAI_Codex,cross,line-anchored
3102791084,1,1.0,,False,True,False,True,True,OpenAI_Codex,cross,line-anchored
3102791651,1,1.0,,False,True,False,True,True,OpenAI_Codex,cross,line-anchored
3102792350,1,1.0,,False,True,False,True,True,OpenAI_Codex,cross,line-anchored
3102793548,1,1.0,,False,True,False,True,True,OpenAI_Codex,cross,line-anchored
3102793971,1,1.0,,False,True,False,True,True,OpenAI_Codex,cross,line-anchored
3102794320,1,1.0,,False,True,False,True,True,OpenAI_Codex,cross,line-anchored
3102794954,1,1.0,,False,True,False,True,True,OpenAI_Codex,cross,line-anchored
3102795383,1,1.0,,False,True,False,True,True,OpenAI_Codex,cross,line-anchored
3102795847,1,1.0,,False,True,False,True,True,OpenAI_Codex,cross,line-anchored
3102796405,1,1.0,,False,True,False,True,True,OpenAI_Codex,cross,line-anchored
3102796907,1,1.0,,False,True,False,False,True,OpenAI_Codex,cross,summary only
3102797484,1,1.0,,False,True,False,False,True,OpenAI_Codex,cross,summary only
3102798314,1,1.0,,False,True,False,True,True,OpenAI_Codex,cross,line-anchored
3102799208,1,1.0,,False,True,False,True,True,OpenAI_Codex,cross,line-anchored
3102799783,1,1.0,,False,True,False,True,True,OpenAI_Codex,cross,line-anchored
3102800551,1,1.0,,False,True,False,True,True,OpenAI_Codex,cross,line-anchored
3102802404,1,1.0,,False,True,False,True,True,OpenAI_Codex,cross,line-anchored
3102803310,1,1.0,,False,True,False,True,True,OpenAI_Codex,cross,line-anchored
3102875783,1,1.0,,False,True,False,True,True,OpenAI_Codex,cross,line-anchored
3102876964,3,1.0,2.0,True,False,True,True,False,Copilot,same+human,line-anchored
3102885246,1,,1.0,False,False,True,True,False,OpenAI_Codex,human,line-anchored
3102892886,1,1.0,,False,True,False,True,True,OpenAI_Codex,cross,line-anchored
3102904786,2,1.0,1.0,False,True,True,True,True,OpenAI_Codex,cross+human,line-anchored
3102987892,2,1.0,1.0,True,False,True,True,False,Copilot,same+human,line-anchored
3103162131,2,1.0,1.0,False,True,True,True,True,OpenAI_Codex,cross+human,line-anchored
3103303265,3,1.0,2.0,True,False,True,True,True,Copilot,same+human,line-anchored
3103308044,1,,1.0,False,False,True,False,False,OpenAI_Codex,human,bare verdicts only
3103364279,2,1.0,1.0,True,False,True,True,False,Copilot,same+human,line-anchored
3103366848,1,1.0,,False,True,False,True,True,OpenAI_Codex,cross,line-anchored
3103367606,4,1.0,3.0,False,True,True,True,True,OpenAI_Codex,cross+human,line-anchored
3103375009,2,1.0,1.0,False,True,True,False,True,OpenAI_Codex,cross+human,summary only
3103408529,2,1.0,1.0,True,False,True,True,True,Copilot,same+human,line-anchored
3103424264,4,1.0,3.0,True,False,True,True,True,Copilot,same+human,line-anchored
3103428202,1,1.0,,False,True,False,False,True,OpenAI_Codex,cross,summary only
3103429389,1,1.0,,False,True,False,False,True,OpenAI_Codex,cross,summary only
3103476328,2,,2.0,False,False,True,True,False,Devin,human,line-anchored
3103480732,1,,1.0,False,False,True,False,False,Devin,human,bare verdicts only
3103495124,1,1.0,,False,True,False,False,True,Devin,cross,summary only
3103623751,2,1.0,1.0,True,False,True,True,True,Copilot,same+human,line-anchored
3103634798,2,,2.0,False,False,True,False,False,Copilot,human,bare verdicts only
3103637450,3,1.0,2.0,True,False,True,False,True,Copilot,same+human,summary only
3103650370,3,1.0,2.0,True,False,True,True,True,Copilot,same+human,line-anchored
3103692411,1,1.0,,False,True,False,False,True,Devin,cross,summary only
3103696814,1,1.0,,False,True,False,False,True,Devin,cross,summary only
3103751553,1,1.0,,False,True,False,False,True,Devin,cross,summary only
3103752801,1,,1.0,False,False,True,False,False,Devin,human,bare verdicts only
3103760719,1,,1.0,False,False,True,False,False,OpenAI_Codex,human,bare verdicts only
3103765496,1,,1.0,False,False,True,False,False,OpenAI_Codex,human,bare verdicts only
3103770911,1,,1.0,False,False,True,False,False,OpenAI_Codex,human,bare verdicts only
3103853435,2,,2.0,False,False,True,False,False,Copilot,human,bare verdicts only
3103884734,3,1.0,2.0,True,False,True,True,True,Copilot,same+human,line-anchored
3103888880,2,,2.0,False,False,True,False,True,Copilot,human,summary only
3103968651,2,1.0,1.0,True,False,True,True,True,Copilot,same+human,line-anchored
3104051432,1,,1.0,False,False,True,False,False,OpenAI_Codex,human,bare verdicts only
3104056039,2,,2.0,False,False,True,False,True,Copilot,human,summary only
3104087061,1,1.0,,True,False,False,True,True,Copilot,same,line-anchored
3104167804,1,1.0,,False,True,False,False,True,OpenAI_Codex,cross,summary only
3104176224,2,1.0,1.0,False,True,True,True,True,OpenAI_Codex,cross+human,line-anchored
3104201606,6,1.0,5.0,True,False,True,True,True,Copilot,same+human,line-anchored
3104222519,1,1.0,,False,True,False,False,True,Devin,cross,summary only
3104234803,3,1.0,2.0,True,False,True,True,True,Copilot,same+human,line-anchored
3104252319,1,1.0,,False,True,False,True,True,OpenAI_Codex,cross,line-anchored
3104271017,1,,1.0,False,False,True,False,False,Devin,human,bare verdicts only
3104312199,1,,1.0,False,False,True,False,False,OpenAI_Codex,human,bare verdicts only
3104315713,2,2.0,,False,True,False,True,True,OpenAI_Codex,cross,line-anchored
3104321767,1,,1.0,False,False,True,False,True,Copilot,human,summary only
3104344860,2,1.0,1.0,True,False,True,True,False,Copilot,same+human,line-anchored
3104375121,3,1.0,2.0,True,False,True,True,False,Copilot,same+human,line-anchored
3104392063,1,1.0,,False,True,False,True,True,OpenAI_Codex,cross,line-anchored
3104405109,4,1.0,3.0,True,False,True,True,True,Copilot,same+human,line-anchored
3104442713,2,1.0,1.0,True,False,True,True,False,Copilot,same+human,line-anchored
3104464977,3,,3.0,False,False,True,False,False,Copilot,human,bare verdicts only
3104480641,3,1.0,2.0,True,False,True,True,False,Copilot,same+human,line-anchored
3104484297,1,1.0,,True,False,False,False,True,Copilot,same,summary only
3104484475,2,1.0,1.0,True,False,True,True,False,Copilot,same+human,line-anchored
3104486019,1,1.0,,True,False,False,True,True,Copilot,same,line-anchored
3104487409,1,1.0,,True,False,False,True,True,Copilot,same,line-anchored
3104491256,1,,1.0,False,False,True,False,False,OpenAI_Codex,human,bare verdicts only
3104579063,1,1.0,,False,True,False,False,True,Devin,cross,summary only
3104789631,4,1.0,3.0,True,False,True,True,True,Copilot,same+human,line-anchored
3104922484,2,1.0,1.0,True,False,True,True,False,Copilot,same+human,line-anchored
3104925685,2,1.0,1.0,True,False,True,True,True,Copilot,same+human,line-anchored
3104992434,2,1.0,1.0,False,True,True,True,True,OpenAI_Codex,cross+human,line-anchored
3105060713,1,,1.0,False,False,True,False,True,Copilot,human,summary only
3105093317,2,1.0,1.0,True,False,True,True,False,Copilot,same+human,line-anchored
3105157105,2,1.0,1.0,True,False,True,True,False,Copilot,same+human,line-anchored
3105161001,4,1.0,3.0,True,False,True,True,True,Copilot,same+human,line-anchored
3105165239,1,,1.0,False,False,True,True,False,Devin,human,line-anchored
3105180054,2,1.0,1.0,True,False,True,True,False,Copilot,same+human,line-anchored
3105198601,1,,1.0,False,False,True,True,False,Devin,human,line-anchored
3105208070,1,,1.0,False,False,True,False,True,Copilot,human,summary only
3105213630,2,1.0,1.0,True,False,True,True,False,Copilot,same+human,line-anchored
3105220570,2,1.0,1.0,True,False,True,True,False,Copilot,same+human,line-anchored
3105225147,1,1.0,,False,True,False,True,True,OpenAI_Codex,cross,line-anchored
3105247377,1,,1.0,False,False,True,True,False,Devin,human,line-anchored
3105314423,1,1.0,,True,False,False,False,True,Copilot,same,summary only
3105321269,2,1.0,1.0,True,False,True,True,False,Copilot,same+human,line-anchored
3105360121,1,1.0,,False,True,False,True,True,OpenAI_Codex,cross,line-anchored
3105362190,2,1.0,1.0,False,True,True,True,True,OpenAI_Codex,cross+human,line-anchored
3105374615,2,1.0,1.0,True,False,True,True,False,Copilot,same+human,line-anchored
3105376649,1,,1.0,False,False,True,False,True,Copilot,human,summary only
3105380371,2,1.0,1.0,True,False,True,True,False,Copilot,same+human,line-anchored
3105400138,1,,1.0,False,False,True,True,False,Devin,human,line-anchored
3105400292,1,,1.0,False,False,True,True,False,Devin,human,line-anchored
3105401237,1,,1.0,False,False,True,True,False,Devin,human,line-anchored
3105417177,1,,1.0,False,False,True,True,False,Devin,human,line-anchored
3105430223,1,,1.0,False,False,True,True,False,Devin,human,line-anchored
3105464054,1,1.0,,False,True,False,True,True,Cursor,cross,line-anchored
3105479979,1,1.0,,False,True,False,False,True,Devin,cross,summary only
3105484875,1,,1.0,False,False,True,True,False,Devin,human,line-anchored
3105505640,1,1.0,,False,True,False,False,True,OpenAI_Codex,cross,summary only
3105520772,1,,1.0,False,False,True,False,True,OpenAI_Codex,human,summary only
3105521836,1,,1.0,False,False,True,False,True,OpenAI_Codex,human,summary only
3105627584,2,1.0,1.0,True,False,True,True,True,Copilot,same+human,line-anchored
3105630972,2,1.0,1.0,True,False,True,True,True,Copilot,same+human,line-anchored
3105651410,1,,1.0,False,False,True,True,False,Devin,human,line-anchored
3105664779,2,1.0,1.0,True,False,True,True,True,Copilot,same+human,line-anchored
3105699085,1,,1.0,False,False,True,False,True,Copilot,human,summary only
3105703473,5,2.0,3.0,False,True,True,True,True,OpenAI_Codex,cross+human,line-anchored
3105999248,1,1.0,,False,True,False,False,True,Devin,cross,summary only
3106088398,1,,1.0,False,False,True,True,False,Devin,human,line-anchored
3106112458,1,1.0,,False,True,False,False,True,Devin,cross,summary only
3106121602,1,,1.0,False,False,True,True,False,Devin,human,line-anchored
3106192082,1,,1.0,False,False,True,True,False,Devin,human,line-anchored
3106222021,2,,2.0,False,False,True,False,False,Copilot,human,bare verdicts only
3106326653,2,1.0,1.0,True,False,True,True,False,Copilot,same+human,line-anchored
3106581982,2,1.0,1.0,False,True,True,False,True,OpenAI_Codex,cross+human,summary only
3106827361,1,,1.0,False,False,True,False,True,Copilot,human,summary only
3106932669,1,,1.0,False,False,True,True,False,Devin,human,line-anchored
3106934710,4,1.0,3.0,True,False,True,True,True,Copilot,same+human,line-anchored
3107150951,2,1.0,1.0,False,True,True,True,True,OpenAI_Codex,cross+human,line-anchored
3107193301,1,,1.0,False,False,True,False,False,Copilot,human,bare verdicts only
3107321792,1,1.0,,False,True,False,True,True,Claude_Code,cross,line-anchored
3107459473,2,1.0,1.0,True,False,True,True,True,Copilot,same+human,line-anchored
3107462147,3,1.0,2.0,True,False,True,True,False,Copilot,same+human,line-anchored
3107487935,4,3.0,1.0,False,True,True,True,True,OpenAI_Codex,cross+human,line-anchored
3107558399,1,,1.0,False,False,True,False,True,OpenAI_Codex,human,summary only
3107630702,1,1.0,,False,True,False,False,True,OpenAI_Codex,cross,summary only
3107702547,1,,1.0,False,False,True,False,True,Copilot,human,summary only
3107779459,1,,1.0,False,False,True,False,True,Copilot,human,summary only
3107786602,1,1.0,,False,True,False,False,True,OpenAI_Codex,cross,summary only
3108155942,1,,1.0,False,False,True,False,False,OpenAI_Codex,human,bare verdicts only
3108166481,1,1.0,,False,True,False,False,True,OpenAI_Codex,cross,summary only
3108250352,1,1.0,,False,True,False,True,False,Devin,cross,line-anchored
3108299845,2,1.0,1.0,True,False,True,False,True,Copilot,same+human,summary only
3108415971,1,,1.0,False,False,True,True,False,Devin,human,line-anchored
3108467281,4,3.0,1.0,False,True,True,True,True,OpenAI_Codex,cross+human,line-anchored
3108470033,1,,1.0,False,False,True,True,False,Devin,human,line-anchored
3108485860,1,,1.0,False,False,True,False,True,OpenAI_Codex,human,summary only
3108508780,1,1.0,,False,True,False,True,True,OpenAI_Codex,cross,line-anchored
3108559852,1,,1.0,False,False,True,False,False,Copilot,human,bare verdicts only
3108570703,1,1.0,,False,True,False,False,True,OpenAI_Codex,cross,summary only
3108675807,2,1.0,1.0,True,False,True,True,True,Copilot,same+human,line-anchored
3108743094,3,2.0,1.0,False,True,True,False,True,OpenAI_Codex,cross+human,summary only
3108815088,1,1.0,,False,True,False,True,True,OpenAI_Codex,cross,line-anchored
3108821571,2,1.0,1.0,False,True,True,False,True,OpenAI_Codex,cross+human,summary only
3108861090,1,1.0,,True,False,False,False,True,Copilot,same,summary only
3108908027,2,1.0,1.0,True,False,True,True,False,Copilot,same+human,line-anchored
3109006372,3,2.0,1.0,False,True,True,True,True,OpenAI_Codex,cross+human,line-anchored
3109186703,1,1.0,,False,True,False,False,True,Devin,cross,summary only
3109263417,3,1.0,2.0,True,False,True,True,True,Copilot,same+human,line-anchored
3109359968,4,1.0,3.0,True,False,True,True,True,Copilot,same+human,line-anchored
3109408352,2,1.0,1.0,True,False,True,True,True,Copilot,same+human,line-anchored
3109483025,1,,1.0,False,False,True,True,False,Devin,human,line-anchored
3109581531,2,1.0,1.0,True,False,True,True,False,Copilot,same+human,line-anchored
3109908968,2,1.0,1.0,True,False,True,True,False,Copilot,same+human,line-anchored
3110009700,2,1.0,1.0,True,False,True,True,True,Copilot,same+human,line-anchored
3110053731,2,,2.0,False,False,True,True,False,Devin,human,line-anchored
3110098571,1,,1.0,False,False,True,False,True,OpenAI_Codex,human,summary only
3110219932,1,1.0,,True,False,False,True,True,Copilot,same,line-anchored
3110295867,1,1.0,,False,True,False,False,True,Devin,cross,summary only
3110337533,2,,2.0,False,False,True,False,True,Copilot,human,summary only
3110344787,2,2.0,,False,True,False,True,True,Devin,cross,line-anchored
3110510715,1,1.0,,False,True,False,True,True,OpenAI_Codex,cross,line-anchored
3110511918,1,,1.0,False,False,True,True,False,Devin,human,line-anchored
3110530997,1,,1.0,False,False,True,True,False,Devin,human,line-anchored
3110558023,1,,1.0,False,False,True,True,False,Devin,human,line-anchored
3110707593,1,1.0,,False,True,False,False,True,Devin,cross,summary only
3110724431,4,1.0,3.0,True,False,True,True,False,Copilot,same+human,line-anchored
3110811595,3,1.0,2.0,False,True,True,False,True,OpenAI_Codex,cross+human,summary only
3110814854,3,1.0,2.0,False,True,True,True,True,OpenAI_Codex,cross+human,line-anchored
3110851997,4,1.0,3.0,True,False,True,True,True,Copilot,same+human,line-anchored
3110865105,1,,1.0,False,False,True,True,False,Devin,human,line-anchored
3110865366,3,,3.0,False,False,True,False,True,Copilot,human,summary only
3110867755,5,1.0,4.0,True,False,True,True,True,Copilot,same+human,line-anchored
3110905940,2,1.0,1.0,True,False,True,True,False,Copilot,same+human,line-anchored
3111004034,2,1.0,1.0,False,True,True,True,True,Devin,cross+human,line-anchored
3111004624,1,1.0,,False,True,False,False,True,Devin,cross,summary only
3111006731,3,1.0,2.0,True,False,True,True,False,Copilot,same+human,line-anchored
3111012343,1,1.0,,False,True,False,False,True,OpenAI_Codex,cross,summary only
3111015937,2,1.0,1.0,True,False,True,True,False,Copilot,same+human,line-anchored
3111033132,4,1.0,3.0,True,False,True,True,True,Copilot,same+human,line-anchored
3111046542,2,1.0,1.0,True,False,True,True,True,Copilot,same+human,line-anchored
3111053489,1,1.0,,False,True,False,False,True,Devin,cross,summary only
3111134182,1,,1.0,False,False,True,False,False,OpenAI_Codex,human,bare verdicts only
3111167917,1,,1.0,False,False,True,False,False,Devin,human,bare verdicts only
3111223022,2,1.0,1.0,True,False,True,True,False,Copilot,same+human,line-anchored
3111251601,1,,1.0,False,False,True,False,False,OpenAI_Codex,human,bare verdicts only
3111277015,1,,1.0,False,False,True,True,False,Copilot,human,line-anchored
3111323650,2,1.0,1.0,True,False,True,True,False,Copilot,same+human,line-anchored
3111325582,1,1.0,,True,False,False,True,True,Copilot,same,line-anchored
3111380264,1,1.0,,True,False,False,True,True,Copilot,same,line-anchored
3111417147,2,1.0,1.0,True,False,True,True,True,Copilot,same+human,line-anchored
3111443675,1,1.0,,False,True,False,False,True,OpenAI_Codex,cross,summary only
3111447381,1,,1.0,False,False,True,False,True,OpenAI_Codex,human,summary only
3111511868,3,1.0,2.0,True,False,True,True,True,Copilot,same+human,line-anchored
3111616201,1,,1.0,False,False,True,False,False,Devin,human,bare verdicts only
3111618330,2,1.0,1.0,True,False,True,True,True,Copilot,same+human,line-anchored
3111637041,3,1.0,2.0,True,False,True,True,True,Copilot,same+human,line-anchored
3111640319,2,2.0,,False,True,False,True,True,OpenAI_Codex,cross,line-anchored
3111738668,1,,1.0,False,False,True,False,False,Devin,human,bare verdicts only
3111747086,1,,1.0,False,False,True,False,False,Devin,human,bare verdicts only
3111775188,1,,1.0,False,False,True,False,False,Devin,human,bare verdicts only
3111827815,1,,1.0,False,False,True,False,False,Devin,human,bare verdicts only
3111854355,1,,1.0,False,False,True,False,True,OpenAI_Codex,human,summary only
3111855570,1,,1.0,False,False,True,False,False,OpenAI_Codex,human,bare verdicts only
3112029851,2,1.0,1.0,True,False,True,True,False,Copilot,same+human,line-anchored
3112050614,1,,1.0,False,False,True,False,False,OpenAI_Codex,human,bare verdicts only
3112058547,1,1.0,,False,True,False,False,True,Devin,cross,summary only
3112065698,3,2.0,1.0,False,True,True,True,True,Devin,cross+human,line-anchored
3112076357,1,1.0,,False,True,False,True,True,Copilot,cross,line-anchored
3112085756,1,1.0,,False,True,False,False,True,OpenAI_Codex,cross,summary only
3112095151,3,1.0,2.0,True,False,True,True,True,Copilot,same+human,line-anchored
3112124360,1,,1.0,False,False,True,False,True,OpenAI_Codex,human,summary only
3112127032,2,,2.0,False,False,True,False,True,Devin,human,summary only
3112202670,1,1.0,,False,True,False,True,True,OpenAI_Codex,cross,line-anchored
3112246853,2,,2.0,False,False,True,True,True,Devin,human,line-anchored
3112271754,1,,1.0,False,False,True,False,False,Copilot,human,bare verdicts only
3112311086,3,,3.0,False,False,True,True,True,Devin,human,line-anchored
3112345209,1,,1.0,False,False,True,False,False,Claude_Code,human,bare verdicts only
3112357523,1,,1.0,False,False,True,True,False,Devin,human,line-anchored
3112374597,2,1.0,1.0,True,False,True,True,False,Copilot,same+human,line-anchored
3112390510,2,2.0,,False,True,False,False,True,OpenAI_Codex,cross,summary only
3112462308,3,1.0,2.0,True,False,True,True,False,Copilot,same+human,line-anchored
3112470790,2,,2.0,False,False,True,False,True,Devin,human,summary only
3112701610,1,1.0,,True,False,False,False,True,Copilot,same,summary only
3112723101,3,1.0,2.0,True,False,True,True,True,Copilot,same+human,line-anchored
3112794915,3,2.0,1.0,False,True,True,True,True,OpenAI_Codex,cross+human,line-anchored
3112899995,2,1.0,1.0,True,False,True,True,False,Copilot,same+human,line-anchored
3112919623,2,1.0,1.0,False,True,True,False,True,OpenAI_Codex,cross+human,summary only
3112947037,2,1.0,1.0,False,True,True,True,True,Devin,cross+human,line-anchored
3113006799,1,1.0,,True,False,False,True,True,Copilot,same,line-anchored
3113051088,2,1.0,1.0,True,False,True,True,True,Copilot,same+human,line-anchored
3113120635,5,1.0,4.0,True,False,True,True,True,Copilot,same+human,line-anchored
3113138909,1,,1.0,False,False,True,False,False,Copilot,human,bare verdicts only
3113139560,3,1.0,2.0,True,False,True,True,True,Copilot,same+human,line-anchored
3113143725,1,,1.0,False,False,True,False,False,Copilot,human,bare verdicts only
3113146895,1,,1.0,False,False,True,False,False,Copilot,human,bare verdicts only
3113149474,1,,1.0,False,False,True,True,False,Copilot,human,line-anchored
3113159481,1,,1.0,False,False,True,False,False,Copilot,human,bare verdicts only
3113159486,1,,1.0,False,False,True,False,False,Copilot,human,bare verdicts only
3113159496,2,1.0,1.0,True,False,True,True,True,Copilot,same+human,line-anchored
3113159532,1,,1.0,False,False,True,False,False,Copilot,human,bare verdicts only
3113159534,1,,1.0,False,False,True,True,False,Copilot,human,line-anchored
3113175159,1,,1.0,False,False,True,False,True,Copilot,human,summary only
3113175166,2,1.0,1.0,True,False,True,True,False,Copilot,same+human,line-anchored
3113175195,2,1.0,1.0,True,False,True,True,False,Copilot,same+human,line-anchored
3113190475,1,,1.0,False,False,True,False,True,Copilot,human,summary only
3113193447,1,,1.0,False,False,True,True,False,Copilot,human,line-anchored
3113227677,4,1.0,3.0,True,False,True,True,False,Copilot,same+human,line-anchored
3113268020,4,1.0,3.0,True,False,True,True,True,Copilot,same+human,line-anchored
3113310600,3,1.0,2.0,True,False,True,True,True,Copilot,same+human,line-anchored
3113315317,1,,1.0,False,False,True,False,False,Devin,human,bare verdicts only
3113332396,2,,2.0,False,False,True,True,True,Devin,human,line-anchored
3113346977,1,,1.0,False,False,True,True,False,Devin,human,line-anchored
3113448406,2,,2.0,False,False,True,False,True,Devin,human,summary only
3113460240,1,,1.0,False,False,True,False,False,Devin,human,bare verdicts only
3113464020,2,,2.0,False,False,True,True,False,Devin,human,line-anchored
3113493581,1,,1.0,False,False,True,False,True,OpenAI_Codex,human,summary only
3113538195,1,,1.0,False,False,True,False,True,Copilot,human,summary only
3113639339,1,,1.0,False,False,True,False,False,OpenAI_Codex,human,bare verdicts only
3113703056,3,1.0,2.0,True,False,True,True,False,Copilot,same+human,line-anchored
3113782046,4,1.0,3.0,True,False,True,True,False,Copilot,same+human,line-anchored
3113796272,1,,1.0,False,False,True,False,True,OpenAI_Codex,human,summary only
3113806629,4,1.0,3.0,True,False,True,True,True,Copilot,same+human,line-anchored
3113874849,3,2.0,1.0,True,True,True,False,True,Cursor,same+cross+human,summary only
3113891346,1,,1.0,False,False,True,False,True,Copilot,human,summary only
3113913072,1,,1.0,False,False,True,False,True,Copilot,human,summary only
3113936288,1,,1.0,False,False,True,True,False,Devin,human,line-anchored
3114217192,1,,1.0,False,False,True,False,False,OpenAI_Codex,human,bare verdicts only
3114262911,2,1.0,1.0,True,False,True,True,True,Copilot,same+human,line-anchored
3114288773,3,1.0,2.0,True,False,True,True,True,Copilot,same+human,line-anchored
3114327280,1,,1.0,False,False,True,False,False,Claude_Code,human,bare verdicts only
3114582965,1,1.0,,False,True,False,True,True,OpenAI_Codex,cross,line-anchored
3114602043,1,1.0,,False,True,False,True,True,OpenAI_Codex,cross,line-anchored
3114700813,1,,1.0,False,False,True,False,False,Devin,human,bare verdicts only
3114736501,1,,1.0,False,False,True,True,False,OpenAI_Codex,human,line-anchored
3114755279,4,1.0,3.0,True,False,True,True,False,Copilot,same+human,line-anchored
3114771710,2,,2.0,False,False,True,True,False,OpenAI_Codex,human,line-anchored
3114785635,1,,1.0,False,False,True,False,False,OpenAI_Codex,human,bare verdicts only
3114802893,1,1.0,,False,True,False,True,True,OpenAI_Codex,cross,line-anchored
3114814218,3,,3.0,False,False,True,False,False,Copilot,human,bare verdicts only
3114831862,2,,2.0,False,False,True,True,True,Devin,human,line-anchored
3114848770,2,1.0,1.0,True,False,True,True,False,Copilot,same+human,line-anchored
3114858095,1,,1.0,False,False,True,False,True,OpenAI_Codex,human,summary only
3114878765,1,,1.0,False,False,True,False,False,OpenAI_Codex,human,bare verdicts only
3114894747,1,,1.0,False,False,True,False,False,OpenAI_Codex,human,bare verdicts only
3114897844,1,,1.0,False,False,True,False,False,OpenAI_Codex,human,bare verdicts only
3114898378,2,1.0,1.0,True,False,True,True,True,Copilot,same+human,line-anchored
3114941540,3,1.0,2.0,False,True,True,True,True,Devin,cross+human,line-anchored
3114992077,1,,1.0,False,False,True,True,False,Devin,human,line-anchored
3115010743,1,,1.0,False,False,True,False,False,OpenAI_Codex,human,bare verdicts only
3115048815,1,1.0,,False,True,False,True,True,OpenAI_Codex,cross,line-anchored
3115085806,1,,1.0,False,False,True,False,False,OpenAI_Codex,human,bare verdicts only
3115094997,1,1.0,,True,False,False,False,True,Copilot,same,summary only
3115119469,4,1.0,3.0,True,False,True,False,True,Copilot,same+human,summary only
3115130609,1,1.0,,False,True,False,False,True,OpenAI_Codex,cross,summary only
3115142978,1,,1.0,False,False,True,False,True,OpenAI_Codex,human,summary only
3115145732,4,1.0,3.0,True,False,True,True,True,Copilot,same+human,line-anchored
3115176482,1,1.0,,False,True,False,False,True,OpenAI_Codex,cross,summary only
3115178450,2,1.0,1.0,True,False,True,True,False,Copilot,same+human,line-anchored
3115194913,1,1.0,,False,True,False,False,True,OpenAI_Codex,cross,summary only
3115215129,1,1.0,,False,True,False,False,True,OpenAI_Codex,cross,summary only
3115255271,1,,1.0,False,False,True,False,False,OpenAI_Codex,human,bare verdicts only
3115256699,2,1.0,1.0,True,False,True,True,False,Copilot,same+human,line-anchored
3115257357,1,1.0,,False,True,False,True,True,OpenAI_Codex,cross,line-anchored
3115293385,1,,1.0,False,False,True,True,False,Devin,human,line-anchored
3115319498,1,,1.0,False,False,True,False,False,Devin,human,bare verdicts only
3115356872,2,1.0,1.0,False,True,True,True,False,OpenAI_Codex,cross+human,line-anchored
3115409265,5,1.0,4.0,True,False,True,True,True,Copilot,same+human,line-anchored
3115430697,2,,2.0,False,False,True,False,False,Copilot,human,bare verdicts only
3115438957,2,1.0,1.0,True,False,True,True,True,Copilot,same+human,line-anchored
3115451494,1,,1.0,False,False,True,True,False,Devin,human,line-anchored
3115482769,1,,1.0,False,False,True,False,False,Devin,human,bare verdicts only
3115523735,2,1.0,1.0,True,False,True,True,False,Copilot,same+human,line-anchored
3115550310,1,,1.0,False,False,True,False,False,OpenAI_Codex,human,bare verdicts only
3115558470,1,1.0,,False,True,False,False,True,Claude_Code,cross,summary only
3115599309,1,1.0,,False,True,False,False,True,OpenAI_Codex,cross,summary only
3115632429,1,,1.0,False,False,True,False,True,Devin,human,summary only
3115680597,3,,3.0,False,False,True,False,True,Copilot,human,summary only
3115694514,2,,2.0,False,False,True,False,True,OpenAI_Codex,human,summary only
3115722958,2,2.0,,False,True,False,False,True,OpenAI_Codex,cross,summary only
3115733837,1,,1.0,False,False,True,True,False,Devin,human,line-anchored
3115742256,1,1.0,,False,True,False,True,True,OpenAI_Codex,cross,line-anchored
3115759878,1,1.0,,False,True,False,True,True,OpenAI_Codex,cross,line-anchored
3115762277,3,1.0,2.0,True,False,True,True,False,Copilot,same+human,line-anchored
3115774398,2,1.0,1.0,False,True,True,False,True,OpenAI_Codex,cross+human,summary only
3115834580,1,1.0,,False,True,False,True,True,OpenAI_Codex,cross,line-anchored
3115906713,1,,1.0,False,False,True,False,False,Copilot,human,bare verdicts only
3115929855,2,1.0,1.0,False,True,True,False,True,OpenAI_Codex,cross+human,summary only
3115976261,2,,2.0,False,False,True,False,False,Devin,human,bare verdicts only
3115993863,3,1.0,2.0,True,False,True,False,True,Copilot,same+human,summary only
3115997582,3,1.0,2.0,True,False,True,True,False,Copilot,same+human,line-anchored
3116057368,2,1.0,1.0,True,False,True,True,True,Copilot,same+human,line-anchored
3116063940,1,1.0,,True,False,False,True,True,Copilot,same,line-anchored
3116167999,2,,2.0,False,False,True,True,False,OpenAI_Codex,human,line-anchored
3116197763,2,1.0,1.0,True,False,True,True,False,Copilot,same+human,line-anchored
3116201888,4,1.0,3.0,True,False,True,True,False,Copilot,same+human,line-anchored
3116225832,3,1.0,2.0,True,False,True,False,True,Copilot,same+human,summary only
3116227347,1,,1.0,False,False,True,False,False,Copilot,human,bare verdicts only
3116277294,1,,1.0,False,False,True,False,True,Copilot,human,summary only
3116324907,1,,1.0,False,False,True,True,False,Devin,human,line-anchored
3116342911,2,1.0,1.0,True,False,True,True,False,Copilot,same+human,line-anchored
3116453711,3,,3.0,False,False,True,True,False,Copilot,human,line-anchored
3116482876,1,1.0,,False,True,False,True,True,OpenAI_Codex,cross,line-anchored
3116487130,1,1.0,,False,True,False,True,True,OpenAI_Codex,cross,line-anchored
3116524279,1,1.0,,False,True,False,False,True,OpenAI_Codex,cross,summary only
3116527339,3,2.0,1.0,False,True,True,True,True,OpenAI_Codex,cross+human,line-anchored
3116549069,1,1.0,,False,True,False,True,True,OpenAI_Codex,cross,line-anchored
3116626220,4,2.0,2.0,True,True,True,True,True,Copilot,same+cross+human,line-anchored
3116664132,1,1.0,,False,True,False,False,True,OpenAI_Codex,cross,summary only
3116676085,2,1.0,1.0,True,False,True,True,True,Copilot,same+human,line-anchored
3116678519,2,1.0,1.0,False,True,True,False,True,OpenAI_Codex,cross+human,summary only
3116715118,1,,1.0,False,False,True,False,False,Devin,human,bare verdicts only
3116788481,1,1.0,,False,True,False,True,True,OpenAI_Codex,cross,line-anchored
3116792966,2,1.0,1.0,True,False,True,False,True,Copilot,same+human,summary only
3116803064,2,,2.0,False,False,True,False,True,Devin,human,summary only
3116814112,1,,1.0,False,False,True,True,False,Devin,human,line-anchored
3116839730,2,1.0,1.0,False,True,True,True,True,OpenAI_Codex,cross+human,line-anchored
3116843799,2,1.0,1.0,True,False,True,True,True,Copilot,same+human,line-anchored
3116865792,1,,1.0,False,False,True,True,False,Devin,human,line-anchored
3116879949,1,1.0,,False,True,False,False,True,OpenAI_Codex,cross,summary only
3116895468,1,1.0,,False,True,False,True,True,OpenAI_Codex,cross,line-anchored
3116896533,1,1.0,,False,True,False,False,True,OpenAI_Codex,cross,summary only
3116900770,2,2.0,,False,True,False,True,True,OpenAI_Codex,cross,line-anchored
3116966072,3,2.0,1.0,False,True,True,True,True,OpenAI_Codex,cross+human,line-anchored
3116974168,1,1.0,,False,True,False,False,True,OpenAI_Codex,cross,summary only
3117023486,1,,1.0,False,False,True,True,False,Devin,human,line-anchored
3117029222,1,1.0,,False,True,False,True,True,OpenAI_Codex,cross,line-anchored
3117032268,1,,1.0,False,False,True,False,False,Copilot,human,bare verdicts only
3117041693,2,1.0,1.0,True,False,True,True,True,Copilot,same+human,line-anchored
3117050813,2,1.0,1.0,False,True,True,False,True,OpenAI_Codex,cross+human,summary only
3117069256,2,1.0,1.0,True,False,True,True,True,Copilot,same+human,line-anchored
3117074697,1,1.0,,True,False,False,True,True,Copilot,same,line-anchored
3117158959,2,,2.0,False,False,True,False,True,Devin,human,summary only
3117273620,2,1.0,1.0,True,False,True,True,False,Copilot,same+human,line-anchored
3117274843,2,1.0,1.0,True,False,True,True,False,Copilot,same+human,line-anchored
3117282678,2,1.0,1.0,False,True,True,True,True,OpenAI_Codex,cross+human,line-anchored
3117298955,1,1.0,,False,True,False,False,True,OpenAI_Codex,cross,summary only
3117308861,1,1.0,,False,True,False,False,True,OpenAI_Codex,cross,summary only
3117321071,1,1.0,,False,True,False,True,True,OpenAI_Codex,cross,line-anchored
3117327220,1,1.0,,False,True,False,True,True,OpenAI_Codex,cross,line-anchored
3117356971,1,1.0,,False,True,False,False,True,OpenAI_Codex,cross,summary only
3117407082,1,,1.0,False,False,True,False,True,Devin,human,summary only
3117418262,1,1.0,,False,True,False,False,True,OpenAI_Codex,cross,summary only
3117420092,1,1.0,,False,True,False,False,True,OpenAI_Codex,cross,summary only
3117444494,1,1.0,,False,True,False,False,True,OpenAI_Codex,cross,summary only
3117580005,1,1.0,,False,True,False,False,True,OpenAI_Codex,cross,summary only
3117591035,2,,2.0,False,False,True,True,True,OpenAI_Codex,human,line-anchored
3117621789,1,1.0,,False,True,False,True,True,OpenAI_Codex,cross,line-anchored
3117623976,2,2.0,,False,True,False,True,True,Devin,cross,line-anchored
3117637979,1,1.0,,False,True,False,False,True,Devin,cross,summary only
3117734566,1,,1.0,False,False,True,True,False,OpenAI_Codex,human,line-anchored
3117784326,1,,1.0,False,False,True,False,False,OpenAI_Codex,human,bare verdicts only
3117805432,1,,1.0,False,False,True,False,True,OpenAI_Codex,human,summary only
3117811205,1,,1.0,False,False,True,False,False,Cursor,human,bare verdicts only
3117830912,1,,1.0,False,False,True,False,True,OpenAI_Codex,human,summary only
3117833393,2,1.0,1.0,False,True,True,True,True,OpenAI_Codex,cross+human,line-anchored
3117833728,1,1.0,,False,True,False,False,True,OpenAI_Codex,cross,summary only
3117835258,1,,1.0,False,False,True,False,False,OpenAI_Codex,human,bare verdicts only
3117853312,2,1.0,1.0,False,True,True,False,True,OpenAI_Codex,cross+human,summary only
3117856172,1,,1.0,False,False,True,False,False,OpenAI_Codex,human,bare verdicts only
3117915292,2,1.0,1.0,False,True,True,True,True,OpenAI_Codex,cross+human,line-anchored
3117928238,2,1.0,1.0,False,True,True,True,True,OpenAI_Codex,cross+human,line-anchored
3117952456,4,1.0,3.0,True,False,True,True,True,Copilot,same+human,line-anchored
3118002577,1,1.0,,False,True,False,True,True,OpenAI_Codex,cross,line-anchored
3118003836,3,,3.0,False,False,True,False,False,Copilot,human,bare verdicts only
3118009864,3,1.0,2.0,True,False,True,True,True,Copilot,same+human,line-anchored
3118083673,1,1.0,,False,True,False,True,True,OpenAI_Codex,cross,line-anchored
3118120081,1,1.0,,False,True,False,False,True,OpenAI_Codex,cross,summary only
3118133108,1,,1.0,False,False,True,True,False,OpenAI_Codex,human,line-anchored
3118144734,1,,1.0,False,False,True,False,False,Copilot,human,bare verdicts only
3118187130,1,1.0,,False,True,False,False,True,OpenAI_Codex,cross,summary only
3118209701,1,1.0,,False,True,False,False,True,OpenAI_Codex,cross,summary only
3118224125,2,,2.0,False,False,True,True,False,OpenAI_Codex,human,line-anchored
3118224528,1,,1.0,False,False,True,False,True,Copilot,human,summary only
3118225551,1,1.0,,False,True,False,False,True,OpenAI_Codex,cross,summary only
3118287824,1,1.0,,False,True,False,True,True,OpenAI_Codex,cross,line-anchored
3118336986,4,1.0,3.0,True,False,True,True,True,Copilot,same+human,line-anchored
3118378237,1,1.0,,False,True,False,True,True,OpenAI_Codex,cross,line-anchored
3118412233,1,1.0,,False,True,False,True,True,OpenAI_Codex,cross,line-anchored
3118419390,4,,4.0,False,False,True,True,True,OpenAI_Codex,human,line-anchored
3118450017,1,,1.0,False,False,True,True,False,Copilot,human,line-anchored
3118499919,1,1.0,,False,True,False,True,True,OpenAI_Codex,cross,line-anchored
3118533289,2,,2.0,False,False,True,True,False,Copilot,human,line-anchored
3118540554,1,,1.0,False,False,True,False,False,Devin,human,bare verdicts only
3118547220,1,1.0,,False,True,False,False,True,OpenAI_Codex,cross,summary only
3118566947,1,,1.0,False,False,True,False,True,OpenAI_Codex,human,summary only
3118636567,1,1.0,,True,False,False,True,True,Copilot,same,line-anchored
3118651615,1,,1.0,False,False,True,False,False,OpenAI_Codex,human,bare verdicts only
3118688410,2,2.0,,False,True,False,False,True,OpenAI_Codex,cross,summary only
3118735492,2,1.0,1.0,True,False,True,True,False,Copilot,same+human,line-anchored
3118761541,1,,1.0,False,False,True,False,True,Copilot,human,summary only
3118774482,4,1.0,3.0,True,False,True,True,True,Copilot,same+human,line-anchored
3118873656,1,1.0,,False,True,False,False,True,OpenAI_Codex,cross,summary only
3118884227,4,1.0,3.0,True,False,True,True,False,Copilot,same+human,line-anchored
3118888006,1,,1.0,False,False,True,False,False,OpenAI_Codex,human,bare verdicts only
3118890191,1,,1.0,False,False,True,False,False,OpenAI_Codex,human,bare verdicts only
3118902779,1,,1.0,False,False,True,False,True,OpenAI_Codex,human,summary only
3118909001,1,,1.0,False,False,True,True,True,Devin,human,line-anchored
3118916720,3,,3.0,False,False,True,True,True,OpenAI_Codex,human,line-anchored
3118957301,2,,2.0,False,False,True,False,False,Copilot,human,bare verdicts only
3118960106,3,1.0,2.0,True,False,True,True,False,Copilot,same+human,line-anchored
3118970869,1,,1.0,False,False,True,False,True,Copilot,human,summary only
3119003442,1,,1.0,False,False,True,True,False,OpenAI_Codex,human,line-anchored
3119010150,3,1.0,2.0,True,False,True,True,True,Copilot,same+human,line-anchored
3119016681,1,,1.0,False,False,True,False,False,OpenAI_Codex,human,bare verdicts only
3119031442,1,1.0,,True,False,False,False,True,Copilot,same,summary only
3119037956,1,1.0,,False,True,False,True,True,OpenAI_Codex,cross,line-anchored
3119042017,4,1.0,3.0,True,False,True,True,False,Copilot,same+human,line-anchored
3119083821,2,1.0,1.0,True,False,True,True,False,Copilot,same+human,line-anchored
3119100146,1,,1.0,False,False,True,False,False,Devin,human,bare verdicts only
3119154707,2,,2.0,False,False,True,True,False,OpenAI_Codex,human,line-anchored
3119212776,2,1.0,1.0,False,True,True,True,False,Devin,cross+human,line-anchored
3119246556,1,,1.0,False,False,True,True,True,Devin,human,line-anchored
3119251008,1,,1.0,False,False,True,False,True,OpenAI_Codex,human,summary only
3119252975,2,1.0,1.0,True,False,True,True,False,Copilot,same+human,line-anchored
3119286828,1,1.0,,False,True,False,True,True,OpenAI_Codex,cross,line-anchored
3119294748,1,1.0,,False,True,False,True,True,OpenAI_Codex,cross,line-anchored
3119295358,1,,1.0,False,False,True,False,False,OpenAI_Codex,human,bare verdicts only
3119298015,1,1.0,,False,True,False,False,True,OpenAI_Codex,cross,summary only
3119306815,1,1.0,,False,True,False,False,True,OpenAI_Codex,cross,summary only
3119315241,1,1.0,,False,True,False,True,True,OpenAI_Codex,cross,line-anchored
3119316008,1,1.0,,False,True,False,False,True,OpenAI_Codex,cross,summary only
3119325960,1,1.0,,False,True,False,False,True,OpenAI_Codex,cross,summary only
3119325967,1,1.0,,False,True,False,False,True,OpenAI_Codex,cross,summary only
3119335069,3,1.0,2.0,True,False,True,True,True,Copilot,same+human,line-anchored
3119340883,1,,1.0,False,False,True,False,False,OpenAI_Codex,human,bare verdicts only
3119347522,1,1.0,,False,True,False,False,True,OpenAI_Codex,cross,summary only
3119348443,1,1.0,,False,True,False,True,True,OpenAI_Codex,cross,line-anchored
3119354820,2,1.0,1.0,True,False,True,True,True,Copilot,same+human,line-anchored
3119355139,1,,1.0,False,False,True,True,False,Devin,human,line-anchored
3119357084,1,1.0,,False,True,False,True,True,OpenAI_Codex,cross,line-anchored
3119361825,1,1.0,,False,True,False,False,True,OpenAI_Codex,cross,summary only
3119365569,1,1.0,,False,True,False,True,True,OpenAI_Codex,cross,line-anchored
3119367169,1,1.0,,False,True,False,False,True,OpenAI_Codex,cross,summary only
3119371116,1,1.0,,False,True,False,False,True,OpenAI_Codex,cross,summary only
3119377838,1,1.0,,False,True,False,False,True,OpenAI_Codex,cross,summary only
3119381219,1,1.0,,False,True,False,False,True,OpenAI_Codex,cross,summary only
3119383333,1,1.0,,False,True,False,True,True,OpenAI_Codex,cross,line-anchored
3119387480,1,,1.0,False,False,True,False,False,OpenAI_Codex,human,bare verdicts only
3119394596,1,,1.0,False,False,True,False,False,OpenAI_Codex,human,bare verdicts only
3119405654,1,1.0,,False,True,False,False,True,OpenAI_Codex,cross,summary only
3119414824,1,1.0,,False,True,False,True,True,OpenAI_Codex,cross,line-anchored
3119415087,1,1.0,,False,True,False,True,True,OpenAI_Codex,cross,line-anchored
3119417980,2,1.0,1.0,False,True,True,False,True,Claude_Code,cross+human,summary only
3119422525,1,1.0,,False,True,False,False,True,OpenAI_Codex,cross,summary only
3119439813,1,1.0,,True,False,False,False,True,Copilot,same,summary only
3119486703,1,,1.0,False,False,True,True,False,OpenAI_Codex,human,line-anchored
3119489709,1,,1.0,False,False,True,False,False,OpenAI_Codex,human,bare verdicts only
3119506748,1,1.0,,False,True,False,False,True,OpenAI_Codex,cross,summary only
3119511341,1,,1.0,False,False,True,False,False,OpenAI_Codex,human,bare verdicts only
3119512382,5,1.0,4.0,True,False,True,True,True,Copilot,same+human,line-anchored
3119539488,1,,1.0,False,False,True,False,False,Copilot,human,bare verdicts only
3119551493,2,1.0,1.0,False,True,True,True,True,Devin,cross+human,line-anchored
3119572928,2,,2.0,False,False,True,True,True,Devin,human,line-anchored
3119598317,2,,2.0,False,False,True,False,True,Devin,human,summary only
3119601012,1,,1.0,False,False,True,False,False,Devin,human,bare verdicts only
3119607605,2,,2.0,False,False,True,False,False,Devin,human,bare verdicts only
3119640065,1,1.0,,False,True,False,False,True,OpenAI_Codex,cross,summary only
3119640633,1,,1.0,False,False,True,False,True,Devin,human,summary only
3119644558,2,,2.0,False,False,True,True,False,Devin,human,line-anchored
3119664015,2,,2.0,False,False,True,False,True,Devin,human,summary only
3119664607,2,,2.0,False,False,True,True,True,Devin,human,line-anchored
3119688458,2,1.0,1.0,False,True,True,True,False,OpenAI_Codex,cross+human,line-anchored
3119703699,2,,2.0,False,False,True,True,True,Devin,human,line-anchored
3119737498,1,1.0,,False,True,False,False,True,OpenAI_Codex,cross,summary only
3119785304,3,2.0,1.0,False,True,True,True,True,OpenAI_Codex,cross+human,line-anchored
3119797290,1,1.0,,False,True,False,True,True,OpenAI_Codex,cross,line-anchored
3119829512,2,1.0,1.0,True,False,True,True,True,Copilot,same+human,line-anchored
3119837997,2,1.0,1.0,True,False,True,False,True,Copilot,same+human,summary only
3119845216,1,1.0,,False,True,False,False,True,OpenAI_Codex,cross,summary only
3119857154,2,1.0,1.0,True,False,True,True,True,Copilot,same+human,line-anchored
3119869229,1,1.0,,False,True,False,True,True,OpenAI_Codex,cross,line-anchored
3119870328,1,1.0,,False,True,False,True,True,OpenAI_Codex,cross,line-anchored
3119873951,1,1.0,,False,True,False,True,True,OpenAI_Codex,cross,line-anchored
3119878025,1,1.0,,False,True,False,False,True,OpenAI_Codex,cross,summary only
3119878536,1,1.0,,False,True,False,True,True,OpenAI_Codex,cross,line-anchored
3119881464,1,,1.0,False,False,True,False,False,Devin,human,bare verdicts only
3119886008,1,1.0,,False,True,False,False,True,OpenAI_Codex,cross,summary only
3119899755,1,1.0,,False,True,False,False,True,OpenAI_Codex,cross,summary only
3119910557,2,2.0,,False,True,False,False,True,OpenAI_Codex,cross,summary only
3119913043,4,4.0,,False,True,False,True,True,OpenAI_Codex,cross,line-anchored
3119937148,1,1.0,,False,True,False,False,True,OpenAI_Codex,cross,summary only
3119938908,1,1.0,,False,True,False,True,True,OpenAI_Codex,cross,line-anchored
3119939482,1,1.0,,False,True,False,False,True,OpenAI_Codex,cross,summary only
3119942083,1,1.0,,False,True,False,True,True,OpenAI_Codex,cross,line-anchored
3119943791,1,1.0,,False,True,False,False,True,OpenAI_Codex,cross,summary only
3119997598,1,1.0,,False,True,False,True,True,OpenAI_Codex,cross,line-anchored
3120039753,1,1.0,,False,True,False,False,True,OpenAI_Codex,cross,summary only
3120062148,2,,2.0,False,False,True,False,True,Devin,human,summary only
3120065500,2,,2.0,False,False,True,False,False,Devin,human,bare verdicts only
3120065809,2,,2.0,False,False,True,False,True,Devin,human,summary only
3120156987,2,,2.0,False,False,True,False,False,Devin,human,bare verdicts only
3120161520,1,1.0,,False,True,False,False,True,OpenAI_Codex,cross,summary only
3120162244,2,1.0,1.0,True,False,True,True,True,Copilot,same+human,line-anchored
3120171152,1,,1.0,False,False,True,False,False,OpenAI_Codex,human,bare verdicts only
3120183626,1,1.0,,False,True,False,False,True,OpenAI_Codex,cross,summary only
3120241373,1,,1.0,False,False,True,True,True,Devin,human,line-anchored
3120246489,3,1.0,2.0,True,False,True,True,False,Copilot,same+human,line-anchored
3120317295,1,1.0,,False,True,False,False,True,OpenAI_Codex,cross,summary only
3120335173,1,,1.0,False,False,True,False,False,OpenAI_Codex,human,bare verdicts only
3120335956,2,,2.0,False,False,True,False,True,Devin,human,summary only
3120366760,1,1.0,,False,True,False,False,True,OpenAI_Codex,cross,summary only
3120389334,3,1.0,2.0,True,False,True,True,False,Copilot,same+human,line-anchored
3120398551,2,,2.0,False,False,True,True,False,OpenAI_Codex,human,line-anchored
3120399262,1,,1.0,False,False,True,False,False,OpenAI_Codex,human,bare verdicts only
3120422035,1,1.0,,False,True,False,False,True,OpenAI_Codex,cross,summary only
3120428573,2,,2.0,False,False,True,False,True,Devin,human,summary only
3120463550,1,1.0,,False,True,False,False,True,OpenAI_Codex,cross,summary only
3120468887,1,1.0,,False,True,False,True,True,OpenAI_Codex,cross,line-anchored
3120492890,2,1.0,1.0,False,True,True,False,True,OpenAI_Codex,cross+human,summary only
3120577401,1,1.0,,False,True,False,False,True,OpenAI_Codex,cross,summary only
3120599542,4,1.0,3.0,True,False,True,True,True,Copilot,same+human,line-anchored
3120601794,1,1.0,,False,True,False,False,True,OpenAI_Codex,cross,summary only
3120603357,2,1.0,1.0,True,False,True,False,True,Copilot,same+human,summary only
3120623294,1,1.0,,False,True,False,False,True,OpenAI_Codex,cross,summary only
3120624297,1,1.0,,False,True,False,False,True,OpenAI_Codex,cross,summary only
3120635827,1,,1.0,False,False,True,False,False,Copilot,human,bare verdicts only
3120660711,1,,1.0,False,False,True,False,True,OpenAI_Codex,human,summary only
3120681882,2,,2.0,False,False,True,False,True,Copilot,human,summary only
3120704042,4,1.0,3.0,True,False,True,True,False,Copilot,same+human,line-anchored
3120801394,1,,1.0,False,False,True,False,False,Copilot,human,bare verdicts only
3120837170,1,,1.0,False,False,True,True,False,OpenAI_Codex,human,line-anchored
3120854116,2,1.0,1.0,True,False,True,True,False,Copilot,same+human,line-anchored
3120864208,1,,1.0,False,False,True,False,False,Copilot,human,bare verdicts only
3120985508,1,1.0,,False,True,False,True,True,OpenAI_Codex,cross,line-anchored
3121005401,1,,1.0,False,False,True,False,False,Copilot,human,bare verdicts only
3121077520,1,1.0,,False,True,False,False,True,OpenAI_Codex,cross,summary only
3121100911,1,1.0,,False,True,False,False,True,Devin,cross,summary only
3121105508,1,1.0,,False,True,False,False,True,Devin,cross,summary only
3121143991,1,1.0,,False,True,False,False,True,OpenAI_Codex,cross,summary only
3121165724,1,,1.0,False,False,True,False,False,Copilot,human,bare verdicts only
3121316751,1,,1.0,False,False,True,False,False,Copilot,human,bare verdicts only
3121322997,1,1.0,,True,False,False,False,True,Cursor,same,summary only
3121336753,1,,1.0,False,False,True,False,True,OpenAI_Codex,human,summary only
3121337622,1,,1.0,False,False,True,False,False,OpenAI_Codex,human,bare verdicts only
3121392248,1,,1.0,False,False,True,False,False,OpenAI_Codex,human,bare verdicts only
3121392709,1,1.0,,False,True,False,False,True,OpenAI_Codex,cross,summary only
3121462246,1,,1.0,False,False,True,False,False,OpenAI_Codex,human,bare verdicts only
3121475414,1,,1.0,False,False,True,False,False,Copilot,human,bare verdicts only
3121482672,1,,1.0,False,False,True,False,False,OpenAI_Codex,human,bare verdicts only
3121554615,1,,1.0,False,False,True,False,False,Copilot,human,bare verdicts only
3121603815,4,2.0,2.0,False,True,True,True,True,OpenAI_Codex,cross+human,line-anchored
3121659401,1,1.0,,False,True,False,True,True,OpenAI_Codex,cross,line-anchored
3121678248,5,1.0,4.0,True,False,True,True,True,Copilot,same+human,line-anchored
3121742299,3,,3.0,False,False,True,True,False,OpenAI_Codex,human,line-anchored
3121787874,1,1.0,,False,True,False,False,True,Devin,cross,summary only
3121791946,1,1.0,,False,True,False,False,True,OpenAI_Codex,cross,summary only
3121799971,2,1.0,1.0,False,True,True,False,True,OpenAI_Codex,cross+human,summary only
3121816149,2,2.0,,False,True,False,False,True,OpenAI_Codex,cross,summary only
3121845520,1,,1.0,False,False,True,False,False,OpenAI_Codex,human,bare verdicts only
3121850105,2,2.0,,False,True,False,False,True,OpenAI_Codex,cross,summary only
3121860517,2,1.0,1.0,True,False,True,False,True,Copilot,same+human,summary only
3121902962,1,,1.0,False,False,True,False,False,OpenAI_Codex,human,bare verdicts only
3121928548,1,1.0,,False,True,False,True,False,OpenAI_Codex,cross,line-anchored
3121929184,2,2.0,,False,True,False,True,True,OpenAI_Codex,cross,line-anchored
3122030212,1,,1.0,False,False,True,False,False,OpenAI_Codex,human,bare verdicts only
3122144181,1,,1.0,False,False,True,False,False,OpenAI_Codex,human,bare verdicts only
3122144461,1,,1.0,False,False,True,False,False,OpenAI_Codex,human,bare verdicts only
3122228009,1,1.0,,False,True,False,False,True,OpenAI_Codex,cross,summary only
3122232574,2,,2.0,False,False,True,False,False,Copilot,human,bare verdicts only
3122285142,1,1.0,,False,True,False,False,True,OpenAI_Codex,cross,summary only
3122290925,1,1.0,,False,True,False,False,True,OpenAI_Codex,cross,summary only
3122379364,2,2.0,,False,True,False,True,True,OpenAI_Codex,cross,line-anchored
3122389974,4,1.0,3.0,True,False,True,True,True,Copilot,same+human,line-anchored
3122404431,1,1.0,,False,True,False,True,True,OpenAI_Codex,cross,line-anchored
3122429217,1,1.0,,True,False,False,False,True,Copilot,same,summary only
3122448595,1,,1.0,False,False,True,False,False,OpenAI_Codex,human,bare verdicts only
3122451310,1,1.0,,False,True,False,True,True,OpenAI_Codex,cross,line-anchored
3122455352,3,1.0,2.0,True,False,True,True,True,Copilot,same+human,line-anchored
3122494142,3,1.0,2.0,True,False,True,True,False,Copilot,same+human,line-anchored
3122513050,3,,3.0,False,False,True,True,False,OpenAI_Codex,human,line-anchored
3122559134,3,1.0,2.0,True,False,True,True,True,Copilot,same+human,line-anchored
3122560804,3,1.0,2.0,True,False,True,True,False,Copilot,same+human,line-anchored
3122564816,3,1.0,2.0,True,False,True,True,False,Copilot,same+human,line-anchored
3122582363,1,1.0,,False,True,False,True,True,Cursor,cross,line-anchored
3122627357,2,1.0,1.0,True,False,True,True,True,Copilot,same+human,line-anchored
3122685221,4,1.0,3.0,True,False,True,True,True,Copilot,same+human,line-anchored
3122755362,2,1.0,1.0,True,False,True,True,False,Copilot,same+human,line-anchored
3122792815,3,1.0,2.0,True,False,True,False,True,Copilot,same+human,summary only
3122796109,1,,1.0,False,False,True,True,False,OpenAI_Codex,human,line-anchored
3122811733,6,1.0,5.0,True,False,True,True,True,Copilot,same+human,line-anchored
3122883937,2,1.0,1.0,False,True,True,True,True,OpenAI_Codex,cross+human,line-anchored
3122939346,1,,1.0,False,False,True,False,False,Copilot,human,bare verdicts only
3122947325,2,1.0,1.0,True,False,True,True,False,Copilot,same+human,line-anchored
3122952236,1,,1.0,False,False,True,False,True,Copilot,human,summary only
3122971535,1,,1.0,False,False,True,False,True,Copilot,human,summary only
3123002641,1,1.0,,False,True,False,True,True,OpenAI_Codex,cross,line-anchored
3123012893,1,1.0,,False,True,False,True,True,Cursor,cross,line-anchored
3123077393,1,,1.0,False,False,True,False,False,Copilot,human,bare verdicts only
3123117893,2,,2.0,False,False,True,False,False,Copilot,human,bare verdicts only
3123149058,4,1.0,3.0,True,False,True,True,True,Copilot,same+human,line-anchored
3123156365,4,1.0,3.0,True,False,True,True,True,Copilot,same+human,line-anchored
3123198992,2,1.0,1.0,False,True,True,True,True,Devin,cross+human,line-anchored
3123200829,3,2.0,1.0,False,True,True,True,True,OpenAI_Codex,cross+human,line-anchored
3123268247,2,1.0,1.0,False,True,True,True,True,OpenAI_Codex,cross+human,line-anchored
3123336466,2,1.0,1.0,False,True,True,True,True,OpenAI_Codex,cross+human,line-anchored
3123337898,1,1.0,,False,True,False,False,True,OpenAI_Codex,cross,summary only
3123359718,2,,2.0,False,False,True,False,False,Copilot,human,bare verdicts only
3123400194,1,,1.0,False,False,True,False,False,Copilot,human,bare verdicts only
3123401020,1,,1.0,False,False,True,False,True,OpenAI_Codex,human,summary only
3123449205,2,,2.0,False,False,True,False,False,Copilot,human,bare verdicts only
3123451181,1,1.0,,False,True,False,False,True,OpenAI_Codex,cross,summary only
3123500242,1,1.0,,True,False,False,False,True,Copilot,same,summary only
3123526095,3,,3.0,False,False,True,True,True,Devin,human,line-anchored
3123528512,1,1.0,,False,True,False,True,True,OpenAI_Codex,cross,line-anchored
3123542432,2,1.0,1.0,True,False,True,False,True,Copilot,same+human,summary only
3123553761,2,,2.0,False,False,True,True,False,OpenAI_Codex,human,line-anchored
3123559414,2,1.0,1.0,False,True,True,False,True,OpenAI_Codex,cross+human,summary only
3123586426,1,,1.0,False,False,True,True,False,Devin,human,line-anchored
3123587172,1,,1.0,False,False,True,False,False,Devin,human,bare verdicts only
3123638990,2,1.0,1.0,False,True,True,False,True,OpenAI_Codex,cross+human,summary only
3123639861,1,1.0,,False,True,False,False,True,OpenAI_Codex,cross,summary only
3123682272,3,1.0,2.0,True,False,True,True,False,Copilot,same+human,line-anchored
3123684653,4,1.0,3.0,True,False,True,True,True,Copilot,same+human,line-anchored
3123745080,1,,1.0,False,False,True,True,False,Devin,human,line-anchored
3123753927,1,,1.0,False,False,True,True,False,Devin,human,line-anchored
3123770039,4,2.0,2.0,True,True,True,True,True,Copilot,same+cross+human,line-anchored
3123805283,1,,1.0,False,False,True,False,True,Copilot,human,summary only
3123934648,2,,2.0,False,False,True,False,True,Devin,human,summary only
3123997500,3,2.0,1.0,False,True,True,True,True,OpenAI_Codex,cross+human,line-anchored
3124017872,2,,2.0,False,False,True,False,False,Devin,human,bare verdicts only
3124022276,2,,2.0,False,False,True,True,True,Devin,human,line-anchored
3124026492,2,1.0,1.0,True,False,True,True,False,Copilot,same+human,line-anchored
3124089438,1,1.0,,False,True,False,False,True,OpenAI_Codex,cross,summary only
3124143626,2,1.0,1.0,True,False,True,True,False,Copilot,same+human,line-anchored
3124188120,1,1.0,,False,True,False,False,True,OpenAI_Codex,cross,summary only
3124190078,1,1.0,,False,True,False,True,True,OpenAI_Codex,cross,line-anchored
3124191467,1,1.0,,False,True,False,True,True,OpenAI_Codex,cross,line-anchored
3124191731,2,,2.0,False,False,True,True,True,OpenAI_Codex,human,line-anchored
3124200228,2,1.0,1.0,False,True,True,True,True,OpenAI_Codex,cross+human,line-anchored
3124252797,4,,4.0,False,False,True,True,False,Copilot,human,line-anchored
3124314563,1,,1.0,False,False,True,False,True,Copilot,human,summary only
3124327105,2,,2.0,False,False,True,False,True,Devin,human,summary only
3124368908,1,1.0,,False,True,False,False,True,OpenAI_Codex,cross,summary only
3124416938,1,1.0,,False,True,False,True,True,OpenAI_Codex,cross,line-anchored
3124419919,1,,1.0,False,False,True,False,False,Devin,human,bare verdicts only
3124466173,2,1.0,1.0,True,False,True,True,False,Copilot,same+human,line-anchored
3124493699,2,2.0,,True,True,False,True,True,Cursor,same+cross,line-anchored
3124498441,1,1.0,,True,False,False,False,True,Copilot,same,summary only
3124513820,1,,1.0,False,False,True,True,True,Devin,human,line-anchored
3124534701,1,,1.0,False,False,True,False,False,OpenAI_Codex,human,bare verdicts only
3124595999,2,,2.0,False,False,True,True,True,Claude_Code,human,line-anchored
3124605364,3,1.0,2.0,True,False,True,True,True,Copilot,same+human,line-anchored
3124649893,2,1.0,1.0,True,False,True,True,True,Copilot,same+human,line-anchored
3124658074,2,1.0,1.0,True,False,True,True,False,Copilot,same+human,line-anchored
3124709717,4,1.0,3.0,True,False,True,True,False,Copilot,same+human,line-anchored
3124757808,1,,1.0,False,False,True,False,False,OpenAI_Codex,human,bare verdicts only
3124776784,1,,1.0,False,False,True,False,False,OpenAI_Codex,human,bare verdicts only
3124811802,4,1.0,3.0,True,False,True,True,False,Copilot,same+human,line-anchored
3124835441,2,1.0,1.0,True,False,True,True,True,Copilot,same+human,line-anchored
3124862460,1,,1.0,False,False,True,False,False,OpenAI_Codex,human,bare verdicts only
3124927666,1,,1.0,False,False,True,False,False,OpenAI_Codex,human,bare verdicts only
3124970716,1,,1.0,False,False,True,False,False,OpenAI_Codex,human,bare verdicts only
3125029980,2,,2.0,False,False,True,False,True,Copilot,human,summary only
3125046151,1,1.0,,False,True,False,False,True,Copilot,cross,summary only
3125104127,3,,3.0,False,False,True,True,False,Copilot,human,line-anchored
3125168618,1,,1.0,False,False,True,False,True,Copilot,human,summary only
3125187340,1,,1.0,False,False,True,False,True,Copilot,human,summary only
3125277631,1,,1.0,False,False,True,False,True,OpenAI_Codex,human,summary only
3125308183,1,,1.0,False,False,True,False,False,Copilot,human,bare verdicts only
3125337362,1,,1.0,False,False,True,False,False,OpenAI_Codex,human,bare verdicts only
3125342174,2,,2.0,False,False,True,False,False,Copilot,human,bare verdicts only
3125407185,1,,1.0,False,False,True,True,True,OpenAI_Codex,human,line-anchored
3125429158,1,,1.0,False,False,True,False,False,OpenAI_Codex,human,bare verdicts only
3125458401,1,,1.0,False,False,True,False,False,Copilot,human,bare verdicts only
3125459043,2,1.0,1.0,True,False,True,True,False,Copilot,same+human,line-anchored
3125485068,1,,1.0,False,False,True,False,False,Copilot,human,bare verdicts only
3125497651,1,1.0,,False,True,False,True,True,OpenAI_Codex,cross,line-anchored
3125528922,2,,1.0,False,False,True,False,False,OpenAI_Codex,human,bare verdicts only
3125531606,6,1.0,5.0,True,False,True,True,False,Copilot,same+human,line-anchored
3125597916,1,1.0,,False,True,False,True,True,OpenAI_Codex,cross,line-anchored
3125639059,1,,1.0,False,False,True,True,False,OpenAI_Codex,human,line-anchored
3125655207,2,2.0,,False,True,False,True,True,Devin,cross,line-anchored
3125657433,1,1.0,,False,True,False,True,True,OpenAI_Codex,cross,line-anchored
3125675582,1,1.0,,False,True,False,False,True,OpenAI_Codex,cross,summary only
3125682958,1,,1.0,False,False,True,False,True,Copilot,human,summary only
3125695545,3,,3.0,False,False,True,False,False,Copilot,human,bare verdicts only
3125703292,2,1.0,1.0,True,False,True,True,False,Copilot,same+human,line-anchored
3125706805,3,,3.0,False,False,True,False,False,Copilot,human,bare verdicts only
3125708547,4,1.0,3.0,True,False,True,True,True,Copilot,same+human,line-anchored
3125710825,3,,3.0,False,False,True,False,True,Copilot,human,summary only
3125744468,5,1.0,4.0,True,False,True,True,True,Copilot,same+human,line-anchored
3125771920,4,1.0,3.0,True,False,True,True,False,Copilot,same+human,line-anchored
3125782567,1,1.0,,False,True,False,False,True,Cursor,cross,summary only
3125790678,4,1.0,3.0,True,False,True,True,False,Copilot,same+human,line-anchored
3125817776,4,1.0,3.0,True,False,True,True,False,Copilot,same+human,line-anchored
3125826357,2,1.0,1.0,True,False,True,True,False,Copilot,same+human,line-anchored
3125834113,3,1.0,2.0,True,False,True,False,True,Copilot,same+human,summary only
3125838556,1,1.0,,False,True,False,False,True,Cursor,cross,summary only
3125850603,2,1.0,1.0,True,False,True,True,False,Copilot,same+human,line-anchored
3125876679,2,1.0,1.0,True,False,True,False,True,Copilot,same+human,summary only
3125880075,2,1.0,1.0,True,False,True,True,False,Copilot,same+human,line-anchored
3125893304,1,1.0,,False,True,False,True,True,Devin,cross,line-anchored
3125906822,1,,1.0,False,False,True,True,False,Cursor,human,line-anchored
3125942056,4,,4.0,False,False,True,False,False,Copilot,human,bare verdicts only
3125946194,1,1.0,,False,True,False,False,True,Devin,cross,summary only
3125954430,4,1.0,3.0,True,False,True,True,True,Copilot,same+human,line-anchored
3125966641,1,,1.0,False,False,True,False,False,OpenAI_Codex,human,bare verdicts only
3125967876,1,,1.0,False,False,True,False,False,Copilot,human,bare verdicts only
3125969362,1,,1.0,False,False,True,False,True,OpenAI_Codex,human,summary only
3125970385,2,,2.0,False,False,True,True,False,OpenAI_Codex,human,line-anchored
3125971026,1,,1.0,False,False,True,True,False,OpenAI_Codex,human,line-anchored
3125979396,1,,1.0,False,False,True,False,False,Copilot,human,bare verdicts only
3125979959,1,,1.0,False,False,True,True,False,Devin,human,line-anchored
3125996513,3,1.0,2.0,True,False,True,True,True,Copilot,same+human,line-anchored
3126001479,1,1.0,,False,True,False,False,True,OpenAI_Codex,cross,summary only
3126001730,2,1.0,1.0,True,False,True,True,False,Copilot,same+human,line-anchored
3126016118,3,1.0,2.0,True,False,True,True,False,Copilot,same+human,line-anchored
3126019191,1,1.0,,False,True,False,False,True,OpenAI_Codex,cross,summary only
3126038468,1,1.0,,False,True,False,False,True,OpenAI_Codex,cross,summary only
3126063436,1,1.0,,False,True,False,True,True,OpenAI_Codex,cross,line-anchored
3126083735,1,,1.0,False,False,True,False,True,Copilot,human,summary only
3126110678,1,1.0,,False,True,False,True,True,OpenAI_Codex,cross,line-anchored
3126127102,3,1.0,2.0,False,True,True,True,True,Cursor,cross+human,line-anchored
3126140128,1,1.0,,False,True,False,False,True,OpenAI_Codex,cross,summary only
3126146638,1,1.0,,False,True,False,False,True,OpenAI_Codex,cross,summary only
3126161014,2,,2.0,False,False,True,False,True,OpenAI_Codex,human,summary only
3126164555,1,,1.0,False,False,True,False,False,Devin,human,bare verdicts only
3126182944,1,1.0,,False,True,False,False,True,OpenAI_Codex,cross,summary only
3126185401,4,1.0,3.0,True,False,True,True,True,Copilot,same+human,line-anchored
3126215556,2,1.0,1.0,False,True,True,True,True,OpenAI_Codex,cross+human,line-anchored
3126249131,1,,1.0,False,False,True,True,True,Devin,human,line-anchored
3126336730,3,1.0,2.0,False,True,True,True,True,Devin,cross+human,line-anchored
3126374524,1,,1.0,False,False,True,False,True,Copilot,human,summary only
3126425225,1,1.0,,False,True,False,False,True,Cursor,cross,summary only
3126427425,3,1.0,2.0,True,False,True,True,False,Copilot,same+human,line-anchored
3126429251,2,1.0,1.0,True,False,True,True,False,Copilot,same+human,line-anchored
3126429703,2,,2.0,False,False,True,False,False,Copilot,human,bare verdicts only
3126448988,1,,1.0,False,False,True,False,True,Copilot,human,summary only
3126532993,1,1.0,,False,True,False,False,True,Devin,cross,summary only
3126630055,3,1.0,2.0,True,False,True,True,False,Copilot,same+human,line-anchored
3126639142,2,1.0,1.0,True,False,True,True,True,Copilot,same+human,line-anchored
3126718436,1,1.0,,False,True,False,True,True,OpenAI_Codex,cross,line-anchored
3126790379,1,,1.0,False,False,True,False,False,Copilot,human,bare verdicts only
3126827027,1,1.0,,False,True,False,True,True,OpenAI_Codex,cross,line-anchored
3127070156,1,,1.0,False,False,True,True,False,Copilot,human,line-anchored
3127078625,1,1.0,,False,True,False,True,True,OpenAI_Codex,cross,line-anchored
3127112794,2,1.0,1.0,False,True,True,False,True,Devin,cross+human,summary only
3127121876,3,1.0,2.0,False,True,True,True,True,Devin,cross+human,line-anchored
3127130622,2,1.0,1.0,False,True,True,False,True,Devin,cross+human,summary only
3127143865,1,1.0,,False,True,False,True,True,OpenAI_Codex,cross,line-anchored
3127155887,1,1.0,,False,True,False,False,True,Cursor,cross,summary only
3127174891,1,,1.0,False,False,True,False,False,Devin,human,bare verdicts only
3127179519,1,1.0,,False,True,False,False,True,Devin,cross,summary only
3127181463,1,1.0,,False,True,False,False,True,Cursor,cross,summary only
3127195862,1,1.0,,False,True,False,False,True,Cursor,cross,summary only
3127210211,1,,1.0,False,False,True,False,True,Copilot,human,summary only
3127222871,3,1.0,2.0,True,False,True,True,False,Copilot,same+human,line-anchored
3127231883,2,1.0,1.0,True,False,True,True,False,Copilot,same+human,line-anchored
3127318171,2,2.0,,False,True,False,True,True,OpenAI_Codex,cross,line-anchored
3127340685,2,2.0,,False,True,False,True,True,OpenAI_Codex,cross,line-anchored
3127353854,3,,3.0,False,False,True,False,True,Copilot,human,summary only
3127367943,3,2.0,1.0,False,True,True,True,True,OpenAI_Codex,cross+human,line-anchored
3127377495,1,1.0,,False,True,False,False,True,OpenAI_Codex,cross,summary only
3127394543,1,1.0,,False,True,False,True,True,OpenAI_Codex,cross,line-anchored
3127398237,1,,1.0,False,False,True,False,True,Copilot,human,summary only
3127475132,2,1.0,1.0,False,True,True,True,True,OpenAI_Codex,cross+human,line-anchored
3127479651,2,1.0,1.0,False,True,True,False,True,OpenAI_Codex,cross+human,summary only
3127485640,1,,1.0,False,False,True,False,True,OpenAI_Codex,human,summary only
3127513584,1,,1.0,False,False,True,False,True,Copilot,human,summary only
3127516559,1,1.0,,False,True,False,False,True,OpenAI_Codex,cross,summary only
3127559832,3,,3.0,False,False,True,True,True,Devin,human,line-anchored
3127581530,1,1.0,,False,True,False,False,True,OpenAI_Codex,cross,summary only
3127584223,1,1.0,,False,True,False,False,True,OpenAI_Codex,cross,summary only
3127584808,1,1.0,,False,True,False,True,True,OpenAI_Codex,cross,line-anchored
3127595470,1,1.0,,False,True,False,False,True,OpenAI_Codex,cross,summary only
3127606899,1,1.0,,False,True,False,False,True,OpenAI_Codex,cross,summary only
3127626085,1,1.0,,False,True,False,False,True,OpenAI_Codex,cross,summary only
3127629424,4,2.0,2.0,False,True,True,True,True,OpenAI_Codex,cross+human,line-anchored
3127634416,1,,1.0,False,False,True,False,True,OpenAI_Codex,human,summary only
3127648478,1,1.0,,False,True,False,False,True,OpenAI_Codex,cross,summary only
3127709223,1,1.0,,False,True,False,True,False,Devin,cross,line-anchored
3127778805,1,1.0,,True,False,False,False,True,Copilot,same,summary only
3127781810,2,1.0,1.0,True,False,True,False,True,Copilot,same+human,summary only
3127795243,4,1.0,3.0,True,False,True,True,True,Copilot,same+human,line-anchored
3127839399,1,1.0,,False,True,False,False,True,OpenAI_Codex,cross,summary only
3127876298,1,1.0,,False,True,False,True,True,OpenAI_Codex,cross,line-anchored
3127880620,1,1.0,,False,True,False,True,True,OpenAI_Codex,cross,line-anchored
3127925920,1,1.0,,False,True,False,False,True,OpenAI_Codex,cross,summary only
3127930821,1,1.0,,False,True,False,True,True,Claude_Code,cross,line-anchored
3127949245,1,1.0,,False,True,False,False,True,OpenAI_Codex,cross,summary only
3127965129,1,,1.0,False,False,True,False,True,Copilot,human,summary only
3127970135,1,1.0,,True,False,False,False,True,Copilot,same,summary only
3127975454,2,1.0,1.0,False,True,True,True,True,OpenAI_Codex,cross+human,line-anchored
3127989771,1,,1.0,False,False,True,False,False,Copilot,human,bare verdicts only
3128043145,1,1.0,,False,True,False,False,True,OpenAI_Codex,cross,summary only
3128069788,1,,1.0,False,False,True,False,False,OpenAI_Codex,human,bare verdicts only
3128087595,1,,1.0,False,False,True,False,False,OpenAI_Codex,human,bare verdicts only
3128117880,2,1.0,1.0,False,True,True,True,True,OpenAI_Codex,cross+human,line-anchored
3128149830,1,,1.0,False,False,True,False,False,Devin,human,bare verdicts only
3128156745,1,,1.0,False,False,True,False,False,Copilot,human,bare verdicts only
3128159011,1,,1.0,False,False,True,False,False,Copilot,human,bare verdicts only
3128172571,1,,1.0,False,False,True,False,False,Copilot,human,bare verdicts only
3128183831,1,,1.0,False,False,True,False,True,Copilot,human,summary only
3128195639,1,,1.0,False,False,True,False,False,OpenAI_Codex,human,bare verdicts only
3128208281,1,,1.0,False,False,True,False,False,OpenAI_Codex,human,bare verdicts only
3128226642,1,1.0,,False,True,False,False,True,Devin,cross,summary only
3128229089,1,1.0,,False,True,False,False,True,OpenAI_Codex,cross,summary only
3128230519,1,1.0,,False,True,False,True,True,OpenAI_Codex,cross,line-anchored
3128245210,1,1.0,,False,True,False,False,True,OpenAI_Codex,cross,summary only
3128262267,1,,1.0,False,False,True,False,True,Copilot,human,summary only
3128266425,2,1.0,1.0,False,True,True,True,True,OpenAI_Codex,cross+human,line-anchored
3128286096,1,1.0,,False,True,False,False,True,OpenAI_Codex,cross,summary only
3128289478,1,1.0,,False,True,False,False,True,OpenAI_Codex,cross,summary only
3128327342,1,,1.0,False,False,True,False,False,OpenAI_Codex,human,bare verdicts only
3128329194,1,,1.0,False,False,True,False,False,OpenAI_Codex,human,bare verdicts only
3128337400,1,,1.0,False,False,True,False,False,Copilot,human,bare verdicts only
3128338216,1,1.0,,False,True,False,False,True,OpenAI_Codex,cross,summary only
3128349894,1,,1.0,False,False,True,False,False,Copilot,human,bare verdicts only
3128365797,1,1.0,,False,True,False,False,True,OpenAI_Codex,cross,summary only
3128413591,3,,3.0,False,False,True,True,False,Cursor,human,line-anchored
3128430204,1,,1.0,False,False,True,False,True,Copilot,human,summary only
3128462201,1,,1.0,False,False,True,False,True,Copilot,human,summary only
3128477850,1,1.0,,False,True,False,False,True,Cursor,cross,summary only
3128484287,2,1.0,1.0,False,True,True,True,True,OpenAI_Codex,cross+human,line-anchored
3128493649,1,1.0,,False,True,False,True,True,OpenAI_Codex,cross,line-anchored
3128517351,1,1.0,,False,True,False,True,True,OpenAI_Codex,cross,line-anchored
3128524666,1,1.0,,False,True,False,False,True,OpenAI_Codex,cross,summary only
3128538607,1,1.0,,False,True,False,False,True,OpenAI_Codex,cross,summary only
3128550102,1,1.0,,False,True,False,False,True,Devin,cross,summary only
3128580678,2,2.0,,False,True,False,True,True,OpenAI_Codex,cross,line-anchored
3128617960,2,,2.0,False,False,True,False,False,Copilot,human,bare verdicts only
3128646283,1,1.0,,False,True,False,True,True,Claude_Code,cross,line-anchored
3128653898,1,1.0,,False,True,False,False,True,OpenAI_Codex,cross,summary only
3128661334,1,1.0,,False,True,False,True,True,OpenAI_Codex,cross,line-anchored
3128687696,1,,1.0,False,False,True,True,False,Copilot,human,line-anchored
3128687723,3,1.0,2.0,True,False,True,True,False,Copilot,same+human,line-anchored
3128707687,1,1.0,,False,True,False,True,True,OpenAI_Codex,cross,line-anchored
3128713073,1,1.0,,False,True,False,False,True,Devin,cross,summary only
3128713996,2,1.0,1.0,False,True,True,True,True,Claude_Code,cross+human,line-anchored
3128721179,1,1.0,,False,True,False,False,True,OpenAI_Codex,cross,summary only
3128721443,1,,1.0,False,False,True,False,True,OpenAI_Codex,human,summary only
3128810853,1,,1.0,False,False,True,False,True,OpenAI_Codex,human,summary only
3128857839,1,1.0,,False,True,False,False,True,OpenAI_Codex,cross,summary only
3128931264,1,,1.0,False,False,True,False,True,Devin,human,summary only
3128948216,1,,1.0,False,False,True,False,False,Copilot,human,bare verdicts only
3128953583,2,,2.0,False,False,True,False,True,Devin,human,summary only
3128970557,1,,1.0,False,False,True,False,False,Copilot,human,bare verdicts only
3129032116,1,1.0,,False,True,False,False,True,OpenAI_Codex,cross,summary only
3129055380,1,1.0,,False,True,False,False,True,OpenAI_Codex,cross,summary only
3129063731,1,,1.0,False,False,True,False,False,Copilot,human,bare verdicts only
3129067471,1,,1.0,False,False,True,False,True,Cursor,human,summary only
3129085835,2,,2.0,False,False,True,False,True,Devin,human,summary only
3129103017,1,1.0,,False,True,False,True,True,OpenAI_Codex,cross,line-anchored
3129110273,1,1.0,,False,True,False,True,True,OpenAI_Codex,cross,line-anchored
3129125271,1,1.0,,False,True,False,True,True,OpenAI_Codex,cross,line-anchored
3129133917,3,1.0,2.0,False,True,True,True,True,OpenAI_Codex,cross+human,line-anchored
3129135277,2,,2.0,False,False,True,False,True,Devin,human,summary only
3129171376,1,,1.0,False,False,True,False,True,Devin,human,summary only
3129172469,1,1.0,,False,True,False,False,True,OpenAI_Codex,cross,summary only
3129247657,1,1.0,,False,True,False,True,True,OpenAI_Codex,cross,line-anchored
3129273921,1,1.0,,False,True,False,False,True,OpenAI_Codex,cross,summary only
3129274857,1,1.0,,False,True,False,False,True,OpenAI_Codex,cross,summary only
3129275725,1,1.0,,False,True,False,False,True,OpenAI_Codex,cross,summary only
3129428263,2,1.0,1.0,False,True,True,False,True,OpenAI_Codex,cross+human,summary only
3129441875,1,,1.0,False,False,True,False,True,Copilot,human,summary only
3129475228,2,,2.0,False,False,True,False,False,Devin,human,bare verdicts only
3129554303,1,,1.0,False,False,True,False,False,Devin,human,bare verdicts only
3129582804,2,,2.0,False,False,True,False,True,Devin,human,summary only
3129589292,2,,2.0,False,False,True,False,True,Devin,human,summary only
3129593158,1,,1.0,False,False,True,False,False,Copilot,human,bare verdicts only
3129625722,1,1.0,,False,True,False,True,True,OpenAI_Codex,cross,line-anchored
3129635818,1,1.0,,False,True,False,False,True,OpenAI_Codex,cross,summary only
3129643153,1,,1.0,False,False,True,False,False,Copilot,human,bare verdicts only
3129660668,1,1.0,,True,False,False,False,True,Copilot,same,summary only
3129697594,1,,1.0,False,False,True,False,False,Copilot,human,bare verdicts only
3129719604,3,1.0,2.0,False,True,True,True,True,OpenAI_Codex,cross+human,line-anchored
3129773117,2,1.0,1.0,True,False,True,True,True,Copilot,same+human,line-anchored
3129797570,1,1.0,,False,True,False,False,True,OpenAI_Codex,cross,summary only
3129809571,1,,1.0,False,False,True,False,False,Copilot,human,bare verdicts only
3129824536,1,1.0,,False,True,False,True,True,OpenAI_Codex,cross,line-anchored
3129949435,1,1.0,,False,True,False,False,True,OpenAI_Codex,cross,summary only
3129953743,1,1.0,,False,True,False,True,True,OpenAI_Codex,cross,line-anchored
3129955403,1,1.0,,False,True,False,False,True,OpenAI_Codex,cross,summary only
3129956661,1,1.0,,False,True,False,False,True,OpenAI_Codex,cross,summary only
3129976470,1,1.0,,False,True,False,False,True,OpenAI_Codex,cross,summary only
3130011634,1,,1.0,False,False,True,False,False,OpenAI_Codex,human,bare verdicts only
3130031387,1,1.0,,False,True,False,True,True,OpenAI_Codex,cross,line-anchored
3130032275,1,1.0,,False,True,False,False,True,OpenAI_Codex,cross,summary only
3130042166,1,1.0,,False,True,False,False,True,OpenAI_Codex,cross,summary only
3130042651,1,1.0,,False,True,False,False,True,OpenAI_Codex,cross,summary only
3130070212,1,1.0,,False,True,False,True,True,OpenAI_Codex,cross,line-anchored
3130078210,1,,1.0,False,False,True,False,False,OpenAI_Codex,human,bare verdicts only
3130082117,1,1.0,,False,True,False,True,True,OpenAI_Codex,cross,line-anchored
3130207606,1,1.0,,False,True,False,False,True,OpenAI_Codex,cross,summary only
3130209120,1,1.0,,False,True,False,False,True,OpenAI_Codex,cross,summary only
3130257839,1,1.0,,False,True,False,False,True,OpenAI_Codex,cross,summary only
3130282110,1,1.0,,False,True,False,True,True,OpenAI_Codex,cross,line-anchored
3130314581,2,1.0,1.0,True,False,True,True,False,Copilot,same+human,line-anchored
3130346212,1,1.0,,False,True,False,False,True,Devin,cross,summary only
3130352220,1,,1.0,False,False,True,True,False,Cursor,human,line-anchored
3130370124,1,1.0,,False,True,False,False,True,OpenAI_Codex,cross,summary only
3130373135,1,1.0,,False,True,False,False,True,OpenAI_Codex,cross,summary only
3130405434,1,1.0,,False,True,False,False,True,OpenAI_Codex,cross,summary only
3130420967,1,,1.0,False,False,True,False,False,Devin,human,bare verdicts only
3130463209,3,,3.0,False,False,True,False,True,Copilot,human,summary only
3130567060,1,,1.0,False,False,True,False,True,OpenAI_Codex,human,summary only
3130617808,1,1.0,,False,True,False,True,True,OpenAI_Codex,cross,line-anchored
3130631260,1,1.0,,True,False,False,False,True,Cursor,same,summary only
3130652368,1,,1.0,False,False,True,False,False,OpenAI_Codex,human,bare verdicts only
3130705487,1,1.0,,False,True,False,True,True,Cursor,cross,line-anchored
3130771251,2,,2.0,False,False,True,True,False,OpenAI_Codex,human,line-anchored
3130792767,2,1.0,1.0,True,False,True,False,True,Cursor,same+human,summary only
3130798860,3,1.0,2.0,False,True,True,True,True,OpenAI_Codex,cross+human,line-anchored
3130800330,3,1.0,2.0,True,False,True,True,False,Copilot,same+human,line-anchored
3130816923,1,,1.0,False,False,True,False,False,Cursor,human,bare verdicts only
3130847828,1,,1.0,False,False,True,False,False,OpenAI_Codex,human,bare verdicts only
3130859564,1,1.0,,False,True,False,True,True,OpenAI_Codex,cross,line-anchored
3130861411,3,1.0,2.0,True,False,True,True,False,Copilot,same+human,line-anchored
3130870265,1,,1.0,False,False,True,False,True,Copilot,human,summary only
3130877481,1,,1.0,False,False,True,False,False,OpenAI_Codex,human,bare verdicts only
3130913122,1,,1.0,False,False,True,False,False,Copilot,human,bare verdicts only
3130921190,3,1.0,2.0,True,False,True,True,True,Copilot,same+human,line-anchored
3130941497,3,1.0,2.0,False,True,True,True,True,OpenAI_Codex,cross+human,line-anchored
3130953351,1,,1.0,False,False,True,False,False,OpenAI_Codex,human,bare verdicts only
3131003811,1,1.0,,False,True,False,False,True,Cursor,cross,summary only
3131034017,2,1.0,1.0,False,True,True,True,True,OpenAI_Codex,cross+human,line-anchored
3131078126,2,1.0,1.0,True,False,True,True,False,Copilot,same+human,line-anchored
3131081177,1,,1.0,False,False,True,False,False,OpenAI_Codex,human,bare verdicts only
3131081344,4,1.0,3.0,True,False,True,True,False,Copilot,same+human,line-anchored
3131084965,3,1.0,2.0,True,False,True,True,False,Copilot,same+human,line-anchored
3131117949,2,,2.0,False,False,True,False,False,OpenAI_Codex,human,bare verdicts only
3131132181,1,,1.0,False,False,True,False,False,Copilot,human,bare verdicts only
3131133514,1,,1.0,False,False,True,False,False,OpenAI_Codex,human,bare verdicts only
3131148970,1,,1.0,False,False,True,True,False,Devin,human,line-anchored
3131174613,2,,2.0,False,False,True,True,False,Cursor,human,line-anchored
3131207266,1,1.0,,False,True,False,False,True,OpenAI_Codex,cross,summary only
3131215795,1,,1.0,False,False,True,False,True,OpenAI_Codex,human,summary only
3131225682,2,,2.0,False,False,True,True,False,OpenAI_Codex,human,line-anchored
3131240866,1,1.0,,False,True,False,False,True,OpenAI_Codex,cross,summary only
3131264983,1,1.0,,False,True,False,False,True,OpenAI_Codex,cross,summary only
3131288298,1,1.0,,False,True,False,False,True,OpenAI_Codex,cross,summary only
3131311382,1,1.0,,False,True,False,True,True,OpenAI_Codex,cross,line-anchored
3131328255,2,,2.0,False,False,True,False,False,Cursor,human,bare verdicts only
3131329760,1,1.0,,False,True,False,True,True,Cursor,cross,line-anchored
3131337166,1,1.0,,False,True,False,False,True,Devin,cross,summary only
3131363751,2,1.0,1.0,False,True,True,False,True,Claude_Code,cross+human,summary only
3131396412,2,,2.0,False,False,True,False,False,Copilot,human,bare verdicts only
3131428834,5,1.0,4.0,True,False,True,True,False,Copilot,same+human,line-anchored
3131446548,2,1.0,1.0,True,False,True,False,True,Copilot,same+human,summary only
3131457302,3,1.0,2.0,True,False,True,False,True,Copilot,same+human,summary only
3131464015,1,,1.0,False,False,True,False,True,Copilot,human,summary only
3131467140,2,,2.0,False,False,True,False,False,Copilot,human,bare verdicts only
3131468667,1,1.0,,True,False,False,False,True,Copilot,same,summary only
3131473560,1,,1.0,False,False,True,False,False,OpenAI_Codex,human,bare verdicts only
3131500263,1,,1.0,False,False,True,False,False,OpenAI_Codex,human,bare verdicts only
3131502458,1,,1.0,False,False,True,False,False,OpenAI_Codex,human,bare verdicts only
3131512627,2,1.0,1.0,True,False,True,True,False,Copilot,same+human,line-anchored
3131512724,1,1.0,,False,True,False,False,True,OpenAI_Codex,cross,summary only
3131521120,2,1.0,1.0,True,False,True,True,False,Copilot,same+human,line-anchored
3131552625,1,,1.0,False,False,True,False,False,OpenAI_Codex,human,bare verdicts only
3131569548,3,,3.0,False,False,True,False,False,Copilot,human,bare verdicts only
3131606520,1,,1.0,False,False,True,False,False,Devin,human,bare verdicts only
3131618459,2,1.0,1.0,False,True,True,False,True,OpenAI_Codex,cross+human,summary only
3131639025,2,2.0,,False,True,False,True,True,OpenAI_Codex,cross,line-anchored
3131643730,5,1.0,4.0,True,False,True,True,True,Copilot,same+human,line-anchored
3131654347,1,,1.0,False,False,True,False,False,OpenAI_Codex,human,bare verdicts only
3131654790,3,1.0,2.0,False,True,True,True,True,OpenAI_Codex,cross+human,line-anchored
3131656383,3,1.0,2.0,False,True,True,True,True,OpenAI_Codex,cross+human,line-anchored
3131658401,1,,1.0,False,False,True,False,False,OpenAI_Codex,human,bare verdicts only
3131664334,1,1.0,,False,True,False,False,True,OpenAI_Codex,cross,summary only
3131686689,1,1.0,,False,True,False,True,True,Cursor,cross,line-anchored
3131692743,2,2.0,,False,True,False,True,True,OpenAI_Codex,cross,line-anchored
3131700140,1,1.0,,False,True,False,False,True,OpenAI_Codex,cross,summary only
3131748601,4,1.0,3.0,True,False,True,True,True,Copilot,same+human,line-anchored
3131772678,2,1.0,1.0,False,True,True,True,False,Devin,cross+human,line-anchored
3131780712,2,1.0,1.0,True,False,True,True,False,Copilot,same+human,line-anchored
3131804562,1,1.0,,False,True,False,False,True,OpenAI_Codex,cross,summary only
3131807343,5,1.0,4.0,True,False,True,True,True,Copilot,same+human,line-anchored
3131807380,5,1.0,4.0,True,False,True,False,True,Copilot,same+human,summary only
3131807383,4,1.0,3.0,True,False,True,True,False,Copilot,same+human,line-anchored
3131807386,2,,2.0,False,False,True,True,True,Copilot,human,line-anchored
3131824435,2,1.0,1.0,True,False,True,True,True,Copilot,same+human,line-anchored
3131847694,3,1.0,2.0,False,True,True,True,True,OpenAI_Codex,cross+human,line-anchored
3131852028,1,1.0,,False,True,False,True,True,OpenAI_Codex,cross,line-anchored
3131854557,3,1.0,2.0,True,False,True,True,False,Copilot,same+human,line-anchored
3131885496,2,1.0,1.0,False,True,True,False,True,OpenAI_Codex,cross+human,summary only
3131921265,2,,2.0,False,False,True,False,True,Devin,human,summary only
3131937820,2,,2.0,False,False,True,False,True,Devin,human,summary only
3131978892,1,,1.0,False,False,True,False,True,Devin,human,summary only
3131994087,2,,2.0,False,False,True,False,True,Devin,human,summary only
3132024225,4,1.0,3.0,False,True,True,True,True,OpenAI_Codex,cross+human,line-anchored
3132028438,1,1.0,,False,True,False,True,True,OpenAI_Codex,cross,line-anchored
3132031341,1,,1.0,False,False,True,False,False,OpenAI_Codex,human,bare verdicts only
3132034121,1,,1.0,False,False,True,False,False,OpenAI_Codex,human,bare verdicts only
3132038535,1,,1.0,False,False,True,False,False,OpenAI_Codex,human,bare verdicts only
3132059943,1,1.0,,False,True,False,False,True,OpenAI_Codex,cross,summary only
3132060751,1,1.0,,False,True,False,True,True,OpenAI_Codex,cross,line-anchored
3132061081,1,,1.0,False,False,True,False,False,OpenAI_Codex,human,bare verdicts only
3132069046,1,,1.0,False,False,True,False,True,OpenAI_Codex,human,summary only
3132088642,1,1.0,,False,True,False,True,True,OpenAI_Codex,cross,line-anchored
3132093324,2,,2.0,False,False,True,True,False,Claude_Code,human,line-anchored
3132096391,1,1.0,,False,True,False,True,True,OpenAI_Codex,cross,line-anchored
3132160698,1,,1.0,False,False,True,True,False,Copilot,human,line-anchored
3132222532,1,,1.0,False,False,True,True,True,Cursor,human,line-anchored
3132228451,4,2.0,2.0,False,True,True,True,True,OpenAI_Codex,cross+human,line-anchored
3132237126,2,,2.0,False,False,True,True,True,Devin,human,line-anchored
3132362063,2,1.0,1.0,True,False,True,True,False,Copilot,same+human,line-anchored
3132383081,4,1.0,3.0,True,False,True,True,False,Copilot,same+human,line-anchored
3132423347,2,,2.0,False,False,True,False,True,Devin,human,summary only
3132429853,1,,1.0,False,False,True,False,True,Devin,human,summary only
3132499772,2,1.0,1.0,True,False,True,True,False,Copilot,same+human,line-anchored
3132528555,1,1.0,,False,True,False,True,True,OpenAI_Codex,cross,line-anchored
3132601272,2,2.0,,False,True,False,True,True,OpenAI_Codex,cross,line-anchored
3132622672,6,1.0,5.0,True,False,True,True,False,Copilot,same+human,line-anchored
3132625860,1,1.0,,False,True,False,True,True,OpenAI_Codex,cross,line-anchored
3132632142,2,,2.0,False,False,True,False,True,Devin,human,summary only
3132635040,1,1.0,,False,True,False,True,True,OpenAI_Codex,cross,line-anchored
3132647605,1,,1.0,False,False,True,False,False,Copilot,human,bare verdicts only
3132727237,2,1.0,1.0,True,False,True,True,False,Copilot,same+human,line-anchored
3132733770,2,1.0,1.0,True,False,True,False,True,Cursor,same+human,summary only
3132739442,2,,2.0,False,False,True,True,False,Claude_Code,human,line-anchored
3132740864,2,1.0,1.0,True,False,True,False,True,Cursor,same+human,summary only
3132750964,1,,1.0,False,False,True,False,False,Devin,human,bare verdicts only
3132759286,3,1.0,2.0,False,True,True,True,True,OpenAI_Codex,cross+human,line-anchored
3132779656,3,1.0,2.0,True,False,True,True,False,Copilot,same+human,line-anchored
3132801524,3,,3.0,False,False,True,False,True,OpenAI_Codex,human,summary only
3132841827,1,,1.0,False,False,True,True,False,OpenAI_Codex,human,line-anchored
3132944143,1,1.0,,False,True,False,False,True,OpenAI_Codex,cross,summary only
3132972451,3,2.0,1.0,False,True,True,True,True,OpenAI_Codex,cross+human,line-anchored
3132983801,2,,2.0,False,False,True,True,False,Claude_Code,human,line-anchored
3133002658,2,1.0,1.0,False,True,True,True,True,OpenAI_Codex,cross+human,line-anchored
3133069113,1,1.0,,False,True,False,True,True,OpenAI_Codex,cross,line-anchored
3133087205,1,,1.0,False,False,True,True,False,OpenAI_Codex,human,line-anchored
3133111584,2,1.0,1.0,False,True,True,True,True,OpenAI_Codex,cross+human,line-anchored
3133214926,2,1.0,1.0,True,False,True,True,False,Copilot,same+human,line-anchored
3133321578,2,,2.0,False,False,True,False,False,OpenAI_Codex,human,bare verdicts only
3133474971,4,1.0,3.0,True,False,True,True,True,Copilot,same+human,line-anchored
3133541905,1,1.0,,False,True,False,False,True,OpenAI_Codex,cross,summary only
3133544722,1,1.0,,False,True,False,False,True,Claude_Code,cross,summary only
3133609402,1,,1.0,False,False,True,False,False,Copilot,human,bare verdicts only
3133682512,1,1.0,,False,True,False,False,True,OpenAI_Codex,cross,summary only
3133705387,1,1.0,,False,True,False,True,True,OpenAI_Codex,cross,line-anchored
3133771594,2,1.0,1.0,True,False,True,True,False,Copilot,same+human,line-anchored
3133772838,1,1.0,,False,True,False,False,True,OpenAI_Codex,cross,summary only
3133810693,1,,1.0,False,False,True,False,False,Cursor,human,bare verdicts only
3133836979,2,,2.0,False,False,True,True,True,Cursor,human,line-anchored
3133937104,1,1.0,,True,False,False,True,True,Copilot,same,line-anchored
3133959095,5,1.0,4.0,True,False,True,True,True,Copilot,same+human,line-anchored
3133978465,1,1.0,,False,True,False,True,True,Cursor,cross,line-anchored
3133979452,1,1.0,,False,True,False,True,True,Cursor,cross,line-anchored
3133981875,1,,1.0,False,False,True,False,True,OpenAI_Codex,human,summary only
3134055883,2,1.0,1.0,True,False,True,True,False,Copilot,same+human,line-anchored
3134062748,4,1.0,3.0,True,False,True,False,True,Copilot,same+human,summary only
3134092582,2,1.0,1.0,True,False,True,True,True,Copilot,same+human,line-anchored
3134131617,1,,1.0,False,False,True,False,True,Cursor,human,summary only
3134204830,1,1.0,,False,True,False,True,True,OpenAI_Codex,cross,line-anchored
3134213890,1,1.0,,False,True,False,True,True,OpenAI_Codex,cross,line-anchored
3134266175,2,1.0,1.0,True,False,True,False,True,Copilot,same+human,summary only
3134279340,2,,2.0,False,False,True,True,False,Cursor,human,line-anchored
3134283496,2,2.0,,True,True,False,False,True,Cursor,same+cross,summary only
3134294972,1,,1.0,False,False,True,False,False,OpenAI_Codex,human,bare verdicts only
3134302678,3,1.0,2.0,True,False,True,True,False,Copilot,same+human,line-anchored
3134306675,3,,3.0,False,False,True,True,False,OpenAI_Codex,human,line-anchored
3134312388,1,1.0,,True,False,False,False,True,Copilot,same,summary only
3134342673,1,1.0,,True,False,False,True,True,Copilot,same,line-anchored
3134345357,2,,2.0,False,False,True,False,False,Copilot,human,bare verdicts only
3134346369,1,,1.0,False,False,True,True,False,Copilot,human,line-anchored
3134390007,4,,4.0,False,False,True,True,False,Copilot,human,line-anchored
3134392664,3,1.0,2.0,True,False,True,False,True,Copilot,same+human,summary only
3134408661,2,,2.0,False,False,True,False,False,Copilot,human,bare verdicts only
3134422820,3,1.0,2.0,False,True,True,True,True,OpenAI_Codex,cross+human,line-anchored
3134438774,3,1.0,2.0,True,False,True,True,False,Copilot,same+human,line-anchored
3134439291,1,1.0,,True,False,False,False,True,Cursor,same,summary only
3134460203,2,,2.0,False,False,True,False,False,Copilot,human,bare verdicts only
3134477659,1,1.0,,True,False,False,False,True,Cursor,same,summary only
3134478540,4,1.0,3.0,True,False,True,True,False,Copilot,same+human,line-anchored
3134491550,3,,3.0,False,False,True,False,False,Copilot,human,bare verdicts only
3134498870,3,1.0,2.0,False,True,True,True,True,OpenAI_Codex,cross+human,line-anchored
3134530187,1,,1.0,False,False,True,False,False,Copilot,human,bare verdicts only
3134532214,1,,1.0,False,False,True,False,True,Cursor,human,summary only
3134580076,3,1.0,2.0,True,False,True,True,False,Copilot,same+human,line-anchored
3134609895,2,1.0,1.0,True,False,True,True,True,Copilot,same+human,line-anchored
3134624005,2,1.0,1.0,True,False,True,True,False,Copilot,same+human,line-anchored
3134647129,1,1.0,,False,True,False,False,False,OpenAI_Codex,cross,bare verdicts only
3134664771,1,1.0,,False,True,False,False,False,OpenAI_Codex,cross,bare verdicts only
3134668584,2,1.0,1.0,True,False,True,False,True,Copilot,same+human,summary only
3134670650,1,,1.0,False,False,True,False,False,Cursor,human,bare verdicts only
3134681909,3,,3.0,False,False,True,True,False,Copilot,human,line-anchored
3134692524,4,1.0,3.0,True,False,True,True,True,Copilot,same+human,line-anchored
3134692878,2,1.0,1.0,True,False,True,True,True,Copilot,same+human,line-anchored
3134693594,3,,3.0,False,False,True,False,True,Copilot,human,summary only
3134730861,1,,1.0,False,False,True,True,True,OpenAI_Codex,human,line-anchored
3134734078,1,,1.0,False,False,True,False,False,OpenAI_Codex,human,bare verdicts only
3134738309,3,1.0,2.0,True,False,True,True,True,Copilot,same+human,line-anchored
3134749798,2,,2.0,False,False,True,False,False,OpenAI_Codex,human,bare verdicts only
3134783539,2,1.0,1.0,False,True,True,True,True,OpenAI_Codex,cross+human,line-anchored
3134796755,2,1.0,1.0,False,True,True,True,True,OpenAI_Codex,cross+human,line-anchored
3134811155,1,,1.0,False,False,True,False,False,Devin,human,bare verdicts only
3134836043,4,1.0,3.0,True,False,True,True,True,Copilot,same+human,line-anchored
3134862968,1,1.0,,False,True,False,True,False,Devin,cross,line-anchored
3134876029,1,,1.0,False,False,True,False,False,Cursor,human,bare verdicts only
3134877114,1,,1.0,False,False,True,False,False,OpenAI_Codex,human,bare verdicts only
3134880296,2,1.0,1.0,False,True,True,True,False,Devin,cross+human,line-anchored
3134885336,5,,5.0,False,False,True,True,True,OpenAI_Codex,human,line-anchored
3134886470,1,,1.0,False,False,True,True,False,OpenAI_Codex,human,line-anchored
3134886533,2,,2.0,False,False,True,False,False,OpenAI_Codex,human,bare verdicts only
3134889774,1,,1.0,False,False,True,False,False,OpenAI_Codex,human,bare verdicts only
3134892391,4,1.0,3.0,True,False,True,True,False,Copilot,same+human,line-anchored
3134901340,2,1.0,1.0,True,False,True,True,False,Copilot,same+human,line-anchored
3134901959,2,1.0,1.0,True,False,True,True,False,Copilot,same+human,line-anchored
3134905358,1,,1.0,False,False,True,False,False,OpenAI_Codex,human,bare verdicts only
3134908383,2,1.0,1.0,True,False,True,True,True,Copilot,same+human,line-anchored
3134916970,1,,1.0,False,False,True,True,False,OpenAI_Codex,human,line-anchored
3134922059,3,,3.0,False,False,True,False,True,Copilot,human,summary only
3134922239,1,1.0,,False,True,False,False,True,OpenAI_Codex,cross,summary only
3134923757,1,,1.0,False,False,True,False,True,Copilot,human,summary only
3134925346,3,1.0,2.0,True,False,True,False,True,Copilot,same+human,summary only
3134926821,4,1.0,3.0,True,False,True,True,False,Copilot,same+human,line-anchored
3134927763,3,1.0,2.0,True,False,True,True,True,Copilot,same+human,line-anchored
3134945953,2,2.0,,False,True,False,True,True,OpenAI_Codex,cross,line-anchored
3134961752,1,1.0,,True,False,False,True,True,Copilot,same,line-anchored
3134983232,4,1.0,3.0,True,False,True,True,False,Copilot,same+human,line-anchored
3134993065,1,1.0,,False,True,False,False,True,OpenAI_Codex,cross,summary only
3135026305,1,,1.0,False,False,True,True,False,OpenAI_Codex,human,line-anchored
3135029438,3,1.0,2.0,True,False,True,True,True,Copilot,same+human,line-anchored
3135062390,2,,2.0,False,False,True,False,False,OpenAI_Codex,human,bare verdicts only
3135062402,2,1.0,1.0,False,True,True,True,True,OpenAI_Codex,cross+human,line-anchored
3135068930,3,,3.0,False,False,True,True,False,Copilot,human,line-anchored
3135071104,1,,1.0,False,False,True,False,False,Copilot,human,bare verdicts only
3135078870,3,1.0,2.0,True,False,True,True,True,Copilot,same+human,line-anchored
3135095932,1,,1.0,False,False,True,False,False,OpenAI_Codex,human,bare verdicts only
3135109406,2,,2.0,False,False,True,False,False,Copilot,human,bare verdicts only
3135158075,1,,1.0,False,False,True,True,False,Devin,human,line-anchored
3135169379,3,,3.0,False,False,True,True,True,Cursor,human,line-anchored
3135170985,1,,1.0,False,False,True,False,False,OpenAI_Codex,human,bare verdicts only
3135173092,1,1.0,,False,True,False,False,True,OpenAI_Codex,cross,summary only
3135182168,1,,1.0,False,False,True,True,False,OpenAI_Codex,human,line-anchored
3135196244,1,1.0,,False,True,False,False,True,OpenAI_Codex,cross,summary only
3135221647,1,1.0,,False,True,False,False,True,Devin,cross,summary only
3135272704,2,2.0,,False,True,False,True,True,OpenAI_Codex,cross,line-anchored
3135303315,3,1.0,2.0,True,False,True,True,True,Copilot,same+human,line-anchored
3135307315,3,,3.0,False,False,True,False,False,Copilot,human,bare verdicts only
3135308349,1,1.0,,False,True,False,False,True,Cursor,cross,summary only
3135308744,2,,2.0,False,False,True,False,False,Copilot,human,bare verdicts only
3135310994,2,1.0,1.0,False,True,True,False,True,OpenAI_Codex,cross+human,summary only
3135316626,2,1.0,1.0,True,False,True,True,False,Copilot,same+human,line-anchored
3135329331,1,1.0,,False,True,False,False,True,OpenAI_Codex,cross,summary only
3135348301,1,,1.0,False,False,True,False,False,OpenAI_Codex,human,bare verdicts only
3135350518,1,,1.0,False,False,True,False,True,OpenAI_Codex,human,summary only
3135355668,2,,2.0,False,False,True,True,False,OpenAI_Codex,human,line-anchored
3135363020,3,1.0,2.0,True,False,True,True,True,Copilot,same+human,line-anchored
3135365977,2,1.0,1.0,False,True,True,False,True,OpenAI_Codex,cross+human,summary only
3135382438,1,1.0,,False,True,False,True,True,OpenAI_Codex,cross,line-anchored
3135395580,4,,4.0,False,False,True,True,True,OpenAI_Codex,human,line-anchored
3135410764,1,,1.0,False,False,True,False,True,Devin,human,summary only
3135413297,1,1.0,,True,False,False,True,True,Copilot,same,line-anchored
3135419509,2,1.0,1.0,False,True,True,False,True,OpenAI_Codex,cross+human,summary only
3135420284,1,1.0,,False,True,False,False,True,Cursor,cross,summary only
3135421000,1,,1.0,False,False,True,False,False,OpenAI_Codex,human,bare verdicts only
3135452361,1,,1.0,False,False,True,False,True,Copilot,human,summary only
3135470274,1,,1.0,False,False,True,False,False,OpenAI_Codex,human,bare verdicts only
3135509457,2,,2.0,False,False,True,True,False,OpenAI_Codex,human,line-anchored
3135509834,3,1.0,2.0,True,False,True,False,True,Copilot,same+human,summary only
3135522528,1,,1.0,False,False,True,False,False,Copilot,human,bare verdicts only
3135538721,2,,2.0,False,False,True,True,True,Cursor,human,line-anchored
3135573640,2,1.0,1.0,True,False,True,True,True,Copilot,same+human,line-anchored
3135600583,2,,2.0,False,False,True,True,True,Devin,human,line-anchored
3135618364,3,1.0,2.0,True,False,True,True,False,Copilot,same+human,line-anchored
3135639537,3,1.0,2.0,True,False,True,True,False,Copilot,same+human,line-anchored
3135847691,1,,1.0,False,False,True,False,True,OpenAI_Codex,human,summary only
3135896507,3,,3.0,False,False,True,False,False,Copilot,human,bare verdicts only
3135957211,2,,2.0,False,False,True,False,False,Copilot,human,bare verdicts only
3135984560,1,,1.0,False,False,True,False,False,Devin,human,bare verdicts only
3135999700,3,1.0,2.0,True,False,True,True,False,Copilot,same+human,line-anchored
3136010617,2,1.0,1.0,True,False,True,True,True,Copilot,same+human,line-anchored
3136052318,2,1.0,1.0,True,False,True,True,False,Copilot,same+human,line-anchored
3136053629,2,1.0,1.0,True,False,True,True,False,Copilot,same+human,line-anchored
3136055973,2,1.0,1.0,True,False,True,True,False,Copilot,same+human,line-anchored
3136057497,3,,3.0,False,False,True,True,False,OpenAI_Codex,human,line-anchored
3136071798,2,1.0,1.0,True,False,True,True,False,Copilot,same+human,line-anchored
3136072840,2,1.0,1.0,True,False,True,True,False,Copilot,same+human,line-anchored
3136072957,2,1.0,1.0,True,False,True,True,False,Copilot,same+human,line-anchored
3136125927,1,1.0,,False,True,False,False,True,OpenAI_Codex,cross,summary only
3136130118,2,,2.0,False,False,True,False,True,Devin,human,summary only
3136176153,1,,1.0,False,False,True,True,True,OpenAI_Codex,human,line-anchored
3136199896,2,1.0,1.0,True,False,True,True,False,Copilot,same+human,line-anchored
3136273177,1,,1.0,False,False,True,False,False,OpenAI_Codex,human,bare verdicts only
3136331266,1,,1.0,False,False,True,False,False,Devin,human,bare verdicts only
3136386902,1,,1.0,False,False,True,False,False,Copilot,human,bare verdicts only
3136429950,1,,1.0,False,False,True,False,False,Devin,human,bare verdicts only
3136450775,1,,1.0,False,False,True,False,False,Devin,human,bare verdicts only
3136463139,1,1.0,,False,True,False,False,True,OpenAI_Codex,cross,summary only
3136468494,1,1.0,,False,True,False,False,True,OpenAI_Codex,cross,summary only
3136584440,3,1.0,2.0,True,False,True,True,False,Copilot,same+human,line-anchored
3136585491,2,1.0,1.0,True,False,True,False,True,Copilot,same+human,summary only
3136588304,1,,1.0,False,False,True,True,False,Copilot,human,line-anchored
3136594828,3,1.0,2.0,True,False,True,True,True,Copilot,same+human,line-anchored
3136595893,4,2.0,2.0,False,True,True,True,True,Copilot,cross+human,line-anchored
3136628527,2,,2.0,False,False,True,True,False,Cursor,human,line-anchored
3136694740,1,,1.0,False,False,True,False,True,Devin,human,summary only
3136698219,1,,1.0,False,False,True,False,False,Copilot,human,bare verdicts only
3136716637,1,1.0,,False,True,False,True,False,Cursor,cross,line-anchored
3136803201,3,1.0,2.0,True,False,True,True,True,Copilot,same+human,line-anchored
3136804156,1,,1.0,False,False,True,False,False,Claude_Code,human,bare verdicts only
3136814415,2,2.0,,False,True,False,True,True,OpenAI_Codex,cross,line-anchored
3136925045,2,,2.0,False,False,True,True,False,Cursor,human,line-anchored
3136956439,3,1.0,2.0,True,False,True,True,False,Copilot,same+human,line-anchored
3136992715,2,,2.0,False,False,True,False,True,OpenAI_Codex,human,summary only
3136998384,1,,1.0,False,False,True,True,False,OpenAI_Codex,human,line-anchored
3137099861,1,,1.0,False,False,True,False,False,Cursor,human,bare verdicts only
3137117830,1,,1.0,False,False,True,False,False,Cursor,human,bare verdicts only
3137142219,1,,1.0,False,False,True,True,False,OpenAI_Codex,human,line-anchored
3137146172,1,,1.0,False,False,True,True,True,Copilot,human,line-anchored
3137146533,1,1.0,,False,True,False,True,True,OpenAI_Codex,cross,line-anchored
3137214864,1,1.0,,False,True,False,False,False,OpenAI_Codex,cross,bare verdicts only
3137294227,1,1.0,,False,True,False,True,False,Cursor,cross,line-anchored
3137336775,2,1.0,1.0,False,True,True,False,True,OpenAI_Codex,cross+human,summary only
3137357593,2,1.0,1.0,False,True,True,False,True,OpenAI_Codex,cross+human,summary only
3137359846,2,1.0,1.0,False,True,True,False,True,OpenAI_Codex,cross+human,summary only
3137373199,1,,1.0,False,False,True,False,False,OpenAI_Codex,human,bare verdicts only
3137374542,1,1.0,,False,True,False,False,True,Cursor,cross,summary only
3137419128,2,1.0,1.0,False,True,True,True,True,OpenAI_Codex,cross+human,line-anchored
3137442565,1,1.0,,False,True,False,False,True,OpenAI_Codex,cross,summary only
3137452003,3,1.0,2.0,False,True,True,True,True,OpenAI_Codex,cross+human,line-anchored
3137472031,1,,1.0,False,False,True,False,True,Copilot,human,summary only
3137481698,2,1.0,1.0,False,True,True,True,True,OpenAI_Codex,cross+human,line-anchored
3137499692,1,,1.0,False,False,True,False,False,Copilot,human,bare verdicts only
3137527678,1,1.0,,False,True,False,False,True,OpenAI_Codex,cross,summary only
3137532407,1,1.0,,False,True,False,True,True,OpenAI_Codex,cross,line-anchored
3137534953,1,1.0,,False,True,False,True,True,OpenAI_Codex,cross,line-anchored
3137552583,1,1.0,,False,True,False,True,True,OpenAI_Codex,cross,line-anchored
3137583236,2,,2.0,False,False,True,False,False,OpenAI_Codex,human,bare verdicts only
3137586424,1,,1.0,False,False,True,False,False,Cursor,human,bare verdicts only
3137636027,1,1.0,,False,True,False,True,True,OpenAI_Codex,cross,line-anchored
3137658330,2,1.0,1.0,True,False,True,True,False,Copilot,same+human,line-anchored
3137660182,1,,1.0,False,False,True,False,False,OpenAI_Codex,human,bare verdicts only
3137677174,1,,1.0,False,False,True,False,False,Cursor,human,bare verdicts only
3137692025,1,1.0,,False,True,False,False,True,OpenAI_Codex,cross,summary only
3137713389,2,,2.0,False,False,True,False,False,Copilot,human,bare verdicts only
3137744193,4,1.0,3.0,True,False,True,True,False,Copilot,same+human,line-anchored
3137753437,2,1.0,1.0,False,True,True,True,True,OpenAI_Codex,cross+human,line-anchored
3137763172,3,1.0,2.0,True,False,True,True,True,Copilot,same+human,line-anchored
3137770721,1,1.0,,False,True,False,False,True,OpenAI_Codex,cross,summary only
3137770850,1,1.0,,False,True,False,False,True,OpenAI_Codex,cross,summary only
3137778879,2,1.0,1.0,False,True,True,True,True,OpenAI_Codex,cross+human,line-anchored
3137781396,2,1.0,1.0,True,False,True,True,False,Copilot,same+human,line-anchored
3137788023,1,,1.0,False,False,True,True,True,OpenAI_Codex,human,line-anchored
3137800359,1,1.0,,False,True,False,False,True,OpenAI_Codex,cross,summary only
3137830799,1,,1.0,False,False,True,False,False,Cursor,human,bare verdicts only
3137841799,1,,1.0,False,False,True,False,False,Cursor,human,bare verdicts only
3137892942,4,1.0,3.0,True,False,True,True,True,Copilot,same+human,line-anchored
3137902575,3,1.0,2.0,True,False,True,True,True,Copilot,same+human,line-anchored
3137938340,1,1.0,,False,True,False,False,True,OpenAI_Codex,cross,summary only
3137939482,1,,1.0,False,False,True,False,True,OpenAI_Codex,human,summary only
3137968385,1,1.0,,False,True,False,False,True,OpenAI_Codex,cross,summary only
3138010469,4,,4.0,False,False,True,True,True,OpenAI_Codex,human,line-anchored
3138021777,1,1.0,,False,True,False,False,True,Cursor,cross,summary only
3138025836,1,,1.0,False,False,True,False,False,OpenAI_Codex,human,bare verdicts only
3138027382,2,,2.0,False,False,True,False,True,Claude_Code,human,summary only
3138045580,2,1.0,1.0,True,False,True,True,False,Copilot,same+human,line-anchored
3138050155,3,,3.0,False,False,True,False,True,Copilot,human,summary only
3138073133,3,1.0,2.0,True,False,True,True,True,Copilot,same+human,line-anchored
3138102792,3,1.0,2.0,True,False,True,True,True,Copilot,same+human,line-anchored
3138117853,2,1.0,1.0,False,True,True,True,True,Claude_Code,cross+human,line-anchored
3138144983,2,1.0,1.0,False,True,True,True,True,OpenAI_Codex,cross+human,line-anchored
3138200881,1,1.0,,False,True,False,True,True,OpenAI_Codex,cross,line-anchored
3138202046,1,1.0,,False,True,False,False,True,OpenAI_Codex,cross,summary only
3138204576,1,1.0,,False,True,False,False,True,OpenAI_Codex,cross,summary only
3138209162,1,1.0,,False,True,False,False,True,OpenAI_Codex,cross,summary only
3138219742,1,1.0,,False,True,False,True,False,OpenAI_Codex,cross,line-anchored
3138221452,3,1.0,2.0,True,False,True,True,True,Copilot,same+human,line-anchored
3138222448,1,1.0,,False,True,False,True,True,Claude_Code,cross,line-anchored
3138223553,3,,3.0,False,False,True,False,False,Copilot,human,bare verdicts only
3138249858,1,,1.0,False,False,True,False,False,OpenAI_Codex,human,bare verdicts only
3138253186,2,,2.0,False,False,True,False,True,OpenAI_Codex,human,summary only
3138254718,1,1.0,,False,True,False,False,True,OpenAI_Codex,cross,summary only
3138256165,4,2.0,2.0,True,True,True,True,True,Copilot,same+cross+human,line-anchored
3138264959,1,1.0,,False,True,False,True,True,Claude_Code,cross,line-anchored
3138279170,2,1.0,1.0,True,False,True,True,False,Copilot,same+human,line-anchored
3138281610,1,1.0,,False,True,False,True,True,OpenAI_Codex,cross,line-anchored
3138286936,1,1.0,,False,True,False,True,True,OpenAI_Codex,cross,line-anchored
3138295848,2,1.0,1.0,True,False,True,True,False,Copilot,same+human,line-anchored
3138324128,1,1.0,,False,True,False,False,True,Cursor,cross,summary only
3138324206,1,1.0,,False,True,False,True,True,Cursor,cross,line-anchored
3138341820,2,1.0,1.0,False,True,True,True,True,OpenAI_Codex,cross+human,line-anchored
3138358043,1,,1.0,False,False,True,True,False,Devin,human,line-anchored
3138364477,2,,2.0,False,False,True,False,False,Copilot,human,bare verdicts only
3138372490,1,,1.0,False,False,True,False,True,Cursor,human,summary only
3138383098,1,1.0,,False,True,False,True,True,OpenAI_Codex,cross,line-anchored
3138387778,1,1.0,,False,True,False,True,True,Claude_Code,cross,line-anchored
3138414058,5,1.0,4.0,True,False,True,True,False,Copilot,same+human,line-anchored
3138439127,3,1.0,2.0,True,False,True,True,False,Copilot,same+human,line-anchored
3138517311,1,,1.0,False,False,True,False,True,Devin,human,summary only
3138524436,1,1.0,,False,True,False,True,True,OpenAI_Codex,cross,line-anchored
3138534395,3,,3.0,False,False,True,True,False,Cursor,human,line-anchored
3138540332,3,1.0,2.0,False,True,True,True,True,OpenAI_Codex,cross+human,line-anchored
3138549340,2,1.0,1.0,True,False,True,True,False,Copilot,same+human,line-anchored
3138550449,2,1.0,1.0,True,False,True,True,False,Copilot,same+human,line-anchored
3138552824,2,1.0,1.0,True,False,True,True,False,Copilot,same+human,line-anchored
3138688916,1,1.0,,False,True,False,False,True,OpenAI_Codex,cross,summary only
3138797987,1,,1.0,False,False,True,False,True,Cursor,human,summary only
3138823628,1,1.0,,False,True,False,False,True,OpenAI_Codex,cross,summary only
3138855376,3,,3.0,False,False,True,True,True,OpenAI_Codex,human,line-anchored
3138863707,1,,1.0,False,False,True,False,False,Devin,human,bare verdicts only
3138925122,1,1.0,,False,True,False,True,True,OpenAI_Codex,cross,line-anchored
3138944387,3,,3.0,False,False,True,False,True,Copilot,human,summary only
3138995292,2,1.0,1.0,True,False,True,True,False,Copilot,same+human,line-anchored
3139007532,2,2.0,,False,True,False,False,True,OpenAI_Codex,cross,summary only
3139028935,2,,2.0,False,False,True,False,False,Devin,human,bare verdicts only
3139032599,2,1.0,1.0,False,True,True,True,True,OpenAI_Codex,cross+human,line-anchored
3139037244,1,,1.0,False,False,True,False,False,OpenAI_Codex,human,bare verdicts only
3139049191,1,1.0,,False,True,False,True,True,OpenAI_Codex,cross,line-anchored
3139142121,1,1.0,,False,True,False,True,True,OpenAI_Codex,cross,line-anchored
3139241740,3,1.0,2.0,True,False,True,True,False,Copilot,same+human,line-anchored
3139244261,1,1.0,,False,True,False,True,True,OpenAI_Codex,cross,line-anchored
3139271869,2,1.0,1.0,True,False,True,True,True,Copilot,same+human,line-anchored
3139315341,5,2.0,3.0,False,True,True,True,True,Claude_Code,cross+human,line-anchored
3139316930,4,1.0,3.0,False,True,True,True,True,OpenAI_Codex,cross+human,line-anchored
3139359977,3,1.0,2.0,True,False,True,True,False,Copilot,same+human,line-anchored
3139488635,1,,1.0,False,False,True,False,False,Copilot,human,bare verdicts only
3139504281,3,,3.0,False,False,True,False,False,Copilot,human,bare verdicts only
3139579722,4,1.0,3.0,True,False,True,True,True,Copilot,same+human,line-anchored
3139619015,1,,1.0,False,False,True,False,False,Devin,human,bare verdicts only
3139720497,3,1.0,2.0,True,False,True,False,True,Copilot,same+human,summary only
3139731537,1,,1.0,False,False,True,True,True,OpenAI_Codex,human,line-anchored
3139788994,3,,3.0,False,False,True,False,False,Copilot,human,bare verdicts only
3139945869,2,1.0,1.0,True,False,True,False,True,Copilot,same+human,summary only
3139974947,1,,1.0,False,False,True,True,True,Cursor,human,line-anchored
3139980757,3,1.0,2.0,True,False,True,True,False,Copilot,same+human,line-anchored
3140019527,4,1.0,3.0,True,False,True,True,False,Copilot,same+human,line-anchored
3140025275,3,,3.0,False,False,True,False,False,Copilot,human,bare verdicts only
3140073726,2,,2.0,False,False,True,False,False,Claude_Code,human,bare verdicts only
3140117936,2,1.0,1.0,True,False,True,False,True,Cursor,same+human,summary only
3140225775,2,,2.0,False,False,True,True,False,OpenAI_Codex,human,line-anchored
3140230033,1,1.0,,True,False,False,False,True,Copilot,same,summary only
3140239245,1,,1.0,False,False,True,True,True,Devin,human,line-anchored
3140243326,1,,1.0,False,False,True,True,False,Devin,human,line-anchored
3140275028,1,1.0,,True,False,False,False,True,Copilot,same,summary only
3140287326,1,1.0,,False,True,False,False,True,OpenAI_Codex,cross,summary only
3140304910,1,,1.0,False,False,True,True,False,Devin,human,line-anchored
3140333312,3,1.0,2.0,True,False,True,True,False,Copilot,same+human,line-anchored
3140368155,1,,1.0,False,False,True,True,True,Cursor,human,line-anchored
3140378742,2,2.0,,False,True,False,False,True,OpenAI_Codex,cross,summary only
3140387966,4,,4.0,False,False,True,False,False,Copilot,human,bare verdicts only
3140403950,2,,2.0,False,False,True,False,False,Copilot,human,bare verdicts only
3140405649,3,,3.0,False,False,True,False,False,Copilot,human,bare verdicts only
3140407668,3,,3.0,False,False,True,True,True,Copilot,human,line-anchored
3140483943,3,1.0,2.0,True,False,True,True,True,Copilot,same+human,line-anchored
3140527739,3,,3.0,False,False,True,True,False,Copilot,human,line-anchored
3140569086,1,,1.0,False,False,True,False,False,OpenAI_Codex,human,bare verdicts only
3140613045,2,1.0,1.0,True,False,True,True,False,Copilot,same+human,line-anchored
3140666398,3,1.0,2.0,True,False,True,True,True,Copilot,same+human,line-anchored
3140721214,1,,1.0,False,False,True,False,False,OpenAI_Codex,human,bare verdicts only
3140733815,1,,1.0,False,False,True,True,False,Copilot,human,line-anchored
3140750375,1,,1.0,False,False,True,False,False,Cursor,human,bare verdicts only
3140758164,1,,1.0,False,False,True,True,False,Cursor,human,line-anchored
3140784075,2,1.0,1.0,True,False,True,True,False,Copilot,same+human,line-anchored
3140788127,2,1.0,1.0,True,False,True,True,False,Copilot,same+human,line-anchored
3140887643,1,,1.0,False,False,True,False,True,OpenAI_Codex,human,summary only
3140903716,2,1.0,1.0,False,True,True,False,True,Cursor,cross+human,summary only
3140922437,1,1.0,,False,True,False,True,False,OpenAI_Codex,cross,line-anchored
3140927195,1,1.0,,False,True,False,True,False,Devin,cross,line-anchored
3140941069,3,1.0,2.0,True,False,True,True,True,Copilot,same+human,line-anchored
3141019816,2,1.0,1.0,False,True,True,True,True,OpenAI_Codex,cross+human,line-anchored
3141031384,1,,1.0,False,False,True,False,False,OpenAI_Codex,human,bare verdicts only
3141103797,1,,1.0,False,False,True,False,False,OpenAI_Codex,human,bare verdicts only
3141112607,1,1.0,,False,True,False,True,True,OpenAI_Codex,cross,line-anchored
3141157619,1,,1.0,False,False,True,False,True,Copilot,human,summary only
3141161571,3,1.0,2.0,True,False,True,True,False,Copilot,same+human,line-anchored
3141163223,1,,1.0,False,False,True,False,True,Copilot,human,summary only
3141164003,1,,1.0,False,False,True,False,False,OpenAI_Codex,human,bare verdicts only
3141190976,2,,2.0,False,False,True,False,True,OpenAI_Codex,human,summary only
3141230489,3,,3.0,False,False,True,True,True,Copilot,human,line-anchored
3141232568,1,,1.0,False,False,True,False,True,OpenAI_Codex,human,summary only
3141242808,3,1.0,2.0,True,False,True,False,True,Copilot,same+human,summary only
3141275933,2,2.0,,False,True,False,True,False,OpenAI_Codex,cross,line-anchored
3141285079,3,,3.0,False,False,True,False,True,Copilot,human,summary only
3141381557,2,1.0,1.0,True,False,True,True,True,Copilot,same+human,line-anchored
3141427219,1,1.0,,False,True,False,True,True,OpenAI_Codex,cross,line-anchored
3141429516,1,1.0,,False,True,False,True,True,OpenAI_Codex,cross,line-anchored
3141431877,1,1.0,,False,True,False,True,True,OpenAI_Codex,cross,line-anchored
3141451728,1,,1.0,False,False,True,False,True,OpenAI_Codex,human,summary only
3141458756,1,1.0,,False,True,False,True,True,OpenAI_Codex,cross,line-anchored
3141472779,3,1.0,2.0,True,False,True,True,False,Copilot,same+human,line-anchored
3141477809,1,,1.0,False,False,True,False,False,Copilot,human,bare verdicts only
3141515538,1,1.0,,False,True,False,False,True,OpenAI_Codex,cross,summary only
3141571114,2,1.0,1.0,True,False,True,True,False,Copilot,same+human,line-anchored
3141587291,1,1.0,,False,True,False,True,True,OpenAI_Codex,cross,line-anchored
3141621960,1,,1.0,False,False,True,False,True,OpenAI_Codex,human,summary only
3141624826,3,1.0,2.0,False,True,True,False,True,OpenAI_Codex,cross+human,summary only
3141665913,2,1.0,1.0,True,False,True,True,False,Copilot,same+human,line-anchored
3141717597,2,1.0,1.0,False,True,True,False,True,OpenAI_Codex,cross+human,summary only
3141785922,1,1.0,,False,True,False,True,False,Devin,cross,line-anchored
3141802223,4,,4.0,False,False,True,True,False,Copilot,human,line-anchored
3141830770,4,2.0,2.0,False,True,True,True,True,OpenAI_Codex,cross+human,line-anchored
3141833740,2,1.0,1.0,True,False,True,True,False,Copilot,same+human,line-anchored
3141839638,2,1.0,1.0,True,False,True,True,True,Copilot,same+human,line-anchored
3141845280,2,,2.0,False,False,True,True,True,Devin,human,line-anchored
3141858830,1,1.0,,False,True,False,False,True,OpenAI_Codex,cross,summary only
3141889094,3,1.0,2.0,True,False,True,True,False,Copilot,same+human,line-anchored
3141911282,4,,4.0,False,False,True,False,False,Copilot,human,bare verdicts only
3141911468,3,,3.0,False,False,True,False,False,Copilot,human,bare verdicts only
3141912459,1,,1.0,False,False,True,False,False,OpenAI_Codex,human,bare verdicts only
3141925686,4,1.0,3.0,False,True,True,True,True,OpenAI_Codex,cross+human,line-anchored
3141939927,1,1.0,,False,True,False,False,True,OpenAI_Codex,cross,summary only
3141939979,2,1.0,1.0,True,False,True,True,True,Copilot,same+human,line-anchored
3141942329,3,1.0,2.0,True,False,True,True,True,Copilot,same+human,line-anchored
3142170045,1,1.0,,False,True,False,True,True,OpenAI_Codex,cross,line-anchored
3142181649,1,1.0,,False,True,False,False,True,Claude_Code,cross,summary only
3142196122,3,1.0,2.0,True,False,True,False,True,Copilot,same+human,summary only
3142202183,1,1.0,,False,True,False,False,True,OpenAI_Codex,cross,summary only
3142207549,1,,1.0,False,False,True,True,False,OpenAI_Codex,human,line-anchored
3142362504,1,1.0,,False,True,False,False,True,OpenAI_Codex,cross,summary only
3142365086,1,,1.0,False,False,True,True,False,Devin,human,line-anchored
3142432641,2,1.0,1.0,False,True,True,False,True,OpenAI_Codex,cross+human,summary only
3142439126,2,1.0,1.0,False,True,True,True,True,OpenAI_Codex,cross+human,line-anchored
3142449171,2,1.0,1.0,True,False,True,False,True,Cursor,same+human,summary only
3142458595,1,1.0,,False,True,False,False,True,OpenAI_Codex,cross,summary only
3142474895,3,2.0,1.0,False,True,True,False,True,OpenAI_Codex,cross+human,summary only
3142513903,1,1.0,,True,False,False,True,True,Copilot,same,line-anchored
3142539176,2,1.0,1.0,True,False,True,True,True,Copilot,same+human,line-anchored
3142541504,2,1.0,1.0,True,False,True,False,True,Copilot,same+human,summary only
3142623985,1,,1.0,False,False,True,True,False,OpenAI_Codex,human,line-anchored
3142660282,1,,1.0,False,False,True,False,False,OpenAI_Codex,human,bare verdicts only
3142737206,3,1.0,2.0,False,True,True,True,True,OpenAI_Codex,cross+human,line-anchored
3142738839,2,1.0,1.0,True,False,True,True,False,Copilot,same+human,line-anchored
3142755660,1,1.0,,True,False,False,False,True,Copilot,same,summary only
3142793429,3,2.0,1.0,False,True,True,True,True,OpenAI_Codex,cross+human,line-anchored
3142818024,1,,1.0,False,False,True,True,False,Devin,human,line-anchored
3142842662,2,1.0,1.0,True,False,True,True,True,Copilot,same+human,line-anchored
3142854017,1,,1.0,False,False,True,False,True,Copilot,human,summary only
3142876413,4,1.0,3.0,True,False,True,True,False,Copilot,same+human,line-anchored
3142906741,2,1.0,1.0,True,False,True,True,False,Copilot,same+human,line-anchored
3142914272,3,1.0,2.0,True,False,True,True,False,Copilot,same+human,line-anchored
3142965328,4,1.0,3.0,True,False,True,True,True,Copilot,same+human,line-anchored
3142979532,1,,1.0,False,False,True,False,False,OpenAI_Codex,human,bare verdicts only
3142999940,1,,1.0,False,False,True,False,True,OpenAI_Codex,human,summary only
3143005330,1,1.0,,False,True,False,True,True,OpenAI_Codex,cross,line-anchored
3143077608,1,,1.0,False,False,True,False,False,OpenAI_Codex,human,bare verdicts only
3143079381,1,1.0,,False,True,False,False,True,OpenAI_Codex,cross,summary only
3143090178,2,1.0,1.0,False,True,True,True,True,OpenAI_Codex,cross+human,line-anchored
3143212422,1,,1.0,False,False,True,False,False,Devin,human,bare verdicts only
3143219464,1,1.0,,False,True,False,True,True,OpenAI_Codex,cross,line-anchored
3143225191,4,1.0,3.0,True,False,True,True,False,Copilot,same+human,line-anchored
3143271139,1,1.0,,False,True,False,True,True,OpenAI_Codex,cross,line-anchored
3143294783,3,1.0,2.0,True,False,True,False,True,Copilot,same+human,summary only
3143303411,2,1.0,1.0,True,False,True,False,True,Copilot,same+human,summary only
3143361345,1,1.0,,False,True,False,False,True,OpenAI_Codex,cross,summary only
3143406408,1,1.0,,True,False,False,False,True,Cursor,same,summary only
3143424792,1,,1.0,False,False,True,True,False,Cursor,human,line-anchored
3143449861,1,,1.0,False,False,True,False,True,Copilot,human,summary only
3143462161,2,1.0,1.0,True,False,True,True,True,Copilot,same+human,line-anchored
3143484979,3,1.0,2.0,False,True,True,False,True,OpenAI_Codex,cross+human,summary only
3143508366,2,1.0,1.0,True,False,True,True,True,Copilot,same+human,line-anchored
3143682198,2,1.0,1.0,True,False,True,True,True,Copilot,same+human,line-anchored
3143689167,2,1.0,1.0,True,False,True,True,False,Copilot,same+human,line-anchored
3143711242,1,,1.0,False,False,True,False,False,OpenAI_Codex,human,bare verdicts only
3143751632,2,1.0,1.0,False,True,True,False,True,OpenAI_Codex,cross+human,summary only
3143758141,5,2.0,3.0,False,True,True,True,True,OpenAI_Codex,cross+human,line-anchored
3143805151,3,1.0,2.0,True,False,True,True,False,Copilot,same+human,line-anchored
3143815584,1,1.0,,False,True,False,True,True,OpenAI_Codex,cross,line-anchored
3143827404,1,1.0,,False,True,False,True,True,OpenAI_Codex,cross,line-anchored
3143833816,5,1.0,4.0,True,False,True,True,False,Copilot,same+human,line-anchored
3143883658,1,1.0,,False,True,False,True,False,Devin,cross,line-anchored
3143891800,2,1.0,1.0,True,False,True,True,False,Copilot,same+human,line-anchored
3143923654,2,1.0,1.0,False,True,True,True,True,OpenAI_Codex,cross+human,line-anchored
3143925201,4,1.0,3.0,True,False,True,True,True,Copilot,same+human,line-anchored
3143957758,3,,3.0,False,False,True,False,False,Devin,human,bare verdicts only
3143963304,2,1.0,1.0,True,False,True,True,False,Copilot,same+human,line-anchored
3143968533,1,,1.0,False,False,True,False,True,Cursor,human,summary only
3143986029,2,1.0,1.0,True,False,True,True,False,Copilot,same+human,line-anchored
3143988669,3,1.0,2.0,True,False,True,True,False,Copilot,same+human,line-anchored
3144002766,2,1.0,1.0,False,True,True,True,True,OpenAI_Codex,cross+human,line-anchored
3144022603,1,,1.0,False,False,True,False,False,OpenAI_Codex,human,bare verdicts only
3144026446,3,1.0,2.0,True,False,True,True,False,Copilot,same+human,line-anchored
3144047608,2,1.0,1.0,False,True,True,False,True,OpenAI_Codex,cross+human,summary only
3144056030,3,1.0,2.0,False,True,True,False,True,OpenAI_Codex,cross+human,summary only
3144061148,3,1.0,2.0,False,True,True,False,True,OpenAI_Codex,cross+human,summary only
3144072008,2,1.0,1.0,True,False,True,True,False,Copilot,same+human,line-anchored
3144104599,2,2.0,,True,True,False,True,True,Cursor,same+cross,line-anchored
3144116210,3,,3.0,False,False,True,False,False,Copilot,human,bare verdicts only
3144119383,5,1.0,4.0,True,False,True,True,True,Copilot,same+human,line-anchored
3144121380,4,1.0,3.0,True,False,True,True,False,Copilot,same+human,line-anchored
3144124705,2,2.0,,True,True,False,True,True,Cursor,same+cross,line-anchored
3144152450,1,,1.0,False,False,True,False,False,OpenAI_Codex,human,bare verdicts only
3144225231,2,1.0,1.0,False,True,True,True,True,OpenAI_Codex,cross+human,line-anchored
3144234374,1,1.0,,True,False,False,False,True,Cursor,same,summary only
3144312641,1,,1.0,False,False,True,False,True,Copilot,human,summary only
3144312871,3,,3.0,False,False,True,False,False,Copilot,human,bare verdicts only
3144351823,3,1.0,2.0,True,False,True,True,True,Copilot,same+human,line-anchored
3144364687,3,1.0,2.0,True,False,True,True,False,Copilot,same+human,line-anchored
3144369936,4,1.0,3.0,True,False,True,True,False,Copilot,same+human,line-anchored
3144376744,1,,1.0,False,False,True,False,False,Copilot,human,bare verdicts only
3144410021,1,,1.0,False,False,True,True,False,Devin,human,line-anchored
3144412769,2,1.0,1.0,True,False,True,True,False,Copilot,same+human,line-anchored
3144417356,1,,1.0,False,False,True,True,False,Cursor,human,line-anchored
3144419667,2,1.0,1.0,False,True,True,True,True,Cursor,cross+human,line-anchored
3144426063,3,,3.0,False,False,True,False,False,Copilot,human,bare verdicts only
3144470664,2,1.0,1.0,True,False,True,False,True,Cursor,same+human,summary only
3144503030,1,1.0,,False,True,False,False,True,Cursor,cross,summary only
3144592513,2,,2.0,False,False,True,False,False,OpenAI_Codex,human,bare verdicts only
3144610758,1,,1.0,False,False,True,True,False,Devin,human,line-anchored
3144633626,2,,2.0,False,False,True,False,False,Copilot,human,bare verdicts only
3144633929,2,,2.0,False,False,True,False,False,Copilot,human,bare verdicts only
3144647331,3,1.0,2.0,True,False,True,False,True,Copilot,same+human,summary only
3144671213,2,1.0,1.0,True,False,True,True,True,Copilot,same+human,line-anchored
3144686827,1,,1.0,False,False,True,False,True,OpenAI_Codex,human,summary only
3144703793,1,1.0,,False,True,False,True,False,Devin,cross,line-anchored
3144706607,1,,1.0,False,False,True,False,False,Devin,human,bare verdicts only
3144745439,1,,1.0,False,False,True,False,True,Cursor,human,summary only
3144798631,1,1.0,,False,True,False,True,False,Devin,cross,line-anchored
3144994382,1,,1.0,False,False,True,False,False,OpenAI_Codex,human,bare verdicts only
3145075016,4,1.0,3.0,True,False,True,False,True,Copilot,same+human,summary only
3145100608,1,,1.0,False,False,True,False,False,OpenAI_Codex,human,bare verdicts only
3145100825,1,,1.0,False,False,True,True,False,OpenAI_Codex,human,line-anchored
3145238894,1,1.0,,False,True,False,False,True,Claude_Code,cross,summary only
3145249026,1,1.0,,False,True,False,True,True,Claude_Code,cross,line-anchored
3145315935,4,1.0,3.0,False,True,True,True,True,OpenAI_Codex,cross+human,line-anchored
3145358103,4,1.0,3.0,True,False,True,True,False,Copilot,same+human,line-anchored
3145372553,4,1.0,3.0,True,False,True,True,True,Copilot,same+human,line-anchored
3145373517,3,1.0,2.0,True,False,True,True,True,Copilot,same+human,line-anchored
3145373538,1,1.0,,False,True,False,True,False,Devin,cross,line-anchored
3145399987,1,,1.0,False,False,True,False,False,OpenAI_Codex,human,bare verdicts only
3145422684,1,1.0,,False,True,False,False,True,OpenAI_Codex,cross,summary only
3145458393,1,,1.0,False,False,True,False,False,OpenAI_Codex,human,bare verdicts only
3145476845,1,1.0,,False,True,False,False,True,OpenAI_Codex,cross,summary only
3145510800,1,1.0,,False,True,False,False,True,OpenAI_Codex,cross,summary only
3145585823,2,2.0,,False,True,False,True,True,OpenAI_Codex,cross,line-anchored
3145625420,2,1.0,1.0,True,False,True,True,False,Copilot,same+human,line-anchored
3145676814,2,1.0,1.0,True,False,True,True,False,Copilot,same+human,line-anchored
3145680961,2,1.0,1.0,True,False,True,True,False,Copilot,same+human,line-anchored
3145684400,1,,1.0,False,False,True,False,False,Copilot,human,bare verdicts only
3145777953,1,,1.0,False,False,True,False,True,Copilot,human,summary only
3145923591,1,,1.0,False,False,True,False,True,Claude_Code,human,summary only
3145927714,2,2.0,,False,True,False,True,True,OpenAI_Codex,cross,line-anchored
3146011331,1,1.0,,False,True,False,True,True,OpenAI_Codex,cross,line-anchored
3146145641,1,,1.0,False,False,True,False,True,Devin,human,summary only
3146155755,1,1.0,,False,True,False,True,True,OpenAI_Codex,cross,line-anchored
3146174697,1,,1.0,False,False,True,False,True,OpenAI_Codex,human,summary only
3146221157,1,,1.0,False,False,True,False,False,OpenAI_Codex,human,bare verdicts only
3146240805,1,1.0,,False,True,False,True,True,OpenAI_Codex,cross,line-anchored
3146266154,1,,1.0,False,False,True,False,False,OpenAI_Codex,human,bare verdicts only
3146305288,3,1.0,2.0,True,False,True,True,False,Copilot,same+human,line-anchored
3146310178,1,1.0,,True,False,False,False,True,Copilot,same,summary only
3146310469,3,1.0,2.0,True,False,True,True,True,Copilot,same+human,line-anchored
3146314454,2,1.0,1.0,True,False,True,True,False,Copilot,same+human,line-anchored
3146326809,3,1.0,2.0,True,False,True,True,False,Copilot,same+human,line-anchored
3146329354,2,1.0,1.0,True,False,True,True,False,Copilot,same+human,line-anchored
3146332801,2,1.0,1.0,True,False,True,True,False,Copilot,same+human,line-anchored
3146392650,2,1.0,1.0,True,False,True,True,False,Copilot,same+human,line-anchored
3146466795,2,2.0,,False,True,False,False,True,OpenAI_Codex,cross,summary only
3146561196,1,,1.0,False,False,True,False,True,Claude_Code,human,summary only
3146758450,1,1.0,,False,True,False,True,True,OpenAI_Codex,cross,line-anchored
3146813799,1,1.0,,False,True,False,False,True,OpenAI_Codex,cross,summary only
3146866702,1,1.0,,False,True,False,True,True,OpenAI_Codex,cross,line-anchored
3146900482,2,,2.0,False,False,True,True,True,Copilot,human,line-anchored
3146900806,1,,1.0,False,False,True,False,True,OpenAI_Codex,human,summary only
3146906214,1,,1.0,False,False,True,True,False,Copilot,human,line-anchored
3146933358,2,,2.0,False,False,True,False,False,Copilot,human,bare verdicts only
3146955761,2,1.0,1.0,True,False,True,True,False,Copilot,same+human,line-anchored
3146957267,3,,3.0,False,False,True,False,False,Copilot,human,bare verdicts only
3146958127,3,,3.0,False,False,True,False,False,Copilot,human,bare verdicts only
3147033060,4,3.0,1.0,False,True,True,True,True,OpenAI_Codex,cross+human,line-anchored
3147060124,1,1.0,,False,True,False,False,True,OpenAI_Codex,cross,summary only
3147075784,4,3.0,1.0,False,True,True,True,True,OpenAI_Codex,cross+human,line-anchored
3147147049,1,,1.0,False,False,True,True,False,Copilot,human,line-anchored
3147153408,3,1.0,2.0,False,True,True,True,True,Devin,cross+human,line-anchored
3147168220,2,2.0,,False,True,False,True,True,OpenAI_Codex,cross,line-anchored
3147221577,1,,1.0,False,False,True,False,False,Copilot,human,bare verdicts only
3147231131,2,2.0,,False,True,False,True,True,OpenAI_Codex,cross,line-anchored
3147240519,1,1.0,,False,True,False,True,True,OpenAI_Codex,cross,line-anchored
3147246889,1,1.0,,False,True,False,True,True,OpenAI_Codex,cross,line-anchored
3147266863,2,1.0,1.0,True,False,True,True,False,Copilot,same+human,line-anchored
3147268350,2,1.0,1.0,True,False,True,True,False,Copilot,same+human,line-anchored
3147300572,2,2.0,,True,True,False,True,True,Cursor,same+cross,line-anchored
3147321747,1,,1.0,False,False,True,True,False,Devin,human,line-anchored
3147331541,1,1.0,,False,True,False,True,True,OpenAI_Codex,cross,line-anchored
3147372193,2,1.0,1.0,True,False,True,True,False,Copilot,same+human,line-anchored
3147378941,1,1.0,,False,True,False,False,True,OpenAI_Codex,cross,summary only
3147398035,2,1.0,1.0,False,True,True,True,True,OpenAI_Codex,cross+human,line-anchored
3147411139,2,,2.0,False,False,True,True,False,OpenAI_Codex,human,line-anchored
3147419646,1,,1.0,False,False,True,False,False,Copilot,human,bare verdicts only
3147421099,2,1.0,1.0,False,True,True,True,True,Claude_Code,cross+human,line-anchored
3147424531,2,1.0,1.0,False,True,True,True,True,OpenAI_Codex,cross+human,line-anchored
3147430171,1,1.0,,False,True,False,True,True,OpenAI_Codex,cross,line-anchored
3147432740,1,1.0,,False,True,False,False,True,OpenAI_Codex,cross,summary only
3147432956,1,,1.0,False,False,True,False,False,Copilot,human,bare verdicts only
3147434301,1,,1.0,False,False,True,False,False,OpenAI_Codex,human,bare verdicts only
3147449966,3,1.0,2.0,True,False,True,True,False,Copilot,same+human,line-anchored
3147471163,1,,1.0,False,False,True,False,False,OpenAI_Codex,human,bare verdicts only
3147503921,1,,1.0,False,False,True,False,True,Copilot,human,summary only
3147553938,1,1.0,,False,True,False,True,True,OpenAI_Codex,cross,line-anchored
3147642769,1,1.0,,False,True,False,False,True,OpenAI_Codex,cross,summary only
3147653147,2,1.0,1.0,False,True,True,True,True,OpenAI_Codex,cross+human,line-anchored
3147678267,2,1.0,1.0,True,False,True,False,True,Copilot,same+human,summary only
3147680886,2,1.0,1.0,True,False,True,False,True,Copilot,same+human,summary only
3147795708,1,,1.0,False,False,True,True,True,Copilot,human,line-anchored
3147815664,1,1.0,,False,True,False,False,True,OpenAI_Codex,cross,summary only
3147820985,2,1.0,1.0,True,False,True,True,True,Copilot,same+human,line-anchored
3147822758,1,,1.0,False,False,True,False,False,OpenAI_Codex,human,bare verdicts only
3147874847,1,1.0,,False,True,False,False,True,OpenAI_Codex,cross,summary only
3147883994,2,2.0,,False,True,False,True,True,Cursor,cross,line-anchored
3147887195,1,1.0,,False,True,False,False,True,OpenAI_Codex,cross,summary only
3147921817,1,,1.0,False,False,True,False,True,OpenAI_Codex,human,summary only
3147947387,1,,1.0,False,False,True,False,True,OpenAI_Codex,human,summary only
3147960973,3,,3.0,False,False,True,True,True,OpenAI_Codex,human,line-anchored
3147975254,1,,1.0,False,False,True,False,True,Devin,human,summary only
3148003743,1,,1.0,False,False,True,False,False,OpenAI_Codex,human,bare verdicts only
3148005340,1,1.0,,False,True,False,True,True,OpenAI_Codex,cross,line-anchored
3148010785,1,,1.0,False,False,True,True,False,OpenAI_Codex,human,line-anchored
3148027458,1,,1.0,False,False,True,True,False,OpenAI_Codex,human,line-anchored
3148048568,1,,1.0,False,False,True,True,False,OpenAI_Codex,human,line-anchored
3148051879,1,,1.0,False,False,True,False,False,OpenAI_Codex,human,bare verdicts only
3148063645,1,,1.0,False,False,True,False,False,OpenAI_Codex,human,bare verdicts only
3148073995,1,,1.0,False,False,True,True,False,OpenAI_Codex,human,line-anchored
3148086960,1,,1.0,False,False,True,True,False,OpenAI_Codex,human,line-anchored
3148089145,2,,2.0,False,False,True,True,False,Cursor,human,line-anchored
3148171785,1,,1.0,False,False,True,False,False,Copilot,human,bare verdicts only
3148204191,3,1.0,2.0,True,False,True,True,True,Copilot,same+human,line-anchored
3148216316,1,1.0,,True,False,False,False,True,Cursor,same,summary only
3148227562,1,1.0,,False,True,False,False,True,OpenAI_Codex,cross,summary only
3148248930,2,1.0,1.0,True,False,True,True,True,Copilot,same+human,line-anchored
3148261332,2,1.0,1.0,True,False,True,False,True,Copilot,same+human,summary only
3148263552,1,1.0,,False,True,False,True,True,OpenAI_Codex,cross,line-anchored
3148267777,3,1.0,2.0,True,False,True,True,False,Copilot,same+human,line-anchored
3148288584,2,1.0,1.0,True,False,True,True,False,Copilot,same+human,line-anchored
3148328836,1,,1.0,False,False,True,True,False,OpenAI_Codex,human,line-anchored
3148367585,1,,1.0,False,False,True,False,False,Cursor,human,bare verdicts only
3148402460,5,1.0,4.0,True,False,True,True,False,Copilot,same+human,line-anchored
3148410609,1,,1.0,False,False,True,False,True,OpenAI_Codex,human,summary only
3148419996,1,1.0,,True,False,False,False,True,Copilot,same,summary only
3148446439,1,,1.0,False,False,True,False,True,OpenAI_Codex,human,summary only
3148487759,1,,1.0,False,False,True,True,False,OpenAI_Codex,human,line-anchored
3148499978,1,,1.0,False,False,True,True,False,OpenAI_Codex,human,line-anchored
3148505868,1,,1.0,False,False,True,False,True,OpenAI_Codex,human,summary only
3148655251,2,1.0,1.0,True,False,True,True,True,Copilot,same+human,line-anchored
3148689320,1,,1.0,False,False,True,False,True,OpenAI_Codex,human,summary only
3148760933,1,,1.0,False,False,True,False,True,OpenAI_Codex,human,summary only
3148894928,3,1.0,2.0,False,True,True,False,True,OpenAI_Codex,cross+human,summary only
3148897416,1,1.0,,False,True,False,True,True,OpenAI_Codex,cross,line-anchored
3148932692,4,1.0,3.0,True,False,True,True,True,Copilot,same+human,line-anchored
3148954221,1,,1.0,False,False,True,False,False,OpenAI_Codex,human,bare verdicts only
3149028101,1,,1.0,False,False,True,False,False,OpenAI_Codex,human,bare verdicts only
3149093831,1,,1.0,False,False,True,False,False,OpenAI_Codex,human,bare verdicts only
3149094556,1,,1.0,False,False,True,False,True,Copilot,human,summary only
3149101873,1,,1.0,False,False,True,True,False,OpenAI_Codex,human,line-anchored
3149111355,1,,1.0,False,False,True,False,False,OpenAI_Codex,human,bare verdicts only
3149241573,3,,3.0,False,False,True,False,False,Copilot,human,bare verdicts only
3149341709,2,,2.0,False,False,True,True,True,Cursor,human,line-anchored
3149540657,1,,1.0,False,False,True,True,False,Devin,human,line-anchored
3149554338,3,1.0,2.0,True,False,True,True,False,Copilot,same+human,line-anchored
3149658861,1,,1.0,False,False,True,False,False,Copilot,human,bare verdicts only
3149839458,1,1.0,,True,False,False,True,True,Copilot,same,line-anchored
3149957557,1,,1.0,False,False,True,False,False,Copilot,human,bare verdicts only
3149988059,1,,1.0,False,False,True,False,False,Devin,human,bare verdicts only
3150026775,1,,1.0,False,False,True,False,True,Cursor,human,summary only
3150032768,1,1.0,,False,True,False,True,True,OpenAI_Codex,cross,line-anchored
3150055351,1,,1.0,False,False,True,False,False,Copilot,human,bare verdicts only
3150091151,3,1.0,2.0,True,False,True,True,True,Copilot,same+human,line-anchored
3150145768,2,,2.0,False,False,True,True,False,Devin,human,line-anchored
3150169283,1,1.0,,False,True,False,False,True,OpenAI_Codex,cross,summary only
3150171949,1,1.0,,False,True,False,True,True,OpenAI_Codex,cross,line-anchored
3150176545,2,1.0,1.0,False,True,True,False,True,OpenAI_Codex,cross+human,summary only
3150188181,3,1.0,2.0,True,False,True,True,True,Copilot,same+human,line-anchored
3150205159,2,1.0,1.0,True,False,True,False,True,Cursor,same+human,summary only
3150229181,1,1.0,,False,True,False,True,True,Claude_Code,cross,line-anchored
3150240545,1,1.0,,False,True,False,True,True,Claude_Code,cross,line-anchored
3150327302,3,1.0,2.0,True,False,True,True,True,Copilot,same+human,line-anchored
3150333232,1,,1.0,False,False,True,False,True,OpenAI_Codex,human,summary only
3150335504,2,2.0,,False,True,False,True,True,OpenAI_Codex,cross,line-anchored
3150339717,1,,1.0,False,False,True,False,False,Cursor,human,bare verdicts only
3150351692,2,,2.0,False,False,True,True,False,Cursor,human,line-anchored
3150387821,3,1.0,2.0,True,False,True,True,True,Copilot,same+human,line-anchored
3150425915,1,,1.0,False,False,True,False,False,Copilot,human,bare verdicts only
3150510293,3,1.0,2.0,False,True,True,True,True,Copilot,cross+human,line-anchored
3150519239,1,,1.0,False,False,True,False,True,OpenAI_Codex,human,summary only
3150539359,1,,1.0,False,False,True,False,False,OpenAI_Codex,human,bare verdicts only
3150592086,3,1.0,2.0,False,True,True,True,False,Devin,cross+human,line-anchored
3150611596,2,1.0,1.0,False,True,True,False,True,Devin,cross+human,summary only
3150621549,3,1.0,2.0,True,False,True,True,True,Cursor,same+human,line-anchored
3150623138,2,1.0,1.0,True,False,True,True,False,Copilot,same+human,line-anchored
3150644025,3,2.0,1.0,False,True,True,True,False,OpenAI_Codex,cross+human,line-anchored
3150662401,3,1.0,2.0,True,False,True,True,True,Cursor,same+human,line-anchored
3150665460,2,1.0,1.0,True,False,True,True,False,Copilot,same+human,line-anchored
3150709470,1,,1.0,False,False,True,False,False,Copilot,human,bare verdicts only
3150761777,1,,1.0,False,False,True,True,False,Copilot,human,line-anchored
3150780897,2,1.0,1.0,True,False,True,True,False,Copilot,same+human,line-anchored
3150841632,1,,1.0,False,False,True,False,False,Copilot,human,bare verdicts only
3150889859,1,1.0,,True,False,False,False,True,Cursor,same,summary only
3150896736,1,1.0,,True,False,False,False,True,Cursor,same,summary only
3150923962,1,,1.0,False,False,True,False,True,OpenAI_Codex,human,summary only
3150959554,1,,1.0,False,False,True,False,True,OpenAI_Codex,human,summary only
3150960964,2,1.0,1.0,True,False,True,True,False,Copilot,same+human,line-anchored
3150971698,4,1.0,3.0,True,False,True,True,True,Copilot,same+human,line-anchored
3151002300,2,,2.0,False,False,True,False,False,Copilot,human,bare verdicts only
3151015743,2,1.0,1.0,True,False,True,False,True,Cursor,same+human,summary only
3151020831,2,,2.0,False,False,True,True,True,Devin,human,line-anchored
3151032257,1,1.0,,False,True,False,False,True,OpenAI_Codex,cross,summary only
3151033107,2,1.0,1.0,False,True,True,False,True,OpenAI_Codex,cross+human,summary only
3151039142,1,1.0,,False,True,False,False,True,OpenAI_Codex,cross,summary only
3151050095,2,1.0,1.0,False,True,True,False,True,OpenAI_Codex,cross+human,summary only
3151069958,2,1.0,1.0,True,False,True,False,True,Cursor,same+human,summary only
3151118375,2,1.0,1.0,False,True,True,True,True,OpenAI_Codex,cross+human,line-anchored
3151126402,6,1.0,5.0,True,False,True,True,False,Copilot,same+human,line-anchored
3151157926,2,1.0,1.0,False,True,True,False,True,OpenAI_Codex,cross+human,summary only
3151211971,4,1.0,3.0,True,False,True,True,True,Copilot,same+human,line-anchored
3151212914,1,,1.0,False,False,True,False,False,OpenAI_Codex,human,bare verdicts only
3151219647,4,1.0,3.0,True,False,True,True,True,Copilot,same+human,line-anchored
3151237217,5,1.0,4.0,True,False,True,True,False,Copilot,same+human,line-anchored
3151249906,1,,1.0,False,False,True,False,False,Copilot,human,bare verdicts only
3151259015,1,,1.0,False,False,True,False,False,Cursor,human,bare verdicts only
3151403816,3,1.0,2.0,True,False,True,False,True,Copilot,same+human,summary only
3151417796,2,1.0,1.0,True,False,True,False,True,Cursor,same+human,summary only
3151417956,4,1.0,3.0,True,False,True,True,False,Copilot,same+human,line-anchored
3151448748,4,4.0,,False,True,False,False,True,OpenAI_Codex,cross,summary only
3151516898,3,1.0,2.0,True,False,True,False,True,Copilot,same+human,summary only
3151555015,1,,1.0,False,False,True,False,False,Cursor,human,bare verdicts only
3151566859,3,1.0,2.0,True,False,True,True,True,Copilot,same+human,line-anchored
3151582642,1,,1.0,False,False,True,False,False,OpenAI_Codex,human,bare verdicts only
3151584697,1,,1.0,False,False,True,False,False,OpenAI_Codex,human,bare verdicts only
3151604419,1,1.0,,False,True,False,False,True,Devin,cross,summary only
3151614876,2,,2.0,False,False,True,False,False,Copilot,human,bare verdicts only
3151623064,3,1.0,2.0,False,True,True,True,True,OpenAI_Codex,cross+human,line-anchored
3151629581,3,,3.0,False,False,True,False,False,Copilot,human,bare verdicts only
3151661777,1,1.0,,False,True,False,True,False,OpenAI_Codex,cross,line-anchored
3151661890,1,1.0,,False,True,False,False,True,OpenAI_Codex,cross,summary only
3151682849,1,1.0,,False,True,False,False,True,OpenAI_Codex,cross,summary only
3151697572,1,,1.0,False,False,True,False,False,Copilot,human,bare verdicts only
3151707286,1,1.0,,False,True,False,False,True,OpenAI_Codex,cross,summary only
3151744953,1,,1.0,False,False,True,True,True,OpenAI_Codex,human,line-anchored
3151748196,3,3.0,,True,True,False,True,True,Cursor,same+cross,line-anchored
3151753047,3,1.0,2.0,True,False,True,True,True,Copilot,same+human,line-anchored
3151766741,3,1.0,2.0,True,False,True,True,False,Copilot,same+human,line-anchored
3151772816,1,,1.0,False,False,True,True,True,OpenAI_Codex,human,line-anchored
3151798896,1,1.0,,False,True,False,False,True,Claude_Code,cross,summary only
3151800646,3,3.0,,False,True,False,False,True,OpenAI_Codex,cross,summary only
3151820028,1,,1.0,False,False,True,True,False,Cursor,human,line-anchored
3151828698,3,2.0,1.0,False,True,True,True,True,OpenAI_Codex,cross+human,line-anchored
3151832862,4,4.0,,False,True,False,True,True,OpenAI_Codex,cross,line-anchored
3151841469,3,3.0,,False,True,False,False,True,OpenAI_Codex,cross,summary only
3151873955,4,,4.0,False,False,True,True,True,Claude_Code,human,line-anchored
3151880386,1,,1.0,False,False,True,False,False,OpenAI_Codex,human,bare verdicts only
3151882306,4,1.0,3.0,True,False,True,True,False,Copilot,same+human,line-anchored
3151946493,2,1.0,1.0,True,False,True,True,False,Copilot,same+human,line-anchored
3151982889,2,,2.0,False,False,True,False,True,Devin,human,summary only
3151984235,2,1.0,1.0,True,False,True,True,False,Copilot,same+human,line-anchored
3152003781,2,,2.0,False,False,True,True,True,Devin,human,line-anchored
3152012716,1,,1.0,False,False,True,False,True,OpenAI_Codex,human,summary only
3152053456,4,2.0,2.0,False,True,True,True,True,OpenAI_Codex,cross+human,line-anchored
3152071653,1,,1.0,False,False,True,False,True,OpenAI_Codex,human,summary only
3152120723,1,,1.0,False,False,True,False,True,OpenAI_Codex,human,summary only
3152123723,2,,2.0,False,False,True,True,True,Devin,human,line-anchored
3152145544,3,,3.0,False,False,True,False,False,Copilot,human,bare verdicts only
3152161950,1,1.0,,False,True,False,True,True,OpenAI_Codex,cross,line-anchored
3152162209,1,,1.0,False,False,True,True,False,OpenAI_Codex,human,line-anchored
3152174737,2,1.0,1.0,True,False,True,True,False,Copilot,same+human,line-anchored
3152206408,1,,1.0,False,False,True,False,False,OpenAI_Codex,human,bare verdicts only
3152227876,1,1.0,,False,True,False,True,True,Devin,cross,line-anchored
3152229058,2,,2.0,False,False,True,False,True,Devin,human,summary only
3152234273,1,,1.0,False,False,True,False,False,OpenAI_Codex,human,bare verdicts only
3152257828,3,,3.0,False,False,True,False,False,Copilot,human,bare verdicts only
3152277877,2,,2.0,False,False,True,False,True,Devin,human,summary only
3152317896,2,,2.0,False,False,True,True,False,Claude_Code,human,line-anchored
3152320431,1,,1.0,False,False,True,False,False,OpenAI_Codex,human,bare verdicts only
3152334527,2,,2.0,False,False,True,False,True,Devin,human,summary only
3152343814,1,,1.0,False,False,True,False,False,OpenAI_Codex,human,bare verdicts only
3152394365,2,2.0,,False,True,False,False,True,OpenAI_Codex,cross,summary only
3152398809,1,1.0,,False,True,False,False,True,OpenAI_Codex,cross,summary only
3152475848,2,1.0,1.0,False,True,True,True,True,OpenAI_Codex,cross+human,line-anchored
3152479515,1,,1.0,False,False,True,False,True,OpenAI_Codex,human,summary only
3152485982,3,1.0,2.0,True,False,True,True,False,Copilot,same+human,line-anchored
3152534643,1,,1.0,False,False,True,False,False,OpenAI_Codex,human,bare verdicts only
3152602811,3,1.0,2.0,True,False,True,True,False,Copilot,same+human,line-anchored
3152656456,2,,2.0,False,False,True,False,False,Copilot,human,bare verdicts only
3152658418,2,,2.0,False,False,True,False,True,Copilot,human,summary only
3152681524,3,,3.0,False,False,True,True,True,Devin,human,line-anchored
3152700757,2,,2.0,False,False,True,True,True,Devin,human,line-anchored
3152775367,3,1.0,2.0,True,False,True,True,True,Copilot,same+human,line-anchored
3152880462,3,1.0,2.0,True,False,True,True,False,Copilot,same+human,line-anchored
3152882125,1,,1.0,False,False,True,False,False,Cursor,human,bare verdicts only
3152901094,2,,2.0,False,False,True,True,True,OpenAI_Codex,human,line-anchored
3152957569,2,,2.0,False,False,True,True,False,OpenAI_Codex,human,line-anchored
3152972344,1,1.0,,False,True,False,True,True,OpenAI_Codex,cross,line-anchored
3153026877,2,,2.0,False,False,True,False,False,Cursor,human,bare verdicts only
3153069820,4,3.0,1.0,True,True,True,True,True,Cursor,same+cross+human,line-anchored
3153076666,3,,3.0,False,False,True,False,False,Copilot,human,bare verdicts only
3153101093,1,,1.0,False,False,True,True,False,Copilot,human,line-anchored
3153148507,1,,1.0,False,False,True,False,True,Copilot,human,summary only
3153161550,3,2.0,1.0,False,True,True,True,True,OpenAI_Codex,cross+human,line-anchored
3153190958,2,1.0,1.0,False,True,True,True,True,OpenAI_Codex,cross+human,line-anchored
3153308695,2,1.0,1.0,False,True,True,True,True,Cursor,cross+human,line-anchored
3153329320,1,,1.0,False,False,True,True,False,OpenAI_Codex,human,line-anchored
3153375782,1,,1.0,False,False,True,False,False,OpenAI_Codex,human,bare verdicts only
3153378527,1,,1.0,False,False,True,False,False,Cursor,human,bare verdicts only
3153484500,3,2.0,1.0,False,True,True,True,True,OpenAI_Codex,cross+human,line-anchored
3153516168,1,,1.0,False,False,True,False,False,OpenAI_Codex,human,bare verdicts only
3153610172,5,1.0,4.0,True,False,True,True,False,Copilot,same+human,line-anchored
3153675491,1,,1.0,False,False,True,False,False,OpenAI_Codex,human,bare verdicts only
3153690179,4,1.0,3.0,False,True,True,True,True,OpenAI_Codex,cross+human,line-anchored
3153692689,1,,1.0,False,False,True,False,False,Copilot,human,bare verdicts only
3153695993,1,1.0,,False,True,False,True,True,OpenAI_Codex,cross,line-anchored
3153698253,4,1.0,3.0,True,False,True,True,True,Copilot,same+human,line-anchored
3153716939,1,1.0,,False,True,False,True,False,OpenAI_Codex,cross,line-anchored
3153722030,3,2.0,1.0,False,True,True,False,True,OpenAI_Codex,cross+human,summary only
3153748109,1,1.0,,True,False,False,False,True,Cursor,same,summary only
3153759896,4,1.0,3.0,True,False,True,True,True,Copilot,same+human,line-anchored
3153766844,1,,1.0,False,False,True,False,True,Copilot,human,summary only
3153767187,3,1.0,2.0,True,False,True,True,False,Copilot,same+human,line-anchored
3153767204,2,,2.0,False,False,True,True,False,OpenAI_Codex,human,line-anchored
3153811253,3,1.0,2.0,False,True,True,True,False,OpenAI_Codex,cross+human,line-anchored
3153897525,5,3.0,2.0,False,True,True,True,True,OpenAI_Codex,cross+human,line-anchored
3153939777,3,,3.0,False,False,True,True,True,OpenAI_Codex,human,line-anchored
3153963452,1,,1.0,False,False,True,True,True,Cursor,human,line-anchored
3154001110,1,,1.0,False,False,True,False,False,Cursor,human,bare verdicts only
3154014605,2,,2.0,False,False,True,True,False,OpenAI_Codex,human,line-anchored
3154034341,1,1.0,,False,True,False,False,True,OpenAI_Codex,cross,summary only
3154081869,1,,1.0,False,False,True,False,False,Copilot,human,bare verdicts only
3154088521,1,,1.0,False,False,True,False,True,Cursor,human,summary only
3154114382,1,,1.0,False,False,True,False,False,Devin,human,bare verdicts only
3154144169,1,,1.0,False,False,True,True,False,Devin,human,line-anchored
3154163067,2,1.0,1.0,True,False,True,False,True,Copilot,same+human,summary only
3154166023,2,,2.0,False,False,True,True,True,OpenAI_Codex,human,line-anchored
3154171317,2,1.0,1.0,False,True,True,True,True,OpenAI_Codex,cross+human,line-anchored
3154179065,2,1.0,1.0,False,True,True,True,True,OpenAI_Codex,cross+human,line-anchored
3154236165,2,1.0,1.0,True,False,True,True,True,Copilot,same+human,line-anchored
3154258674,1,,1.0,False,False,True,True,True,Devin,human,line-anchored
3154285356,1,,1.0,False,False,True,False,False,Cursor,human,bare verdicts only
3154328620,2,1.0,1.0,False,True,True,True,True,Devin,cross+human,line-anchored
3154331903,1,,1.0,False,False,True,False,True,Copilot,human,summary only
3154337602,2,,2.0,False,False,True,True,False,Cursor,human,line-anchored
3154340552,2,,2.0,False,False,True,False,True,Cursor,human,summary only
3154378143,1,,1.0,False,False,True,False,True,OpenAI_Codex,human,summary only
3154431071,1,1.0,,False,True,False,False,True,OpenAI_Codex,cross,summary only
3154483234,1,1.0,,False,True,False,True,True,OpenAI_Codex,cross,line-anchored
3154494868,2,1.0,1.0,False,True,True,True,True,Devin,cross+human,line-anchored
3154498774,1,1.0,,False,True,False,True,True,OpenAI_Codex,cross,line-anchored
3154630091,3,1.0,2.0,True,False,True,True,True,Copilot,same+human,line-anchored
3154652967,2,1.0,1.0,True,False,True,True,False,Copilot,same+human,line-anchored
3154660924,1,,1.0,False,False,True,False,True,OpenAI_Codex,human,summary only
3154758729,2,1.0,1.0,True,False,True,True,False,Copilot,same+human,line-anchored
3154760510,1,,1.0,False,False,True,False,True,OpenAI_Codex,human,summary only
3154760858,5,1.0,4.0,True,False,True,True,True,Copilot,same+human,line-anchored
3154817280,2,1.0,1.0,True,False,True,True,True,Copilot,same+human,line-anchored
3154821362,2,,2.0,False,False,True,False,True,Copilot,human,summary only
3154835615,1,,1.0,False,False,True,False,False,Copilot,human,bare verdicts only
3154845631,2,1.0,1.0,True,False,True,True,True,Copilot,same+human,line-anchored
3154906347,2,,2.0,False,False,True,True,False,Cursor,human,line-anchored
3154921173,1,,1.0,False,False,True,False,True,Copilot,human,summary only
3154921524,2,,2.0,False,False,True,True,True,Cursor,human,line-anchored
3154952530,3,1.0,2.0,True,False,True,True,True,Cursor,same+human,line-anchored
3154970783,2,,2.0,False,False,True,True,False,Devin,human,line-anchored
3154971773,1,,1.0,False,False,True,False,True,OpenAI_Codex,human,summary only
3155023758,1,,1.0,False,False,True,True,False,OpenAI_Codex,human,line-anchored
3155033567,2,1.0,1.0,True,False,True,True,True,Copilot,same+human,line-anchored
3155033995,2,1.0,1.0,True,False,True,True,True,Copilot,same+human,line-anchored
3155034288,1,,1.0,False,False,True,False,True,Copilot,human,summary only
3155034843,2,1.0,1.0,True,False,True,True,True,Copilot,same+human,line-anchored
3155060428,5,1.0,4.0,False,True,True,True,True,OpenAI_Codex,cross+human,line-anchored
3155070869,1,1.0,,False,True,False,True,True,OpenAI_Codex,cross,line-anchored
3155115558,4,4.0,,False,True,False,True,True,OpenAI_Codex,cross,line-anchored
3155142734,1,,1.0,False,False,True,True,True,Devin,human,line-anchored
3155143197,2,2.0,,False,True,False,True,True,Devin,cross,line-anchored
3155182285,1,1.0,,False,True,False,True,True,Cursor,cross,line-anchored
3155186416,1,1.0,,False,True,False,False,True,OpenAI_Codex,cross,summary only
3155219814,4,2.0,2.0,False,True,True,True,True,OpenAI_Codex,cross+human,line-anchored
3155277983,3,2.0,1.0,False,True,True,True,True,OpenAI_Codex,cross+human,line-anchored
3155322770,1,,1.0,False,False,True,False,True,Claude_Code,human,summary only
3155326834,4,3.0,1.0,False,True,True,True,True,OpenAI_Codex,cross+human,line-anchored
3155331131,1,1.0,,False,True,False,False,True,OpenAI_Codex,cross,summary only
3155342154,2,,2.0,False,False,True,False,False,Copilot,human,bare verdicts only
3155342583,1,1.0,,False,True,False,True,True,OpenAI_Codex,cross,line-anchored
3155352021,2,2.0,,False,True,False,True,True,OpenAI_Codex,cross,line-anchored
3155512619,2,,2.0,False,False,True,True,False,Devin,human,line-anchored
3155599978,1,,1.0,False,False,True,True,False,OpenAI_Codex,human,line-anchored
3155607952,1,,1.0,False,False,True,False,True,OpenAI_Codex,human,summary only
3155615485,2,,2.0,False,False,True,True,True,Devin,human,line-anchored
3155619434,1,,1.0,False,False,True,True,False,OpenAI_Codex,human,line-anchored
3155631091,2,,2.0,False,False,True,False,True,Devin,human,summary only
3155665858,3,1.0,2.0,True,False,True,True,False,Copilot,same+human,line-anchored
3155685400,2,1.0,1.0,True,False,True,True,False,Copilot,same+human,line-anchored
3155686734,1,,1.0,False,False,True,False,False,Cursor,human,bare verdicts only
3155701366,1,,1.0,False,False,True,False,True,OpenAI_Codex,human,summary only
3155710420,1,,1.0,False,False,True,True,True,Devin,human,line-anchored
3155712937,3,,3.0,False,False,True,True,False,OpenAI_Codex,human,line-anchored
3155745045,2,1.0,1.0,True,False,True,True,True,Copilot,same+human,line-anchored
3155767625,1,1.0,,False,True,False,False,True,OpenAI_Codex,cross,summary only
3155787397,1,,1.0,False,False,True,False,True,OpenAI_Codex,human,summary only
3155797488,1,,1.0,False,False,True,False,True,Copilot,human,summary only
3155815373,5,1.0,4.0,True,False,True,True,True,Copilot,same+human,line-anchored
3155825451,1,,1.0,False,False,True,False,True,OpenAI_Codex,human,summary only
3155893392,2,1.0,1.0,False,True,True,True,True,OpenAI_Codex,cross+human,line-anchored
3155910859,1,,1.0,False,False,True,False,True,OpenAI_Codex,human,summary only
3155982507,2,,2.0,False,False,True,True,True,Devin,human,line-anchored
3156064223,2,,2.0,False,False,True,False,False,Devin,human,bare verdicts only
3156069543,1,,1.0,False,False,True,False,False,Devin,human,bare verdicts only
3156085708,3,2.0,1.0,False,True,True,True,True,OpenAI_Codex,cross+human,line-anchored
3156095684,2,,2.0,False,False,True,False,True,Devin,human,summary only
3156171169,1,1.0,,False,True,False,False,True,OpenAI_Codex,cross,summary only
3156345426,2,,2.0,False,False,True,True,False,Cursor,human,line-anchored
3156456557,2,1.0,1.0,True,False,True,True,False,Copilot,same+human,line-anchored
3156457181,1,,1.0,False,False,True,True,True,Devin,human,line-anchored
3156499919,2,1.0,1.0,True,False,True,True,False,Copilot,same+human,line-anchored
3156558510,1,1.0,,False,True,False,True,True,OpenAI_Codex,cross,line-anchored
3156664492,2,,2.0,False,False,True,True,True,Copilot,human,line-anchored
3156676267,3,1.0,2.0,True,False,True,True,True,Copilot,same+human,line-anchored
3156695913,3,1.0,2.0,True,False,True,True,True,Copilot,same+human,line-anchored
3156718715,2,2.0,,False,True,False,False,True,OpenAI_Codex,cross,summary only
3156803349,2,,2.0,False,False,True,False,False,OpenAI_Codex,human,bare verdicts only
3156822726,1,,1.0,False,False,True,False,True,OpenAI_Codex,human,summary only
3156897567,3,2.0,1.0,False,True,True,True,True,OpenAI_Codex,cross+human,line-anchored
3156938074,1,,1.0,False,False,True,True,False,Devin,human,line-anchored
3156952451,2,1.0,1.0,True,False,True,True,False,Copilot,same+human,line-anchored
3156963474,2,1.0,1.0,True,False,True,True,False,Copilot,same+human,line-anchored
3156991280,4,1.0,3.0,True,False,True,True,False,Copilot,same+human,line-anchored
3157127873,1,1.0,,False,True,False,True,True,OpenAI_Codex,cross,line-anchored
3157140778,1,1.0,,False,True,False,True,True,OpenAI_Codex,cross,line-anchored
3157263251,1,1.0,,False,True,False,True,True,OpenAI_Codex,cross,line-anchored
3157341086,1,,1.0,False,False,True,False,False,Copilot,human,bare verdicts only
3157386612,2,,2.0,False,False,True,True,True,Devin,human,line-anchored
3157425198,1,1.0,,False,True,False,False,True,Devin,cross,summary only
3157499461,3,,3.0,False,False,True,False,False,Copilot,human,bare verdicts only
3157504530,2,1.0,1.0,False,True,True,True,True,Devin,cross+human,line-anchored
3157513496,1,,1.0,False,False,True,False,False,OpenAI_Codex,human,bare verdicts only
3157537057,3,1.0,2.0,True,False,True,True,True,Copilot,same+human,line-anchored
3157537779,3,1.0,2.0,True,False,True,True,True,Copilot,same+human,line-anchored
3157538304,2,1.0,1.0,True,False,True,True,True,Copilot,same+human,line-anchored
3157539004,2,1.0,1.0,True,False,True,True,True,Copilot,same+human,line-anchored
3157539448,3,1.0,2.0,True,False,True,True,True,Copilot,same+human,line-anchored
3157539817,3,1.0,2.0,True,False,True,True,True,Copilot,same+human,line-anchored
3157550083,1,,1.0,False,False,True,False,True,Copilot,human,summary only
3157555145,1,,1.0,False,False,True,False,True,Copilot,human,summary only
3157563491,1,1.0,,False,True,False,True,True,OpenAI_Codex,cross,line-anchored
3157577978,4,1.0,3.0,True,False,True,True,False,Copilot,same+human,line-anchored
3157581446,2,,2.0,False,False,True,False,False,Copilot,human,bare verdicts only
3157600698,1,,1.0,False,False,True,False,True,OpenAI_Codex,human,summary only
3157601632,3,1.0,2.0,True,False,True,True,False,Copilot,same+human,line-anchored
3157604909,1,,1.0,False,False,True,True,True,Cursor,human,line-anchored
3157607772,1,1.0,,False,True,False,False,True,Devin,cross,summary only
3157634564,1,,1.0,False,False,True,False,True,OpenAI_Codex,human,summary only
3157735449,1,,1.0,False,False,True,False,True,OpenAI_Codex,human,summary only
3157773779,1,,1.0,False,False,True,False,True,Cursor,human,summary only
3157778732,1,,1.0,False,False,True,False,True,OpenAI_Codex,human,summary only
3157787774,3,1.0,2.0,True,False,True,True,True,Copilot,same+human,line-anchored
3157800078,1,,1.0,False,False,True,False,True,OpenAI_Codex,human,summary only
3157800721,3,3.0,,False,True,False,True,True,OpenAI_Codex,cross,line-anchored
3157811236,2,,2.0,False,False,True,True,False,Cursor,human,line-anchored
3157816556,2,1.0,1.0,True,False,True,True,False,Copilot,same+human,line-anchored
3157821559,2,1.0,1.0,True,False,True,True,True,Copilot,same+human,line-anchored
3157830895,1,,1.0,False,False,True,False,True,OpenAI_Codex,human,summary only
3157844465,1,,1.0,False,False,True,False,True,Copilot,human,summary only
3157907269,1,,1.0,False,False,True,False,True,OpenAI_Codex,human,summary only
3157922164,1,,1.0,False,False,True,False,False,OpenAI_Codex,human,bare verdicts only
3157938220,4,1.0,3.0,True,False,True,True,False,Copilot,same+human,line-anchored
3157950872,3,1.0,2.0,True,False,True,True,True,Copilot,same+human,line-anchored
3157953185,1,,1.0,False,False,True,False,True,OpenAI_Codex,human,summary only
3157958459,2,,2.0,False,False,True,True,True,Copilot,human,line-anchored
3157968978,3,1.0,2.0,True,False,True,True,True,Copilot,same+human,line-anchored
3157988194,1,,1.0,False,False,True,False,True,OpenAI_Codex,human,summary only
3158034133,1,,1.0,False,False,True,False,True,Cursor,human,summary only
3158038793,2,,2.0,False,False,True,True,False,Devin,human,line-anchored
3158055411,4,1.0,3.0,True,False,True,True,True,Copilot,same+human,line-anchored
3158062530,1,,1.0,False,False,True,True,False,OpenAI_Codex,human,line-anchored
3158063573,1,,1.0,False,False,True,False,False,Cursor,human,bare verdicts only
3158079001,1,,1.0,False,False,True,False,False,Cursor,human,bare verdicts only
3158136553,2,1.0,1.0,True,False,True,True,True,Copilot,same+human,line-anchored
3158165385,1,1.0,,False,True,False,True,True,OpenAI_Codex,cross,line-anchored
3158182026,4,1.0,3.0,True,False,True,True,True,Copilot,same+human,line-anchored
3158207987,1,,1.0,False,False,True,False,False,Cursor,human,bare verdicts only
3158220791,4,1.0,3.0,True,False,True,True,True,Copilot,same+human,line-anchored
3158240827,2,,2.0,False,False,True,True,True,Cursor,human,line-anchored
3158254273,1,,1.0,False,False,True,False,False,OpenAI_Codex,human,bare verdicts only
3158287475,2,,2.0,False,False,True,False,False,Copilot,human,bare verdicts only
3158304414,1,,1.0,False,False,True,False,True,Copilot,human,summary only
3158347305,2,,2.0,False,False,True,True,False,Cursor,human,line-anchored
3158465046,2,1.0,1.0,False,True,True,True,True,OpenAI_Codex,cross+human,line-anchored
3158500047,1,,1.0,False,False,True,True,True,Cursor,human,line-anchored
3158500341,1,,1.0,False,False,True,True,True,Cursor,human,line-anchored
3158508773,1,,1.0,False,False,True,False,True,OpenAI_Codex,human,summary only
3158528999,1,,1.0,False,False,True,False,True,OpenAI_Codex,human,summary only
3158557487,2,,2.0,False,False,True,False,True,Devin,human,summary only
3158599292,1,,1.0,False,False,True,True,False,Cursor,human,line-anchored
3158601071,1,,1.0,False,False,True,False,False,Copilot,human,bare verdicts only
3158602889,3,1.0,2.0,True,False,True,True,False,Copilot,same+human,line-anchored
3158615630,1,1.0,,False,True,False,False,True,Claude_Code,cross,summary only
3158618552,1,,1.0,False,False,True,False,True,OpenAI_Codex,human,summary only
3158651883,1,,1.0,False,False,True,False,True,OpenAI_Codex,human,summary only
3158655778,3,1.0,2.0,True,False,True,False,True,Copilot,same+human,summary only
3158673525,2,1.0,1.0,True,False,True,False,True,Copilot,same+human,summary only
3158683531,4,1.0,3.0,False,True,True,True,True,Devin,cross+human,line-anchored
3158692241,1,,1.0,False,False,True,False,True,OpenAI_Codex,human,summary only
3158693680,2,1.0,1.0,True,False,True,True,False,Copilot,same+human,line-anchored
3158709175,1,,1.0,False,False,True,False,True,Devin,human,summary only
3158723058,2,2.0,,False,True,False,False,True,OpenAI_Codex,cross,summary only
3158727370,2,1.0,1.0,True,False,True,True,False,Copilot,same+human,line-anchored
3158731521,1,1.0,,False,True,False,False,True,OpenAI_Codex,cross,summary only
3158750588,1,,1.0,False,False,True,False,True,OpenAI_Codex,human,summary only
3158760801,1,,1.0,False,False,True,False,False,Cursor,human,bare verdicts only
3158776739,1,1.0,,False,True,False,False,True,Claude_Code,cross,summary only
3158795501,3,2.0,1.0,False,True,True,True,True,OpenAI_Codex,cross+human,line-anchored
3158797870,3,2.0,1.0,False,True,True,True,True,OpenAI_Codex,cross+human,line-anchored
3158802702,3,1.0,2.0,False,True,True,True,True,Claude_Code,cross+human,line-anchored
3158805389,2,1.0,1.0,True,False,True,True,True,Cursor,same+human,line-anchored
3158818689,2,,2.0,False,False,True,True,True,Claude_Code,human,line-anchored
3158819982,2,1.0,1.0,True,False,True,True,True,Copilot,same+human,line-anchored
3158873801,2,1.0,1.0,True,False,True,True,False,Copilot,same+human,line-anchored
3158903949,1,,1.0,False,False,True,False,True,OpenAI_Codex,human,summary only
3158968364,3,2.0,1.0,False,True,True,True,True,OpenAI_Codex,cross+human,line-anchored
3158982868,3,1.0,2.0,True,False,True,True,False,Copilot,same+human,line-anchored
3158983348,1,,1.0,False,False,True,False,False,Copilot,human,bare verdicts only
3159002770,3,1.0,2.0,True,False,True,True,False,Copilot,same+human,line-anchored
3159023948,4,1.0,3.0,True,False,True,True,True,Copilot,same+human,line-anchored
3159031025,1,,1.0,False,False,True,False,True,OpenAI_Codex,human,summary only
3159046284,2,,2.0,False,False,True,False,False,Copilot,human,bare verdicts only
3159072717,1,,1.0,False,False,True,False,True,OpenAI_Codex,human,summary only
3159099985,1,,1.0,False,False,True,False,True,OpenAI_Codex,human,summary only
3159100053,1,,1.0,False,False,True,True,False,Devin,human,line-anchored
3159153388,5,1.0,4.0,True,False,True,True,False,Copilot,same+human,line-anchored
3159158873,3,,3.0,False,False,True,False,False,Copilot,human,bare verdicts only
3159160049,1,,1.0,False,False,True,False,True,OpenAI_Codex,human,summary only
3159174564,3,1.0,2.0,True,False,True,True,False,Copilot,same+human,line-anchored
3159178442,2,1.0,1.0,True,False,True,True,False,Copilot,same+human,line-anchored
3159180149,2,,2.0,False,False,True,False,False,Copilot,human,bare verdicts only
3159193689,2,,2.0,False,False,True,False,True,Copilot,human,summary only
3159199237,2,,2.0,False,False,True,False,False,Copilot,human,bare verdicts only
3159203832,2,,2.0,False,False,True,False,False,Copilot,human,bare verdicts only
3159276947,1,1.0,,False,True,False,True,True,OpenAI_Codex,cross,line-anchored
3159286233,2,1.0,1.0,False,True,True,True,True,OpenAI_Codex,cross+human,line-anchored
3159305613,4,3.0,1.0,False,True,True,True,True,OpenAI_Codex,cross+human,line-anchored
3159415433,3,1.0,2.0,False,True,True,True,True,Claude_Code,cross+human,line-anchored
3159464933,3,1.0,2.0,True,False,True,True,True,Copilot,same+human,line-anchored
3159511012,1,1.0,,False,True,False,True,True,Cursor,cross,line-anchored
3159591262,1,,1.0,False,False,True,False,False,Copilot,human,bare verdicts only
3159654331,1,,1.0,False,False,True,False,False,Copilot,human,bare verdicts only
3159745301,3,1.0,2.0,True,False,True,True,True,Copilot,same+human,line-anchored
3159764506,1,,1.0,False,False,True,False,False,Devin,human,bare verdicts only
3159821039,1,1.0,,True,False,False,False,True,Cursor,same,summary only
3159822923,1,,1.0,False,False,True,False,False,Devin,human,bare verdicts only
3159916588,2,,2.0,False,False,True,False,False,OpenAI_Codex,human,bare verdicts only
3159976237,1,,1.0,False,False,True,False,False,OpenAI_Codex,human,bare verdicts only
3159989352,3,1.0,2.0,True,False,True,True,True,Copilot,same+human,line-anchored
3160022714,1,1.0,,False,True,False,False,True,Devin,cross,summary only
3160057955,1,1.0,,False,True,False,False,True,Devin,cross,summary only
3160120936,1,,1.0,False,False,True,False,False,OpenAI_Codex,human,bare verdicts only
3160190001,3,2.0,1.0,False,True,True,True,True,OpenAI_Codex,cross+human,line-anchored
3160208448,2,1.0,1.0,False,True,True,True,True,OpenAI_Codex,cross+human,line-anchored
3160287486,2,1.0,1.0,False,True,True,False,True,OpenAI_Codex,cross+human,summary only
3160289208,1,,1.0,False,False,True,False,False,OpenAI_Codex,human,bare verdicts only
3160349414,3,1.0,2.0,True,False,True,True,True,Copilot,same+human,line-anchored
3160353937,3,1.0,2.0,True,False,True,True,True,Copilot,same+human,line-anchored
3160397616,5,1.0,4.0,True,False,True,True,True,Copilot,same+human,line-anchored
3160442436,1,,1.0,False,False,True,True,False,OpenAI_Codex,human,line-anchored
3160605230,2,2.0,,False,True,False,False,True,OpenAI_Codex,cross,summary only
3160612322,1,,1.0,False,False,True,False,False,Cursor,human,bare verdicts only
3160615563,3,1.0,2.0,True,False,True,True,False,Copilot,same+human,line-anchored
3160616420,5,1.0,4.0,True,False,True,True,False,Copilot,same+human,line-anchored
3160620876,1,,1.0,False,False,True,False,True,Copilot,human,summary only
3160636839,1,1.0,,False,True,False,False,True,Devin,cross,summary only
3160647911,2,,2.0,False,False,True,True,False,Claude_Code,human,line-anchored
3160672707,1,,1.0,False,False,True,False,False,Copilot,human,bare verdicts only
3160733700,1,,1.0,False,False,True,False,False,Devin,human,bare verdicts only
3160775696,4,,4.0,False,False,True,True,True,OpenAI_Codex,human,line-anchored
3160781674,3,,3.0,False,False,True,False,False,OpenAI_Codex,human,bare verdicts only
3160790203,2,1.0,1.0,True,False,True,True,False,Copilot,same+human,line-anchored
3160848695,3,1.0,2.0,True,False,True,True,True,Copilot,same+human,line-anchored
3160865707,3,1.0,2.0,True,False,True,True,True,Copilot,same+human,line-anchored
3160938083,1,,1.0,False,False,True,False,True,OpenAI_Codex,human,summary only
3160949988,2,1.0,1.0,True,False,True,True,False,Copilot,same+human,line-anchored
3160974189,2,1.0,1.0,True,False,True,True,False,Copilot,same+human,line-anchored
3160996272,2,,2.0,False,False,True,False,True,Copilot,human,summary only
3161009617,3,1.0,2.0,True,False,True,True,False,Copilot,same+human,line-anchored
3161024001,1,1.0,,False,True,False,False,True,Devin,cross,summary only
3161102496,6,1.0,5.0,True,False,True,True,True,Copilot,same+human,line-anchored
3161114956,4,1.0,3.0,True,False,True,True,True,Copilot,same+human,line-anchored
3161124087,1,,1.0,False,False,True,False,False,OpenAI_Codex,human,bare verdicts only
3161128025,1,1.0,,False,True,False,True,True,OpenAI_Codex,cross,line-anchored
3161160444,1,1.0,,False,True,False,False,True,Cursor,cross,summary only
3161170414,3,1.0,2.0,True,False,True,True,True,Copilot,same+human,line-anchored
3161170447,3,1.0,2.0,True,False,True,False,True,Copilot,same+human,summary only
3161177094,1,1.0,,False,True,False,True,True,OpenAI_Codex,cross,line-anchored
3161226190,2,2.0,,True,True,False,True,True,Cursor,same+cross,line-anchored
3161229907,1,,1.0,False,False,True,False,False,Copilot,human,bare verdicts only
3161236131,2,,2.0,False,False,True,False,False,Copilot,human,bare verdicts only
3161253730,3,1.0,2.0,True,False,True,True,True,Copilot,same+human,line-anchored
3161262997,1,1.0,,False,True,False,True,True,OpenAI_Codex,cross,line-anchored
3161270808,1,,1.0,False,False,True,False,False,OpenAI_Codex,human,bare verdicts only
3161304844,3,,3.0,False,False,True,False,False,Cursor,human,bare verdicts only
3161305439,2,1.0,1.0,True,False,True,True,False,Copilot,same+human,line-anchored
3161310056,1,,1.0,False,False,True,False,True,OpenAI_Codex,human,summary only
3161314337,1,1.0,,False,True,False,False,True,OpenAI_Codex,cross,summary only
3161317787,4,1.0,3.0,True,False,True,True,False,Copilot,same+human,line-anchored
3161327793,2,,2.0,False,False,True,True,False,Cursor,human,line-anchored
3161337304,2,1.0,1.0,False,True,True,True,True,Devin,cross+human,line-anchored
3161347513,1,1.0,,False,True,False,False,True,OpenAI_Codex,cross,summary only
3161348851,1,1.0,,False,True,False,False,True,OpenAI_Codex,cross,summary only
3161349186,1,1.0,,False,True,False,True,True,OpenAI_Codex,cross,line-anchored
3161371325,1,,1.0,False,False,True,False,True,Cursor,human,summary only
3161379535,2,,2.0,False,False,True,True,True,Cursor,human,line-anchored
3161387601,3,1.0,2.0,True,False,True,True,True,Copilot,same+human,line-anchored
3161407157,2,1.0,1.0,True,False,True,True,False,Copilot,same+human,line-anchored
3161413967,3,1.0,2.0,True,False,True,True,True,Copilot,same+human,line-anchored
3161425418,2,,2.0,False,False,True,False,False,Cursor,human,bare verdicts only
3161436017,5,3.0,2.0,False,True,True,True,True,OpenAI_Codex,cross+human,line-anchored
3161437023,2,1.0,1.0,True,False,True,False,True,Cursor,same+human,summary only
3161472093,1,1.0,,False,True,False,False,True,OpenAI_Codex,cross,summary only
3161472807,1,1.0,,False,True,False,False,True,OpenAI_Codex,cross,summary only
3161478058,1,1.0,,False,True,False,False,True,Cursor,cross,summary only
3161504115,3,1.0,2.0,True,False,True,True,True,Copilot,same+human,line-anchored
3161518646,1,1.0,,False,True,False,True,True,OpenAI_Codex,cross,line-anchored
3161551044,3,1.0,2.0,True,False,True,True,False,Copilot,same+human,line-anchored
3161561228,2,,2.0,False,False,True,False,True,Devin,human,summary only
3161596711,5,1.0,4.0,True,False,True,True,False,Copilot,same+human,line-anchored
3161636261,1,,1.0,False,False,True,False,True,OpenAI_Codex,human,summary only
3161638137,5,1.0,4.0,True,False,True,True,True,Copilot,same+human,line-anchored
3161674567,2,,2.0,False,False,True,False,False,Copilot,human,bare verdicts only
3161711168,1,,1.0,False,False,True,False,True,OpenAI_Codex,human,summary only
3161731684,1,1.0,,False,True,False,False,True,Devin,cross,summary only
3161744251,1,1.0,,False,True,False,False,True,Devin,cross,summary only
3161761469,2,1.0,1.0,False,True,True,True,True,Devin,cross+human,line-anchored
3161777718,3,2.0,1.0,False,True,True,False,True,OpenAI_Codex,cross+human,summary only
3161823035,1,1.0,,True,False,False,False,True,Cursor,same,summary only
3161868039,1,,1.0,False,False,True,False,True,OpenAI_Codex,human,summary only
3161924595,1,,1.0,False,False,True,False,True,OpenAI_Codex,human,summary only
3161958337,1,,1.0,False,False,True,False,True,Cursor,human,summary only
3161967145,1,,1.0,False,False,True,False,True,OpenAI_Codex,human,summary only
3161984792,1,1.0,,False,True,False,False,True,Cursor,cross,summary only
3162019565,2,,2.0,False,False,True,False,True,Copilot,human,summary only
3162089834,1,,1.0,False,False,True,False,True,OpenAI_Codex,human,summary only
3162263131,2,1.0,1.0,True,False,True,True,False,Copilot,same+human,line-anchored
3162328692,2,,2.0,False,False,True,False,True,Devin,human,summary only
3162416395,1,,1.0,False,False,True,True,True,OpenAI_Codex,human,line-anchored
3162485837,1,,1.0,False,False,True,True,False,Copilot,human,line-anchored
3162509065,1,,1.0,False,False,True,False,True,OpenAI_Codex,human,summary only
3162632994,1,,1.0,False,False,True,False,False,OpenAI_Codex,human,bare verdicts only
3162694664,1,,1.0,False,False,True,False,False,OpenAI_Codex,human,bare verdicts only
3163097309,1,,1.0,False,False,True,False,False,Copilot,human,bare verdicts only
3163105248,2,,2.0,False,False,True,False,False,Copilot,human,bare verdicts only
3163213567,2,1.0,1.0,False,True,True,True,False,Cursor,cross+human,line-anchored
3163243464,2,1.0,1.0,False,True,True,False,True,Claude_Code,cross+human,summary only
3163329497,1,,1.0,False,False,True,False,False,Cursor,human,bare verdicts only
3163338377,2,,2.0,False,False,True,True,True,Cursor,human,line-anchored
3163386327,3,,3.0,False,False,True,True,True,Copilot,human,line-anchored
3163415789,4,,4.0,False,False,True,True,True,Devin,human,line-anchored
3163420266,1,,1.0,False,False,True,False,False,Cursor,human,bare verdicts only
3163448583,2,,2.0,False,False,True,False,False,Cursor,human,bare verdicts only
3163520332,2,1.0,1.0,True,False,True,True,False,Copilot,same+human,line-anchored
3163534305,1,1.0,,False,True,False,True,True,OpenAI_Codex,cross,line-anchored
3163588483,4,1.0,3.0,True,False,True,True,True,Copilot,same+human,line-anchored
3163642045,3,,3.0,False,False,True,False,False,Copilot,human,bare verdicts only
3163701771,3,1.0,2.0,True,False,True,True,True,Cursor,same+human,line-anchored
3163704165,1,,1.0,False,False,True,True,False,Cursor,human,line-anchored
3163705700,4,1.0,3.0,True,False,True,True,False,Copilot,same+human,line-anchored
3163759483,1,,1.0,False,False,True,False,True,OpenAI_Codex,human,summary only
3163779556,2,1.0,1.0,False,True,True,True,True,Devin,cross+human,line-anchored
3163786071,2,1.0,1.0,True,False,True,True,False,Copilot,same+human,line-anchored
3163792029,2,2.0,,False,True,False,True,True,Devin,cross,line-anchored
3163802623,1,1.0,,False,True,False,False,True,Devin,cross,summary only
3163804247,1,,1.0,False,False,True,False,True,Copilot,human,summary only
3163837639,3,1.0,2.0,True,False,True,True,False,Copilot,same+human,line-anchored
3163859982,1,1.0,,False,True,False,True,True,OpenAI_Codex,cross,line-anchored
3163863050,2,1.0,1.0,True,False,True,True,False,Copilot,same+human,line-anchored
3163870590,3,1.0,2.0,True,False,True,True,False,Copilot,same+human,line-anchored
3163875884,1,,1.0,False,False,True,False,False,Cursor,human,bare verdicts only
3163899810,1,,1.0,False,False,True,False,True,OpenAI_Codex,human,summary only
3163905355,1,1.0,,False,True,False,True,True,OpenAI_Codex,cross,line-anchored
3163976756,1,,1.0,False,False,True,False,True,OpenAI_Codex,human,summary only
3164001679,1,,1.0,False,False,True,False,True,OpenAI_Codex,human,summary only
3164047878,3,1.0,2.0,True,False,True,True,False,Copilot,same+human,line-anchored
3164099985,1,,1.0,False,False,True,False,True,OpenAI_Codex,human,summary only
3164130684,5,1.0,4.0,True,False,True,True,True,Copilot,same+human,line-anchored
3164196672,1,1.0,,False,True,False,False,True,OpenAI_Codex,cross,summary only
3164205825,1,1.0,,False,True,False,True,True,OpenAI_Codex,cross,line-anchored
3164206303,1,1.0,,False,True,False,False,True,OpenAI_Codex,cross,summary only
3164209098,1,1.0,,False,True,False,False,True,OpenAI_Codex,cross,summary only
3164250713,1,1.0,,False,True,False,False,True,Claude_Code,cross,summary only
3164279377,1,1.0,,False,True,False,False,True,Cursor,cross,summary only
3164299808,4,1.0,3.0,True,False,True,True,True,Copilot,same+human,line-anchored
3164310659,1,,1.0,False,False,True,False,False,Copilot,human,bare verdicts only
3164349433,3,2.0,1.0,False,True,True,True,True,Devin,cross+human,line-anchored
3164359752,1,,1.0,False,False,True,False,False,Devin,human,bare verdicts only
3164359864,1,1.0,,False,True,False,False,True,Devin,cross,summary only
3164364090,2,,2.0,False,False,True,False,False,Cursor,human,bare verdicts only
3164366840,1,1.0,,False,True,False,True,True,Devin,cross,line-anchored
3164390381,1,,1.0,False,False,True,False,False,Copilot,human,bare verdicts only
3164430964,1,1.0,,False,True,False,False,True,OpenAI_Codex,cross,summary only
3164460402,2,,2.0,False,False,True,False,False,Copilot,human,bare verdicts only
3164475250,1,,1.0,False,False,True,False,False,Copilot,human,bare verdicts only
3164482877,1,,1.0,False,False,True,True,False,Devin,human,line-anchored
3164490154,2,,2.0,False,False,True,True,False,Cursor,human,line-anchored
3164493562,1,,1.0,False,False,True,True,False,Devin,human,line-anchored
3164503419,1,1.0,,False,True,False,True,True,Claude_Code,cross,line-anchored
3164536058,2,1.0,1.0,True,False,True,True,True,Copilot,same+human,line-anchored
3164556099,1,,1.0,False,False,True,True,False,Devin,human,line-anchored
3164560239,1,1.0,,False,True,False,True,False,OpenAI_Codex,cross,line-anchored
3164568319,1,,1.0,False,False,True,True,False,OpenAI_Codex,human,line-anchored
3164572018,3,1.0,2.0,True,False,True,True,True,Copilot,same+human,line-anchored
3164572483,1,,1.0,False,False,True,True,False,OpenAI_Codex,human,line-anchored
3164584249,1,,1.0,False,False,True,False,True,OpenAI_Codex,human,summary only
3164596271,1,,1.0,False,False,True,False,True,OpenAI_Codex,human,summary only
3164627288,3,1.0,2.0,True,False,True,False,True,Copilot,same+human,summary only
3164641098,1,,1.0,False,False,True,False,True,OpenAI_Codex,human,summary only
3164641128,1,1.0,,False,True,False,False,True,Cursor,cross,summary only
3164659490,1,,1.0,False,False,True,False,True,OpenAI_Codex,human,summary only
3164670839,1,1.0,,False,True,False,True,True,OpenAI_Codex,cross,line-anchored
3164685825,1,,1.0,False,False,True,False,True,OpenAI_Codex,human,summary only
3164701366,1,,1.0,False,False,True,False,True,OpenAI_Codex,human,summary only
3164715074,1,,1.0,False,False,True,False,True,OpenAI_Codex,human,summary only
3164725260,1,,1.0,False,False,True,False,True,OpenAI_Codex,human,summary only
3164790036,1,,1.0,False,False,True,False,True,OpenAI_Codex,human,summary only
3164935344,2,1.0,1.0,True,False,True,True,True,Copilot,same+human,line-anchored
3164989143,1,,1.0,False,False,True,False,False,OpenAI_Codex,human,bare verdicts only
3164993186,1,,1.0,False,False,True,False,False,OpenAI_Codex,human,bare verdicts only
3164997210,1,,1.0,False,False,True,False,False,OpenAI_Codex,human,bare verdicts only
3165047796,1,,1.0,False,False,True,False,False,OpenAI_Codex,human,bare verdicts only
3165063018,2,1.0,1.0,True,False,True,False,True,Copilot,same+human,summary only
3165063394,1,1.0,,False,True,False,False,True,OpenAI_Codex,cross,summary only
3165098830,1,1.0,,False,True,False,False,True,Devin,cross,summary only
3165119058,2,1.0,1.0,True,False,True,True,True,Copilot,same+human,line-anchored
3165162777,1,,1.0,False,False,True,True,False,OpenAI_Codex,human,line-anchored
3165174628,1,,1.0,False,False,True,True,False,OpenAI_Codex,human,line-anchored
3165197178,2,,2.0,False,False,True,False,False,Copilot,human,bare verdicts only
3165199669,2,,2.0,False,False,True,False,False,Cursor,human,bare verdicts only
3165202236,2,1.0,1.0,False,True,True,True,True,Devin,cross+human,line-anchored
3165205251,1,,1.0,False,False,True,False,True,Cursor,human,summary only
3165207176,1,,1.0,False,False,True,False,False,Copilot,human,bare verdicts only
3165225343,4,2.0,2.0,True,True,True,True,True,Cursor,same+cross+human,line-anchored
3165232120,1,,1.0,False,False,True,False,False,Cursor,human,bare verdicts only
3165291380,1,1.0,,False,True,False,True,True,OpenAI_Codex,cross,line-anchored
3165363367,2,1.0,1.0,True,False,True,True,False,Copilot,same+human,line-anchored
3165392986,2,1.0,1.0,True,False,True,True,True,Copilot,same+human,line-anchored
3165394546,1,,1.0,False,False,True,False,True,Copilot,human,summary only
3165407169,1,1.0,,False,True,False,False,True,OpenAI_Codex,cross,summary only
3165423448,2,2.0,,False,True,False,True,True,OpenAI_Codex,cross,line-anchored
3165424218,1,1.0,,False,True,False,True,True,OpenAI_Codex,cross,line-anchored
3165430661,1,,1.0,False,False,True,False,True,OpenAI_Codex,human,summary only
3165441797,2,2.0,,True,True,False,True,True,Cursor,same+cross,line-anchored
3165460862,1,,1.0,False,False,True,False,True,OpenAI_Codex,human,summary only
3165466021,1,,1.0,False,False,True,False,False,OpenAI_Codex,human,bare verdicts only
3165471210,1,,1.0,False,False,True,False,True,OpenAI_Codex,human,summary only
3165499150,2,2.0,,True,True,False,True,True,Cursor,same+cross,line-anchored
3165534299,1,1.0,,False,True,False,False,True,Cursor,cross,summary only
3165541895,2,2.0,,True,True,False,True,True,Cursor,same+cross,line-anchored
3165558236,2,1.0,1.0,True,False,True,True,False,Copilot,same+human,line-anchored
3165558855,1,1.0,,False,True,False,True,True,Devin,cross,line-anchored
3165595596,1,,1.0,False,False,True,False,True,OpenAI_Codex,human,summary only
3165597086,1,1.0,,False,True,False,True,True,Claude_Code,cross,line-anchored
3165605426,1,,1.0,False,False,True,False,True,OpenAI_Codex,human,summary only
3165622491,1,,1.0,False,False,True,False,True,OpenAI_Codex,human,summary only
3165623351,1,,1.0,False,False,True,False,True,OpenAI_Codex,human,summary only
3165662397,2,2.0,,False,True,False,True,True,Claude_Code,cross,line-anchored
3165684483,1,1.0,,True,False,False,False,True,Cursor,same,summary only
3165752300,1,1.0,,False,True,False,False,True,OpenAI_Codex,cross,summary only
3165778418,3,1.0,2.0,False,True,True,True,True,OpenAI_Codex,cross+human,line-anchored
3165822621,2,1.0,1.0,True,False,True,False,True,Cursor,same+human,summary only
3165857786,1,,1.0,False,False,True,False,False,Devin,human,bare verdicts only
3165912628,2,1.0,1.0,True,False,True,False,True,Copilot,same+human,summary only
3166030819,3,1.0,2.0,True,False,True,True,True,Cursor,same+human,line-anchored
3166111840,1,,1.0,False,False,True,False,True,OpenAI_Codex,human,summary only
3166162876,1,,1.0,False,False,True,False,True,OpenAI_Codex,human,summary only
3166170482,1,,1.0,False,False,True,False,True,OpenAI_Codex,human,summary only
3166187066,2,1.0,1.0,True,False,True,True,False,Copilot,same+human,line-anchored
3166194457,1,,1.0,False,False,True,False,True,OpenAI_Codex,human,summary only
3166258100,1,,1.0,False,False,True,False,True,OpenAI_Codex,human,summary only
3166279802,2,1.0,1.0,True,False,True,False,True,Copilot,same+human,summary only
3166285250,1,,1.0,False,False,True,False,True,Copilot,human,summary only
3166287915,1,1.0,,True,False,False,True,True,Copilot,same,line-anchored
3166294470,2,1.0,1.0,True,False,True,False,True,Copilot,same+human,summary only
3166296043,1,,1.0,False,False,True,False,False,Cursor,human,bare verdicts only
3166296433,1,,1.0,False,False,True,False,True,Cursor,human,summary only
3166296623,1,1.0,,False,True,False,True,False,Cursor,cross,line-anchored
3166337154,1,,1.0,False,False,True,False,False,OpenAI_Codex,human,bare verdicts only
3166348724,1,1.0,,False,True,False,False,True,OpenAI_Codex,cross,summary only
3166358529,1,,1.0,False,False,True,False,True,OpenAI_Codex,human,summary only
3166366433,2,1.0,1.0,False,True,True,False,True,OpenAI_Codex,cross+human,summary only
3166376148,1,,1.0,False,False,True,False,True,OpenAI_Codex,human,summary only
3166380013,1,,1.0,False,False,True,False,True,Copilot,human,summary only
3166384551,1,,1.0,False,False,True,False,True,OpenAI_Codex,human,summary only
3166407983,1,,1.0,False,False,True,False,True,OpenAI_Codex,human,summary only
3166454125,1,,1.0,False,False,True,False,False,Copilot,human,bare verdicts only
3166462574,2,1.0,1.0,True,False,True,False,True,Copilot,same+human,summary only
3166491360,1,1.0,,False,True,False,False,True,OpenAI_Codex,cross,summary only
3166502475,2,,2.0,False,False,True,False,True,Devin,human,summary only
3166556581,1,1.0,,False,True,False,False,True,OpenAI_Codex,cross,summary only
3166562295,1,,1.0,False,False,True,False,True,OpenAI_Codex,human,summary only
3166618227,2,1.0,1.0,True,False,True,True,False,Copilot,same+human,line-anchored
3166647564,1,,1.0,False,False,True,False,True,OpenAI_Codex,human,summary only
3166683250,2,1.0,1.0,True,False,True,True,False,Copilot,same+human,line-anchored
3166697455,2,1.0,1.0,False,True,True,True,True,Devin,cross+human,line-anchored
3166697799,3,1.0,2.0,True,False,True,False,True,Copilot,same+human,summary only
3166698822,1,,1.0,False,False,True,False,True,Copilot,human,summary only
3166810890,1,,1.0,False,False,True,False,True,OpenAI_Codex,human,summary only
3166815220,2,,2.0,False,False,True,False,True,Devin,human,summary only
3166840879,1,,1.0,False,False,True,False,False,Copilot,human,bare verdicts only
3166856651,1,,1.0,False,False,True,False,False,Copilot,human,bare verdicts only
3166878308,1,,1.0,False,False,True,False,False,Copilot,human,bare verdicts only
3166890939,2,,2.0,False,False,True,False,True,Devin,human,summary only
3167033946,3,,3.0,False,False,True,False,False,Copilot,human,bare verdicts only
3167044011,1,,1.0,False,False,True,False,False,Copilot,human,bare verdicts only
3167070520,3,3.0,,False,True,False,True,True,OpenAI_Codex,cross,line-anchored
3167114671,2,,2.0,False,False,True,False,True,Copilot,human,summary only
3167129678,1,,1.0,False,False,True,False,False,OpenAI_Codex,human,bare verdicts only
3167148478,1,1.0,,True,False,False,True,True,Copilot,same,line-anchored
3167220264,1,1.0,,False,True,False,True,True,Devin,cross,line-anchored
3167223032,2,1.0,1.0,True,False,True,True,True,Copilot,same+human,line-anchored
3167395087,2,1.0,1.0,True,False,True,False,True,Cursor,same+human,summary only
3167405378,2,,2.0,False,False,True,False,True,Copilot,human,summary only
3167450477,3,1.0,2.0,True,False,True,True,True,Claude_Code,same+human,line-anchored
3167462922,3,1.0,2.0,True,False,True,True,False,Copilot,same+human,line-anchored
3167787322,1,,1.0,False,False,True,False,False,Cursor,human,bare verdicts only
3167827984,2,1.0,1.0,False,True,True,True,True,Devin,cross+human,line-anchored
3167859362,1,,1.0,False,False,True,False,False,Cursor,human,bare verdicts only
3167973528,1,,1.0,False,False,True,False,True,OpenAI_Codex,human,summary only
3167980930,1,,1.0,False,False,True,True,True,Cursor,human,line-anchored
3168071551,3,,3.0,False,False,True,False,False,Copilot,human,bare verdicts only
3168148765,2,1.0,1.0,False,True,True,True,True,OpenAI_Codex,cross+human,line-anchored
3168168040,2,,2.0,False,False,True,False,False,Copilot,human,bare verdicts only
3168207808,2,,2.0,False,False,True,False,True,Copilot,human,summary only
3168217498,2,1.0,1.0,True,False,True,True,True,Copilot,same+human,line-anchored
3168218411,3,1.0,2.0,True,False,True,True,False,Copilot,same+human,line-anchored
3168272899,1,,1.0,False,False,True,False,True,OpenAI_Codex,human,summary only
3168274624,2,,2.0,False,False,True,False,False,Copilot,human,bare verdicts only
3168279520,1,1.0,,False,True,False,True,True,OpenAI_Codex,cross,line-anchored
3168350707,1,1.0,,False,True,False,False,True,OpenAI_Codex,cross,summary only
3168400337,1,1.0,,False,True,False,True,True,OpenAI_Codex,cross,line-anchored
3168487570,3,1.0,2.0,True,False,True,True,True,Copilot,same+human,line-anchored
3168490257,2,,2.0,False,False,True,False,False,Copilot,human,bare verdicts only
3168513490,3,,3.0,False,False,True,False,True,Copilot,human,summary only
3168521073,1,1.0,,False,True,False,True,True,OpenAI_Codex,cross,line-anchored
3168521538,3,1.0,2.0,True,False,True,True,False,Copilot,same+human,line-anchored
3168623396,2,1.0,1.0,True,False,True,True,False,Copilot,same+human,line-anchored
3168626948,3,1.0,2.0,True,False,True,True,False,Copilot,same+human,line-anchored
3168629538,2,,2.0,False,False,True,False,True,Copilot,human,summary only
3168646471,2,1.0,1.0,True,False,True,False,True,Copilot,same+human,summary only
3168670762,3,1.0,2.0,True,False,True,True,True,Copilot,same+human,line-anchored
3168695693,3,1.0,2.0,True,False,True,True,True,Copilot,same+human,line-anchored
3168715494,3,,3.0,False,False,True,False,False,Copilot,human,bare verdicts only
3168726032,1,1.0,,True,False,False,False,True,Cursor,same,summary only
3168732581,1,,1.0,False,False,True,False,False,Cursor,human,bare verdicts only
3168734417,1,,1.0,False,False,True,False,False,OpenAI_Codex,human,bare verdicts only
3168781431,3,1.0,2.0,True,False,True,True,True,Copilot,same+human,line-anchored
3168799202,2,,2.0,False,False,True,False,True,Copilot,human,summary only
3168799658,1,,1.0,False,False,True,False,False,Copilot,human,bare verdicts only
3168889284,3,1.0,2.0,True,False,True,True,True,Copilot,same+human,line-anchored
3168922203,3,1.0,2.0,True,False,True,True,False,Copilot,same+human,line-anchored
3168945096,3,,3.0,False,False,True,True,False,Devin,human,line-anchored
3169008664,2,,2.0,False,False,True,False,True,Copilot,human,summary only
3169010853,3,1.0,2.0,True,False,True,True,True,Copilot,same+human,line-anchored
3169012315,3,,3.0,False,False,True,True,True,Copilot,human,line-anchored
3169050288,2,1.0,1.0,True,False,True,False,True,Copilot,same+human,summary only
3169054009,2,1.0,1.0,False,True,True,True,True,Devin,cross+human,line-anchored
3169097473,3,1.0,2.0,True,False,True,True,False,Copilot,same+human,line-anchored
3169100701,5,1.0,4.0,True,False,True,True,False,Copilot,same+human,line-anchored
3169102437,2,1.0,1.0,True,False,True,True,False,Copilot,same+human,line-anchored
3169146564,1,,1.0,False,False,True,False,False,Cursor,human,bare verdicts only
3169159305,1,1.0,,False,True,False,False,True,Devin,cross,summary only
3169180561,1,1.0,,True,False,False,False,True,Copilot,same,summary only
3169182560,1,,1.0,False,False,True,False,False,Cursor,human,bare verdicts only
3169185215,1,,1.0,False,False,True,False,False,Cursor,human,bare verdicts only
3169187477,2,1.0,1.0,True,False,True,True,False,Copilot,same+human,line-anchored
3169212086,2,1.0,1.0,True,False,True,True,False,Copilot,same+human,line-anchored
3169258035,1,,1.0,False,False,True,False,True,Cursor,human,summary only
3169258531,3,1.0,2.0,True,False,True,False,True,Copilot,same+human,summary only
3169259751,1,,1.0,False,False,True,False,False,Copilot,human,bare verdicts only
3169294377,1,,1.0,False,False,True,False,True,OpenAI_Codex,human,summary only
3169429627,5,1.0,4.0,True,False,True,True,False,Copilot,same+human,line-anchored
3169431198,3,1.0,2.0,True,False,True,True,True,Copilot,same+human,line-anchored
3169456811,2,,2.0,False,False,True,True,True,Cursor,human,line-anchored
3169467908,1,,1.0,False,False,True,False,False,OpenAI_Codex,human,bare verdicts only
3169470058,1,1.0,,False,True,False,False,True,OpenAI_Codex,cross,summary only
3169497988,4,1.0,3.0,True,False,True,True,False,Copilot,same+human,line-anchored
3169504363,2,1.0,1.0,True,False,True,True,True,Copilot,same+human,line-anchored
3169509660,2,1.0,1.0,False,True,True,True,True,OpenAI_Codex,cross+human,line-anchored
3169521217,2,,2.0,False,False,True,True,True,Cursor,human,line-anchored
3169522980,1,,1.0,False,False,True,False,False,Cursor,human,bare verdicts only
3169529285,3,1.0,2.0,True,False,True,True,False,Copilot,same+human,line-anchored
3169577770,4,1.0,3.0,True,False,True,True,False,Copilot,same+human,line-anchored
3169584730,1,,1.0,False,False,True,False,True,Cursor,human,summary only
3169603596,1,,1.0,False,False,True,False,True,OpenAI_Codex,human,summary only
3169619128,1,,1.0,False,False,True,False,True,Copilot,human,summary only
3169620759,1,,1.0,False,False,True,False,True,Copilot,human,summary only
3169622917,3,,3.0,False,False,True,False,True,Copilot,human,summary only
3169630875,1,,1.0,False,False,True,False,True,OpenAI_Codex,human,summary only
3169649243,6,1.0,5.0,True,False,True,True,False,Copilot,same+human,line-anchored
3169706651,2,1.0,1.0,False,True,True,True,True,Devin,cross+human,line-anchored
3169713457,1,,1.0,False,False,True,False,True,OpenAI_Codex,human,summary only
3169739023,1,,1.0,False,False,True,False,True,Copilot,human,summary only
3169753530,1,1.0,,False,True,False,True,False,OpenAI_Codex,cross,line-anchored
3169803535,3,1.0,2.0,True,False,True,True,True,Copilot,same+human,line-anchored
3169803701,2,1.0,1.0,True,False,True,True,True,Copilot,same+human,line-anchored
3169803882,2,1.0,1.0,True,False,True,True,True,Copilot,same+human,line-anchored
3169919867,1,1.0,,False,True,False,True,True,Devin,cross,line-anchored
3169935211,1,1.0,,False,True,False,False,True,Cursor,cross,summary only
3169944957,1,,1.0,False,False,True,False,False,Copilot,human,bare verdicts only
3169977033,2,,2.0,False,False,True,False,True,Devin,human,summary only
3170016626,1,1.0,,False,True,False,True,True,OpenAI_Codex,cross,line-anchored
3170043914,1,,1.0,False,False,True,False,True,OpenAI_Codex,human,summary only
3170054434,3,1.0,2.0,True,False,True,True,False,Copilot,same+human,line-anchored
3170071914,2,1.0,1.0,True,False,True,True,False,Copilot,same+human,line-anchored
3170104958,1,1.0,,False,True,False,True,True,Claude_Code,cross,line-anchored
3170117110,2,1.0,1.0,False,True,True,False,True,OpenAI_Codex,cross+human,summary only
3170143839,1,,1.0,False,False,True,False,True,OpenAI_Codex,human,summary only
3170197546,2,1.0,1.0,False,True,True,True,True,OpenAI_Codex,cross+human,line-anchored
3170199750,2,1.0,1.0,False,True,True,True,True,Devin,cross+human,line-anchored
3170282540,1,1.0,,False,True,False,True,True,Devin,cross,line-anchored
3170428337,1,,1.0,False,False,True,False,False,Copilot,human,bare verdicts only
3170461837,2,1.0,1.0,False,True,True,False,True,Cursor,cross+human,summary only
3170483078,1,,1.0,False,False,True,True,False,Devin,human,line-anchored
3170532863,3,1.0,2.0,False,True,True,True,True,Devin,cross+human,line-anchored
3170544938,3,1.0,2.0,True,False,True,True,False,Copilot,same+human,line-anchored
3170718881,3,1.0,2.0,True,False,True,True,True,Cursor,same+human,line-anchored
3170864491,1,,1.0,False,False,True,False,False,Copilot,human,bare verdicts only
3170894637,3,,3.0,False,False,True,True,False,Copilot,human,line-anchored
3170947322,2,,2.0,False,False,True,False,False,Copilot,human,bare verdicts only
3170984903,2,1.0,1.0,False,True,True,True,True,OpenAI_Codex,cross+human,line-anchored
3171069351,1,,1.0,False,False,True,False,False,Copilot,human,bare verdicts only
3171094112,3,1.0,2.0,False,True,True,True,True,OpenAI_Codex,cross+human,line-anchored
3171113463,3,1.0,2.0,True,False,True,True,True,Copilot,same+human,line-anchored
3171213092,1,,1.0,False,False,True,False,False,Copilot,human,bare verdicts only
3171284311,1,,1.0,False,False,True,False,True,Copilot,human,summary only
3171286213,2,1.0,1.0,True,False,True,True,False,Copilot,same+human,line-anchored
3171314067,3,1.0,2.0,False,True,True,True,True,Devin,cross+human,line-anchored
3171329551,3,,3.0,False,False,True,True,True,OpenAI_Codex,human,line-anchored
3171559766,2,2.0,,True,True,False,False,True,Cursor,same+cross,summary only
3171680415,1,,1.0,False,False,True,False,False,OpenAI_Codex,human,bare verdicts only
3171708235,2,1.0,1.0,True,False,True,True,True,Copilot,same+human,line-anchored
3171715437,3,1.0,2.0,True,False,True,True,True,Cursor,same+human,line-anchored
3171750360,2,1.0,1.0,True,False,True,False,True,Cursor,same+human,summary only
3171797950,2,1.0,1.0,False,True,True,True,True,OpenAI_Codex,cross+human,line-anchored
3171819372,3,,3.0,False,False,True,True,True,Cursor,human,line-anchored
3171852682,2,2.0,,True,True,False,False,True,Cursor,same+cross,summary only
3171931827,6,1.0,5.0,False,True,True,True,True,Devin,cross+human,line-anchored
3172063081,1,,1.0,False,False,True,True,False,Devin,human,line-anchored
3172070799,3,1.0,2.0,True,False,True,True,False,Copilot,same+human,line-anchored
3172164230,1,,1.0,False,False,True,False,False,OpenAI_Codex,human,bare verdicts only
3172243435,1,,1.0,False,False,True,False,False,OpenAI_Codex,human,bare verdicts only
3172261495,1,,1.0,False,False,True,False,True,OpenAI_Codex,human,summary only
3172263561,2,1.0,1.0,False,True,True,True,True,OpenAI_Codex,cross+human,line-anchored
3172295755,1,,1.0,False,False,True,False,False,OpenAI_Codex,human,bare verdicts only
3172352593,1,,1.0,False,False,True,False,False,Copilot,human,bare verdicts only
3172362186,1,,1.0,False,False,True,True,True,Copilot,human,line-anchored
3172381881,1,,1.0,False,False,True,False,True,Copilot,human,summary only
3172397861,1,1.0,,False,True,False,False,True,OpenAI_Codex,cross,summary only
3172409641,5,1.0,4.0,True,False,True,True,True,Copilot,same+human,line-anchored
3172410605,3,,3.0,False,False,True,False,False,Copilot,human,bare verdicts only
3172444753,2,,2.0,False,False,True,False,False,Copilot,human,bare verdicts only
3172482561,4,1.0,3.0,True,False,True,True,True,Copilot,same+human,line-anchored
3172572289,3,,3.0,False,False,True,False,False,Copilot,human,bare verdicts only
3172579381,1,,1.0,False,False,True,False,False,OpenAI_Codex,human,bare verdicts only
3172607599,2,1.0,1.0,False,True,True,True,True,Devin,cross+human,line-anchored
3172616024,1,,1.0,False,False,True,True,False,Devin,human,line-anchored
3172635187,3,1.0,2.0,True,False,True,True,True,Copilot,same+human,line-anchored
3172647828,2,,2.0,False,False,True,True,False,Claude_Code,human,line-anchored
3172651928,2,,2.0,False,False,True,True,True,Copilot,human,line-anchored
3172653799,4,1.0,3.0,True,False,True,True,True,Copilot,same+human,line-anchored
3172752603,5,1.0,4.0,True,False,True,True,True,Copilot,same+human,line-anchored
3172802243,1,,1.0,False,False,True,False,False,Cursor,human,bare verdicts only
3172814746,1,1.0,,False,True,False,False,True,OpenAI_Codex,cross,summary only
3172832930,1,,1.0,False,False,True,False,False,Cursor,human,bare verdicts only
3172846336,2,1.0,1.0,True,False,True,True,True,Copilot,same+human,line-anchored
3172897353,1,,1.0,False,False,True,False,False,Cursor,human,bare verdicts only
3172929515,3,1.0,2.0,True,False,True,True,True,Copilot,same+human,line-anchored
3172933734,3,1.0,2.0,True,False,True,True,True,Copilot,same+human,line-anchored
3172939109,1,,1.0,False,False,True,True,False,Devin,human,line-anchored
3172940339,2,2.0,,True,True,False,False,True,Cursor,same+cross,summary only
3172947096,1,,1.0,False,False,True,False,True,Copilot,human,summary only
3173023956,1,1.0,,False,True,False,False,True,Devin,cross,summary only
3173027875,2,1.0,1.0,True,False,True,True,True,Copilot,same+human,line-anchored
3173036983,1,1.0,,False,True,False,False,True,Devin,cross,summary only
3173074819,3,1.0,2.0,False,True,True,True,True,OpenAI_Codex,cross+human,line-anchored
3173092842,4,1.0,3.0,False,True,True,True,True,Cursor,cross+human,line-anchored
3173099223,1,,1.0,False,False,True,False,False,Devin,human,bare verdicts only
3173139037,1,,1.0,False,False,True,False,False,OpenAI_Codex,human,bare verdicts only
3173164296,1,,1.0,False,False,True,False,False,Cursor,human,bare verdicts only
3173180612,2,1.0,1.0,True,False,True,True,False,Copilot,same+human,line-anchored
3173181698,1,1.0,,False,True,False,False,True,OpenAI_Codex,cross,summary only
3173186208,2,,2.0,False,False,True,True,False,OpenAI_Codex,human,line-anchored
3173222615,1,1.0,,False,True,False,True,True,OpenAI_Codex,cross,line-anchored
3173227548,2,1.0,1.0,True,False,True,True,True,Copilot,same+human,line-anchored
3173234134,1,,1.0,False,False,True,False,False,OpenAI_Codex,human,bare verdicts only
3173242643,5,1.0,4.0,True,False,True,True,True,Copilot,same+human,line-anchored
3173252523,3,1.0,2.0,True,False,True,True,True,Copilot,same+human,line-anchored
3173274383,1,,1.0,False,False,True,False,False,Copilot,human,bare verdicts only
3173280313,1,,1.0,False,False,True,False,True,Copilot,human,summary only
3173302656,2,1.0,1.0,False,True,True,True,True,OpenAI_Codex,cross+human,line-anchored
3173305178,1,,1.0,False,False,True,False,True,Copilot,human,summary only
3173323784,1,1.0,,False,True,False,True,False,Cursor,cross,line-anchored
3173325969,1,1.0,,False,True,False,False,True,Devin,cross,summary only
3173331761,1,1.0,,False,True,False,True,True,OpenAI_Codex,cross,line-anchored
3173376097,1,,1.0,False,False,True,False,True,OpenAI_Codex,human,summary only
3173395491,1,,1.0,False,False,True,False,True,Copilot,human,summary only
3173415182,1,1.0,,False,True,False,True,True,OpenAI_Codex,cross,line-anchored
3173483731,1,1.0,,False,True,False,False,True,Cursor,cross,summary only
3173484699,1,1.0,,False,True,False,False,True,Cursor,cross,summary only
3173531582,3,1.0,2.0,True,False,True,True,False,Copilot,same+human,line-anchored
3173592507,1,,1.0,False,False,True,False,True,OpenAI_Codex,human,summary only
3173664115,3,1.0,2.0,False,True,True,True,True,Devin,cross+human,line-anchored
3173680476,1,,1.0,False,False,True,False,True,OpenAI_Codex,human,summary only
3173688499,2,1.0,1.0,True,False,True,True,True,Copilot,same+human,line-anchored
3173697083,4,1.0,3.0,True,False,True,True,True,Copilot,same+human,line-anchored
3173701897,1,,1.0,False,False,True,False,True,OpenAI_Codex,human,summary only
3173741729,1,,1.0,False,False,True,False,True,OpenAI_Codex,human,summary only
3173794198,2,,2.0,False,False,True,False,True,Devin,human,summary only
3173843128,1,,1.0,False,False,True,False,False,Cursor,human,bare verdicts only
3173847450,1,,1.0,False,False,True,False,True,OpenAI_Codex,human,summary only
3173870463,1,,1.0,False,False,True,False,True,OpenAI_Codex,human,summary only
3173922767,1,,1.0,False,False,True,False,True,OpenAI_Codex,human,summary only
3173969030,1,,1.0,False,False,True,False,True,OpenAI_Codex,human,summary only
3173971926,3,1.0,2.0,False,True,True,True,True,Claude_Code,cross+human,line-anchored
3173991603,1,,1.0,False,False,True,False,True,OpenAI_Codex,human,summary only
3174036103,3,1.0,2.0,False,True,True,True,True,Devin,cross+human,line-anchored
3174039853,1,,1.0,False,False,True,False,True,OpenAI_Codex,human,summary only
3174068500,1,,1.0,False,False,True,False,True,OpenAI_Codex,human,summary only
3174095902,1,,1.0,False,False,True,False,True,OpenAI_Codex,human,summary only
3174116179,1,,1.0,False,False,True,False,True,OpenAI_Codex,human,summary only
3174125763,2,1.0,1.0,False,True,True,False,True,OpenAI_Codex,cross+human,summary only
3174193356,2,,2.0,False,False,True,False,False,Copilot,human,bare verdicts only
3174265062,1,,1.0,False,False,True,False,True,OpenAI_Codex,human,summary only
3174268903,3,1.0,2.0,True,False,True,True,False,Copilot,same+human,line-anchored
3174281934,3,1.0,2.0,True,False,True,True,False,Copilot,same+human,line-anchored
3174339837,1,,1.0,False,False,True,False,True,OpenAI_Codex,human,summary only
3174375982,3,1.0,2.0,False,True,True,True,True,Devin,cross+human,line-anchored
3174428525,1,,1.0,False,False,True,True,False,Cursor,human,line-anchored
3174445415,1,1.0,,False,True,False,False,True,OpenAI_Codex,cross,summary only
3174455906,3,1.0,2.0,False,True,True,True,True,Devin,cross+human,line-anchored
3174512200,3,1.0,2.0,True,False,True,True,False,Copilot,same+human,line-anchored
3174571388,1,,1.0,False,False,True,False,False,Cursor,human,bare verdicts only
3174572670,2,1.0,1.0,False,True,True,False,True,Cursor,cross+human,summary only
3174598000,1,,1.0,False,False,True,False,False,Copilot,human,bare verdicts only
3174604777,2,1.0,1.0,True,False,True,True,False,Copilot,same+human,line-anchored
3174634284,1,,1.0,False,False,True,False,False,Cursor,human,bare verdicts only
3174649732,1,,1.0,False,False,True,False,True,Copilot,human,summary only
3174654401,1,,1.0,False,False,True,False,True,Cursor,human,summary only
3174718645,2,1.0,1.0,False,True,True,True,False,Devin,cross+human,line-anchored
3174838352,1,,1.0,False,False,True,False,False,Devin,human,bare verdicts only
3174870097,2,,2.0,False,False,True,False,True,Devin,human,summary only
3174935003,4,1.0,3.0,True,False,True,True,False,Copilot,same+human,line-anchored
3175041273,3,,3.0,False,False,True,True,True,Cursor,human,line-anchored
3175054599,1,,1.0,False,False,True,False,True,Copilot,human,summary only
3175055324,1,1.0,,True,False,False,False,True,Cursor,same,summary only
3175055580,1,1.0,,True,False,False,False,True,Cursor,same,summary only
3175058659,1,,1.0,False,False,True,False,True,OpenAI_Codex,human,summary only
3175061420,1,,1.0,False,False,True,False,True,Cursor,human,summary only
3175164176,2,,2.0,False,False,True,True,True,Devin,human,line-anchored
3175169812,2,1.0,1.0,True,False,True,True,False,Copilot,same+human,line-anchored
3175188468,1,1.0,,True,False,False,True,True,Copilot,same,line-anchored
3175209026,2,1.0,1.0,False,True,True,True,True,Claude_Code,cross+human,line-anchored
3175269971,1,,1.0,False,False,True,True,False,Devin,human,line-anchored
3175290345,1,,1.0,False,False,True,False,False,Devin,human,bare verdicts only
3175381820,3,1.0,2.0,True,False,True,True,True,Copilot,same+human,line-anchored
3175455636,2,,2.0,False,False,True,True,False,OpenAI_Codex,human,line-anchored
3175535650,3,1.0,2.0,True,False,True,True,False,Copilot,same+human,line-anchored
3175607758,1,,1.0,False,False,True,False,True,Copilot,human,summary only
3175654436,1,,1.0,False,False,True,False,True,OpenAI_Codex,human,summary only
3175679559,3,,3.0,False,False,True,False,False,Copilot,human,bare verdicts only
3175767337,2,,2.0,False,False,True,True,False,Devin,human,line-anchored
3175849392,1,,1.0,False,False,True,False,False,Copilot,human,bare verdicts only
3175880560,4,,4.0,False,False,True,True,True,Devin,human,line-anchored
3176054686,5,1.0,4.0,True,False,True,True,True,Copilot,same+human,line-anchored
3176056867,1,,1.0,False,False,True,False,False,Copilot,human,bare verdicts only
3176059878,2,2.0,,False,True,False,True,True,Devin,cross,line-anchored
3176112066,2,1.0,1.0,True,False,True,True,True,Copilot,same+human,line-anchored
3176118861,1,1.0,,False,True,False,False,True,Copilot,cross,summary only
3176132312,4,1.0,3.0,True,False,True,True,True,Copilot,same+human,line-anchored
3176139023,1,1.0,,False,True,False,True,True,OpenAI_Codex,cross,line-anchored
3176200393,2,1.0,1.0,True,False,True,True,False,Copilot,same+human,line-anchored
3176215328,1,,1.0,False,False,True,False,True,OpenAI_Codex,human,summary only
3176217773,2,1.0,1.0,True,False,True,True,False,Copilot,same+human,line-anchored
3176255193,2,1.0,1.0,True,False,True,False,True,Cursor,same+human,summary only
3176262635,1,,1.0,False,False,True,False,True,Copilot,human,summary only
3176277680,1,1.0,,False,True,False,False,True,Copilot,cross,summary only
3176298863,4,1.0,3.0,True,False,True,True,False,Copilot,same+human,line-anchored
3176305274,1,,1.0,False,False,True,True,False,Devin,human,line-anchored
3176345172,1,1.0,,False,True,False,False,True,Cursor,cross,summary only
3176363924,1,1.0,,False,True,False,False,True,Cursor,cross,summary only
3176385565,4,1.0,3.0,True,False,True,True,True,Copilot,same+human,line-anchored
3176406990,3,1.0,2.0,True,False,True,True,True,Copilot,same+human,line-anchored
3176424947,1,1.0,,False,True,False,False,True,OpenAI_Codex,cross,summary only
3176426672,1,1.0,,False,True,False,False,True,OpenAI_Codex,cross,summary only
3176429178,1,1.0,,False,True,False,False,True,OpenAI_Codex,cross,summary only
3176436231,2,1.0,1.0,True,False,True,True,True,Copilot,same+human,line-anchored
3176443941,2,,2.0,False,False,True,True,False,Copilot,human,line-anchored
3176451317,4,1.0,3.0,True,False,True,True,False,Copilot,same+human,line-anchored
3176538091,2,,2.0,False,False,True,True,False,OpenAI_Codex,human,line-anchored
3176553087,3,1.0,2.0,False,True,True,True,True,OpenAI_Codex,cross+human,line-anchored
3176623164,2,,2.0,False,False,True,False,True,Cursor,human,summary only
3176645907,2,1.0,1.0,True,False,True,True,False,Copilot,same+human,line-anchored
3176683935,3,,3.0,False,False,True,False,False,Copilot,human,bare verdicts only
3176692506,2,2.0,,False,True,False,True,True,OpenAI_Codex,cross,line-anchored
3176698537,1,,1.0,False,False,True,False,False,Copilot,human,bare verdicts only
3176701438,1,,1.0,False,False,True,False,False,Cursor,human,bare verdicts only
3176708032,1,,1.0,False,False,True,False,False,Devin,human,bare verdicts only
3176732963,2,1.0,1.0,True,False,True,True,True,Copilot,same+human,line-anchored
3176759438,1,,1.0,False,False,True,False,True,Cursor,human,summary only
3176761477,4,,4.0,False,False,True,True,False,Copilot,human,line-anchored
3176780928,1,,1.0,False,False,True,False,False,Cursor,human,bare verdicts only
3176781777,1,1.0,,False,True,False,True,True,OpenAI_Codex,cross,line-anchored
3176871505,1,,1.0,False,False,True,False,False,Copilot,human,bare verdicts only
3176926598,2,,2.0,False,False,True,True,True,Devin,human,line-anchored
3176961225,1,1.0,,False,True,False,False,True,OpenAI_Codex,cross,summary only
3176977180,1,1.0,,False,True,False,False,True,OpenAI_Codex,cross,summary only
3176981999,2,1.0,1.0,True,False,True,True,False,Copilot,same+human,line-anchored
3176986632,1,1.0,,False,True,False,True,True,OpenAI_Codex,cross,line-anchored
3176988764,1,1.0,,False,True,False,False,True,OpenAI_Codex,cross,summary only
3176989811,1,1.0,,False,True,False,True,True,OpenAI_Codex,cross,line-anchored
3177001461,1,1.0,,False,True,False,False,True,OpenAI_Codex,cross,summary only
3177080742,1,,1.0,False,False,True,False,False,Copilot,human,bare verdicts only
3177107618,4,1.0,3.0,True,False,True,True,False,Copilot,same+human,line-anchored
3177119690,1,,1.0,False,False,True,False,True,Copilot,human,summary only
3177154359,1,,1.0,False,False,True,False,True,Copilot,human,summary only
3177155948,4,1.0,3.0,True,False,True,True,False,Copilot,same+human,line-anchored
3177165792,1,,1.0,False,False,True,False,False,Copilot,human,bare verdicts only
3177184154,1,,1.0,False,False,True,False,False,Copilot,human,bare verdicts only
3177212628,2,,2.0,False,False,True,True,False,Cursor,human,line-anchored
3177256068,1,,1.0,False,False,True,False,False,Cursor,human,bare verdicts only
3177269519,1,,1.0,False,False,True,False,True,OpenAI_Codex,human,summary only
3177364810,1,1.0,,False,True,False,False,True,Cursor,cross,summary only
3177417172,5,1.0,4.0,True,False,True,False,True,Copilot,same+human,summary only
3177418767,3,2.0,1.0,False,True,True,True,True,OpenAI_Codex,cross+human,line-anchored
3177543571,3,2.0,1.0,False,True,True,False,True,OpenAI_Codex,cross+human,summary only
3177549523,2,1.0,1.0,True,False,True,True,False,Copilot,same+human,line-anchored
3177558438,2,1.0,1.0,False,True,True,False,True,Devin,cross+human,summary only
3177623179,5,3.0,2.0,False,True,True,True,True,OpenAI_Codex,cross+human,line-anchored
3177625216,4,1.0,3.0,True,False,True,True,True,Copilot,same+human,line-anchored
3177631832,1,1.0,,True,False,False,False,True,Cursor,same,summary only
3177654490,4,1.0,3.0,False,True,True,True,True,Claude_Code,cross+human,line-anchored
3177662558,1,,1.0,False,False,True,False,False,Copilot,human,bare verdicts only
3177673933,1,1.0,,False,True,False,True,True,Devin,cross,line-anchored
3177707166,1,,1.0,False,False,True,False,False,OpenAI_Codex,human,bare verdicts only
3177752082,4,1.0,3.0,True,False,True,False,True,Copilot,same+human,summary only
3177762716,3,,3.0,False,False,True,False,True,Copilot,human,summary only
3177942149,3,1.0,2.0,True,False,True,True,False,Copilot,same+human,line-anchored
3178007458,1,,1.0,False,False,True,False,False,Claude_Code,human,bare verdicts only
3178158316,3,1.0,2.0,False,True,True,True,True,Cursor,cross+human,line-anchored
3178233390,1,,1.0,False,False,True,True,False,Cursor,human,line-anchored
3178258083,2,,2.0,False,False,True,False,True,Devin,human,summary only
3178309782,3,,3.0,False,False,True,False,True,Copilot,human,summary only
3178370647,1,,1.0,False,False,True,False,True,OpenAI_Codex,human,summary only
3178409208,1,1.0,,False,True,False,False,True,OpenAI_Codex,cross,summary only
3178413073,1,1.0,,False,True,False,False,True,OpenAI_Codex,cross,summary only
3178423040,3,1.0,2.0,True,False,True,False,True,Copilot,same+human,summary only
3178427527,1,,1.0,False,False,True,False,False,Cursor,human,bare verdicts only
3178456167,2,,2.0,False,False,True,True,True,Copilot,human,line-anchored
3178472003,3,1.0,2.0,True,False,True,True,False,Copilot,same+human,line-anchored
3178532930,1,1.0,,False,True,False,True,True,OpenAI_Codex,cross,line-anchored
3178581161,2,1.0,1.0,False,True,True,True,True,Devin,cross+human,line-anchored
3178606483,1,,1.0,False,False,True,True,False,Devin,human,line-anchored
3178728964,3,2.0,1.0,False,True,True,True,True,OpenAI_Codex,cross+human,line-anchored
3178742060,1,,1.0,False,False,True,False,False,Cursor,human,bare verdicts only
3178783907,3,1.0,2.0,False,True,True,True,True,OpenAI_Codex,cross+human,line-anchored
3178828473,1,,1.0,False,False,True,False,True,OpenAI_Codex,human,summary only
3178837693,1,,1.0,False,False,True,False,True,OpenAI_Codex,human,summary only
3178931643,1,,1.0,False,False,True,False,True,OpenAI_Codex,human,summary only
3178933687,1,1.0,,False,True,False,False,True,Devin,cross,summary only
3178970320,2,,2.0,False,False,True,False,True,Copilot,human,summary only
3178974587,1,,1.0,False,False,True,False,False,OpenAI_Codex,human,bare verdicts only
3179011328,1,,1.0,False,False,True,False,False,OpenAI_Codex,human,bare verdicts only
3179148644,1,,1.0,False,False,True,True,False,Devin,human,line-anchored
3179231014,2,1.0,1.0,True,False,True,True,False,Copilot,same+human,line-anchored
3179244422,2,2.0,,False,True,False,True,True,Devin,cross,line-anchored
3179307625,1,,1.0,False,False,True,False,False,Cursor,human,bare verdicts only
3179352542,1,,1.0,False,False,True,False,True,Copilot,human,summary only
3179388883,4,1.0,3.0,True,False,True,True,False,Copilot,same+human,line-anchored
3179397967,1,1.0,,False,True,False,True,True,OpenAI_Codex,cross,line-anchored
3179413971,1,1.0,,False,True,False,False,True,OpenAI_Codex,cross,summary only
3179451686,3,1.0,2.0,True,False,True,True,True,Copilot,same+human,line-anchored
3179460425,3,1.0,2.0,True,False,True,True,False,Copilot,same+human,line-anchored
3179462117,4,1.0,3.0,True,False,True,True,False,Copilot,same+human,line-anchored
3179467888,2,1.0,1.0,True,False,True,True,False,Copilot,same+human,line-anchored
3179497496,2,2.0,,True,True,False,True,True,Cursor,same+cross,line-anchored
3179515957,5,1.0,4.0,True,False,True,True,False,Copilot,same+human,line-anchored
3179591837,1,1.0,,False,True,False,False,True,OpenAI_Codex,cross,summary only
3179592457,1,,1.0,False,False,True,False,False,Copilot,human,bare verdicts only
3179693089,1,,1.0,False,False,True,False,True,Copilot,human,summary only
3179711395,1,,1.0,False,False,True,False,True,OpenAI_Codex,human,summary only
3179741354,3,1.0,2.0,True,False,True,True,True,Copilot,same+human,line-anchored
3179741870,1,,1.0,False,False,True,False,True,Copilot,human,summary only
3179766264,3,1.0,2.0,True,False,True,True,True,Copilot,same+human,line-anchored
3179782246,1,,1.0,False,False,True,False,True,Copilot,human,summary only
3179789638,1,,1.0,False,False,True,False,True,Copilot,human,summary only
3179795816,3,1.0,2.0,True,False,True,True,True,Copilot,same+human,line-anchored
3179797234,1,,1.0,False,False,True,False,False,Devin,human,bare verdicts only
3179865924,5,1.0,4.0,True,False,True,True,True,Copilot,same+human,line-anchored
3179896693,1,,1.0,False,False,True,True,True,Devin,human,line-anchored
3179903390,2,1.0,1.0,False,True,True,True,True,OpenAI_Codex,cross+human,line-anchored
3179922729,1,,1.0,False,False,True,False,False,Devin,human,bare verdicts only
3179930805,1,1.0,,True,False,False,False,True,Cursor,same,summary only
3179973928,4,1.0,3.0,True,False,True,False,True,Copilot,same+human,summary only
3179981594,1,,1.0,False,False,True,False,True,Copilot,human,summary only
3180007991,3,,3.0,False,False,True,True,False,Copilot,human,line-anchored
3180025177,1,1.0,,True,False,False,False,True,Cursor,same,summary only
3180043339,1,,1.0,False,False,True,False,False,Devin,human,bare verdicts only
3180086729,1,1.0,,False,True,False,False,True,OpenAI_Codex,cross,summary only
3180142640,3,1.0,2.0,True,False,True,True,True,Copilot,same+human,line-anchored
3180163994,1,1.0,,False,True,False,False,True,Cursor,cross,summary only
3180190431,1,,1.0,False,False,True,True,False,Cursor,human,line-anchored
3180198385,3,1.0,2.0,True,False,True,True,False,Copilot,same+human,line-anchored
3180208470,1,1.0,,False,True,False,False,True,OpenAI_Codex,cross,summary only
3180240926,1,,1.0,False,False,True,True,False,Devin,human,line-anchored
3180322641,7,1.0,6.0,True,False,True,True,True,Copilot,same+human,line-anchored
3180334979,2,,2.0,False,False,True,False,False,Copilot,human,bare verdicts only
3180347787,4,1.0,3.0,True,False,True,True,True,Copilot,same+human,line-anchored
3180363547,2,1.0,1.0,True,False,True,True,True,Copilot,same+human,line-anchored
3180400702,2,1.0,1.0,True,False,True,True,False,Copilot,same+human,line-anchored
3180402351,3,,3.0,False,False,True,False,False,Copilot,human,bare verdicts only
3180421041,1,,1.0,False,False,True,False,True,Copilot,human,summary only
3180429834,3,1.0,2.0,True,False,True,True,True,Copilot,same+human,line-anchored
3180433493,4,1.0,3.0,True,False,True,True,True,Copilot,same+human,line-anchored
3180443475,2,,2.0,False,False,True,False,True,Copilot,human,summary only
3180452959,1,,1.0,False,False,True,True,True,Cursor,human,line-anchored
3180555821,2,2.0,,False,True,False,True,False,OpenAI_Codex,cross,line-anchored
3180594900,4,1.0,3.0,True,False,True,True,True,Copilot,same+human,line-anchored
3180628082,1,,1.0,False,False,True,False,False,Devin,human,bare verdicts only
3180642799,4,1.0,3.0,True,False,True,True,True,Copilot,same+human,line-anchored
3180713439,3,,3.0,False,False,True,False,False,Copilot,human,bare verdicts only
3180733109,1,1.0,,False,True,False,False,True,Cursor,cross,summary only
3180765473,4,1.0,3.0,True,False,True,True,False,Copilot,same+human,line-anchored
3180777350,2,2.0,,True,True,False,False,True,Cursor,same+cross,summary only
3180830949,3,,3.0,False,False,True,True,True,Devin,human,line-anchored
3180847693,2,2.0,,True,True,False,False,True,Cursor,same+cross,summary only
3180862670,2,1.0,1.0,False,True,True,False,True,Devin,cross+human,summary only
3180898287,3,,3.0,False,False,True,False,False,Copilot,human,bare verdicts only
3180908691,1,,1.0,False,False,True,True,False,OpenAI_Codex,human,line-anchored
3180942715,1,,1.0,False,False,True,False,False,Devin,human,bare verdicts only
3180988797,1,1.0,,False,True,False,True,True,OpenAI_Codex,cross,line-anchored
3181043136,1,,1.0,False,False,True,False,False,Copilot,human,bare verdicts only
3181057880,1,,1.0,False,False,True,False,False,OpenAI_Codex,human,bare verdicts only
3181286662,2,1.0,1.0,False,True,True,False,True,Devin,cross+human,summary only
3181433167,2,1.0,1.0,True,False,True,True,False,Copilot,same+human,line-anchored
3181479231,2,1.0,1.0,True,False,True,False,True,Copilot,same+human,summary only
3181601322,1,,1.0,False,False,True,False,False,Copilot,human,bare verdicts only
3181610291,1,,1.0,False,False,True,False,False,Copilot,human,bare verdicts only
3181655167,2,1.0,1.0,True,False,True,True,False,Copilot,same+human,line-anchored
3181659120,1,1.0,,False,True,False,False,True,OpenAI_Codex,cross,summary only
3181698676,2,1.0,1.0,True,False,True,False,True,Copilot,same+human,summary only
3181721791,4,,4.0,False,False,True,True,False,OpenAI_Codex,human,line-anchored
3181733090,1,,1.0,False,False,True,False,False,Copilot,human,bare verdicts only
3181804523,2,1.0,1.0,True,False,True,False,True,Copilot,same+human,summary only
3181913568,2,1.0,1.0,True,False,True,True,True,Copilot,same+human,line-anchored
3181976834,1,,1.0,False,False,True,False,True,Cursor,human,summary only
3182060500,2,,2.0,False,False,True,False,True,Copilot,human,summary only
3182061205,3,1.0,2.0,False,True,True,True,True,Cursor,cross+human,line-anchored
3182083992,3,1.0,2.0,True,False,True,True,True,Copilot,same+human,line-anchored
3182116698,3,1.0,2.0,False,True,True,False,True,Devin,cross+human,summary only
3182143440,2,2.0,,True,True,False,False,True,Cursor,same+cross,summary only
3182150653,4,1.0,3.0,True,False,True,True,True,Copilot,same+human,line-anchored
3182190655,1,1.0,,False,True,False,False,True,OpenAI_Codex,cross,summary only
3182255512,2,1.0,1.0,True,False,True,False,True,Copilot,same+human,summary only
3182285671,1,,1.0,False,False,True,False,False,Copilot,human,bare verdicts only
3182311227,1,1.0,,True,False,False,True,True,Copilot,same,line-anchored
3182328525,1,,1.0,False,False,True,False,False,Copilot,human,bare verdicts only
3182363334,1,1.0,,False,True,False,True,True,OpenAI_Codex,cross,line-anchored
3182406028,3,1.0,2.0,True,False,True,True,True,Copilot,same+human,line-anchored
3182466609,3,2.0,1.0,True,True,True,False,True,Cursor,same+cross+human,summary only
3182521702,2,1.0,1.0,True,False,True,False,True,Copilot,same+human,summary only
3182594859,1,,1.0,False,False,True,False,True,Copilot,human,summary only
3182625993,1,,1.0,False,False,True,True,False,Copilot,human,line-anchored
3182656631,2,1.0,1.0,True,False,True,False,True,Cursor,same+human,summary only
3182699495,1,,1.0,False,False,True,False,False,Copilot,human,bare verdicts only
3182767311,4,1.0,3.0,True,False,True,True,True,Copilot,same+human,line-anchored
3182909166,1,,1.0,False,False,True,False,True,Copilot,human,summary only
3182915267,4,1.0,3.0,True,False,True,True,True,Copilot,same+human,line-anchored
3182916770,1,1.0,,False,True,False,False,True,Devin,cross,summary only
3182983420,1,1.0,,True,False,False,False,True,Cursor,same,summary only
3183031505,3,,3.0,False,False,True,False,False,Copilot,human,bare verdicts only
3183048115,1,,1.0,False,False,True,True,False,OpenAI_Codex,human,line-anchored
3183102808,1,1.0,,False,True,False,False,True,OpenAI_Codex,cross,summary only
3183112826,1,,1.0,False,False,True,False,False,Cursor,human,bare verdicts only
3183129246,4,1.0,3.0,True,False,True,True,True,Copilot,same+human,line-anchored
3183290874,1,1.0,,False,True,False,False,True,OpenAI_Codex,cross,summary only
3183341186,2,1.0,1.0,True,False,True,True,True,Copilot,same+human,line-anchored
3183430843,3,1.0,2.0,True,False,True,True,False,Copilot,same+human,line-anchored
3183504987,1,,1.0,False,False,True,False,False,Copilot,human,bare verdicts only
3183510444,1,,1.0,False,False,True,False,True,Copilot,human,summary only
3183651013,4,1.0,3.0,True,False,True,True,True,Copilot,same+human,line-anchored
3183673331,1,1.0,,True,False,False,False,True,Cursor,same,summary only
3183686900,1,1.0,,False,True,False,False,True,Devin,cross,summary only
3183737448,4,1.0,3.0,True,False,True,False,True,Copilot,same+human,summary only
3183823976,2,,2.0,False,False,True,False,False,Copilot,human,bare verdicts only
3183837513,2,,2.0,False,False,True,True,True,Devin,human,line-anchored
3183851388,1,,1.0,False,False,True,True,False,Copilot,human,line-anchored
3183893708,2,,2.0,False,False,True,False,False,Copilot,human,bare verdicts only
3183932739,4,1.0,3.0,True,False,True,True,False,Copilot,same+human,line-anchored
3183936442,2,1.0,1.0,True,False,True,True,True,Copilot,same+human,line-anchored
3183957845,1,,1.0,False,False,True,False,True,Copilot,human,summary only
3184013951,1,1.0,,False,True,False,True,True,OpenAI_Codex,cross,line-anchored
3184093078,1,,1.0,False,False,True,True,False,Cursor,human,line-anchored
3184098825,1,,1.0,False,False,True,False,False,Cursor,human,bare verdicts only
3184110162,4,2.0,2.0,True,True,True,True,True,Cursor,same+cross+human,line-anchored
3184116369,2,1.0,1.0,False,True,True,False,True,Devin,cross+human,summary only
3184126692,2,1.0,1.0,True,False,True,True,False,Copilot,same+human,line-anchored
3184133320,1,,1.0,False,False,True,False,False,Copilot,human,bare verdicts only
3184145040,1,,1.0,False,False,True,False,False,Cursor,human,bare verdicts only
3184151573,1,,1.0,False,False,True,False,False,Devin,human,bare verdicts only
3184151662,1,,1.0,False,False,True,True,False,Devin,human,line-anchored
3184170024,2,1.0,1.0,True,False,True,True,False,Copilot,same+human,line-anchored
3184170027,1,,1.0,False,False,True,False,False,Copilot,human,bare verdicts only
3184170028,1,,1.0,False,False,True,False,False,Copilot,human,bare verdicts only
3184170032,2,1.0,1.0,True,False,True,True,False,Copilot,same+human,line-anchored
3184251527,2,1.0,1.0,True,False,True,True,False,Copilot,same+human,line-anchored
3184269634,3,1.0,2.0,True,False,True,True,True,Copilot,same+human,line-anchored
3184337854,2,1.0,1.0,False,True,True,False,True,Copilot,cross+human,summary only
3184403763,1,1.0,,False,True,False,True,True,OpenAI_Codex,cross,line-anchored
3184407666,2,1.0,1.0,False,True,True,True,True,Devin,cross+human,line-anchored
3184434153,2,1.0,1.0,False,True,True,True,True,Devin,cross+human,line-anchored
3184463362,2,1.0,1.0,True,False,True,True,True,Copilot,same+human,line-anchored
3184470273,2,1.0,1.0,True,False,True,True,False,Copilot,same+human,line-anchored
3184586878,2,,2.0,False,False,True,False,True,OpenAI_Codex,human,summary only
3184590998,3,,3.0,False,False,True,True,False,Copilot,human,line-anchored
3184595253,3,,3.0,False,False,True,True,True,OpenAI_Codex,human,line-anchored
3184636643,1,1.0,,True,False,False,True,True,Copilot,same,line-anchored
3184732857,3,,3.0,False,False,True,True,False,Copilot,human,line-anchored
3184777083,1,,1.0,False,False,True,False,False,Copilot,human,bare verdicts only
3184807974,1,,1.0,False,False,True,False,True,Copilot,human,summary only
3184850059,1,1.0,,False,True,False,True,True,Claude_Code,cross,line-anchored
3184874613,1,1.0,,False,True,False,False,True,OpenAI_Codex,cross,summary only
3184899448,2,1.0,1.0,True,False,True,True,True,Copilot,same+human,line-anchored
3184903811,1,1.0,,False,True,False,True,True,OpenAI_Codex,cross,line-anchored
3184948003,1,,1.0,False,False,True,False,False,OpenAI_Codex,human,bare verdicts only
3184948232,1,,1.0,False,False,True,False,False,OpenAI_Codex,human,bare verdicts only
3184979418,3,2.0,1.0,False,True,True,True,True,Devin,cross+human,line-anchored
3185004616,1,1.0,,False,True,False,True,True,OpenAI_Codex,cross,line-anchored
3185187902,1,,1.0,False,False,True,False,True,Copilot,human,summary only
3185190199,2,1.0,1.0,True,False,True,True,False,Copilot,same+human,line-anchored
3185225851,3,1.0,2.0,True,False,True,True,True,Copilot,same+human,line-anchored
3185229849,1,1.0,,False,True,False,False,True,Devin,cross,summary only
3185241769,2,,2.0,False,False,True,False,True,Copilot,human,summary only
3185272057,3,1.0,2.0,True,False,True,True,True,Copilot,same+human,line-anchored
3185333353,2,1.0,1.0,True,False,True,True,False,Copilot,same+human,line-anchored
3185356100,1,1.0,,False,True,False,False,True,Cursor,cross,summary only
3185379935,1,,1.0,False,False,True,False,False,Copilot,human,bare verdicts only
3185381113,2,2.0,,True,True,False,False,True,Cursor,same+cross,summary only
3185449445,1,,1.0,False,False,True,True,False,Devin,human,line-anchored
3185453311,1,1.0,,False,True,False,False,True,Cursor,cross,summary only
3185481932,2,1.0,1.0,False,True,True,True,True,Cursor,cross+human,line-anchored
3185504393,2,,2.0,False,False,True,False,False,Copilot,human,bare verdicts only
3185509791,2,1.0,1.0,False,True,True,True,True,Cursor,cross+human,line-anchored
3185592403,1,,1.0,False,False,True,False,True,Devin,human,summary only
3185626931,1,1.0,,False,True,False,True,False,Cursor,cross,line-anchored
3185633355,1,1.0,,False,True,False,True,True,OpenAI_Codex,cross,line-anchored
3185682256,1,,1.0,False,False,True,True,False,OpenAI_Codex,human,line-anchored
3185693407,1,,1.0,False,False,True,True,True,Devin,human,line-anchored
3185717547,1,1.0,,False,True,False,True,True,OpenAI_Codex,cross,line-anchored
3185723605,2,1.0,1.0,True,False,True,True,True,Copilot,same+human,line-anchored
3185776244,1,1.0,,False,True,False,True,True,OpenAI_Codex,cross,line-anchored
3185780307,1,,1.0,False,False,True,False,False,Devin,human,bare verdicts only
3185792728,3,1.0,2.0,True,False,True,True,False,Copilot,same+human,line-anchored
3185816053,1,1.0,,False,True,False,False,True,OpenAI_Codex,cross,summary only
3185864817,1,1.0,,False,True,False,True,True,Devin,cross,line-anchored
3185873836,1,,1.0,False,False,True,False,False,OpenAI_Codex,human,bare verdicts only
3185875840,4,1.0,3.0,True,False,True,True,False,Copilot,same+human,line-anchored
3186020109,1,1.0,,False,True,False,True,True,OpenAI_Codex,cross,line-anchored
3186169437,1,,1.0,False,False,True,False,True,Copilot,human,summary only
3186197332,2,1.0,1.0,True,False,True,False,True,Copilot,same+human,summary only
3186218830,5,1.0,4.0,True,False,True,True,True,Copilot,same+human,line-anchored
3186252799,1,1.0,,False,True,False,False,True,Cursor,cross,summary only
3186281968,2,1.0,1.0,True,False,True,True,True,Copilot,same+human,line-anchored
3186299556,2,1.0,1.0,True,False,True,False,True,Copilot,same+human,summary only
3186313279,1,1.0,,False,True,False,True,True,OpenAI_Codex,cross,line-anchored
3186319080,1,1.0,,False,True,False,True,True,Cursor,cross,line-anchored
3186334732,1,1.0,,False,True,False,True,True,OpenAI_Codex,cross,line-anchored
3186342353,1,1.0,,False,True,False,True,True,OpenAI_Codex,cross,line-anchored
3186365121,1,,1.0,False,False,True,False,True,Copilot,human,summary only
3186400170,3,1.0,2.0,True,False,True,True,True,Copilot,same+human,line-anchored
3186419851,1,1.0,,False,True,False,True,True,OpenAI_Codex,cross,line-anchored
3186447377,2,1.0,1.0,True,False,True,True,True,Copilot,same+human,line-anchored
3186492948,2,1.0,1.0,True,False,True,False,True,Cursor,same+human,summary only
3186515135,1,,1.0,False,False,True,True,False,OpenAI_Codex,human,line-anchored
3186564845,3,1.0,2.0,True,False,True,True,False,Copilot,same+human,line-anchored
3186566543,1,,1.0,False,False,True,False,True,Copilot,human,summary only
3186594250,1,1.0,,False,True,False,False,True,OpenAI_Codex,cross,summary only
3186594625,2,1.0,1.0,False,True,True,True,True,OpenAI_Codex,cross+human,line-anchored
3186598583,1,1.0,,False,True,False,True,True,OpenAI_Codex,cross,line-anchored
3186598858,1,1.0,,False,True,False,True,True,OpenAI_Codex,cross,line-anchored
3186599253,1,1.0,,False,True,False,False,True,OpenAI_Codex,cross,summary only
3186609240,2,1.0,1.0,True,False,True,True,True,Copilot,same+human,line-anchored
3186610940,1,1.0,,False,True,False,False,True,OpenAI_Codex,cross,summary only
3186631700,3,,3.0,False,False,True,False,True,Copilot,human,summary only
3186640286,1,1.0,,False,True,False,True,True,OpenAI_Codex,cross,line-anchored
3186642813,1,,1.0,False,False,True,False,True,Copilot,human,summary only
3186647541,1,1.0,,False,True,False,True,True,OpenAI_Codex,cross,line-anchored
3186657928,1,1.0,,False,True,False,True,True,OpenAI_Codex,cross,line-anchored
3186658853,1,1.0,,False,True,False,True,True,OpenAI_Codex,cross,line-anchored
3186674955,1,1.0,,False,True,False,True,True,OpenAI_Codex,cross,line-anchored
3186688860,1,,1.0,False,False,True,False,False,Copilot,human,bare verdicts only
3186720553,2,,2.0,False,False,True,False,True,Devin,human,summary only
3186944152,1,,1.0,False,False,True,False,True,OpenAI_Codex,human,summary only
3187003117,1,1.0,,False,True,False,False,True,Devin,cross,summary only
3187090795,1,,1.0,False,False,True,False,True,OpenAI_Codex,human,summary only
3187163338,1,,1.0,False,False,True,False,True,OpenAI_Codex,human,summary only
3187186314,1,,1.0,False,False,True,False,False,OpenAI_Codex,human,bare verdicts only
3187312401,2,1.0,1.0,True,False,True,False,True,Cursor,same+human,summary only
3187356802,3,1.0,2.0,True,False,True,True,False,Copilot,same+human,line-anchored
3187389557,3,2.0,1.0,False,True,True,True,True,OpenAI_Codex,cross+human,line-anchored
3187477285,3,1.0,2.0,True,False,True,True,False,Copilot,same+human,line-anchored
3187604272,1,,1.0,False,False,True,True,False,Devin,human,line-anchored
3187660495,1,,1.0,False,False,True,False,False,Cursor,human,bare verdicts only
3187683940,1,,1.0,False,False,True,False,False,Copilot,human,bare verdicts only
3187802886,2,,2.0,False,False,True,False,True,Copilot,human,summary only
3187808523,2,1.0,1.0,True,False,True,True,False,Copilot,same+human,line-anchored
3187810707,5,1.0,4.0,True,False,True,True,False,Copilot,same+human,line-anchored
3187833970,1,,1.0,False,False,True,False,False,Devin,human,bare verdicts only
3187863693,1,,1.0,False,False,True,False,False,OpenAI_Codex,human,bare verdicts only
3187866797,4,1.0,3.0,True,False,True,True,True,Copilot,same+human,line-anchored
3187968450,1,,1.0,False,False,True,False,True,Copilot,human,summary only
3188046855,2,1.0,1.0,True,False,True,True,False,Copilot,same+human,line-anchored
3188097070,2,1.0,1.0,False,True,True,True,True,OpenAI_Codex,cross+human,line-anchored
3188202901,2,,2.0,False,False,True,True,False,Devin,human,line-anchored
3188256323,4,1.0,3.0,True,False,True,True,False,Copilot,same+human,line-anchored
3188386545,3,2.0,1.0,False,True,True,True,True,OpenAI_Codex,cross+human,line-anchored
3188535011,2,1.0,1.0,True,False,True,True,False,Copilot,same+human,line-anchored
3188621420,2,,2.0,False,False,True,False,True,Copilot,human,summary only
3188628049,2,,2.0,False,False,True,False,True,Copilot,human,summary only
3188641922,3,2.0,1.0,False,True,True,False,True,OpenAI_Codex,cross+human,summary only
3188675974,1,,1.0,False,False,True,False,True,Copilot,human,summary only
3188697837,2,2.0,,True,True,False,True,True,Cursor,same+cross,line-anchored
3188708808,1,,1.0,False,False,True,True,False,OpenAI_Codex,human,line-anchored
3188718099,3,,3.0,False,False,True,False,True,Copilot,human,summary only
3188742639,1,,1.0,False,False,True,False,False,OpenAI_Codex,human,bare verdicts only
3188765592,1,,1.0,False,False,True,False,False,Cursor,human,bare verdicts only
3188772752,3,1.0,2.0,True,False,True,True,False,Copilot,same+human,line-anchored
3188777808,2,,2.0,False,False,True,False,False,Copilot,human,bare verdicts only
3188778996,1,,1.0,False,False,True,False,False,OpenAI_Codex,human,bare verdicts only
3188841322,1,,1.0,False,False,True,False,True,OpenAI_Codex,human,summary only
3188858394,1,1.0,,False,True,False,True,True,Claude_Code,cross,line-anchored
3188865855,2,1.0,1.0,False,True,True,True,True,Claude_Code,cross+human,line-anchored
3188978416,2,,2.0,False,False,True,True,True,Copilot,human,line-anchored
3189024014,1,1.0,,False,True,False,True,False,Cursor,cross,line-anchored
3189024935,1,,1.0,False,False,True,False,True,Copilot,human,summary only
3189039569,1,1.0,,False,True,False,True,False,Cursor,cross,line-anchored
3189049757,2,1.0,1.0,True,False,True,True,True,Cursor,same+human,line-anchored
3189053262,1,1.0,,True,False,False,False,True,Cursor,same,summary only
3189058318,1,1.0,,True,False,False,False,True,Cursor,same,summary only
3189083580,1,1.0,,False,True,False,False,True,Cursor,cross,summary only
3189091502,3,1.0,2.0,True,False,True,True,False,Copilot,same+human,line-anchored
3189114886,1,1.0,,False,True,False,False,True,Devin,cross,summary only
3189115708,1,,1.0,False,False,True,False,False,Copilot,human,bare verdicts only
3189123914,1,,1.0,False,False,True,False,False,Cursor,human,bare verdicts only
3189124542,2,1.0,1.0,True,False,True,True,False,Copilot,same+human,line-anchored
3189203481,1,,1.0,False,False,True,False,True,Cursor,human,summary only
3189256349,2,,2.0,False,False,True,False,False,Copilot,human,bare verdicts only
3189270676,2,,2.0,False,False,True,False,False,Copilot,human,bare verdicts only
3189294728,1,,1.0,False,False,True,False,False,OpenAI_Codex,human,bare verdicts only
3189297953,3,1.0,2.0,True,False,True,True,False,Copilot,same+human,line-anchored
3189300447,2,2.0,,False,True,False,True,True,Cursor,cross,line-anchored
3189308210,1,,1.0,False,False,True,False,True,Cursor,human,summary only
3189321464,1,,1.0,False,False,True,False,True,Cursor,human,summary only
3189347022,4,1.0,3.0,True,False,True,True,False,Copilot,same+human,line-anchored
3189507528,2,1.0,1.0,False,True,True,True,True,Claude_Code,cross+human,line-anchored
3189533856,2,1.0,1.0,True,False,True,True,True,Copilot,same+human,line-anchored
3189541266,1,,1.0,False,False,True,True,False,Copilot,human,line-anchored
3189562608,5,1.0,4.0,True,False,True,True,True,Copilot,same+human,line-anchored
3189570878,4,1.0,3.0,True,False,True,True,True,Copilot,same+human,line-anchored
3189617933,1,,1.0,False,False,True,False,False,Devin,human,bare verdicts only
3189651457,4,1.0,3.0,True,False,True,True,True,Copilot,same+human,line-anchored
3189652480,2,,2.0,False,False,True,False,True,Copilot,human,summary only
3189653858,3,1.0,2.0,True,False,True,True,True,Copilot,same+human,line-anchored
3189655125,3,1.0,2.0,True,False,True,True,True,Copilot,same+human,line-anchored
3189657312,4,1.0,3.0,True,False,True,True,False,Copilot,same+human,line-anchored
3189657625,2,,2.0,False,False,True,False,True,Copilot,human,summary only
3189719663,2,1.0,1.0,False,True,True,True,True,OpenAI_Codex,cross+human,line-anchored
3189724023,1,1.0,,False,True,False,True,False,Cursor,cross,line-anchored
3189765757,3,1.0,2.0,True,False,True,True,True,Copilot,same+human,line-anchored
3189766514,1,1.0,,True,False,False,False,True,Cursor,same,summary only
3189766855,1,,1.0,False,False,True,True,False,OpenAI_Codex,human,line-anchored
3189773161,3,,3.0,False,False,True,False,False,Copilot,human,bare verdicts only
3189775547,3,,3.0,False,False,True,False,False,Copilot,human,bare verdicts only
3189776043,2,,2.0,False,False,True,True,True,OpenAI_Codex,human,line-anchored
3189779251,3,,3.0,False,False,True,False,False,Copilot,human,bare verdicts only
3189781191,4,1.0,3.0,True,False,True,True,True,Copilot,same+human,line-anchored
3189805672,1,,1.0,False,False,True,False,True,Copilot,human,summary only
3189842687,2,1.0,1.0,True,False,True,True,True,Copilot,same+human,line-anchored
3189851555,1,,1.0,False,False,True,False,False,OpenAI_Codex,human,bare verdicts only
3189891999,3,1.0,2.0,True,False,True,True,True,Copilot,same+human,line-anchored
3189898546,4,1.0,3.0,True,False,True,True,False,Copilot,same+human,line-anchored
3189930955,2,1.0,1.0,True,False,True,True,True,Copilot,same+human,line-anchored
3189935263,4,1.0,3.0,True,False,True,False,True,Copilot,same+human,summary only
3189950507,1,1.0,,False,True,False,True,True,OpenAI_Codex,cross,line-anchored
3189966102,4,1.0,3.0,True,False,True,True,False,Copilot,same+human,line-anchored
3189972179,2,1.0,1.0,True,False,True,True,True,Copilot,same+human,line-anchored
3189985536,2,,2.0,False,False,True,False,False,OpenAI_Codex,human,bare verdicts only
3190006754,3,1.0,2.0,False,True,True,True,True,Cursor,cross+human,line-anchored
3190011828,1,,1.0,False,False,True,False,False,OpenAI_Codex,human,bare verdicts only
3190054801,1,1.0,,True,False,False,False,True,Cursor,same,summary only
3190059446,1,1.0,,False,True,False,True,False,Cursor,cross,line-anchored
3190098735,1,,1.0,False,False,True,False,False,OpenAI_Codex,human,bare verdicts only
3190116387,2,1.0,1.0,False,True,True,True,True,OpenAI_Codex,cross+human,line-anchored
3190119327,3,1.0,2.0,True,False,True,True,False,Copilot,same+human,line-anchored
3190127291,1,,1.0,False,False,True,False,False,Devin,human,bare verdicts only
3190159928,3,1.0,2.0,False,True,True,True,False,Cursor,cross+human,line-anchored
3190191655,1,,1.0,False,False,True,True,False,Cursor,human,line-anchored
3190196520,2,,2.0,False,False,True,True,False,Copilot,human,line-anchored
3190215005,1,,1.0,False,False,True,False,False,Cursor,human,bare verdicts only
3190223487,2,1.0,1.0,True,False,True,True,False,Copilot,same+human,line-anchored
3190227280,3,,3.0,False,False,True,True,True,OpenAI_Codex,human,line-anchored
3190247421,1,1.0,,True,False,False,False,True,Cursor,same,summary only
3190291382,3,1.0,2.0,True,False,True,True,True,Copilot,same+human,line-anchored
3190348430,1,1.0,,False,True,False,True,True,Cursor,cross,line-anchored
3190390949,2,1.0,1.0,False,True,True,True,True,Claude_Code,cross+human,line-anchored
3190392108,3,1.0,2.0,True,False,True,True,False,Copilot,same+human,line-anchored
3190393624,1,1.0,,False,True,False,False,True,Cursor,cross,summary only
3190394825,3,1.0,2.0,False,True,True,True,True,OpenAI_Codex,cross+human,line-anchored
3190398427,1,1.0,,True,False,False,False,True,Cursor,same,summary only
3190402791,1,1.0,,False,True,False,True,True,OpenAI_Codex,cross,line-anchored
3190424487,2,1.0,1.0,True,False,True,True,True,Copilot,same+human,line-anchored
3190486831,1,,1.0,False,False,True,False,False,Copilot,human,bare verdicts only
3190505609,2,1.0,1.0,False,True,True,True,True,OpenAI_Codex,cross+human,line-anchored
3190507423,2,1.0,1.0,True,False,True,False,True,Cursor,same+human,summary only
3190536492,4,1.0,3.0,True,False,True,True,False,Copilot,same+human,line-anchored
3190548666,2,1.0,1.0,True,False,True,True,False,Copilot,same+human,line-anchored
3190568208,2,1.0,1.0,True,False,True,True,True,Copilot,same+human,line-anchored
3190607828,1,1.0,,True,False,False,False,True,Cursor,same,summary only
3190608451,2,1.0,1.0,True,False,True,True,True,Copilot,same+human,line-anchored
3190612638,2,1.0,1.0,True,False,True,True,True,Copilot,same+human,line-anchored
3190612959,2,1.0,1.0,True,False,True,True,True,Copilot,same+human,line-anchored
3190616003,2,1.0,1.0,True,False,True,True,False,Copilot,same+human,line-anchored
3190669375,2,1.0,1.0,False,True,True,False,True,Cursor,cross+human,summary only
3190691285,1,1.0,,False,True,False,False,True,Devin,cross,summary only
3190739105,1,,1.0,False,False,True,False,True,Copilot,human,summary only
3190851348,1,1.0,,True,False,False,True,True,Cursor,same,line-anchored
3191146058,1,1.0,,False,True,False,True,False,Cursor,cross,line-anchored
3191216415,1,,1.0,False,False,True,False,True,Copilot,human,summary only
3191219671,3,3.0,,True,True,False,True,True,Cursor,same+cross,line-anchored
3191221248,5,1.0,4.0,True,False,True,True,True,Cursor,same+human,line-anchored
3191243175,1,1.0,,True,False,False,True,True,Copilot,same,line-anchored
3191292025,5,1.0,4.0,True,False,True,True,True,Copilot,same+human,line-anchored
3191307637,2,1.0,1.0,False,True,True,True,True,OpenAI_Codex,cross+human,line-anchored
3191363848,1,1.0,,False,True,False,True,True,OpenAI_Codex,cross,line-anchored
3191381294,2,2.0,,False,True,False,True,True,OpenAI_Codex,cross,line-anchored
3191657479,1,,1.0,False,False,True,True,False,Devin,human,line-anchored
3191663388,1,,1.0,False,False,True,False,False,OpenAI_Codex,human,bare verdicts only
3191721657,1,,1.0,False,False,True,False,False,Copilot,human,bare verdicts only
3191726713,1,1.0,,False,True,False,True,True,OpenAI_Codex,cross,line-anchored
3191789111,3,1.0,2.0,True,False,True,True,True,Copilot,same+human,line-anchored
3191839195,5,2.0,3.0,False,True,True,True,True,OpenAI_Codex,cross+human,line-anchored
3191875426,2,1.0,1.0,True,False,True,True,False,Copilot,same+human,line-anchored
3191917322,2,2.0,,False,True,False,True,True,Devin,cross,line-anchored
3191922663,3,,3.0,False,False,True,False,False,Copilot,human,bare verdicts only
3192012013,1,,1.0,False,False,True,False,False,Copilot,human,bare verdicts only
3192113521,1,,1.0,False,False,True,False,False,Devin,human,bare verdicts only
3192132355,3,2.0,1.0,False,True,True,True,True,OpenAI_Codex,cross+human,line-anchored
3192173517,2,1.0,1.0,True,False,True,True,False,Copilot,same+human,line-anchored
3192193289,2,,2.0,False,False,True,True,True,Cursor,human,line-anchored
3192212731,2,1.0,1.0,True,False,True,True,False,Copilot,same+human,line-anchored
3192221805,2,1.0,1.0,True,False,True,True,True,Copilot,same+human,line-anchored
3192232871,2,,2.0,False,False,True,False,False,Devin,human,bare verdicts only
3192241241,1,1.0,,False,True,False,False,True,OpenAI_Codex,cross,summary only
3192244623,1,,1.0,False,False,True,False,False,Cursor,human,bare verdicts only
3192252952,2,,2.0,False,False,True,False,False,Copilot,human,bare verdicts only
3192321146,4,2.0,2.0,False,True,True,True,True,OpenAI_Codex,cross+human,line-anchored
3192536220,1,1.0,,False,True,False,True,False,Cursor,cross,line-anchored
3192545670,1,,1.0,False,False,True,False,False,Copilot,human,bare verdicts only
3192716401,1,,1.0,False,False,True,False,False,Copilot,human,bare verdicts only
3192728541,2,1.0,1.0,True,False,True,True,True,Copilot,same+human,line-anchored
3192741647,1,1.0,,False,True,False,True,False,Cursor,cross,line-anchored
3192830497,3,1.0,2.0,False,True,True,False,True,OpenAI_Codex,cross+human,summary only
3192892401,2,1.0,1.0,True,False,True,True,True,Copilot,same+human,line-anchored
3192932539,1,,1.0,False,False,True,False,False,Copilot,human,bare verdicts only
3192936598,1,,1.0,False,False,True,False,True,Copilot,human,summary only
3192967831,1,,1.0,False,False,True,False,False,Copilot,human,bare verdicts only
3192970391,1,,1.0,False,False,True,False,False,OpenAI_Codex,human,bare verdicts only
3193054070,2,,2.0,False,False,True,False,False,Copilot,human,bare verdicts only
3193068019,4,1.0,3.0,True,False,True,True,False,Copilot,same+human,line-anchored
3193093840,2,1.0,1.0,True,False,True,True,True,Copilot,same+human,line-anchored
3193094223,2,1.0,1.0,True,False,True,True,True,Copilot,same+human,line-anchored
3193101857,1,1.0,,False,True,False,True,True,Cursor,cross,line-anchored
3193155140,1,1.0,,False,True,False,True,True,OpenAI_Codex,cross,line-anchored
3193162795,1,,1.0,False,False,True,False,False,Copilot,human,bare verdicts only
3193162981,2,1.0,1.0,True,False,True,True,True,Copilot,same+human,line-anchored
3193191315,1,,1.0,False,False,True,False,True,Copilot,human,summary only
3193198936,2,1.0,1.0,False,True,True,True,True,Claude_Code,cross+human,line-anchored
3193248030,2,,2.0,False,False,True,False,False,Claude_Code,human,bare verdicts only
3193274759,2,,2.0,False,False,True,False,True,Copilot,human,summary only
3193295105,2,1.0,1.0,True,False,True,True,False,Copilot,same+human,line-anchored
3193303118,2,1.0,1.0,True,False,True,True,True,Copilot,same+human,line-anchored
3193320648,1,,1.0,False,False,True,True,True,Devin,human,line-anchored
3193322434,3,,3.0,False,False,True,True,True,Copilot,human,line-anchored
3193334000,1,,1.0,False,False,True,False,False,Cursor,human,bare verdicts only
3193344239,2,1.0,1.0,True,False,True,True,True,Copilot,same+human,line-anchored
3193344742,3,1.0,2.0,True,False,True,True,True,Copilot,same+human,line-anchored
3193356118,3,,3.0,False,False,True,False,True,Copilot,human,summary only
3193358042,3,1.0,2.0,True,False,True,True,True,Copilot,same+human,line-anchored
3193358943,1,,1.0,False,False,True,True,False,Cursor,human,line-anchored
3193362947,2,,2.0,False,False,True,False,True,Copilot,human,summary only
3193365645,3,1.0,2.0,True,False,True,True,True,Copilot,same+human,line-anchored
3193368433,1,,1.0,False,False,True,False,False,Copilot,human,bare verdicts only
3193369023,3,1.0,2.0,True,False,True,True,True,Copilot,same+human,line-anchored
3193372325,2,,2.0,False,False,True,False,True,Copilot,human,summary only
3193379348,2,1.0,1.0,True,False,True,True,False,Copilot,same+human,line-anchored
3193425873,3,,3.0,False,False,True,True,False,Cursor,human,line-anchored
3193454988,1,,1.0,False,False,True,False,False,Copilot,human,bare verdicts only
3193514773,3,,3.0,False,False,True,False,False,Copilot,human,bare verdicts only
3193524394,2,1.0,1.0,True,False,True,True,True,Copilot,same+human,line-anchored
3193560962,1,,1.0,False,False,True,True,True,OpenAI_Codex,human,line-anchored
3193587901,2,,2.0,False,False,True,False,False,Cursor,human,bare verdicts only
3193604442,1,,1.0,False,False,True,False,False,Cursor,human,bare verdicts only
3193634550,5,1.0,4.0,True,False,True,True,True,Copilot,same+human,line-anchored
3193653281,1,,1.0,False,False,True,False,True,Cursor,human,summary only
3193668341,1,1.0,,False,True,False,False,True,OpenAI_Codex,cross,summary only
3193677233,3,1.0,2.0,False,True,True,True,True,OpenAI_Codex,cross+human,line-anchored
3193698906,1,1.0,,False,True,False,False,True,Devin,cross,summary only
3193705340,1,1.0,,False,True,False,False,True,Devin,cross,summary only
3193710209,1,,1.0,False,False,True,True,False,Devin,human,line-anchored
3193713791,2,1.0,1.0,False,True,True,True,True,Devin,cross+human,line-anchored
3193739949,4,1.0,3.0,True,False,True,False,True,Copilot,same+human,summary only
3193741359,3,1.0,2.0,True,False,True,False,True,Copilot,same+human,summary only
3193746300,4,1.0,3.0,True,False,True,True,False,Copilot,same+human,line-anchored
3193754528,1,,1.0,False,False,True,False,False,Cursor,human,bare verdicts only
3193786351,4,1.0,3.0,False,True,True,True,True,Claude_Code,cross+human,line-anchored
3193831732,4,1.0,3.0,True,False,True,True,False,Copilot,same+human,line-anchored
3193867357,1,,1.0,False,False,True,True,False,OpenAI_Codex,human,line-anchored
3193870086,2,1.0,1.0,True,False,True,True,False,Copilot,same+human,line-anchored
3193888615,1,1.0,,True,False,False,False,True,Cursor,same,summary only
3193929955,1,,1.0,False,False,True,True,True,Devin,human,line-anchored
3193935940,1,,1.0,False,False,True,False,False,Cursor,human,bare verdicts only
3193983519,1,,1.0,False,False,True,False,True,Cursor,human,summary only
3193985099,2,,2.0,False,False,True,True,True,Devin,human,line-anchored
3194009121,1,,1.0,False,False,True,False,False,Devin,human,bare verdicts only
3194020697,1,1.0,,False,True,False,True,False,Cursor,cross,line-anchored
3194027866,1,1.0,,False,True,False,True,True,Cursor,cross,line-anchored
3194053710,2,,2.0,False,False,True,True,True,OpenAI_Codex,human,line-anchored
3194055598,2,1.0,1.0,False,True,True,False,True,Devin,cross+human,summary only
3194058647,1,1.0,,False,True,False,True,True,Cursor,cross,line-anchored
3194130560,2,1.0,1.0,True,False,True,True,True,Copilot,same+human,line-anchored
3194135600,1,1.0,,False,True,False,True,True,Cursor,cross,line-anchored
3194209729,1,,1.0,False,False,True,False,False,Cursor,human,bare verdicts only
3194210091,1,1.0,,False,True,False,True,True,Devin,cross,line-anchored
3194210207,1,,1.0,False,False,True,False,True,Copilot,human,summary only
3194212498,1,,1.0,False,False,True,False,True,Copilot,human,summary only
3194217765,3,1.0,2.0,True,False,True,True,False,Copilot,same+human,line-anchored
3194236413,2,1.0,1.0,True,False,True,True,False,Copilot,same+human,line-anchored
3194269192,3,1.0,2.0,True,False,True,True,False,Copilot,same+human,line-anchored
3194276718,2,,2.0,False,False,True,True,False,OpenAI_Codex,human,line-anchored
3194284966,1,,1.0,False,False,True,True,True,Cursor,human,line-anchored
3194288310,1,,1.0,False,False,True,False,False,Cursor,human,bare verdicts only
3194300634,1,,1.0,False,False,True,False,True,Cursor,human,summary only
3194331813,1,,1.0,False,False,True,False,False,Copilot,human,bare verdicts only
3194335316,1,1.0,,False,True,False,False,True,OpenAI_Codex,cross,summary only
3194357835,4,1.0,3.0,True,False,True,True,False,Copilot,same+human,line-anchored
3194387938,3,1.0,2.0,True,False,True,True,False,Copilot,same+human,line-anchored
3194389044,3,,3.0,False,False,True,False,True,Copilot,human,summary only
3194483657,4,2.0,2.0,False,True,True,True,True,Claude_Code,cross+human,line-anchored
3194511305,2,,2.0,False,False,True,True,True,Cursor,human,line-anchored
3194549869,5,1.0,4.0,True,False,True,True,False,Copilot,same+human,line-anchored
3194590175,2,1.0,1.0,False,True,True,False,True,Cursor,cross+human,summary only
3194631752,3,2.0,1.0,False,True,True,True,True,Cursor,cross+human,line-anchored
3194656871,2,1.0,1.0,True,False,True,True,False,Copilot,same+human,line-anchored
3194660633,1,1.0,,False,True,False,False,True,OpenAI_Codex,cross,summary only
3194774181,2,1.0,1.0,False,True,True,True,True,Cursor,cross+human,line-anchored
3194803721,3,1.0,2.0,True,False,True,True,False,Copilot,same+human,line-anchored
3194805300,5,1.0,4.0,True,False,True,True,True,Copilot,same+human,line-anchored
3194842443,3,2.0,1.0,False,True,True,True,True,OpenAI_Codex,cross+human,line-anchored
3194852325,4,3.0,1.0,False,True,True,True,True,OpenAI_Codex,cross+human,line-anchored
3194873100,1,,1.0,False,False,True,False,False,OpenAI_Codex,human,bare verdicts only
3194884585,1,1.0,,False,True,False,False,True,OpenAI_Codex,cross,summary only
3194885823,1,1.0,,False,True,False,False,True,OpenAI_Codex,cross,summary only
3194895472,3,1.0,2.0,True,False,True,True,True,Copilot,same+human,line-anchored
3194911136,1,1.0,,False,True,False,False,True,Cursor,cross,summary only
3194931081,1,1.0,,False,True,False,False,True,Cursor,cross,summary only
3194998721,3,1.0,2.0,True,False,True,True,True,Copilot,same+human,line-anchored
3195078514,2,,2.0,False,False,True,True,True,Copilot,human,line-anchored
3195083800,3,,3.0,False,False,True,False,False,Copilot,human,bare verdicts only
3195157655,1,1.0,,False,True,False,False,True,Cursor,cross,summary only
3195173415,3,2.0,1.0,False,True,True,True,True,OpenAI_Codex,cross+human,line-anchored
3195181090,2,,2.0,False,False,True,False,False,Copilot,human,bare verdicts only
3195187523,2,1.0,1.0,True,False,True,True,True,Copilot,same+human,line-anchored
3195198993,1,1.0,,False,True,False,False,True,Cursor,cross,summary only
3195214066,2,,2.0,False,False,True,False,False,Copilot,human,bare verdicts only
3195235112,1,1.0,,False,True,False,False,True,Cursor,cross,summary only
3195268003,2,1.0,1.0,True,False,True,True,False,Copilot,same+human,line-anchored
3195272939,3,2.0,1.0,False,True,True,True,True,OpenAI_Codex,cross+human,line-anchored
3195329595,4,1.0,3.0,True,False,True,True,True,Copilot,same+human,line-anchored
3195340595,4,2.0,2.0,False,True,True,True,True,OpenAI_Codex,cross+human,line-anchored
3195365909,3,1.0,2.0,True,False,True,True,False,Copilot,same+human,line-anchored
3195465753,1,,1.0,False,False,True,True,False,Cursor,human,line-anchored
3195510189,1,1.0,,True,False,False,True,True,Copilot,same,line-anchored
3195513409,5,3.0,2.0,True,True,True,True,True,Cursor,same+cross+human,line-anchored
3195544033,2,,2.0,False,False,True,True,False,Cursor,human,line-anchored
3195558400,1,,1.0,False,False,True,True,True,Cursor,human,line-anchored
3195562721,2,2.0,,False,True,False,True,True,OpenAI_Codex,cross,line-anchored
3195573803,2,1.0,1.0,True,False,True,True,False,Copilot,same+human,line-anchored
3195588879,2,1.0,1.0,True,False,True,False,True,Copilot,same+human,summary only
3195598738,2,1.0,1.0,True,False,True,True,True,Copilot,same+human,line-anchored
3195645830,2,1.0,1.0,True,False,True,False,True,Copilot,same+human,summary only
3195676820,2,,2.0,False,False,True,False,True,Copilot,human,summary only
3195682712,1,,1.0,False,False,True,False,False,OpenAI_Codex,human,bare verdicts only
3195730547,1,,1.0,False,False,True,False,False,OpenAI_Codex,human,bare verdicts only
3195738163,1,1.0,,False,True,False,True,True,Cursor,cross,line-anchored
3195757855,1,,1.0,False,False,True,False,False,Cursor,human,bare verdicts only
3195766508,1,,1.0,False,False,True,False,False,OpenAI_Codex,human,bare verdicts only
3195788503,2,1.0,1.0,True,False,True,True,False,Copilot,same+human,line-anchored
3195801570,3,1.0,2.0,True,False,True,True,True,Copilot,same+human,line-anchored
3195825058,1,,1.0,False,False,True,False,False,Copilot,human,bare verdicts only
3195843494,1,,1.0,False,False,True,False,False,Copilot,human,bare verdicts only
3195859598,2,1.0,1.0,True,False,True,True,True,Copilot,same+human,line-anchored
3195886974,2,,2.0,False,False,True,False,True,Copilot,human,summary only
3195938530,1,1.0,,True,False,False,False,True,Cursor,same,summary only
3195944087,2,1.0,1.0,False,True,True,True,True,OpenAI_Codex,cross+human,line-anchored
3195951369,2,2.0,,False,True,False,True,True,Devin,cross,line-anchored
3195953065,2,1.0,1.0,True,False,True,True,False,Copilot,same+human,line-anchored
3195957785,1,1.0,,False,True,False,False,True,Cursor,cross,summary only
3195961080,2,,2.0,False,False,True,False,True,OpenAI_Codex,human,summary only
3195969460,2,,2.0,False,False,True,False,False,Copilot,human,bare verdicts only
3195989523,6,1.0,5.0,False,True,True,True,True,Devin,cross+human,line-anchored
3196037358,1,1.0,,False,True,False,False,True,Cursor,cross,summary only
3196054892,2,,2.0,False,False,True,False,False,Copilot,human,bare verdicts only
3196086462,3,1.0,2.0,True,False,True,True,True,Copilot,same+human,line-anchored
3196103967,1,,1.0,False,False,True,False,True,Copilot,human,summary only
3196112911,4,1.0,3.0,True,False,True,True,True,Copilot,same+human,line-anchored
3196115751,2,1.0,1.0,True,False,True,True,True,Copilot,same+human,line-anchored
3196128756,3,1.0,2.0,True,False,True,True,True,Copilot,same+human,line-anchored
3196147809,3,1.0,2.0,True,False,True,True,True,Copilot,same+human,line-anchored
3196164164,2,,2.0,False,False,True,False,True,Devin,human,summary only
3196178556,1,,1.0,False,False,True,False,False,Devin,human,bare verdicts only
3196192171,1,1.0,,False,True,False,False,True,Cursor,cross,summary only
3196214574,1,,1.0,False,False,True,False,False,Copilot,human,bare verdicts only
3196239177,1,,1.0,False,False,True,False,True,Cursor,human,summary only
3196277860,4,1.0,3.0,True,False,True,True,False,Copilot,same+human,line-anchored
3196278450,1,,1.0,False,False,True,False,True,Copilot,human,summary only
3196295632,3,1.0,2.0,True,False,True,True,False,Copilot,same+human,line-anchored
3196333391,1,,1.0,False,False,True,False,False,Devin,human,bare verdicts only
3196415291,2,1.0,1.0,False,True,True,True,False,Cursor,cross+human,line-anchored
3196479981,4,2.0,2.0,False,True,True,True,True,Devin,cross+human,line-anchored
3196510307,1,1.0,,False,True,False,True,True,Cursor,cross,line-anchored
3196526840,2,1.0,1.0,False,True,True,True,True,Cursor,cross+human,line-anchored
3196537513,2,1.0,1.0,True,False,True,True,False,Copilot,same+human,line-anchored
3196547980,5,1.0,4.0,True,False,True,True,True,Copilot,same+human,line-anchored
3196575552,1,,1.0,False,False,True,False,False,Copilot,human,bare verdicts only
3196598608,2,,2.0,False,False,True,False,True,Copilot,human,summary only
3196609446,2,1.0,1.0,True,False,True,True,False,Copilot,same+human,line-anchored
3196619353,2,1.0,1.0,True,False,True,True,False,Copilot,same+human,line-anchored
3196621198,2,1.0,1.0,True,False,True,True,False,Copilot,same+human,line-anchored
3196681289,1,,1.0,False,False,True,False,False,Cursor,human,bare verdicts only
3196736429,1,1.0,,True,False,False,False,True,Cursor,same,summary only
3196793854,2,1.0,1.0,True,False,True,True,False,Copilot,same+human,line-anchored
3196812180,5,1.0,4.0,True,False,True,True,True,Copilot,same+human,line-anchored
3196844594,3,,3.0,False,False,True,False,False,Copilot,human,bare verdicts only
3196859024,1,1.0,,True,False,False,False,True,Cursor,same,summary only
3196863235,2,1.0,1.0,True,False,True,True,False,Copilot,same+human,line-anchored
3196870591,1,,1.0,False,False,True,False,False,Cursor,human,bare verdicts only
3196903441,1,,1.0,False,False,True,False,False,Cursor,human,bare verdicts only
3196917053,1,,1.0,False,False,True,False,False,Cursor,human,bare verdicts only
3196929641,1,1.0,,False,True,False,True,False,Cursor,cross,line-anchored
3196948732,1,,1.0,False,False,True,True,False,Devin,human,line-anchored
3196952174,4,1.0,3.0,True,False,True,True,True,Copilot,same+human,line-anchored
3196953655,3,1.0,2.0,True,False,True,True,True,Copilot,same+human,line-anchored
3196955536,3,1.0,2.0,True,False,True,True,True,Copilot,same+human,line-anchored
3196955896,2,1.0,1.0,True,False,True,False,True,Copilot,same+human,summary only
3196981192,1,,1.0,False,False,True,True,False,Devin,human,line-anchored
3196988167,1,1.0,,False,True,False,False,True,Cursor,cross,summary only
3197014348,2,1.0,1.0,True,False,True,True,True,Copilot,same+human,line-anchored
3197019965,1,1.0,,True,False,False,True,True,Copilot,same,line-anchored
3197023120,2,1.0,1.0,True,False,True,True,False,Copilot,same+human,line-anchored
3197027308,1,,1.0,False,False,True,False,False,Cursor,human,bare verdicts only
3197065453,1,,1.0,False,False,True,False,True,Devin,human,summary only
3197133956,1,1.0,,False,True,False,False,True,Devin,cross,summary only
3197135316,1,,1.0,False,False,True,False,False,Devin,human,bare verdicts only
3197138491,4,1.0,3.0,True,False,True,True,False,Copilot,same+human,line-anchored
3197139442,1,,1.0,False,False,True,True,False,Devin,human,line-anchored
3197149473,1,1.0,,False,True,False,False,True,Cursor,cross,summary only
3197164048,1,,1.0,False,False,True,False,True,Cursor,human,summary only
3197176906,1,1.0,,True,False,False,False,True,Cursor,same,summary only
3197180934,3,1.0,2.0,True,False,True,True,True,Copilot,same+human,line-anchored
3197272083,3,,3.0,False,False,True,True,False,OpenAI_Codex,human,line-anchored
3197273981,1,,1.0,False,False,True,False,False,Devin,human,bare verdicts only
3197279228,2,1.0,1.0,True,False,True,True,True,Copilot,same+human,line-anchored
3197313762,5,1.0,4.0,False,True,True,True,False,Cursor,cross+human,line-anchored
3197317963,1,1.0,,False,True,False,False,True,Cursor,cross,summary only
3197356267,1,,1.0,False,False,True,False,False,OpenAI_Codex,human,bare verdicts only
3197390587,2,,2.0,False,False,True,True,False,OpenAI_Codex,human,line-anchored
3197392290,2,1.0,1.0,False,True,True,True,True,Cursor,cross+human,line-anchored
3197436829,1,1.0,,False,True,False,True,True,Claude_Code,cross,line-anchored
3197478045,1,,1.0,False,False,True,False,False,Devin,human,bare verdicts only
3197502999,1,1.0,,False,True,False,True,True,Cursor,cross,line-anchored
3197534051,1,,1.0,False,False,True,False,True,Devin,human,summary only
3197541653,2,1.0,1.0,True,False,True,True,True,Copilot,same+human,line-anchored
3197545730,2,1.0,1.0,True,False,True,False,True,Copilot,same+human,summary only
3197586942,1,,1.0,False,False,True,True,False,OpenAI_Codex,human,line-anchored
3197619756,1,,1.0,False,False,True,False,False,Copilot,human,bare verdicts only
3197663602,2,,2.0,False,False,True,True,True,Devin,human,line-anchored
3197688149,2,,2.0,False,False,True,False,True,Devin,human,summary only
3197748713,1,1.0,,False,True,False,True,True,OpenAI_Codex,cross,line-anchored
3197755254,1,,1.0,False,False,True,False,False,Cursor,human,bare verdicts only
3197755568,3,1.0,2.0,True,False,True,True,True,Copilot,same+human,line-anchored
3197760755,4,,4.0,False,False,True,True,False,Cursor,human,line-anchored
3197765608,3,1.0,2.0,True,False,True,True,True,Copilot,same+human,line-anchored
3197771632,2,1.0,1.0,True,False,True,True,True,Copilot,same+human,line-anchored
3197782823,2,1.0,1.0,False,True,True,False,True,Cursor,cross+human,summary only
3197785109,1,,1.0,False,False,True,True,False,Cursor,human,line-anchored
3197795537,3,1.0,2.0,False,True,True,True,False,Cursor,cross+human,line-anchored
3197877136,1,,1.0,False,False,True,False,False,Copilot,human,bare verdicts only
3197896940,1,,1.0,False,False,True,True,False,Copilot,human,line-anchored
3197983076,2,1.0,1.0,True,False,True,True,False,Copilot,same+human,line-anchored
3197983907,2,1.0,1.0,True,False,True,True,False,Copilot,same+human,line-anchored
3197989666,3,1.0,2.0,True,False,True,True,False,Copilot,same+human,line-anchored
3198011555,2,1.0,1.0,True,False,True,True,True,Copilot,same+human,line-anchored
3198050345,2,2.0,,False,True,False,True,False,OpenAI_Codex,cross,line-anchored
3198063528,2,1.0,1.0,True,False,True,True,False,Copilot,same+human,line-anchored
3198091319,1,1.0,,False,True,False,True,False,Devin,cross,line-anchored
3198187721,3,1.0,2.0,True,False,True,True,False,Copilot,same+human,line-anchored
3198234153,2,1.0,1.0,False,True,True,False,True,OpenAI_Codex,cross+human,summary only
3198244189,2,1.0,1.0,True,False,True,True,False,Copilot,same+human,line-anchored
3198252618,2,,2.0,False,False,True,False,False,Copilot,human,bare verdicts only
3198273572,1,,1.0,False,False,True,False,False,Copilot,human,bare verdicts only
3198286416,1,,1.0,False,False,True,False,False,Copilot,human,bare verdicts only
3198374664,1,,1.0,False,False,True,False,False,Copilot,human,bare verdicts only
3198393576,2,1.0,1.0,True,False,True,True,False,Copilot,same+human,line-anchored
3198395494,1,1.0,,False,True,False,True,True,OpenAI_Codex,cross,line-anchored
3198423879,1,,1.0,False,False,True,False,True,Copilot,human,summary only
3198495652,1,1.0,,True,False,False,False,True,Copilot,same,summary only
3198539313,2,,2.0,False,False,True,False,False,Copilot,human,bare verdicts only
3198591963,2,1.0,1.0,True,False,True,False,True,Copilot,same+human,summary only
3198631094,2,,2.0,False,False,True,True,False,Copilot,human,line-anchored
3198657500,2,,2.0,False,False,True,False,False,Copilot,human,bare verdicts only
3198658099,2,,2.0,False,False,True,False,False,Copilot,human,bare verdicts only
3198696735,1,,1.0,False,False,True,False,False,Copilot,human,bare verdicts only
3198732250,3,1.0,2.0,True,False,True,True,True,Copilot,same+human,line-anchored
3198773156,2,1.0,1.0,True,False,True,True,True,Copilot,same+human,line-anchored
3198797332,1,1.0,,True,False,False,False,True,Cursor,same,summary only
3198864389,1,,1.0,False,False,True,False,False,Copilot,human,bare verdicts only
3198922993,4,1.0,3.0,True,False,True,True,False,Copilot,same+human,line-anchored
3198958440,2,1.0,1.0,True,False,True,True,True,Copilot,same+human,line-anchored
3198960717,1,,1.0,False,False,True,True,False,Devin,human,line-anchored
3198963045,1,,1.0,False,False,True,False,False,Cursor,human,bare verdicts only
3199000271,2,1.0,1.0,True,False,True,True,False,Copilot,same+human,line-anchored
3199027461,1,1.0,,False,True,False,True,True,Claude_Code,cross,line-anchored
3199040436,2,,2.0,False,False,True,False,False,Copilot,human,bare verdicts only
3199041408,2,1.0,1.0,True,False,True,True,False,Copilot,same+human,line-anchored
3199050485,3,1.0,2.0,True,False,True,True,True,Copilot,same+human,line-anchored
3199071386,1,1.0,,True,False,False,True,True,Copilot,same,line-anchored
3199087637,1,,1.0,False,False,True,False,True,Copilot,human,summary only
3199112507,2,1.0,1.0,True,False,True,True,True,Copilot,same+human,line-anchored
3199121335,1,,1.0,False,False,True,False,True,Copilot,human,summary only
3199161790,1,,1.0,False,False,True,False,False,Cursor,human,bare verdicts only
3199191078,3,,3.0,False,False,True,True,True,OpenAI_Codex,human,line-anchored
3199198584,2,,2.0,False,False,True,True,True,Devin,human,line-anchored
3199210885,1,1.0,,True,False,False,False,True,Cursor,same,summary only
3199220740,1,,1.0,False,False,True,False,False,OpenAI_Codex,human,bare verdicts only
3199246505,2,1.0,1.0,True,False,True,True,True,Copilot,same+human,line-anchored
3199269207,1,,1.0,False,False,True,False,True,Copilot,human,summary only
3199291372,1,1.0,,True,False,False,False,True,Copilot,same,summary only
3199294664,3,2.0,1.0,False,True,True,True,True,OpenAI_Codex,cross+human,line-anchored
3199299700,2,1.0,1.0,True,False,True,True,True,Copilot,same+human,line-anchored
3199300206,3,2.0,1.0,False,True,True,True,True,OpenAI_Codex,cross+human,line-anchored
3199301415,2,1.0,1.0,False,True,True,False,True,OpenAI_Codex,cross+human,summary only
3199302401,3,2.0,1.0,False,True,True,True,True,OpenAI_Codex,cross+human,line-anchored
3199307752,4,3.0,1.0,False,True,True,True,True,OpenAI_Codex,cross+human,line-anchored
3199308896,3,2.0,1.0,False,True,True,True,True,OpenAI_Codex,cross+human,line-anchored
3199311591,2,1.0,1.0,False,True,True,True,True,OpenAI_Codex,cross+human,line-anchored
3199312011,2,1.0,1.0,False,True,True,False,True,OpenAI_Codex,cross+human,summary only
3199332203,2,1.0,1.0,True,False,True,True,False,Copilot,same+human,line-anchored
3199336821,1,,1.0,False,False,True,True,True,Copilot,human,line-anchored
3199367326,1,1.0,,True,False,False,True,True,Copilot,same,line-anchored
3199427523,1,1.0,,False,True,False,True,False,Devin,cross,line-anchored
3199452991,2,1.0,1.0,True,False,True,True,False,Copilot,same+human,line-anchored
3199574262,1,,1.0,False,False,True,True,False,Copilot,human,line-anchored
3199588219,1,,1.0,False,False,True,False,False,Cursor,human,bare verdicts only
3199789233,2,1.0,1.0,True,False,True,True,False,Copilot,same+human,line-anchored
3199812992,3,1.0,2.0,True,False,True,True,True,Copilot,same+human,line-anchored
3199830965,1,1.0,,False,True,False,False,True,Devin,cross,summary only
3199839671,4,1.0,3.0,True,False,True,True,False,Copilot,same+human,line-anchored
3199841597,1,,1.0,False,False,True,False,True,Copilot,human,summary only
3199867865,2,1.0,1.0,True,False,True,True,False,Copilot,same+human,line-anchored
3199868370,1,,1.0,False,False,True,False,False,Copilot,human,bare verdicts only
3199869164,1,,1.0,False,False,True,False,True,Copilot,human,summary only
3199870832,3,1.0,2.0,True,False,True,True,False,Copilot,same+human,line-anchored
3199881418,3,1.0,2.0,True,False,True,True,False,Copilot,same+human,line-anchored
3199882677,3,,3.0,False,False,True,True,True,Devin,human,line-anchored
3199884050,2,,2.0,False,False,True,False,True,Copilot,human,summary only
3199892406,2,,2.0,False,False,True,False,True,Copilot,human,summary only
3199904124,4,1.0,3.0,True,False,True,True,True,Copilot,same+human,line-anchored
3199905484,2,1.0,1.0,True,False,True,True,True,Copilot,same+human,line-anchored
3199906831,3,1.0,2.0,True,False,True,True,True,Copilot,same+human,line-anchored
3199964804,5,1.0,4.0,True,False,True,False,True,Copilot,same+human,summary only
3200033873,5,1.0,4.0,True,False,True,True,True,Copilot,same+human,line-anchored
3200073218,1,,1.0,False,False,True,False,True,OpenAI_Codex,human,summary only
3200090989,2,,2.0,False,False,True,False,False,Copilot,human,bare verdicts only
3200093045,3,1.0,2.0,True,False,True,True,True,Copilot,same+human,line-anchored
3200131815,1,,1.0,False,False,True,False,False,Copilot,human,bare verdicts only
3200159199,2,,2.0,False,False,True,False,False,Copilot,human,bare verdicts only
3200233643,2,,2.0,False,False,True,False,True,Copilot,human,summary only
3200243112,1,,1.0,False,False,True,False,False,Copilot,human,bare verdicts only
3200249747,1,1.0,,False,True,False,False,True,OpenAI_Codex,cross,summary only
3200297530,2,1.0,1.0,False,True,True,True,True,OpenAI_Codex,cross+human,line-anchored
3200306501,1,,1.0,False,False,True,False,False,OpenAI_Codex,human,bare verdicts only
3200386429,2,,2.0,False,False,True,False,False,Copilot,human,bare verdicts only
3200393827,2,1.0,1.0,True,False,True,True,False,Copilot,same+human,line-anchored
3200398251,2,1.0,1.0,True,False,True,True,True,Copilot,same+human,line-anchored
3200399398,4,1.0,3.0,True,False,True,True,False,Copilot,same+human,line-anchored
3200437883,2,1.0,1.0,False,True,True,True,True,OpenAI_Codex,cross+human,line-anchored
3200450814,1,,1.0,False,False,True,False,True,Cursor,human,summary only
3200462798,1,,1.0,False,False,True,False,False,Copilot,human,bare verdicts only
3200511935,4,,4.0,False,False,True,False,False,Copilot,human,bare verdicts only
3200528297,1,1.0,,False,True,False,False,True,OpenAI_Codex,cross,summary only
3200535343,3,1.0,2.0,True,False,True,False,True,Cursor,same+human,summary only
3200615668,4,,4.0,False,False,True,True,False,Cursor,human,line-anchored
3200632529,3,1.0,2.0,True,False,True,True,True,Copilot,same+human,line-anchored
3200632703,6,1.0,5.0,True,False,True,True,False,Copilot,same+human,line-anchored
3200633438,2,1.0,1.0,True,False,True,True,True,Copilot,same+human,line-anchored
3200704522,1,1.0,,False,True,False,True,True,Cursor,cross,line-anchored
3200714186,1,,1.0,False,False,True,False,False,OpenAI_Codex,human,bare verdicts only
3200733870,1,,1.0,False,False,True,True,False,Devin,human,line-anchored
3200746523,2,,2.0,False,False,True,True,False,Devin,human,line-anchored
3200773137,2,1.0,1.0,False,True,True,True,True,Devin,cross+human,line-anchored
3200807590,1,1.0,,False,True,False,False,True,Devin,cross,summary only
3200836668,2,1.0,1.0,False,True,True,True,True,Cursor,cross+human,line-anchored
3200923634,2,,2.0,False,False,True,False,False,Copilot,human,bare verdicts only
3200929768,1,1.0,,False,True,False,False,True,Cursor,cross,summary only
3200960782,2,1.0,1.0,False,True,True,True,True,Cursor,cross+human,line-anchored
3200961570,2,,2.0,False,False,True,True,True,Cursor,human,line-anchored
3200989471,1,,1.0,False,False,True,True,False,Devin,human,line-anchored
3200997153,3,1.0,2.0,True,False,True,True,True,Copilot,same+human,line-anchored
3200998051,3,2.0,1.0,False,True,True,True,True,OpenAI_Codex,cross+human,line-anchored
3201003233,1,,1.0,False,False,True,False,False,OpenAI_Codex,human,bare verdicts only
3201019692,2,1.0,1.0,True,False,True,True,True,Copilot,same+human,line-anchored
3201020681,1,1.0,,False,True,False,False,True,Cursor,cross,summary only
3201035188,1,,1.0,False,False,True,False,False,Devin,human,bare verdicts only
3201053625,3,2.0,1.0,False,True,True,True,True,OpenAI_Codex,cross+human,line-anchored
3201071820,3,2.0,1.0,False,True,True,True,True,OpenAI_Codex,cross+human,line-anchored
3201101024,4,2.0,2.0,False,True,True,True,True,Devin,cross+human,line-anchored
3201126181,1,,1.0,False,False,True,False,False,Copilot,human,bare verdicts only
3201126255,1,1.0,,False,True,False,True,True,Cursor,cross,line-anchored
3201135198,2,1.0,1.0,False,True,True,True,True,OpenAI_Codex,cross+human,line-anchored
3201150617,4,3.0,1.0,False,True,True,True,True,OpenAI_Codex,cross+human,line-anchored
3201207080,2,,2.0,False,False,True,False,True,Cursor,human,summary only
3201388775,2,1.0,1.0,True,False,True,True,True,Copilot,same+human,line-anchored
3201497807,2,1.0,1.0,True,False,True,True,True,Copilot,same+human,line-anchored
3201504234,2,1.0,1.0,True,False,True,True,False,Copilot,same+human,line-anchored
3201567268,2,,2.0,False,False,True,True,False,Claude_Code,human,line-anchored
3201596945,2,,2.0,False,False,True,False,True,Devin,human,summary only
3201615275,1,,1.0,False,False,True,False,True,Copilot,human,summary only
3201684625,2,,2.0,False,False,True,False,True,Copilot,human,summary only
3201867345,2,1.0,1.0,False,True,True,False,True,OpenAI_Codex,cross+human,summary only
3201911068,4,,4.0,False,False,True,False,True,Copilot,human,summary only
3202098847,1,,1.0,False,False,True,False,False,OpenAI_Codex,human,bare verdicts only
3202261102,1,1.0,,False,True,False,True,True,OpenAI_Codex,cross,line-anchored
3202263196,5,1.0,4.0,False,True,True,True,True,Devin,cross+human,line-anchored
3202327234,2,1.0,1.0,True,False,True,True,True,Copilot,same+human,line-anchored
3202444418,1,,1.0,False,False,True,False,True,Copilot,human,summary only
3202538366,1,,1.0,False,False,True,True,False,Cursor,human,line-anchored
3202564171,1,,1.0,False,False,True,True,False,Devin,human,line-anchored
3202574305,1,,1.0,False,False,True,False,False,Devin,human,bare verdicts only
3202575014,2,,2.0,False,False,True,True,False,Cursor,human,line-anchored
3202640068,1,1.0,,True,False,False,False,True,Cursor,same,summary only
3202647888,1,1.0,,True,False,False,False,True,Copilot,same,summary only
3202678038,2,1.0,1.0,True,False,True,True,False,Copilot,same+human,line-anchored
3202720250,1,,1.0,False,False,True,False,True,Copilot,human,summary only
3202730929,4,1.0,3.0,True,False,True,True,True,Copilot,same+human,line-anchored
3202743034,2,1.0,1.0,True,False,True,True,True,Copilot,same+human,line-anchored
3202851217,2,1.0,1.0,True,False,True,True,True,Copilot,same+human,line-anchored
3202996466,2,,2.0,False,False,True,True,False,Copilot,human,line-anchored
3203043702,3,,3.0,False,False,True,True,False,Cursor,human,line-anchored
3203097519,3,1.0,2.0,True,False,True,True,False,Copilot,same+human,line-anchored
3203098610,1,,1.0,False,False,True,True,False,Devin,human,line-anchored
3203142171,2,1.0,1.0,True,False,True,True,False,Copilot,same+human,line-anchored
3203146305,1,,1.0,False,False,True,False,False,Devin,human,bare verdicts only
3203208714,1,1.0,,False,True,False,True,True,OpenAI_Codex,cross,line-anchored
3203240366,1,,1.0,False,False,True,True,True,Cursor,human,line-anchored
3203262102,1,,1.0,False,False,True,True,False,Cursor,human,line-anchored
3203268173,1,1.0,,True,False,False,False,True,Copilot,same,summary only
3203302052,1,,1.0,False,False,True,False,True,OpenAI_Codex,human,summary only
3203303674,3,1.0,2.0,True,False,True,True,True,Copilot,same+human,line-anchored
3203324962,1,,1.0,False,False,True,True,False,Cursor,human,line-anchored
3203378613,5,1.0,4.0,False,True,True,True,True,Cursor,cross+human,line-anchored
3203381073,2,1.0,1.0,False,True,True,False,True,Cursor,cross+human,summary only
3203392047,4,1.0,3.0,True,False,True,True,True,Copilot,same+human,line-anchored
3203406376,1,1.0,,True,False,False,False,True,Cursor,same,summary only
3203419343,2,1.0,1.0,False,True,True,True,True,Cursor,cross+human,line-anchored
3203465340,2,,2.0,False,False,True,True,False,OpenAI_Codex,human,line-anchored
3203485444,3,2.0,1.0,False,True,True,True,True,OpenAI_Codex,cross+human,line-anchored
3203515928,1,,1.0,False,False,True,False,False,Cursor,human,bare verdicts only
3203534257,2,1.0,1.0,True,False,True,True,True,Copilot,same+human,line-anchored
3203547623,1,,1.0,False,False,True,False,False,Copilot,human,bare verdicts only
3203611416,2,,2.0,False,False,True,False,False,Copilot,human,bare verdicts only
3203675489,1,1.0,,False,True,False,False,True,OpenAI_Codex,cross,summary only
3203682664,1,1.0,,False,True,False,True,True,Cursor,cross,line-anchored
3203682901,1,1.0,,False,True,False,True,True,Cursor,cross,line-anchored
3203710727,1,1.0,,False,True,False,False,True,OpenAI_Codex,cross,summary only
3203711754,1,1.0,,False,True,False,False,True,OpenAI_Codex,cross,summary only
3203718569,1,,1.0,False,False,True,False,False,OpenAI_Codex,human,bare verdicts only
3203762551,1,,1.0,False,False,True,False,False,OpenAI_Codex,human,bare verdicts only
3203773126,2,1.0,1.0,False,True,True,True,True,Cursor,cross+human,line-anchored
3203773216,1,1.0,,False,True,False,True,True,Cursor,cross,line-anchored
3203773571,3,3.0,,False,True,False,True,True,Devin,cross,line-anchored
3203786184,2,1.0,1.0,False,True,True,True,True,Cursor,cross+human,line-anchored
3203786849,1,1.0,,False,True,False,True,True,OpenAI_Codex,cross,line-anchored
3203791172,2,,2.0,False,False,True,True,False,OpenAI_Codex,human,line-anchored
3203792018,1,,1.0,False,False,True,False,False,OpenAI_Codex,human,bare verdicts only
3203835478,2,,2.0,False,False,True,True,False,OpenAI_Codex,human,line-anchored
3203882746,1,1.0,,False,True,False,False,True,OpenAI_Codex,cross,summary only
3203888759,1,,1.0,False,False,True,True,False,Devin,human,line-anchored
3203892962,1,,1.0,False,False,True,True,False,Devin,human,line-anchored
3203951710,2,2.0,,False,True,False,True,False,Devin,cross,line-anchored
3203952731,1,,1.0,False,False,True,False,True,Copilot,human,summary only
3203952761,6,1.0,5.0,True,False,True,True,True,Cursor,same+human,line-anchored
3203959889,2,1.0,1.0,False,True,True,True,True,OpenAI_Codex,cross+human,line-anchored
3203992091,1,,1.0,False,False,True,True,False,OpenAI_Codex,human,line-anchored
3204148213,2,,2.0,False,False,True,False,False,Copilot,human,bare verdicts only
3204148886,1,,1.0,False,False,True,False,False,Copilot,human,bare verdicts only
3204214012,1,,1.0,False,False,True,False,False,Copilot,human,bare verdicts only
3204217101,1,,1.0,False,False,True,False,True,Copilot,human,summary only
3204250798,1,,1.0,False,False,True,False,False,OpenAI_Codex,human,bare verdicts only
3204267369,2,1.0,1.0,False,True,True,False,True,OpenAI_Codex,cross+human,summary only
3204273872,1,1.0,,True,False,False,True,True,Copilot,same,line-anchored
3204343027,1,1.0,,False,True,False,True,True,OpenAI_Codex,cross,line-anchored
3204403099,2,,2.0,False,False,True,False,False,Copilot,human,bare verdicts only
3204434394,1,1.0,,False,True,False,False,True,Devin,cross,summary only
3204498316,1,1.0,,False,True,False,False,True,Devin,cross,summary only
3204565892,1,1.0,,True,False,False,False,True,Copilot,same,summary only
3204580271,2,2.0,,True,True,False,True,True,Cursor,same+cross,line-anchored
3204637625,1,1.0,,True,False,False,False,True,Cursor,same,summary only
3204638331,1,1.0,,False,True,False,True,True,OpenAI_Codex,cross,line-anchored
3204645193,2,2.0,,True,True,False,False,True,Cursor,same+cross,summary only
3204683844,3,,3.0,False,False,True,False,False,Copilot,human,bare verdicts only
3204685682,4,1.0,3.0,True,False,True,True,True,Copilot,same+human,line-anchored
3204689046,2,1.0,1.0,True,False,True,True,False,Copilot,same+human,line-anchored
3204701804,1,1.0,,True,False,False,False,True,Cursor,same,summary only
3204714993,1,1.0,,False,True,False,True,True,Cursor,cross,line-anchored
3204772289,1,1.0,,False,True,False,True,True,Claude_Code,cross,line-anchored
3204780096,1,,1.0,False,False,True,False,False,OpenAI_Codex,human,bare verdicts only
3204784695,2,1.0,1.0,False,True,True,True,True,Devin,cross+human,line-anchored
3204881684,2,1.0,1.0,False,True,True,False,True,Cursor,cross+human,summary only
3204888083,3,,3.0,False,False,True,True,False,OpenAI_Codex,human,line-anchored
3204892029,2,,2.0,False,False,True,True,False,OpenAI_Codex,human,line-anchored
3204899509,1,1.0,,False,True,False,True,True,OpenAI_Codex,cross,line-anchored
3204930715,3,3.0,,False,True,False,True,True,OpenAI_Codex,cross,line-anchored
3204950565,2,1.0,1.0,True,False,True,True,False,Copilot,same+human,line-anchored
3205042667,2,2.0,,True,True,False,True,True,Cursor,same+cross,line-anchored
3205389818,2,1.0,1.0,True,False,True,True,False,Copilot,same+human,line-anchored
3205442114,2,1.0,1.0,False,True,True,True,True,OpenAI_Codex,cross+human,line-anchored
3205453833,1,,1.0,False,False,True,False,False,Copilot,human,bare verdicts only
3205474138,1,1.0,,False,True,False,True,True,OpenAI_Codex,cross,line-anchored
3205497325,1,,1.0,False,False,True,False,True,Copilot,human,summary only
3205509170,1,1.0,,False,True,False,True,True,Cursor,cross,line-anchored
3205514535,1,,1.0,False,False,True,False,False,Copilot,human,bare verdicts only
3205542333,1,,1.0,False,False,True,False,True,Copilot,human,summary only
3205600528,1,1.0,,False,True,False,False,True,Cursor,cross,summary only
3205680199,1,1.0,,False,True,False,True,True,OpenAI_Codex,cross,line-anchored
3205771814,4,1.0,3.0,True,False,True,True,True,Copilot,same+human,line-anchored
3205785202,1,1.0,,True,False,False,True,True,Copilot,same,line-anchored
3205804047,3,1.0,2.0,True,False,True,True,True,Copilot,same+human,line-anchored
3205824852,1,1.0,,True,False,False,False,True,Cursor,same,summary only
3205839196,1,1.0,,False,True,False,True,True,Claude_Code,cross,line-anchored
3205873874,1,1.0,,False,True,False,True,True,Cursor,cross,line-anchored
3205878580,2,,2.0,False,False,True,False,False,Copilot,human,bare verdicts only
3205891769,2,1.0,1.0,True,False,True,True,True,Copilot,same+human,line-anchored
3205929880,1,1.0,,False,True,False,True,True,Cursor,cross,line-anchored
3205952716,1,,1.0,False,False,True,False,True,Copilot,human,summary only
3205955913,2,1.0,1.0,True,False,True,True,False,Copilot,same+human,line-anchored
3205980960,3,1.0,2.0,True,False,True,False,True,Copilot,same+human,summary only
3206020144,1,1.0,,True,False,False,False,True,Cursor,same,summary only
3206119599,1,1.0,,False,True,False,True,True,Cursor,cross,line-anchored
3206168836,2,2.0,,True,True,False,True,True,Cursor,same+cross,line-anchored
3206197492,1,,1.0,False,False,True,False,False,Copilot,human,bare verdicts only
3206199204,1,1.0,,True,False,False,False,True,Cursor,same,summary only
3206203957,2,1.0,1.0,True,False,True,True,False,Copilot,same+human,line-anchored
3206217949,1,,1.0,False,False,True,False,False,Copilot,human,bare verdicts only
3206231176,2,1.0,1.0,True,False,True,True,True,Copilot,same+human,line-anchored
3206264749,4,1.0,3.0,True,False,True,True,True,Copilot,same+human,line-anchored
3206333392,1,,1.0,False,False,True,False,False,Cursor,human,bare verdicts only
3206340161,1,,1.0,False,False,True,False,True,Copilot,human,summary only
3206345609,1,1.0,,False,True,False,False,True,OpenAI_Codex,cross,summary only
3206362852,1,1.0,,False,True,False,True,False,Devin,cross,line-anchored
3206444195,2,1.0,1.0,True,False,True,True,True,Copilot,same+human,line-anchored
3206464379,1,,1.0,False,False,True,False,False,Cursor,human,bare verdicts only
3206484205,2,,2.0,False,False,True,False,True,Copilot,human,summary only
3206600707,2,1.0,1.0,True,False,True,True,True,Copilot,same+human,line-anchored
3206662836,1,1.0,,True,False,False,False,True,Cursor,same,summary only
3206821072,1,,1.0,False,False,True,False,True,OpenAI_Codex,human,summary only
3206831441,4,2.0,2.0,True,True,True,True,True,Copilot,same+cross+human,line-anchored
3206834000,3,2.0,1.0,True,True,True,True,True,Copilot,same+cross+human,line-anchored
3206861578,1,1.0,,False,True,False,True,True,OpenAI_Codex,cross,line-anchored
3206889625,1,1.0,,False,True,False,True,True,Claude_Code,cross,line-anchored
3206950313,1,1.0,,False,True,False,True,True,Claude_Code,cross,line-anchored
3207071991,1,1.0,,False,True,False,False,True,Cursor,cross,summary only
3207163792,1,1.0,,False,True,False,True,True,OpenAI_Codex,cross,line-anchored
3207169469,1,1.0,,False,True,False,False,True,OpenAI_Codex,cross,summary only
3207170410,1,1.0,,False,True,False,True,True,OpenAI_Codex,cross,line-anchored
3207183981,1,1.0,,False,True,False,True,True,OpenAI_Codex,cross,line-anchored
3207221136,2,1.0,1.0,False,True,True,True,True,Claude_Code,cross+human,line-anchored
3207231669,1,1.0,,False,True,False,False,True,OpenAI_Codex,cross,summary only
3207238334,1,1.0,,False,True,False,True,True,OpenAI_Codex,cross,line-anchored
3207252706,3,2.0,1.0,False,True,True,False,True,OpenAI_Codex,cross+human,summary only
3207278621,2,1.0,1.0,False,True,True,False,True,OpenAI_Codex,cross+human,summary only
3207311747,1,,1.0,False,False,True,False,False,Cursor,human,bare verdicts only
3207316127,1,,1.0,False,False,True,False,False,Copilot,human,bare verdicts only
3207348309,3,1.0,2.0,True,False,True,True,False,Copilot,same+human,line-anchored
3207352048,2,,2.0,False,False,True,False,True,Copilot,human,summary only
3207365350,3,1.0,2.0,True,False,True,True,True,Copilot,same+human,line-anchored
3207371743,1,,1.0,False,False,True,False,False,Copilot,human,bare verdicts only
3207400902,1,1.0,,False,True,False,True,True,OpenAI_Codex,cross,line-anchored
3207419884,1,1.0,,True,False,False,True,True,Copilot,same,line-anchored
3207431492,1,1.0,,False,True,False,True,True,OpenAI_Codex,cross,line-anchored
3207595792,2,1.0,1.0,True,False,True,True,True,Copilot,same+human,line-anchored
3207665528,2,1.0,1.0,True,False,True,True,False,Copilot,same+human,line-anchored
3207730994,1,,1.0,False,False,True,False,False,Copilot,human,bare verdicts only
3207786186,2,1.0,1.0,False,True,True,True,True,Cursor,cross+human,line-anchored
3207874593,2,1.0,1.0,False,True,True,True,True,OpenAI_Codex,cross+human,line-anchored
3207909459,4,1.0,3.0,True,False,True,True,True,Copilot,same+human,line-anchored
3207941907,3,1.0,2.0,False,True,True,True,True,Devin,cross+human,line-anchored
3207947406,1,,1.0,False,False,True,True,False,Cursor,human,line-anchored
3207970070,1,1.0,,False,True,False,False,True,Cursor,cross,summary only
3208009671,3,2.0,1.0,True,True,True,True,True,Copilot,same+cross+human,line-anchored
3208055841,1,,1.0,False,False,True,False,False,Devin,human,bare verdicts only
3208124851,3,,3.0,False,False,True,False,False,Copilot,human,bare verdicts only
3208129291,1,,1.0,False,False,True,False,True,Copilot,human,summary only
3208130662,1,,1.0,False,False,True,True,False,Copilot,human,line-anchored
3208261414,1,1.0,,False,True,False,True,True,Cursor,cross,line-anchored
3208360360,1,1.0,,False,True,False,True,True,OpenAI_Codex,cross,line-anchored
3208524171,1,1.0,,False,True,False,True,True,OpenAI_Codex,cross,line-anchored
3208545473,3,1.0,2.0,True,False,True,True,False,Copilot,same+human,line-anchored
3208571963,1,1.0,,False,True,False,True,True,OpenAI_Codex,cross,line-anchored
3208672912,2,1.0,1.0,False,True,True,True,True,Devin,cross+human,line-anchored
3208686693,1,1.0,,False,True,False,False,True,Cursor,cross,summary only
3208727721,1,1.0,,False,True,False,False,True,OpenAI_Codex,cross,summary only
3208736303,3,1.0,2.0,True,False,True,True,False,Copilot,same+human,line-anchored
3208758336,2,1.0,1.0,True,False,True,True,True,Copilot,same+human,line-anchored
3208915386,3,,3.0,False,False,True,False,False,Copilot,human,bare verdicts only
3208946277,1,1.0,,False,True,False,True,False,Cursor,cross,line-anchored
3209006885,2,,2.0,False,False,True,False,False,Copilot,human,bare verdicts only
3209183782,1,1.0,,True,False,False,False,True,Cursor,same,summary only
3209291492,1,1.0,,True,False,False,False,True,Cursor,same,summary only
3209314145,1,1.0,,True,False,False,False,True,Cursor,same,summary only
3209378291,3,1.0,2.0,True,False,True,True,True,Copilot,same+human,line-anchored
3209408684,1,,1.0,False,False,True,False,False,OpenAI_Codex,human,bare verdicts only
3209432582,2,2.0,,True,True,False,True,True,Cursor,same+cross,line-anchored
3209438016,2,,2.0,False,False,True,False,True,Copilot,human,summary only
3209445091,2,1.0,1.0,True,False,True,True,False,Copilot,same+human,line-anchored
3209484916,3,,3.0,False,False,True,False,False,Copilot,human,bare verdicts only
3209569709,5,1.0,4.0,True,False,True,True,True,Copilot,same+human,line-anchored
3209619194,3,1.0,2.0,True,False,True,True,False,Copilot,same+human,line-anchored
3209626947,3,,3.0,False,False,True,False,False,Copilot,human,bare verdicts only
3209628373,1,,1.0,False,False,True,False,False,Cursor,human,bare verdicts only
3209650898,1,,1.0,False,False,True,False,True,Copilot,human,summary only
3209660072,4,1.0,3.0,True,False,True,True,False,Copilot,same+human,line-anchored
3209661206,2,1.0,1.0,True,False,True,False,True,Copilot,same+human,summary only
3209695297,1,,1.0,False,False,True,False,False,Cursor,human,bare verdicts only
3209723205,1,1.0,,False,True,False,True,True,Claude_Code,cross,line-anchored
3209727238,3,1.0,2.0,True,False,True,True,True,Copilot,same+human,line-anchored
3209745551,3,,3.0,False,False,True,True,False,Devin,human,line-anchored
3209758064,1,,1.0,False,False,True,False,True,Cursor,human,summary only
3209796838,2,1.0,1.0,True,False,True,True,False,Copilot,same+human,line-anchored
3209809556,1,,1.0,False,False,True,True,False,Devin,human,line-anchored
3209832047,2,,2.0,False,False,True,False,False,Copilot,human,bare verdicts only
3209836652,3,,3.0,False,False,True,False,False,Copilot,human,bare verdicts only
3209849522,3,1.0,2.0,True,False,True,True,True,Copilot,same+human,line-anchored
3209861533,2,1.0,1.0,True,False,True,True,False,Copilot,same+human,line-anchored
3209872688,2,,2.0,False,False,True,False,True,Copilot,human,summary only
3209908129,4,1.0,3.0,True,False,True,True,False,Copilot,same+human,line-anchored
3209926289,3,1.0,2.0,True,False,True,True,False,Copilot,same+human,line-anchored
3209929940,3,1.0,2.0,True,False,True,True,True,Copilot,same+human,line-anchored
3209933068,3,1.0,2.0,True,False,True,True,True,Copilot,same+human,line-anchored
3209950136,1,1.0,,False,True,False,False,True,Cursor,cross,summary only
3209950297,2,,2.0,False,False,True,True,True,Cursor,human,line-anchored
3209954297,4,1.0,3.0,True,False,True,True,False,Copilot,same+human,line-anchored
3209960685,1,,1.0,False,False,True,False,True,OpenAI_Codex,human,summary only
3209963252,1,1.0,,False,True,False,True,True,OpenAI_Codex,cross,line-anchored
3209964949,1,,1.0,False,False,True,False,True,Cursor,human,summary only
3209986350,1,,1.0,False,False,True,False,True,Copilot,human,summary only
3209991607,2,1.0,1.0,True,False,True,True,True,Copilot,same+human,line-anchored
3210011863,1,,1.0,False,False,True,False,False,Cursor,human,bare verdicts only
3210012567,4,1.0,3.0,True,False,True,True,True,Copilot,same+human,line-anchored
3210037675,3,1.0,2.0,True,False,True,True,False,Copilot,same+human,line-anchored
3210043529,1,1.0,,False,True,False,False,True,OpenAI_Codex,cross,summary only
3210049031,1,1.0,,False,True,False,False,True,Devin,cross,summary only
3210054056,2,1.0,1.0,True,False,True,True,True,Copilot,same+human,line-anchored
3210076893,1,1.0,,False,True,False,True,True,OpenAI_Codex,cross,line-anchored
3210092538,1,1.0,,False,True,False,True,True,OpenAI_Codex,cross,line-anchored
3210120746,2,1.0,1.0,True,False,True,True,True,Copilot,same+human,line-anchored
3210123455,2,1.0,1.0,True,False,True,True,True,Copilot,same+human,line-anchored
3210124941,1,,1.0,False,False,True,False,False,Copilot,human,bare verdicts only
3210147166,1,,1.0,False,False,True,False,False,Copilot,human,bare verdicts only
3210150656,2,1.0,1.0,True,False,True,True,False,Copilot,same+human,line-anchored
3210172444,3,1.0,2.0,True,False,True,True,True,Copilot,same+human,line-anchored
3210178155,3,1.0,2.0,True,False,True,True,False,Copilot,same+human,line-anchored
3210192218,2,2.0,,False,True,False,True,True,Devin,cross,line-anchored
3210208883,1,1.0,,False,True,False,True,True,OpenAI_Codex,cross,line-anchored
3210213419,1,1.0,,False,True,False,False,True,OpenAI_Codex,cross,summary only
3210239309,2,1.0,1.0,True,False,True,True,False,Copilot,same+human,line-anchored
3210268722,4,,4.0,False,False,True,True,True,Devin,human,line-anchored
3210282420,1,1.0,,False,True,False,True,True,OpenAI_Codex,cross,line-anchored
3210283861,1,,1.0,False,False,True,False,False,Cursor,human,bare verdicts only
3210288401,1,1.0,,False,True,False,False,True,OpenAI_Codex,cross,summary only
3210294287,3,1.0,2.0,True,False,True,True,True,Copilot,same+human,line-anchored
3210295528,1,,1.0,False,False,True,False,False,Copilot,human,bare verdicts only
3210321906,2,1.0,1.0,True,False,True,True,False,Copilot,same+human,line-anchored
3210322760,3,,3.0,False,False,True,False,True,Copilot,human,summary only
3210323907,6,1.0,5.0,True,False,True,True,True,Copilot,same+human,line-anchored
3210325463,1,,1.0,False,False,True,False,False,Copilot,human,bare verdicts only
3210400633,1,1.0,,False,True,False,False,True,Cursor,cross,summary only
3210536156,2,1.0,1.0,False,True,True,True,True,Devin,cross+human,line-anchored
3210633319,3,1.0,2.0,True,False,True,True,False,Copilot,same+human,line-anchored
3210682652,1,,1.0,False,False,True,True,False,Devin,human,line-anchored
3210688776,1,1.0,,False,True,False,False,True,Claude_Code,cross,summary only
3210738738,1,,1.0,False,False,True,False,False,Copilot,human,bare verdicts only
3210755490,3,1.0,2.0,True,False,True,True,True,Copilot,same+human,line-anchored
3210760092,4,1.0,3.0,True,False,True,True,True,Cursor,same+human,line-anchored
3210766016,1,1.0,,False,True,False,False,True,OpenAI_Codex,cross,summary only
3210785381,1,1.0,,True,False,False,False,True,Copilot,same,summary only
3210787259,3,1.0,2.0,True,False,True,False,True,Copilot,same+human,summary only
3210800471,5,1.0,4.0,True,False,True,True,False,Copilot,same+human,line-anchored
3210824774,4,1.0,3.0,True,False,True,True,True,Copilot,same+human,line-anchored
3210834321,3,1.0,2.0,True,False,True,True,True,Copilot,same+human,line-anchored
3210835539,1,,1.0,False,False,True,False,True,OpenAI_Codex,human,summary only
3210837112,1,,1.0,False,False,True,False,False,Claude_Code,human,bare verdicts only
3210898758,3,1.0,2.0,True,False,True,True,False,Copilot,same+human,line-anchored
3210904150,3,1.0,2.0,True,False,True,True,True,Copilot,same+human,line-anchored
3210930666,1,1.0,,True,False,False,False,True,Cursor,same,summary only
3211100509,1,1.0,,False,True,False,True,True,Devin,cross,line-anchored
3211119439,3,1.0,2.0,True,False,True,True,True,Copilot,same+human,line-anchored
3211122981,3,1.0,2.0,False,True,True,True,True,Devin,cross+human,line-anchored
3211256178,1,,1.0,False,False,True,False,True,Copilot,human,summary only
3211331323,1,,1.0,False,False,True,False,True,OpenAI_Codex,human,summary only
3211363329,1,1.0,,False,True,False,True,True,OpenAI_Codex,cross,line-anchored
3211453517,2,1.0,1.0,False,True,True,False,True,Cursor,cross+human,summary only
3211505201,1,1.0,,False,True,False,False,True,Claude_Code,cross,summary only
3211507551,3,1.0,2.0,True,False,True,True,True,Copilot,same+human,line-anchored
3211580457,2,2.0,,True,True,False,False,True,Cursor,same+cross,summary only
3211605383,1,,1.0,False,False,True,False,True,Copilot,human,summary only
3211673232,1,,1.0,False,False,True,False,False,OpenAI_Codex,human,bare verdicts only
3211680515,1,,1.0,False,False,True,True,False,Copilot,human,line-anchored
3211867491,2,,2.0,False,False,True,True,False,Devin,human,line-anchored
3211888421,1,,1.0,False,False,True,False,False,Copilot,human,bare verdicts only
3211901051,1,,1.0,False,False,True,True,False,Copilot,human,line-anchored
3211931262,1,,1.0,False,False,True,False,False,Copilot,human,bare verdicts only
3211935118,1,,1.0,False,False,True,False,False,Copilot,human,bare verdicts only
3211942533,3,,3.0,False,False,True,False,False,Copilot,human,bare verdicts only
3211943706,2,1.0,1.0,True,False,True,True,False,Copilot,same+human,line-anchored
3211948604,4,1.0,3.0,True,False,True,True,False,Copilot,same+human,line-anchored
3211958444,3,,3.0,False,False,True,False,False,Copilot,human,bare verdicts only
3211991608,1,1.0,,False,True,False,True,True,OpenAI_Codex,cross,line-anchored
3211993339,1,1.0,,False,True,False,True,True,OpenAI_Codex,cross,line-anchored
3212005909,1,1.0,,False,True,False,True,True,OpenAI_Codex,cross,line-anchored
3212015431,1,1.0,,False,True,False,True,True,OpenAI_Codex,cross,line-anchored
3212034146,1,1.0,,False,True,False,False,True,OpenAI_Codex,cross,summary only
3212186764,2,1.0,1.0,True,False,True,True,True,Copilot,same+human,line-anchored
3212206965,1,1.0,,False,True,False,True,True,Claude_Code,cross,line-anchored
3212216423,1,1.0,,False,True,False,True,True,OpenAI_Codex,cross,line-anchored
3212218608,1,,1.0,False,False,True,False,True,Claude_Code,human,summary only
3212273826,2,1.0,1.0,True,False,True,False,True,Copilot,same+human,summary only
3212298491,2,1.0,1.0,True,False,True,True,True,Copilot,same+human,line-anchored
3212315483,3,,3.0,False,False,True,True,False,Cursor,human,line-anchored
3212367620,1,,1.0,False,False,True,True,True,OpenAI_Codex,human,line-anchored
3212397880,1,1.0,,False,True,False,True,True,Cursor,cross,line-anchored
3212422037,1,,1.0,False,False,True,False,False,Copilot,human,bare verdicts only
3212546999,2,,2.0,False,False,True,False,False,Copilot,human,bare verdicts only
3212603149,2,1.0,1.0,False,True,True,False,True,OpenAI_Codex,cross+human,summary only
3212617082,2,1.0,1.0,True,False,True,True,True,Copilot,same+human,line-anchored
3212619187,2,1.0,1.0,True,False,True,True,False,Copilot,same+human,line-anchored
3212624274,1,,1.0,False,False,True,False,False,Copilot,human,bare verdicts only
3212626331,2,1.0,1.0,True,False,True,True,True,Copilot,same+human,line-anchored
3212745068,1,,1.0,False,False,True,False,True,Copilot,human,summary only
3212763311,2,,2.0,False,False,True,False,True,Copilot,human,summary only
3212776826,1,1.0,,False,True,False,False,True,OpenAI_Codex,cross,summary only
3212784906,2,,2.0,False,False,True,False,True,Copilot,human,summary only
3212792099,3,1.0,2.0,True,False,True,True,True,Copilot,same+human,line-anchored
3212797402,3,1.0,2.0,True,False,True,True,True,Copilot,same+human,line-anchored
3212810620,3,1.0,2.0,True,False,True,True,True,Copilot,same+human,line-anchored
3212842859,1,,1.0,False,False,True,False,False,Devin,human,bare verdicts only
3212856580,2,,2.0,False,False,True,True,False,Cursor,human,line-anchored
3212880394,4,1.0,3.0,True,False,True,True,True,Copilot,same+human,line-anchored
3212902533,1,1.0,,True,False,False,False,True,Cursor,same,summary only
3212978749,1,,1.0,False,False,True,True,False,Copilot,human,line-anchored
3212993541,1,1.0,,True,False,False,False,True,Cursor,same,summary only
3213009297,1,,1.0,False,False,True,False,False,Copilot,human,bare verdicts only
3213015867,3,,3.0,False,False,True,False,False,Copilot,human,bare verdicts only
3213044317,5,,5.0,False,False,True,False,False,Copilot,human,bare verdicts only
3213048977,2,1.0,1.0,True,False,True,True,True,Copilot,same+human,line-anchored
3213060128,1,,1.0,False,False,True,True,True,Cursor,human,line-anchored
3213063461,3,1.0,2.0,True,False,True,True,False,Copilot,same+human,line-anchored
3213092067,2,,2.0,False,False,True,False,False,Copilot,human,bare verdicts only
3213110142,2,,2.0,False,False,True,False,False,Cursor,human,bare verdicts only
3213229671,1,,1.0,False,False,True,True,False,Devin,human,line-anchored
3213265669,3,1.0,2.0,False,True,True,True,True,Devin,cross+human,line-anchored
3213273125,3,2.0,1.0,False,True,True,False,True,OpenAI_Codex,cross+human,summary only
3213281518,1,,1.0,False,False,True,False,True,Cursor,human,summary only
3213303702,1,,1.0,False,False,True,False,True,Copilot,human,summary only
3213307439,2,1.0,1.0,True,False,True,True,False,Copilot,same+human,line-anchored
3213347355,4,,4.0,False,False,True,True,False,Cursor,human,line-anchored
3213367725,3,1.0,2.0,True,False,True,True,True,Copilot,same+human,line-anchored
3213370706,2,1.0,1.0,True,False,True,True,True,Copilot,same+human,line-anchored
3213407084,1,1.0,,False,True,False,False,True,Devin,cross,summary only
3213437986,1,,1.0,False,False,True,False,False,Cursor,human,bare verdicts only
3213599064,2,1.0,1.0,False,True,True,False,True,Devin,cross+human,summary only
3213624908,2,1.0,1.0,False,True,True,False,True,Devin,cross+human,summary only
3213681118,1,,1.0,False,False,True,False,True,OpenAI_Codex,human,summary only
3213779460,2,1.0,1.0,False,True,True,True,True,Cursor,cross+human,line-anchored
3213826108,1,,1.0,False,False,True,True,False,Cursor,human,line-anchored
3213850159,2,1.0,1.0,False,True,True,False,True,Devin,cross+human,summary only
3213860114,1,,1.0,False,False,True,False,False,OpenAI_Codex,human,bare verdicts only
3213880763,1,,1.0,False,False,True,False,True,OpenAI_Codex,human,summary only
3213908225,1,,1.0,False,False,True,False,False,Devin,human,bare verdicts only
3213985860,2,,2.0,False,False,True,True,True,Cursor,human,line-anchored
3214013725,1,,1.0,False,False,True,True,False,Devin,human,line-anchored
3214034125,1,1.0,,True,False,False,False,True,Cursor,same,summary only
3214056294,6,1.0,5.0,True,False,True,True,True,Copilot,same+human,line-anchored
3214066009,1,1.0,,False,True,False,False,True,OpenAI_Codex,cross,summary only
3214078227,4,1.0,3.0,True,False,True,True,True,Copilot,same+human,line-anchored
3214086292,2,1.0,1.0,True,False,True,True,False,Copilot,same+human,line-anchored
3214110203,2,1.0,1.0,False,True,True,False,True,Devin,cross+human,summary only
3214122373,3,1.0,2.0,True,False,True,True,True,Copilot,same+human,line-anchored
3214124003,2,1.0,1.0,False,True,True,True,True,Devin,cross+human,line-anchored
3214127213,3,1.0,2.0,True,False,True,True,True,Copilot,same+human,line-anchored
3214130284,3,1.0,2.0,True,False,True,True,True,Copilot,same+human,line-anchored
3214151529,2,,2.0,False,False,True,False,True,Devin,human,summary only
3214155987,1,1.0,,False,True,False,False,True,Cursor,cross,summary only
3214232191,1,1.0,,True,False,False,False,True,Copilot,same,summary only
3214379713,2,,2.0,False,False,True,False,True,Devin,human,summary only
3214443028,1,1.0,,True,False,False,False,True,Copilot,same,summary only
3214462459,1,1.0,,False,True,False,False,True,OpenAI_Codex,cross,summary only
3214477918,3,1.0,2.0,True,False,True,True,True,Copilot,same+human,line-anchored
3214500412,2,1.0,1.0,False,True,True,False,True,Cursor,cross+human,summary only
3214536211,2,1.0,1.0,True,False,True,True,True,Copilot,same+human,line-anchored
3214543609,2,,2.0,False,False,True,False,False,Copilot,human,bare verdicts only
3214550713,1,,1.0,False,False,True,False,False,Copilot,human,bare verdicts only
3214555104,2,,2.0,False,False,True,True,True,Claude_Code,human,line-anchored
3214577978,2,1.0,1.0,True,False,True,True,True,Copilot,same+human,line-anchored
3214597911,3,,3.0,False,False,True,True,True,Devin,human,line-anchored
3214724259,1,1.0,,False,True,False,False,True,Claude_Code,cross,summary only
3214809904,1,1.0,,False,True,False,True,True,OpenAI_Codex,cross,line-anchored
3214811092,3,1.0,2.0,True,False,True,True,False,Copilot,same+human,line-anchored
3214842792,3,1.0,2.0,True,False,True,True,True,Copilot,same+human,line-anchored
3214876564,2,2.0,,False,True,False,True,True,Claude_Code,cross,line-anchored
3214915262,1,1.0,,True,False,False,False,True,Cursor,same,summary only
3214930915,1,,1.0,False,False,True,False,False,Copilot,human,bare verdicts only
3214936781,2,,2.0,False,False,True,False,True,Devin,human,summary only
3215027063,1,1.0,,False,True,False,True,True,Cursor,cross,line-anchored
3215049221,2,2.0,,True,True,False,False,True,Cursor,same+cross,summary only
3215059146,1,1.0,,False,True,False,False,True,Cursor,cross,summary only
3215091074,1,,1.0,False,False,True,False,True,OpenAI_Codex,human,summary only
3215138589,1,1.0,,True,False,False,False,True,Cursor,same,summary only
3215171790,1,,1.0,False,False,True,True,False,Cursor,human,line-anchored
3215274152,2,1.0,1.0,True,False,True,True,False,Copilot,same+human,line-anchored
3215328044,2,,2.0,False,False,True,False,False,Cursor,human,bare verdicts only
3215375260,1,1.0,,True,False,False,False,True,Cursor,same,summary only
3215483455,1,1.0,,False,True,False,False,True,Cursor,cross,summary only
3215504961,1,1.0,,False,True,False,False,True,OpenAI_Codex,cross,summary only
3215506640,1,,1.0,False,False,True,True,False,Devin,human,line-anchored
3215510373,1,1.0,,False,True,False,True,True,OpenAI_Codex,cross,line-anchored
3215581803,2,,2.0,False,False,True,False,False,Devin,human,bare verdicts only
3215653426,1,1.0,,True,False,False,False,True,Cursor,same,summary only
3215670862,1,1.0,,False,True,False,True,True,Devin,cross,line-anchored
3215686491,1,,1.0,False,False,True,False,False,Cursor,human,bare verdicts only
3215730319,6,1.0,5.0,False,True,True,True,True,Claude_Code,cross+human,line-anchored
3215738276,1,,1.0,False,False,True,True,False,Devin,human,line-anchored
3215761683,2,1.0,1.0,True,False,True,True,True,Copilot,same+human,line-anchored
3215766505,2,,2.0,False,False,True,True,False,Copilot,human,line-anchored
3215868710,3,2.0,1.0,False,True,True,True,True,Claude_Code,cross+human,line-anchored
3215890866,1,1.0,,False,True,False,True,True,OpenAI_Codex,cross,line-anchored
3215891130,3,1.0,2.0,True,False,True,True,False,Copilot,same+human,line-anchored
3215898746,4,1.0,3.0,True,False,True,True,False,Copilot,same+human,line-anchored
3215992008,2,,2.0,False,False,True,False,True,Copilot,human,summary only
3216013583,1,,1.0,False,False,True,False,False,Copilot,human,bare verdicts only
3216048319,1,,1.0,False,False,True,False,False,Cursor,human,bare verdicts only
3216086629,1,1.0,,False,True,False,False,True,OpenAI_Codex,cross,summary only
3216099985,1,1.0,,False,True,False,False,True,OpenAI_Codex,cross,summary only
3216135866,4,1.0,3.0,True,False,True,True,True,Cursor,same+human,line-anchored
3216197213,4,,4.0,False,False,True,False,True,Copilot,human,summary only
3216208267,2,1.0,1.0,True,False,True,True,False,Copilot,same+human,line-anchored
3216213252,1,,1.0,False,False,True,False,False,OpenAI_Codex,human,bare verdicts only
3216254194,1,1.0,,False,True,False,False,True,Devin,cross,summary only
3216264643,1,1.0,,False,True,False,False,True,OpenAI_Codex,cross,summary only
3216289477,3,1.0,2.0,True,False,True,True,False,Copilot,same+human,line-anchored
3216291177,1,,1.0,False,False,True,False,True,Copilot,human,summary only
3216310458,1,,1.0,False,False,True,False,False,OpenAI_Codex,human,bare verdicts only
3216324404,1,1.0,,True,False,False,False,True,Cursor,same,summary only
3216366005,1,1.0,,False,True,False,False,True,OpenAI_Codex,cross,summary only
3216373575,2,2.0,,True,True,False,False,True,Cursor,same+cross,summary only
3216380527,1,1.0,,False,True,False,True,True,OpenAI_Codex,cross,line-anchored
3216407461,2,1.0,1.0,True,False,True,True,False,Copilot,same+human,line-anchored
3216426710,1,,1.0,False,False,True,False,False,Copilot,human,bare verdicts only
3216449716,1,1.0,,False,True,False,False,True,Devin,cross,summary only
3216466129,1,,1.0,False,False,True,False,True,Copilot,human,summary only
3216501010,1,1.0,,False,True,False,True,True,Devin,cross,line-anchored
3216510215,4,,4.0,False,False,True,False,True,Copilot,human,summary only
3216511780,5,1.0,4.0,True,False,True,True,False,Copilot,same+human,line-anchored
3216541433,2,,2.0,False,False,True,False,False,Copilot,human,bare verdicts only
3216594701,2,1.0,1.0,True,False,True,True,False,Copilot,same+human,line-anchored
3216648354,1,1.0,,False,True,False,False,True,Cursor,cross,summary only
3216678691,1,,1.0,False,False,True,False,False,Claude_Code,human,bare verdicts only
3216681123,1,,1.0,False,False,True,False,False,Devin,human,bare verdicts only
3216706697,3,,3.0,False,False,True,True,True,Claude_Code,human,line-anchored
3216776402,1,,1.0,False,False,True,False,False,OpenAI_Codex,human,bare verdicts only
3216822410,2,,2.0,False,False,True,True,True,Cursor,human,line-anchored
3216851334,1,,1.0,False,False,True,False,False,Devin,human,bare verdicts only
3216889354,1,,1.0,False,False,True,False,True,OpenAI_Codex,human,summary only
3217042074,1,1.0,,False,True,False,True,True,Cursor,cross,line-anchored
3217128982,1,,1.0,False,False,True,False,False,Cursor,human,bare verdicts only
3217197476,1,1.0,,False,True,False,True,True,OpenAI_Codex,cross,line-anchored
3217207276,1,,1.0,False,False,True,False,False,Cursor,human,bare verdicts only
3217210730,2,,2.0,False,False,True,False,True,Cursor,human,summary only
3217261924,1,,1.0,False,False,True,False,True,Cursor,human,summary only
3217318621,2,1.0,1.0,False,True,True,True,True,Devin,cross+human,line-anchored
3217339959,1,1.0,,True,False,False,False,True,Cursor,same,summary only
3217407679,1,,1.0,False,False,True,False,True,OpenAI_Codex,human,summary only
3217500478,1,,1.0,False,False,True,False,True,Devin,human,summary only
3217515128,3,1.0,2.0,True,False,True,True,True,Copilot,same+human,line-anchored
3217644664,1,1.0,,True,False,False,False,True,Copilot,same,summary only
3217654347,2,1.0,1.0,True,False,True,True,False,Copilot,same+human,line-anchored
3217698832,1,,1.0,False,False,True,False,False,OpenAI_Codex,human,bare verdicts only
3217698989,1,,1.0,False,False,True,False,False,OpenAI_Codex,human,bare verdicts only
3217719988,2,,2.0,False,False,True,False,True,Devin,human,summary only
3217778645,2,1.0,1.0,False,True,True,True,True,Devin,cross+human,line-anchored
3217818042,1,1.0,,False,True,False,True,True,Devin,cross,line-anchored
3217928909,2,,2.0,False,False,True,False,True,Copilot,human,summary only
3217968239,3,1.0,2.0,True,False,True,True,True,Copilot,same+human,line-anchored
3217974398,2,1.0,1.0,True,False,True,True,False,Copilot,same+human,line-anchored
3218001320,1,,1.0,False,False,True,False,True,Copilot,human,summary only
3218045596,3,2.0,1.0,True,True,True,True,True,Cursor,same+cross+human,line-anchored
3218061623,4,1.0,3.0,True,False,True,True,False,Copilot,same+human,line-anchored
3218166330,1,,1.0,False,False,True,False,False,Copilot,human,bare verdicts only
3218177877,1,,1.0,False,False,True,False,False,Cursor,human,bare verdicts only
3218189587,2,1.0,1.0,False,True,True,False,True,Devin,cross+human,summary only
3218202482,4,1.0,3.0,True,False,True,True,True,Copilot,same+human,line-anchored
3218205312,1,,1.0,False,False,True,True,False,Copilot,human,line-anchored
3218245359,3,1.0,2.0,True,False,True,True,True,Copilot,same+human,line-anchored
3218361480,1,,1.0,False,False,True,False,True,Copilot,human,summary only
3218370929,1,1.0,,False,True,False,True,True,OpenAI_Codex,cross,line-anchored
3218409342,2,,2.0,False,False,True,False,True,OpenAI_Codex,human,summary only
3218463719,1,,1.0,False,False,True,False,True,Copilot,human,summary only
3218486387,2,1.0,1.0,True,False,True,True,False,Copilot,same+human,line-anchored
3218773894,3,1.0,2.0,True,False,True,True,False,Copilot,same+human,line-anchored
3218781186,1,,1.0,False,False,True,False,False,Copilot,human,bare verdicts only
3218782909,1,1.0,,False,True,False,True,True,OpenAI_Codex,cross,line-anchored
3218869116,1,1.0,,False,True,False,True,True,Cursor,cross,line-anchored
3218874628,1,1.0,,False,True,False,False,True,OpenAI_Codex,cross,summary only
3218897775,2,1.0,1.0,False,True,True,False,True,Cursor,cross+human,summary only
3218984690,4,1.0,3.0,True,False,True,True,False,Copilot,same+human,line-anchored
3219037880,1,,1.0,False,False,True,False,True,Copilot,human,summary only
3219092077,2,,2.0,False,False,True,True,False,Cursor,human,line-anchored
3219102497,1,,1.0,False,False,True,True,False,Claude_Code,human,line-anchored
3219161389,1,,1.0,False,False,True,False,False,Devin,human,bare verdicts only
3219210709,2,2.0,,False,True,False,True,True,Cursor,cross,line-anchored
3219254404,2,1.0,1.0,True,False,True,True,True,Copilot,same+human,line-anchored
3219279897,2,,2.0,False,False,True,False,True,Copilot,human,summary only
3219282636,2,,2.0,False,False,True,True,True,Copilot,human,line-anchored
3219335047,1,,1.0,False,False,True,False,True,OpenAI_Codex,human,summary only
3219342467,3,,3.0,False,False,True,False,True,Copilot,human,summary only
3219380134,1,1.0,,False,True,False,True,True,Cursor,cross,line-anchored
3219392635,1,,1.0,False,False,True,False,True,Cursor,human,summary only
3219404295,2,,2.0,False,False,True,False,True,Copilot,human,summary only
3219412274,1,1.0,,True,False,False,False,True,Cursor,same,summary only
3219478531,3,1.0,2.0,True,False,True,True,True,Copilot,same+human,line-anchored
3219513244,1,1.0,,True,False,False,False,True,Cursor,same,summary only
3219557811,1,,1.0,False,False,True,False,False,Copilot,human,bare verdicts only
3219559675,2,1.0,1.0,True,False,True,True,False,Copilot,same+human,line-anchored
3219588511,1,,1.0,False,False,True,True,False,Devin,human,line-anchored
3219603517,1,1.0,,False,True,False,False,True,Cursor,cross,summary only
3219667345,2,,2.0,False,False,True,False,True,Copilot,human,summary only
3219696751,2,,2.0,False,False,True,False,True,Copilot,human,summary only
3219766312,2,1.0,1.0,True,False,True,True,False,Copilot,same+human,line-anchored
3219769061,1,,1.0,False,False,True,False,False,Copilot,human,bare verdicts only
3219844115,1,,1.0,False,False,True,False,False,Devin,human,bare verdicts only
3219855040,2,1.0,1.0,False,True,True,True,True,OpenAI_Codex,cross+human,line-anchored
3219880512,1,,1.0,False,False,True,False,False,Claude_Code,human,bare verdicts only
3219885001,1,,1.0,False,False,True,False,True,Copilot,human,summary only
3219932316,3,2.0,1.0,True,True,True,True,True,Copilot,same+cross+human,line-anchored
3220022687,4,1.0,3.0,True,False,True,True,True,Copilot,same+human,line-anchored
3220023158,1,1.0,,True,False,False,True,True,Copilot,same,line-anchored
3220062262,2,,2.0,False,False,True,True,False,Copilot,human,line-anchored
3220067260,5,1.0,4.0,True,False,True,True,True,Copilot,same+human,line-anchored
3220097416,4,1.0,3.0,True,False,True,True,False,Copilot,same+human,line-anchored
3220129828,1,1.0,,True,False,False,True,True,Copilot,same,line-anchored
3220146897,2,1.0,1.0,False,True,True,False,True,Devin,cross+human,summary only
3220148732,1,1.0,,True,False,False,False,True,Cursor,same,summary only
3220160518,2,,2.0,False,False,True,False,False,Copilot,human,bare verdicts only
3220166345,2,1.0,1.0,False,True,True,False,True,Devin,cross+human,summary only
3220195624,1,,1.0,False,False,True,False,True,Devin,human,summary only
3220203677,1,,1.0,False,False,True,False,True,OpenAI_Codex,human,summary only
3220206182,1,1.0,,True,False,False,False,True,Cursor,same,summary only
3220223180,2,,2.0,False,False,True,True,False,Claude_Code,human,line-anchored
3220271126,2,1.0,1.0,True,False,True,False,True,Copilot,same+human,summary only
3220302351,1,1.0,,False,True,False,True,True,OpenAI_Codex,cross,line-anchored
3220342988,1,1.0,,True,False,False,True,True,Copilot,same,line-anchored
3220346925,1,,1.0,False,False,True,False,False,Devin,human,bare verdicts only
3220364342,1,,1.0,False,False,True,False,False,Cursor,human,bare verdicts only
3220396089,2,1.0,1.0,True,False,True,True,False,Copilot,same+human,line-anchored
3220396620,2,1.0,1.0,True,False,True,True,False,Copilot,same+human,line-anchored
3220416353,2,1.0,1.0,True,False,True,True,True,Copilot,same+human,line-anchored
3220657817,2,2.0,,False,True,False,True,False,Devin,cross,line-anchored
3220673790,2,1.0,1.0,False,True,True,True,True,Cursor,cross+human,line-anchored
3220699146,2,1.0,1.0,False,True,True,True,True,Devin,cross+human,line-anchored
3220722669,1,1.0,,False,True,False,False,True,OpenAI_Codex,cross,summary only
3220752877,1,1.0,,False,True,False,True,True,OpenAI_Codex,cross,line-anchored
3220799500,3,1.0,2.0,False,True,True,True,True,Devin,cross+human,line-anchored
3220805963,2,1.0,1.0,False,True,True,False,True,Devin,cross+human,summary only
3220833917,1,,1.0,False,False,True,False,False,Devin,human,bare verdicts only
3220834334,1,,1.0,False,False,True,False,False,Devin,human,bare verdicts only
3220834453,1,,1.0,False,False,True,False,False,Devin,human,bare verdicts only
3220841975,1,,1.0,False,False,True,True,False,Devin,human,line-anchored
3220842057,1,,1.0,False,False,True,True,False,Devin,human,line-anchored
3220842155,1,,1.0,False,False,True,True,False,Devin,human,line-anchored
3220842241,1,,1.0,False,False,True,True,False,Devin,human,line-anchored
3220842362,1,,1.0,False,False,True,True,False,Devin,human,line-anchored
3220842482,1,,1.0,False,False,True,True,False,Devin,human,line-anchored
3220842579,1,,1.0,False,False,True,True,False,Devin,human,line-anchored
3220842679,1,,1.0,False,False,True,False,False,Devin,human,bare verdicts only
3220842768,1,,1.0,False,False,True,True,False,Devin,human,line-anchored
3220847359,1,,1.0,False,False,True,True,False,Devin,human,line-anchored
3220848104,1,,1.0,False,False,True,True,False,Devin,human,line-anchored
3220848526,1,,1.0,False,False,True,True,False,Devin,human,line-anchored
3220849129,1,,1.0,False,False,True,False,False,Devin,human,bare verdicts only
3220850207,1,,1.0,False,False,True,True,True,Devin,human,line-anchored
3220896124,2,1.0,1.0,False,True,True,True,True,Devin,cross+human,line-anchored
3221043102,2,1.0,1.0,True,False,True,True,False,Copilot,same+human,line-anchored
3221044239,2,1.0,1.0,False,True,True,True,True,Devin,cross+human,line-anchored
3221059598,1,1.0,,False,True,False,True,True,Devin,cross,line-anchored
3221072168,4,1.0,3.0,True,False,True,True,True,Copilot,same+human,line-anchored
3221148804,2,1.0,1.0,False,True,True,True,True,Devin,cross+human,line-anchored
3221167892,1,,1.0,False,False,True,False,True,Copilot,human,summary only
3221205270,1,1.0,,True,False,False,False,True,Cursor,same,summary only
3221217744,2,1.0,1.0,True,False,True,False,True,Copilot,same+human,summary only
3221298768,2,1.0,1.0,False,True,True,False,True,Devin,cross+human,summary only
3221306116,1,,1.0,False,False,True,False,False,Copilot,human,bare verdicts only
3221310002,1,,1.0,False,False,True,True,False,OpenAI_Codex,human,line-anchored
3221328642,2,1.0,1.0,True,False,True,True,True,Copilot,same+human,line-anchored
3221365376,1,1.0,,False,True,False,False,True,Devin,cross,summary only
3221372841,2,1.0,1.0,True,False,True,True,True,Copilot,same+human,line-anchored
3221374895,2,1.0,1.0,False,True,True,False,True,Devin,cross+human,summary only
3221377266,1,1.0,,True,False,False,True,True,Copilot,same,line-anchored
3221387455,2,1.0,1.0,True,False,True,True,False,Copilot,same+human,line-anchored
3221411520,1,1.0,,False,True,False,True,True,Cursor,cross,line-anchored
3221440567,1,1.0,,False,True,False,True,True,Cursor,cross,line-anchored
3221449825,1,,1.0,False,False,True,True,False,OpenAI_Codex,human,line-anchored
3221517081,3,,3.0,False,False,True,False,True,Devin,human,summary only
3221520140,1,1.0,,False,True,False,False,True,Claude_Code,cross,summary only
3221539291,1,1.0,,False,True,False,True,True,OpenAI_Codex,cross,line-anchored
3221541004,2,,2.0,False,False,True,False,True,Devin,human,summary only
3221627962,2,1.0,1.0,False,True,True,False,True,Devin,cross+human,summary only
3221673153,2,,2.0,False,False,True,False,True,Copilot,human,summary only
3221696975,4,1.0,3.0,True,False,True,True,True,Copilot,same+human,line-anchored
3221709161,1,1.0,,True,False,False,False,True,Cursor,same,summary only
3221712161,1,,1.0,False,False,True,False,False,Copilot,human,bare verdicts only
3221803659,2,,2.0,False,False,True,False,False,Copilot,human,bare verdicts only
3221817196,1,,1.0,False,False,True,True,False,Copilot,human,line-anchored
3221817850,2,,2.0,False,False,True,False,False,Copilot,human,bare verdicts only
3221925890,3,1.0,2.0,True,False,True,True,False,Copilot,same+human,line-anchored
3221926992,4,1.0,3.0,True,False,True,True,True,Copilot,same+human,line-anchored
3221937633,1,,1.0,False,False,True,False,False,Copilot,human,bare verdicts only
3221941191,2,1.0,1.0,True,False,True,True,False,Copilot,same+human,line-anchored
3221971929,1,,1.0,False,False,True,False,False,Devin,human,bare verdicts only
3221998639,1,1.0,,False,True,False,True,True,OpenAI_Codex,cross,line-anchored
3222017344,2,1.0,1.0,True,False,True,True,True,Copilot,same+human,line-anchored
3222101465,3,1.0,2.0,False,True,True,True,True,Claude_Code,cross+human,line-anchored
3222139828,1,1.0,,False,True,False,False,True,Cursor,cross,summary only
3222145762,2,1.0,1.0,False,True,True,False,True,Devin,cross+human,summary only
3222147217,1,1.0,,True,False,False,False,True,Cursor,same,summary only
3222212955,1,,1.0,False,False,True,False,True,Copilot,human,summary only
3222230421,1,1.0,,False,True,False,False,True,Devin,cross,summary only
3222235753,1,1.0,,False,True,False,False,True,Devin,cross,summary only
3222238867,1,,1.0,False,False,True,False,True,Copilot,human,summary only
3222328481,3,1.0,2.0,False,True,True,False,True,Devin,cross+human,summary only
3222356037,4,1.0,3.0,True,False,True,True,True,Copilot,same+human,line-anchored
3222377513,1,,1.0,False,False,True,False,True,Devin,human,summary only
3222379511,2,1.0,1.0,True,False,True,False,True,Copilot,same+human,summary only
3222396654,1,1.0,,True,False,False,False,True,Cursor,same,summary only
3222405821,1,1.0,,False,True,False,True,True,Devin,cross,line-anchored
3222422496,2,2.0,,True,True,False,True,True,Cursor,same+cross,line-anchored
3222423531,2,1.0,1.0,False,True,True,False,True,Devin,cross+human,summary only
3222424201,3,1.0,2.0,False,True,True,False,True,Devin,cross+human,summary only
3222441952,3,1.0,2.0,True,False,True,True,False,Copilot,same+human,line-anchored
3222448917,2,1.0,1.0,False,True,True,False,True,Devin,cross+human,summary only
3222480219,2,1.0,1.0,True,False,True,True,False,Copilot,same+human,line-anchored
3222487070,2,1.0,1.0,True,False,True,True,True,Copilot,same+human,line-anchored
3222599276,2,1.0,1.0,True,False,True,True,False,Copilot,same+human,line-anchored
3222606436,3,1.0,2.0,False,True,True,False,True,Devin,cross+human,summary only
3222639652,1,,1.0,False,False,True,False,False,Cursor,human,bare verdicts only
3222680745,2,,2.0,False,False,True,True,True,Cursor,human,line-anchored
3222715857,1,,1.0,False,False,True,False,True,Copilot,human,summary only
3222755095,2,,2.0,False,False,True,False,False,Copilot,human,bare verdicts only
3222821687,1,1.0,,False,True,False,True,True,Cursor,cross,line-anchored
3222833952,1,1.0,,False,True,False,True,True,Cursor,cross,line-anchored
3222841302,3,1.0,2.0,True,False,True,True,True,Copilot,same+human,line-anchored
3222844829,1,,1.0,False,False,True,False,False,OpenAI_Codex,human,bare verdicts only
3222884032,1,1.0,,False,True,False,True,True,Cursor,cross,line-anchored
3222885896,1,1.0,,False,True,False,False,True,Cursor,cross,summary only
3222921590,1,,1.0,False,False,True,True,False,Cursor,human,line-anchored
3222970014,2,1.0,1.0,True,False,True,True,True,Copilot,same+human,line-anchored
3222971523,2,1.0,1.0,True,False,True,True,True,Copilot,same+human,line-anchored
3222995485,1,,1.0,False,False,True,True,False,Cursor,human,line-anchored
3223039277,1,,1.0,False,False,True,False,False,OpenAI_Codex,human,bare verdicts only
3223043473,1,,1.0,False,False,True,True,False,OpenAI_Codex,human,line-anchored
3223056401,2,,2.0,False,False,True,False,False,Copilot,human,bare verdicts only
3223063338,2,1.0,1.0,True,False,True,True,False,Copilot,same+human,line-anchored
3223156857,1,,1.0,False,False,True,False,False,Cursor,human,bare verdicts only
3223161592,1,,1.0,False,False,True,False,False,Cursor,human,bare verdicts only
3223167355,1,,1.0,False,False,True,False,False,Cursor,human,bare verdicts only
3223181995,2,1.0,1.0,True,False,True,False,True,Cursor,same+human,summary only
3223194929,1,,1.0,False,False,True,False,False,Copilot,human,bare verdicts only
3223225009,2,1.0,1.0,True,False,True,True,False,Copilot,same+human,line-anchored
3223281368,1,,1.0,False,False,True,True,True,Cursor,human,line-anchored
3223289542,3,1.0,2.0,True,False,True,False,True,Copilot,same+human,summary only
3223299299,2,1.0,1.0,False,True,True,True,True,Devin,cross+human,line-anchored
3223325863,4,1.0,3.0,True,False,True,True,False,Copilot,same+human,line-anchored
3223342785,3,1.0,2.0,True,False,True,True,True,Copilot,same+human,line-anchored
3223349599,5,1.0,4.0,True,False,True,True,False,Copilot,same+human,line-anchored
3223375972,1,,1.0,False,False,True,False,True,Copilot,human,summary only
3223436019,2,1.0,1.0,True,False,True,False,True,Copilot,same+human,summary only
3223461985,4,1.0,3.0,True,False,True,True,False,Copilot,same+human,line-anchored
3223503362,1,,1.0,False,False,True,False,False,Copilot,human,bare verdicts only
3223518588,2,,2.0,False,False,True,False,True,Copilot,human,summary only
3223522886,3,1.0,2.0,True,False,True,True,False,Copilot,same+human,line-anchored
3223526987,3,,3.0,False,False,True,False,False,Copilot,human,bare verdicts only
3223586211,1,1.0,,False,True,False,False,True,Devin,cross,summary only
3223608568,2,1.0,1.0,True,False,True,True,False,Copilot,same+human,line-anchored
3223618488,3,1.0,2.0,True,False,True,True,True,Copilot,same+human,line-anchored
3223625763,2,1.0,1.0,True,False,True,True,False,Copilot,same+human,line-anchored
3223643354,3,1.0,2.0,True,False,True,True,True,Copilot,same+human,line-anchored
3223666167,2,1.0,1.0,True,False,True,True,False,Copilot,same+human,line-anchored
3223695360,2,,2.0,False,False,True,True,True,Copilot,human,line-anchored
3223703470,2,1.0,1.0,True,False,True,False,True,Cursor,same+human,summary only
3223746466,1,1.0,,False,True,False,False,True,Devin,cross,summary only
3223799281,2,,2.0,False,False,True,True,False,Devin,human,line-anchored
3223857318,1,1.0,,True,False,False,False,True,Cursor,same,summary only
3223917110,1,1.0,,False,True,False,False,True,OpenAI_Codex,cross,summary only
3223921049,1,1.0,,False,True,False,True,True,Cursor,cross,line-anchored
3223921326,1,,1.0,False,False,True,True,False,OpenAI_Codex,human,line-anchored
3223923166,2,1.0,1.0,False,True,True,False,True,Devin,cross+human,summary only
3223924413,2,,2.0,False,False,True,True,False,Claude_Code,human,line-anchored
3224004468,1,,1.0,False,False,True,False,False,Devin,human,bare verdicts only
3224085262,2,,2.0,False,False,True,True,True,Claude_Code,human,line-anchored
3224106600,2,,2.0,False,False,True,True,True,OpenAI_Codex,human,line-anchored
3224129212,2,,2.0,False,False,True,True,True,OpenAI_Codex,human,line-anchored
3224208030,1,,1.0,False,False,True,True,True,OpenAI_Codex,human,line-anchored
3224245761,2,1.0,1.0,False,True,True,True,True,Devin,cross+human,line-anchored
3224283647,2,,2.0,False,False,True,True,True,OpenAI_Codex,human,line-anchored
3224300919,1,1.0,,False,True,False,True,True,OpenAI_Codex,cross,line-anchored
3224382275,1,,1.0,False,False,True,False,True,Devin,human,summary only
3224514991,1,1.0,,False,True,False,False,True,Devin,cross,summary only
3224532813,2,,2.0,False,False,True,False,True,Copilot,human,summary only
3224534498,2,1.0,1.0,False,True,True,True,True,Devin,cross+human,line-anchored
3224541500,3,1.0,2.0,True,False,True,True,False,Copilot,same+human,line-anchored
3224542009,2,1.0,1.0,True,False,True,True,False,Copilot,same+human,line-anchored
3224573846,3,1.0,2.0,True,False,True,True,True,Copilot,same+human,line-anchored
3224590973,1,1.0,,True,False,False,False,True,Cursor,same,summary only
3224591224,1,1.0,,True,False,False,False,True,Cursor,same,summary only
3224637642,2,1.0,1.0,True,False,True,False,True,Cursor,same+human,summary only
3224656137,2,1.0,1.0,True,False,True,True,False,Copilot,same+human,line-anchored
3224697505,2,,2.0,False,False,True,True,True,Copilot,human,line-anchored
3224735740,2,1.0,1.0,True,False,True,True,False,Copilot,same+human,line-anchored
3224752188,1,1.0,,False,True,False,False,True,Cursor,cross,summary only
3224777239,1,,1.0,False,False,True,False,True,Copilot,human,summary only
3224825503,2,1.0,1.0,True,False,True,True,True,Copilot,same+human,line-anchored
3224833213,1,,1.0,False,False,True,True,True,OpenAI_Codex,human,line-anchored
3224857167,2,,2.0,False,False,True,True,False,Devin,human,line-anchored
3224953168,2,1.0,1.0,False,True,True,True,True,OpenAI_Codex,cross+human,line-anchored
3225037054,2,1.0,1.0,True,False,True,True,True,Copilot,same+human,line-anchored
3225087415,1,,1.0,False,False,True,False,False,Copilot,human,bare verdicts only
3225126876,1,1.0,,False,True,False,False,True,OpenAI_Codex,cross,summary only
3225134841,1,1.0,,False,True,False,False,True,OpenAI_Codex,cross,summary only
3225135545,1,1.0,,False,True,False,False,True,OpenAI_Codex,cross,summary only
3225168727,2,1.0,1.0,True,False,True,True,True,Copilot,same+human,line-anchored
3225182056,3,2.0,1.0,True,True,True,True,True,Cursor,same+cross+human,line-anchored
3225197373,1,1.0,,False,True,False,True,True,OpenAI_Codex,cross,line-anchored
3225203739,3,1.0,2.0,True,False,True,True,True,Copilot,same+human,line-anchored
3225205321,1,,1.0,False,False,True,False,True,Copilot,human,summary only
3225248831,2,2.0,,True,True,False,True,True,Cursor,same+cross,line-anchored
3225271859,3,1.0,2.0,True,False,True,True,True,Copilot,same+human,line-anchored
3225283010,1,1.0,,True,False,False,False,True,Cursor,same,summary only
3225310809,1,,1.0,False,False,True,False,True,Copilot,human,summary only
3225320658,1,,1.0,False,False,True,False,False,Cursor,human,bare verdicts only
3225400623,1,1.0,,True,False,False,False,True,Cursor,same,summary only
3225416831,2,1.0,1.0,False,True,True,True,True,OpenAI_Codex,cross+human,line-anchored
3225421674,1,1.0,,False,True,False,True,True,Cursor,cross,line-anchored
3225444521,2,1.0,1.0,True,False,True,True,False,Copilot,same+human,line-anchored
3225446508,1,,1.0,False,False,True,False,False,Copilot,human,bare verdicts only
3225468380,2,1.0,1.0,True,False,True,True,False,Copilot,same+human,line-anchored
3225483992,1,,1.0,False,False,True,False,False,Copilot,human,bare verdicts only
3225486077,2,1.0,1.0,True,False,True,True,True,Copilot,same+human,line-anchored
3225524525,1,1.0,,True,False,False,False,True,Cursor,same,summary only
3225540340,2,2.0,,True,True,False,True,True,Cursor,same+cross,line-anchored
3225563017,1,1.0,,False,True,False,True,False,Cursor,cross,line-anchored
3225566092,1,,1.0,False,False,True,False,False,Copilot,human,bare verdicts only
3225582142,1,1.0,,True,False,False,False,True,Cursor,same,summary only
3225609696,1,1.0,,False,True,False,True,True,OpenAI_Codex,cross,line-anchored
3225613836,2,1.0,1.0,True,False,True,True,False,Copilot,same+human,line-anchored
3225620441,1,1.0,,False,True,False,False,True,Cursor,cross,summary only
3225638345,1,1.0,,True,False,False,False,True,Cursor,same,summary only
3225662609,1,1.0,,False,True,False,False,True,OpenAI_Codex,cross,summary only
3225666313,1,,1.0,False,False,True,False,False,Copilot,human,bare verdicts only
3225697134,1,,1.0,False,False,True,False,False,Copilot,human,bare verdicts only
3225709244,5,1.0,4.0,True,False,True,True,False,Copilot,same+human,line-anchored
3225713689,1,1.0,,False,True,False,False,True,OpenAI_Codex,cross,summary only
3225725945,1,1.0,,False,True,False,False,True,Claude_Code,cross,summary only
3225729489,1,1.0,,False,True,False,True,True,OpenAI_Codex,cross,line-anchored
3225857759,5,3.0,2.0,False,True,True,True,True,OpenAI_Codex,cross+human,line-anchored
3225967826,1,,1.0,False,False,True,True,False,Cursor,human,line-anchored
3226012556,2,1.0,1.0,True,False,True,True,False,Copilot,same+human,line-anchored
3226043406,2,2.0,,False,True,False,True,True,Claude_Code,cross,line-anchored
3226056235,2,1.0,1.0,True,False,True,True,True,Copilot,same+human,line-anchored
3226091042,4,1.0,3.0,True,False,True,True,True,Copilot,same+human,line-anchored
3226095093,1,,1.0,False,False,True,False,False,OpenAI_Codex,human,bare verdicts only
3226149137,2,1.0,1.0,True,False,True,True,True,Copilot,same+human,line-anchored
3226149249,1,,1.0,False,False,True,False,False,OpenAI_Codex,human,bare verdicts only
3226154778,2,1.0,1.0,True,False,True,True,False,Copilot,same+human,line-anchored
3226167079,1,,1.0,False,False,True,False,True,Copilot,human,summary only
3226175596,2,1.0,1.0,True,False,True,True,True,Copilot,same+human,line-anchored
3226177156,1,,1.0,False,False,True,False,False,OpenAI_Codex,human,bare verdicts only
3226188839,1,,1.0,False,False,True,True,False,Devin,human,line-anchored
3226217517,1,,1.0,False,False,True,False,True,Copilot,human,summary only
3226257632,1,1.0,,True,False,False,False,True,Cursor,same,summary only
3226265972,2,1.0,1.0,True,False,True,True,True,Copilot,same+human,line-anchored
3226271981,3,,3.0,False,False,True,False,True,Copilot,human,summary only
3226277258,2,1.0,1.0,True,False,True,True,False,Copilot,same+human,line-anchored
3226278223,2,1.0,1.0,True,False,True,True,False,Copilot,same+human,line-anchored
3226302244,1,1.0,,True,False,False,False,True,Copilot,same,summary only
3226305866,1,1.0,,True,False,False,True,True,Copilot,same,line-anchored
3226376913,1,,1.0,False,False,True,False,False,Cursor,human,bare verdicts only
3226441681,1,,1.0,False,False,True,False,False,OpenAI_Codex,human,bare verdicts only
3226441877,3,1.0,2.0,True,False,True,True,False,Copilot,same+human,line-anchored
3226442809,1,,1.0,False,False,True,False,False,OpenAI_Codex,human,bare verdicts only
3226471582,1,,1.0,False,False,True,False,False,OpenAI_Codex,human,bare verdicts only
3226485376,1,1.0,,True,False,False,False,True,Copilot,same,summary only
3226487818,1,,1.0,False,False,True,False,False,OpenAI_Codex,human,bare verdicts only
3226500749,3,2.0,1.0,False,True,True,True,True,OpenAI_Codex,cross+human,line-anchored
3226501945,3,,3.0,False,False,True,True,True,Devin,human,line-anchored
3226519927,2,1.0,1.0,True,False,True,True,True,Copilot,same+human,line-anchored
3226522393,1,,1.0,False,False,True,False,True,Copilot,human,summary only
3226556821,2,1.0,1.0,True,False,True,True,True,Copilot,same+human,line-anchored
3226556950,1,,1.0,False,False,True,True,True,Copilot,human,line-anchored
3226557036,1,,1.0,False,False,True,False,True,Copilot,human,summary only
3226568046,1,1.0,,False,True,False,True,True,OpenAI_Codex,cross,line-anchored
3226586763,1,1.0,,False,True,False,False,True,OpenAI_Codex,cross,summary only
3226589078,1,1.0,,False,True,False,True,True,OpenAI_Codex,cross,line-anchored
3226625650,1,1.0,,False,True,False,True,True,OpenAI_Codex,cross,line-anchored
3226639011,1,1.0,,True,False,False,False,True,Cursor,same,summary only
3226645641,1,1.0,,False,True,False,False,True,Claude_Code,cross,summary only
3226653718,1,,1.0,False,False,True,False,False,OpenAI_Codex,human,bare verdicts only
3226665537,1,1.0,,False,True,False,False,True,Devin,cross,summary only
3226670834,1,1.0,,True,False,False,False,True,Cursor,same,summary only
3226715971,1,1.0,,True,False,False,False,True,Cursor,same,summary only
3226723501,1,,1.0,False,False,True,False,False,Cursor,human,bare verdicts only
3226728754,2,1.0,1.0,True,False,True,True,True,Cursor,same+human,line-anchored
3226745365,1,1.0,,False,True,False,False,True,Cursor,cross,summary only
3226745710,1,1.0,,False,True,False,False,True,OpenAI_Codex,cross,summary only
3226749053,1,1.0,,True,False,False,False,True,Cursor,same,summary only
3226749167,1,1.0,,True,False,False,False,True,Cursor,same,summary only
3226763449,1,1.0,,False,True,False,False,True,Devin,cross,summary only
3226783535,1,1.0,,True,False,False,False,True,Cursor,same,summary only
3226800357,1,,1.0,False,False,True,False,False,Devin,human,bare verdicts only
3226800461,2,,2.0,False,False,True,True,True,Claude_Code,human,line-anchored
3226808853,1,,1.0,False,False,True,False,False,Copilot,human,bare verdicts only
3226831249,2,,2.0,False,False,True,True,True,Cursor,human,line-anchored
3226855748,1,1.0,,True,False,False,True,False,Cursor,same,line-anchored
3226970735,1,1.0,,False,True,False,False,False,OpenAI_Codex,cross,bare verdicts only
3227004326,2,1.0,1.0,True,False,True,True,True,Copilot,same+human,line-anchored
3227012349,1,1.0,,False,True,False,False,True,OpenAI_Codex,cross,summary only
3227055314,1,1.0,,True,False,False,False,True,Cursor,same,summary only
3227125767,1,,1.0,False,False,True,False,False,OpenAI_Codex,human,bare verdicts only
3227184165,1,,1.0,False,False,True,False,False,Copilot,human,bare verdicts only
3227205708,4,1.0,3.0,True,False,True,True,True,Copilot,same+human,line-anchored
3227271477,1,,1.0,False,False,True,False,True,Copilot,human,summary only
3227274544,2,1.0,1.0,True,False,True,True,True,Copilot,same+human,line-anchored
3227311781,1,1.0,,True,False,False,True,True,Copilot,same,line-anchored
3227338842,1,,1.0,False,False,True,False,False,Cursor,human,bare verdicts only
3227441495,4,1.0,3.0,True,False,True,True,False,Copilot,same+human,line-anchored
3227497381,2,2.0,,True,True,False,True,True,Cursor,same+cross,line-anchored
3227586993,1,1.0,,True,False,False,False,True,Cursor,same,summary only
3227727688,2,1.0,1.0,True,False,True,True,False,Copilot,same+human,line-anchored
3227863242,3,1.0,2.0,True,False,True,True,True,Copilot,same+human,line-anchored
3227866239,3,1.0,2.0,True,False,True,True,True,Copilot,same+human,line-anchored
3227867582,5,1.0,4.0,True,False,True,True,True,Copilot,same+human,line-anchored
3227962360,2,1.0,1.0,True,False,True,True,False,Copilot,same+human,line-anchored
3228219115,5,1.0,4.0,True,False,True,True,True,Copilot,same+human,line-anchored
3228237583,2,1.0,1.0,False,True,True,True,True,Devin,cross+human,line-anchored
3228266614,3,1.0,2.0,True,False,True,True,False,Copilot,same+human,line-anchored
3228354430,2,1.0,1.0,True,False,True,True,False,Copilot,same+human,line-anchored
3228390000,3,1.0,2.0,True,False,True,True,True,Copilot,same+human,line-anchored
3228424652,1,1.0,,False,True,False,True,True,Cursor,cross,line-anchored
3228692675,2,,2.0,False,False,True,False,False,Copilot,human,bare verdicts only
3228741917,2,1.0,1.0,False,True,True,True,True,OpenAI_Codex,cross+human,line-anchored
3228763432,2,2.0,,True,True,False,True,True,Cursor,same+cross,line-anchored
3228764972,2,2.0,,True,True,False,True,True,Cursor,same+cross,line-anchored
3228765275,3,2.0,1.0,True,True,True,True,True,Cursor,same+cross+human,line-anchored
3228765594,1,1.0,,False,True,False,True,True,Cursor,cross,line-anchored
3228831633,2,,2.0,False,False,True,True,True,OpenAI_Codex,human,line-anchored
3228836498,1,1.0,,False,True,False,True,True,Cursor,cross,line-anchored
3228842389,1,1.0,,False,True,False,True,True,Cursor,cross,line-anchored
3228845028,1,1.0,,False,True,False,True,True,Cursor,cross,line-anchored
3228892605,5,3.0,2.0,False,True,True,True,True,OpenAI_Codex,cross+human,line-anchored
3228984917,3,1.0,2.0,False,True,True,True,True,Cursor,cross+human,line-anchored
3229011182,1,,1.0,False,False,True,False,True,Copilot,human,summary only
3229091071,2,,2.0,False,False,True,True,True,Copilot,human,line-anchored
3229096395,4,2.0,2.0,True,True,True,True,True,Cursor,same+cross+human,line-anchored
3229102583,1,,1.0,False,False,True,False,True,Copilot,human,summary only
3229147936,1,,1.0,False,False,True,False,False,Copilot,human,bare verdicts only
3229160527,4,1.0,3.0,False,True,True,True,True,Devin,cross+human,line-anchored
3229175854,1,,1.0,False,False,True,False,True,OpenAI_Codex,human,summary only
3229197605,1,1.0,,False,True,False,False,True,Devin,cross,summary only
3229213828,4,1.0,3.0,True,False,True,True,False,Copilot,same+human,line-anchored
3229260708,1,,1.0,False,False,True,True,True,OpenAI_Codex,human,line-anchored
3229339781,3,,3.0,False,False,True,False,True,Devin,human,summary only
3229388782,2,1.0,1.0,False,True,True,False,True,Cursor,cross+human,summary only
3229400382,3,1.0,2.0,True,False,True,True,False,Copilot,same+human,line-anchored
3229415342,2,,2.0,False,False,True,True,True,Devin,human,line-anchored
3229430451,1,,1.0,False,False,True,False,False,Cursor,human,bare verdicts only
3229564036,2,,2.0,False,False,True,True,False,Cursor,human,line-anchored
3229578432,2,1.0,1.0,False,True,True,False,True,Devin,cross+human,summary only
3229725186,1,1.0,,True,False,False,False,True,Cursor,same,summary only
3229737716,1,,1.0,False,False,True,False,False,Cursor,human,bare verdicts only
3229828998,1,,1.0,False,False,True,True,True,Cursor,human,line-anchored
3229849019,1,1.0,,False,True,False,False,True,Devin,cross,summary only
3229915680,1,,1.0,False,False,True,False,False,OpenAI_Codex,human,bare verdicts only
3229923825,1,,1.0,False,False,True,True,False,Cursor,human,line-anchored
3229959759,1,,1.0,False,False,True,False,False,OpenAI_Codex,human,bare verdicts only
3229974643,1,1.0,,True,False,False,False,True,Cursor,same,summary only
3229981468,1,1.0,,True,False,False,False,True,Cursor,same,summary only
3230076518,1,,1.0,False,False,True,True,False,Devin,human,line-anchored
3230127289,1,,1.0,False,False,True,True,False,Devin,human,line-anchored
3230137418,1,,1.0,False,False,True,True,False,OpenAI_Codex,human,line-anchored
3230188889,2,,2.0,False,False,True,False,False,OpenAI_Codex,human,bare verdicts only
3230202013,2,,2.0,False,False,True,True,False,OpenAI_Codex,human,line-anchored
3230239797,3,1.0,2.0,False,True,True,False,True,Devin,cross+human,summary only
3230240073,1,1.0,,False,True,False,False,True,OpenAI_Codex,cross,summary only
3230296869,1,1.0,,False,True,False,False,True,OpenAI_Codex,cross,summary only
3230346552,1,,1.0,False,False,True,True,False,Devin,human,line-anchored
3230365188,2,,2.0,False,False,True,True,True,Copilot,human,line-anchored
3230400465,1,,1.0,False,False,True,False,False,Cursor,human,bare verdicts only
3230437187,1,1.0,,False,True,False,False,True,OpenAI_Codex,cross,summary only
3230440600,2,1.0,1.0,True,False,True,False,True,Copilot,same+human,summary only
3230453637,3,,3.0,False,False,True,False,False,Copilot,human,bare verdicts only
3230458023,1,1.0,,True,False,False,False,True,Cursor,same,summary only
3230468422,2,1.0,1.0,True,False,True,False,True,Copilot,same+human,summary only
3230508229,2,,2.0,False,False,True,False,False,Cursor,human,bare verdicts only
3230529031,2,1.0,1.0,True,False,True,True,True,Copilot,same+human,line-anchored
3230537798,1,1.0,,True,False,False,False,True,Cursor,same,summary only
3230602148,3,,3.0,False,False,True,False,False,Copilot,human,bare verdicts only
3230603903,2,1.0,1.0,True,False,True,True,True,Copilot,same+human,line-anchored
3230657224,1,,1.0,False,False,True,True,False,Copilot,human,line-anchored
3230657783,1,,1.0,False,False,True,True,False,Cursor,human,line-anchored
3230682144,5,1.0,4.0,True,False,True,True,True,Copilot,same+human,line-anchored
3230708925,2,1.0,1.0,True,False,True,True,False,Copilot,same+human,line-anchored
3230718769,2,1.0,1.0,True,False,True,True,True,Copilot,same+human,line-anchored
3230720468,2,1.0,1.0,True,False,True,True,False,Copilot,same+human,line-anchored
3230729390,2,1.0,1.0,True,False,True,True,False,Copilot,same+human,line-anchored
3230736954,4,1.0,3.0,True,False,True,True,False,Copilot,same+human,line-anchored
3230758347,2,1.0,1.0,True,False,True,True,True,Copilot,same+human,line-anchored
3230759504,2,1.0,1.0,True,False,True,True,False,Copilot,same+human,line-anchored
3230879398,1,,1.0,False,False,True,False,True,Copilot,human,summary only
3230910315,1,,1.0,False,False,True,False,False,Devin,human,bare verdicts only
3230922085,1,1.0,,False,True,False,True,False,Cursor,cross,line-anchored
3230926443,3,1.0,2.0,True,False,True,True,True,Copilot,same+human,line-anchored
3230937121,3,1.0,2.0,True,False,True,True,True,Copilot,same+human,line-anchored
3230973688,3,1.0,2.0,True,False,True,True,True,Copilot,same+human,line-anchored
3230990710,1,,1.0,False,False,True,False,True,Copilot,human,summary only
3231017572,1,,1.0,False,False,True,False,False,OpenAI_Codex,human,bare verdicts only
3231129687,2,,2.0,False,False,True,False,True,Copilot,human,summary only
3231135043,4,2.0,2.0,True,True,True,True,True,Copilot,same+cross+human,line-anchored
3231162110,2,,2.0,False,False,True,True,True,Devin,human,line-anchored
3231259535,1,,1.0,False,False,True,False,True,Cursor,human,summary only
3231460257,2,1.0,1.0,True,False,True,True,False,Copilot,same+human,line-anchored
3231526864,1,,1.0,False,False,True,False,False,Copilot,human,bare verdicts only
3231589632,3,1.0,2.0,True,False,True,True,True,Copilot,same+human,line-anchored
3231624510,3,,3.0,False,False,True,False,False,Copilot,human,bare verdicts only
3231648781,2,1.0,1.0,True,False,True,True,False,Copilot,same+human,line-anchored
3231652557,2,1.0,1.0,True,False,True,True,False,Copilot,same+human,line-anchored
3231655337,1,,1.0,False,False,True,False,False,Cursor,human,bare verdicts only
3231677792,1,1.0,,False,True,False,False,True,OpenAI_Codex,cross,summary only
3231681142,3,,3.0,False,False,True,False,False,Copilot,human,bare verdicts only
3231720206,4,1.0,3.0,True,False,True,True,True,Copilot,same+human,line-anchored
3231729538,1,,1.0,False,False,True,False,False,Cursor,human,bare verdicts only
3231756516,1,,1.0,False,False,True,False,True,OpenAI_Codex,human,summary only
3231764619,1,1.0,,False,True,False,True,True,OpenAI_Codex,cross,line-anchored
3231788654,3,1.0,2.0,True,False,True,True,True,Copilot,same+human,line-anchored
3231802866,3,3.0,,False,True,False,True,True,OpenAI_Codex,cross,line-anchored
3231858876,1,,1.0,False,False,True,True,False,OpenAI_Codex,human,line-anchored
3231931598,1,,1.0,False,False,True,False,False,Copilot,human,bare verdicts only
3231933790,3,1.0,2.0,True,False,True,True,False,Copilot,same+human,line-anchored
3231935037,1,,1.0,False,False,True,False,False,Copilot,human,bare verdicts only
3231935491,1,,1.0,False,False,True,False,True,Copilot,human,summary only
3231937207,1,,1.0,False,False,True,False,False,Copilot,human,bare verdicts only
3231937964,1,,1.0,False,False,True,False,False,Copilot,human,bare verdicts only
3231939415,2,1.0,1.0,False,True,True,True,True,Devin,cross+human,line-anchored
3231946113,2,1.0,1.0,True,False,True,True,False,Copilot,same+human,line-anchored
3231948361,2,1.0,1.0,True,False,True,True,False,Copilot,same+human,line-anchored
3231949586,3,1.0,2.0,False,True,True,True,True,Claude_Code,cross+human,line-anchored
3231983313,1,,1.0,False,False,True,False,False,OpenAI_Codex,human,bare verdicts only
3232013571,1,,1.0,False,False,True,False,True,Copilot,human,summary only
3232028428,1,1.0,,False,True,False,True,True,Claude_Code,cross,line-anchored
3232086545,2,1.0,1.0,False,True,True,True,True,Cursor,cross+human,line-anchored
3232119740,4,1.0,3.0,True,False,True,True,False,Copilot,same+human,line-anchored
3232137193,1,,1.0,False,False,True,False,False,Devin,human,bare verdicts only
3232150852,2,1.0,1.0,True,False,True,True,False,Copilot,same+human,line-anchored
3232185257,1,1.0,,True,False,False,False,True,Cursor,same,summary only
3232357145,3,1.0,2.0,True,False,True,True,False,Cursor,same+human,line-anchored
3232428398,1,1.0,,False,True,False,False,False,OpenAI_Codex,cross,bare verdicts only
3232435672,2,,2.0,False,False,True,True,False,Cursor,human,line-anchored
3232438793,3,1.0,2.0,True,False,True,True,False,Copilot,same+human,line-anchored
3232494393,1,,1.0,False,False,True,False,True,OpenAI_Codex,human,summary only
3232539895,4,1.0,3.0,True,False,True,True,True,Copilot,same+human,line-anchored
3232542994,1,1.0,,False,True,False,False,True,Devin,cross,summary only
3232585648,2,,2.0,False,False,True,True,True,Cursor,human,line-anchored
3232587454,1,,1.0,False,False,True,False,True,Devin,human,summary only
3232592059,2,1.0,1.0,False,True,True,True,True,Cursor,cross+human,line-anchored
3232636358,4,,4.0,False,False,True,True,True,Copilot,human,line-anchored
3232657298,2,,2.0,False,False,True,False,True,Copilot,human,summary only
3232669455,3,1.0,2.0,True,False,True,True,True,Copilot,same+human,line-anchored
3232670129,4,1.0,3.0,True,False,True,True,True,Copilot,same+human,line-anchored
3232671397,2,1.0,1.0,True,False,True,True,False,Copilot,same+human,line-anchored
3232675471,3,1.0,2.0,True,False,True,True,True,Copilot,same+human,line-anchored
3232689105,3,1.0,2.0,True,False,True,True,True,Copilot,same+human,line-anchored
3232691904,2,1.0,1.0,True,False,True,True,True,Copilot,same+human,line-anchored
3232711427,3,1.0,2.0,True,False,True,True,True,Copilot,same+human,line-anchored
3232731143,2,1.0,1.0,False,True,True,False,True,Cursor,cross+human,summary only
3232744879,1,,1.0,False,False,True,False,False,Cursor,human,bare verdicts only
3232800200,1,1.0,,False,True,False,True,True,OpenAI_Codex,cross,line-anchored
3232802201,1,1.0,,False,True,False,False,True,Devin,cross,summary only
3232826145,1,1.0,,False,True,False,False,True,Cursor,cross,summary only
3232844270,1,,1.0,False,False,True,True,False,Claude_Code,human,line-anchored
3232865410,1,1.0,,False,True,False,True,True,OpenAI_Codex,cross,line-anchored
3232972283,2,2.0,,False,True,False,True,True,OpenAI_Codex,cross,line-anchored
3232980564,1,1.0,,False,True,False,False,True,Devin,cross,summary only
3232990910,2,1.0,1.0,False,True,True,False,True,Cursor,cross+human,summary only
3233066510,1,,1.0,False,False,True,False,False,Cursor,human,bare verdicts only
3233079845,1,,1.0,False,False,True,True,False,Devin,human,line-anchored
3233131994,3,1.0,2.0,False,True,True,True,True,Devin,cross+human,line-anchored
3233174406,3,1.0,2.0,False,True,True,False,True,Devin,cross+human,summary only
3233175153,2,1.0,1.0,False,True,True,True,True,Cursor,cross+human,line-anchored
3233201952,1,1.0,,True,False,False,False,True,Cursor,same,summary only
3233206925,1,,1.0,False,False,True,False,False,OpenAI_Codex,human,bare verdicts only
3233264502,2,1.0,1.0,False,True,True,True,True,Cursor,cross+human,line-anchored
3233286812,1,1.0,,True,False,False,False,True,Cursor,same,summary only
3233322620,1,1.0,,False,True,False,True,True,OpenAI_Codex,cross,line-anchored
3233527581,1,1.0,,True,False,False,False,True,Cursor,same,summary only
3233690931,1,,1.0,False,False,True,True,False,Devin,human,line-anchored
3233695124,1,,1.0,False,False,True,True,False,Devin,human,line-anchored
3233855622,1,1.0,,False,True,False,True,True,Cursor,cross,line-anchored
3233974032,1,,1.0,False,False,True,True,False,Devin,human,line-anchored
3234052393,1,,1.0,False,False,True,False,False,Devin,human,bare verdicts only
3234065894,2,1.0,1.0,True,False,True,True,False,Copilot,same+human,line-anchored
3234115546,2,1.0,1.0,True,False,True,True,False,Copilot,same+human,line-anchored
3234121023,1,,1.0,False,False,True,False,False,Copilot,human,bare verdicts only
3234138504,4,1.0,3.0,True,False,True,False,True,Copilot,same+human,summary only
3234152217,2,1.0,1.0,True,False,True,True,True,Copilot,same+human,line-anchored
3234164558,1,1.0,,True,False,False,False,True,Cursor,same,summary only
3234200031,1,,1.0,False,False,True,False,True,Copilot,human,summary only
3234203382,1,,1.0,False,False,True,False,True,Copilot,human,summary only
3234226080,2,,2.0,False,False,True,True,True,Cursor,human,line-anchored
3234229310,2,1.0,1.0,True,False,True,True,False,Copilot,same+human,line-anchored
3234241930,2,,2.0,False,False,True,False,False,Copilot,human,bare verdicts only
3234253127,2,1.0,1.0,True,False,True,True,False,Copilot,same+human,line-anchored
3234257351,3,1.0,2.0,True,False,True,True,False,Copilot,same+human,line-anchored
3234259884,5,1.0,4.0,True,False,True,True,True,Copilot,same+human,line-anchored
3234322879,1,,1.0,False,False,True,True,False,Devin,human,line-anchored
3234328843,2,1.0,1.0,True,False,True,True,False,Copilot,same+human,line-anchored
3234387620,2,1.0,1.0,True,False,True,True,True,Copilot,same+human,line-anchored
3234412400,2,,2.0,False,False,True,False,True,Copilot,human,summary only
3234480284,2,,2.0,False,False,True,True,False,Devin,human,line-anchored
3234526044,2,,2.0,False,False,True,True,True,Devin,human,line-anchored
3234660269,2,,2.0,False,False,True,True,False,Claude_Code,human,line-anchored
3234691892,4,1.0,3.0,True,False,True,True,True,Copilot,same+human,line-anchored
3234697279,2,,2.0,False,False,True,False,True,Copilot,human,summary only
3234710075,1,1.0,,False,True,False,True,True,Cursor,cross,line-anchored
3234773539,2,,2.0,False,False,True,True,False,Cursor,human,line-anchored
3234785818,2,,2.0,False,False,True,True,False,OpenAI_Codex,human,line-anchored
3234804067,4,1.0,3.0,True,False,True,True,True,Copilot,same+human,line-anchored
3234816520,1,,1.0,False,False,True,True,False,Copilot,human,line-anchored
3234835900,1,,1.0,False,False,True,False,False,Copilot,human,bare verdicts only
3234862868,2,,2.0,False,False,True,False,False,Copilot,human,bare verdicts only
3234972709,1,,1.0,False,False,True,False,False,OpenAI_Codex,human,bare verdicts only
3235010382,3,1.0,2.0,True,False,True,True,True,Copilot,same+human,line-anchored
3235022674,3,1.0,2.0,False,True,True,False,True,Devin,cross+human,summary only
3235036061,2,1.0,1.0,False,True,True,True,True,Cursor,cross+human,line-anchored
3235051839,1,,1.0,False,False,True,False,False,Copilot,human,bare verdicts only
3235070810,2,,2.0,False,False,True,False,False,Copilot,human,bare verdicts only
3235082376,1,1.0,,False,True,False,True,True,Cursor,cross,line-anchored
3235103212,2,,2.0,False,False,True,True,True,Claude_Code,human,line-anchored
3235168159,2,,2.0,False,False,True,False,True,Copilot,human,summary only
3235179464,2,1.0,1.0,True,False,True,True,True,Copilot,same+human,line-anchored
3235209505,3,1.0,2.0,True,False,True,True,False,Copilot,same+human,line-anchored
3235213901,1,,1.0,False,False,True,False,False,Copilot,human,bare verdicts only
3235249371,2,1.0,1.0,True,False,True,False,True,Copilot,same+human,summary only
3235274361,2,,2.0,False,False,True,False,True,Copilot,human,summary only
3235279907,2,1.0,1.0,True,False,True,True,True,Copilot,same+human,line-anchored
3235301897,1,,1.0,False,False,True,False,False,Copilot,human,bare verdicts only
3235347485,2,1.0,1.0,True,False,True,True,True,Copilot,same+human,line-anchored
3235449791,2,1.0,1.0,True,False,True,True,True,Copilot,same+human,line-anchored
3235469054,2,1.0,1.0,True,False,True,True,True,Copilot,same+human,line-anchored
3235498524,1,,1.0,False,False,True,True,False,Devin,human,line-anchored
3235553836,1,1.0,,False,True,False,False,True,OpenAI_Codex,cross,summary only
3235583761,1,,1.0,False,False,True,False,False,Devin,human,bare verdicts only
3235701551,2,,2.0,False,False,True,True,False,Devin,human,line-anchored
3235702407,1,,1.0,False,False,True,True,False,Devin,human,line-anchored
3235943738,1,,1.0,False,False,True,False,False,Copilot,human,bare verdicts only
3235947868,3,1.0,2.0,False,True,True,False,True,Devin,cross+human,summary only
3235970438,4,1.0,3.0,True,False,True,True,True,Copilot,same+human,line-anchored
3235990796,2,1.0,1.0,True,False,True,True,True,Copilot,same+human,line-anchored
3236016989,1,1.0,,False,True,False,False,True,OpenAI_Codex,cross,summary only
3236030119,2,1.0,1.0,True,False,True,True,False,Copilot,same+human,line-anchored
3236075721,2,1.0,1.0,True,False,True,True,False,Copilot,same+human,line-anchored
3236103019,1,,1.0,False,False,True,False,True,Cursor,human,summary only
3236103026,1,1.0,,False,True,False,False,True,Devin,cross,summary only
3236114322,2,1.0,1.0,True,False,True,True,True,Copilot,same+human,line-anchored
3236126178,2,,2.0,False,False,True,True,False,OpenAI_Codex,human,line-anchored
3236162443,2,1.0,1.0,True,False,True,True,False,Copilot,same+human,line-anchored
3236171682,1,,1.0,False,False,True,False,True,Copilot,human,summary only
3236201354,1,,1.0,False,False,True,False,False,OpenAI_Codex,human,bare verdicts only
3236209903,2,1.0,1.0,True,False,True,False,True,Cursor,same+human,summary only
3236247779,3,1.0,2.0,True,False,True,True,True,Copilot,same+human,line-anchored
3236282004,1,,1.0,False,False,True,False,False,Copilot,human,bare verdicts only
3236292101,2,1.0,1.0,True,False,True,True,True,Copilot,same+human,line-anchored
3236293441,2,,2.0,False,False,True,False,False,Copilot,human,bare verdicts only
3236306681,2,1.0,1.0,True,False,True,True,False,Copilot,same+human,line-anchored
3236322044,2,1.0,1.0,True,False,True,True,False,Copilot,same+human,line-anchored
3236325867,2,1.0,1.0,True,False,True,True,True,Copilot,same+human,line-anchored
3236369998,2,,2.0,False,False,True,False,False,Copilot,human,bare verdicts only
3236393939,3,1.0,2.0,True,False,True,True,True,Copilot,same+human,line-anchored
3236423978,1,,1.0,False,False,True,False,False,Copilot,human,bare verdicts only
3236458634,3,1.0,2.0,True,False,True,True,True,Copilot,same+human,line-anchored
3236499567,1,1.0,,False,True,False,True,True,OpenAI_Codex,cross,line-anchored
3236504855,2,,2.0,False,False,True,False,True,Copilot,human,summary only
3236509996,1,1.0,,False,True,False,True,True,OpenAI_Codex,cross,line-anchored
3236515423,2,1.0,1.0,True,False,True,True,True,Copilot,same+human,line-anchored
3236538506,1,1.0,,True,False,False,False,True,Cursor,same,summary only
3236584552,1,1.0,,True,False,False,False,True,Cursor,same,summary only
3236689518,1,1.0,,False,True,False,False,True,OpenAI_Codex,cross,summary only
3236824338,1,1.0,,False,True,False,False,True,OpenAI_Codex,cross,summary only
3236878089,1,1.0,,False,True,False,False,True,OpenAI_Codex,cross,summary only
3236959707,1,1.0,,False,True,False,False,True,Devin,cross,summary only
3237089884,2,,2.0,False,False,True,True,False,OpenAI_Codex,human,line-anchored
3237301213,1,1.0,,True,False,False,False,True,Cursor,same,summary only
3237358945,1,,1.0,False,False,True,False,False,Devin,human,bare verdicts only
3237409182,1,1.0,,False,True,False,True,True,OpenAI_Codex,cross,line-anchored
3237452406,1,,1.0,False,False,True,False,True,Cursor,human,summary only
3237505165,1,,1.0,False,False,True,False,False,Devin,human,bare verdicts only
3237688401,4,1.0,3.0,True,False,True,True,True,Copilot,same+human,line-anchored
3237703446,2,1.0,1.0,True,False,True,True,False,Copilot,same+human,line-anchored
3237704700,1,1.0,,False,True,False,False,True,Devin,cross,summary only
3237741166,4,1.0,3.0,True,False,True,True,True,Copilot,same+human,line-anchored
3237746082,4,1.0,3.0,True,False,True,True,True,Copilot,same+human,line-anchored
3237779597,1,1.0,,False,True,False,False,True,Devin,cross,summary only
3237805236,5,1.0,4.0,True,False,True,True,False,Copilot,same+human,line-anchored
3237835287,2,1.0,1.0,True,False,True,True,False,Copilot,same+human,line-anchored
3237870300,3,,3.0,False,False,True,False,False,Copilot,human,bare verdicts only
3237929957,3,1.0,2.0,False,True,True,False,True,Copilot,cross+human,summary only
3237932553,2,,2.0,False,False,True,False,False,Copilot,human,bare verdicts only
3237965606,3,1.0,2.0,True,False,True,True,False,Copilot,same+human,line-anchored
3237969185,4,,4.0,False,False,True,False,False,Copilot,human,bare verdicts only
3238006552,1,,1.0,False,False,True,False,False,Copilot,human,bare verdicts only
3238012390,3,1.0,2.0,True,False,True,True,True,Copilot,same+human,line-anchored
3238046925,4,1.0,3.0,True,False,True,True,True,Copilot,same+human,line-anchored
3238146970,3,1.0,2.0,True,False,True,True,True,Copilot,same+human,line-anchored
3238158813,2,1.0,1.0,True,False,True,True,False,Copilot,same+human,line-anchored
3238232687,2,1.0,1.0,True,False,True,True,True,Copilot,same+human,line-anchored
3238246289,3,1.0,2.0,False,True,True,True,True,Devin,cross+human,line-anchored
3238286297,2,1.0,1.0,True,False,True,True,False,Copilot,same+human,line-anchored
3238286660,2,,2.0,False,False,True,True,False,Cursor,human,line-anchored
3238301472,1,,1.0,False,False,True,False,True,Copilot,human,summary only
3238351006,1,1.0,,False,True,False,True,True,OpenAI_Codex,cross,line-anchored
3238429047,2,1.0,1.0,True,False,True,True,True,Copilot,same+human,line-anchored
3238629859,2,1.0,1.0,True,False,True,True,True,Copilot,same+human,line-anchored
3238645131,1,,1.0,False,False,True,False,False,Copilot,human,bare verdicts only
3238659253,3,,3.0,False,False,True,False,False,Copilot,human,bare verdicts only
3238680606,2,1.0,1.0,True,False,True,True,False,Copilot,same+human,line-anchored
3238729558,3,,3.0,False,False,True,False,False,Copilot,human,bare verdicts only
3238818806,2,1.0,1.0,True,False,True,True,False,Copilot,same+human,line-anchored
3238835611,3,1.0,2.0,True,False,True,True,True,Copilot,same+human,line-anchored
3238911335,2,1.0,1.0,True,False,True,True,True,Copilot,same+human,line-anchored
3238922680,3,3.0,,False,True,False,True,True,OpenAI_Codex,cross,line-anchored
3238929100,2,1.0,1.0,True,False,True,True,False,Copilot,same+human,line-anchored
3238950653,2,1.0,1.0,True,False,True,True,True,Copilot,same+human,line-anchored
3238991224,2,1.0,1.0,True,False,True,True,True,Copilot,same+human,line-anchored
3239035119,2,,2.0,False,False,True,True,True,Devin,human,line-anchored
3239082764,2,1.0,1.0,True,False,True,True,True,Copilot,same+human,line-anchored
3239151025,2,1.0,1.0,True,False,True,False,True,Copilot,same+human,summary only
3239221395,2,1.0,1.0,False,True,True,False,True,Devin,cross+human,summary only
3239311333,2,1.0,1.0,True,False,True,True,False,Copilot,same+human,line-anchored
3239343804,1,,1.0,False,False,True,False,False,Cursor,human,bare verdicts only
3239395784,2,,2.0,False,False,True,False,False,Copilot,human,bare verdicts only
3239413265,1,,1.0,False,False,True,False,False,Cursor,human,bare verdicts only
3239473570,1,,1.0,False,False,True,False,False,Cursor,human,bare verdicts only
3239537329,1,1.0,,False,True,False,False,True,OpenAI_Codex,cross,summary only
3239561220,2,1.0,1.0,False,True,True,True,True,OpenAI_Codex,cross+human,line-anchored
3239561564,3,1.0,2.0,True,False,True,True,False,Copilot,same+human,line-anchored
3239582067,1,1.0,,True,False,False,False,True,Cursor,same,summary only
3239583079,1,,1.0,False,False,True,False,False,Copilot,human,bare verdicts only
3239609997,2,1.0,1.0,True,False,True,True,True,Cursor,same+human,line-anchored
3239615601,1,1.0,,True,False,False,False,True,Cursor,same,summary only
3239623244,1,,1.0,False,False,True,False,False,Devin,human,bare verdicts only
3239660273,2,1.0,1.0,True,False,True,True,True,Copilot,same+human,line-anchored
3239718018,1,1.0,,False,True,False,False,True,Devin,cross,summary only
3239748118,4,1.0,3.0,True,False,True,True,False,Copilot,same+human,line-anchored
3239840445,4,1.0,3.0,True,False,True,True,True,Cursor,same+human,line-anchored
3239945909,1,1.0,,False,True,False,False,True,Devin,cross,summary only
3240006620,2,,2.0,False,False,True,False,False,Devin,human,bare verdicts only
3240046688,1,1.0,,False,True,False,True,True,OpenAI_Codex,cross,line-anchored
3240102461,1,1.0,,False,True,False,True,True,OpenAI_Codex,cross,line-anchored
3240248542,1,1.0,,False,True,False,True,True,Devin,cross,line-anchored
3240293802,1,1.0,,False,True,False,False,True,Devin,cross,summary only
3240293949,1,1.0,,False,True,False,False,True,Devin,cross,summary only
3240323818,1,,1.0,False,False,True,False,True,OpenAI_Codex,human,summary only
3240335886,1,,1.0,False,False,True,True,True,OpenAI_Codex,human,line-anchored
3240350831,2,1.0,1.0,True,False,True,False,True,Cursor,same+human,summary only
3240378214,1,,1.0,False,False,True,False,False,Cursor,human,bare verdicts only
3240395646,2,,2.0,False,False,True,True,True,OpenAI_Codex,human,line-anchored
3240515147,1,1.0,,True,False,False,False,True,Cursor,same,summary only
3240533897,1,1.0,,False,True,False,False,True,Claude_Code,cross,summary only
3240693840,1,,1.0,False,False,True,False,False,OpenAI_Codex,human,bare verdicts only
3240738542,2,1.0,1.0,True,False,True,False,True,Cursor,same+human,summary only
3240741513,1,,1.0,False,False,True,True,False,Devin,human,line-anchored
3240797601,3,1.0,2.0,False,True,True,True,True,OpenAI_Codex,cross+human,line-anchored
3241057566,6,1.0,5.0,False,True,True,True,True,OpenAI_Codex,cross+human,line-anchored
3241089784,2,2.0,,False,True,False,True,False,Devin,cross,line-anchored
3241236444,1,1.0,,False,True,False,True,True,OpenAI_Codex,cross,line-anchored
3241305284,1,1.0,,False,True,False,False,True,Devin,cross,summary only
3241319003,1,,1.0,False,False,True,False,True,Copilot,human,summary only
3241336803,1,1.0,,True,False,False,False,True,Cursor,same,summary only
3241346467,2,1.0,1.0,True,False,True,True,True,Copilot,same+human,line-anchored
3241357147,4,1.0,3.0,True,False,True,True,False,Copilot,same+human,line-anchored
3241371550,1,,1.0,False,False,True,True,False,Devin,human,line-anchored
3241445999,2,1.0,1.0,True,False,True,True,True,Copilot,same+human,line-anchored
3241472881,2,2.0,,False,True,False,True,False,Devin,cross,line-anchored
3241523087,1,,1.0,False,False,True,False,True,Copilot,human,summary only
3241527624,1,,1.0,False,False,True,False,False,Copilot,human,bare verdicts only
3241546085,2,1.0,1.0,True,False,True,True,True,Copilot,same+human,line-anchored
3241552048,3,1.0,2.0,True,False,True,True,True,Copilot,same+human,line-anchored
3241570199,3,1.0,2.0,True,False,True,True,True,Cursor,same+human,line-anchored
3241570420,1,,1.0,False,False,True,True,False,Devin,human,line-anchored
3241590398,2,1.0,1.0,True,False,True,True,True,Copilot,same+human,line-anchored
3241591765,3,1.0,2.0,True,False,True,False,True,Copilot,same+human,summary only
3241595367,2,1.0,1.0,True,False,True,False,True,Cursor,same+human,summary only
3241598089,2,1.0,1.0,True,False,True,True,True,Copilot,same+human,line-anchored
3241607777,1,1.0,,True,False,False,True,True,Copilot,same,line-anchored
3241641326,1,,1.0,False,False,True,False,True,Copilot,human,summary only
3241643009,1,,1.0,False,False,True,False,True,Copilot,human,summary only
3241695455,3,,3.0,False,False,True,True,True,Devin,human,line-anchored
3241734959,2,1.0,1.0,True,False,True,True,True,Copilot,same+human,line-anchored
3241819936,2,1.0,1.0,True,False,True,True,False,Copilot,same+human,line-anchored
3241852461,2,1.0,1.0,True,False,True,True,False,Copilot,same+human,line-anchored
3241853233,4,1.0,3.0,False,True,True,True,True,OpenAI_Codex,cross+human,line-anchored
3241861541,2,1.0,1.0,False,True,True,True,True,Claude_Code,cross+human,line-anchored
3241955513,2,,2.0,False,False,True,False,False,Devin,human,bare verdicts only
3241984328,2,1.0,1.0,True,False,True,True,False,Copilot,same+human,line-anchored
3241986884,4,1.0,3.0,True,False,True,True,False,Copilot,same+human,line-anchored
3242008869,3,1.0,2.0,True,False,True,True,True,Copilot,same+human,line-anchored
3242091827,2,,2.0,False,False,True,False,True,Devin,human,summary only
3242149958,1,,1.0,False,False,True,False,False,OpenAI_Codex,human,bare verdicts only
3242236662,3,1.0,2.0,True,False,True,True,False,Copilot,same+human,line-anchored
3242243860,1,,1.0,False,False,True,False,True,Copilot,human,summary only
3242315574,2,,2.0,False,False,True,False,False,Copilot,human,bare verdicts only
3242338436,2,,2.0,False,False,True,False,True,Copilot,human,summary only
3242375510,3,1.0,2.0,True,False,True,True,False,Copilot,same+human,line-anchored
3242404511,1,,1.0,False,False,True,True,False,OpenAI_Codex,human,line-anchored
3242421553,1,,1.0,False,False,True,False,False,Copilot,human,bare verdicts only
3242425051,2,1.0,1.0,True,False,True,False,True,Cursor,same+human,summary only
3242483223,1,1.0,,False,True,False,True,True,OpenAI_Codex,cross,line-anchored
3242486354,1,1.0,,False,True,False,True,True,OpenAI_Codex,cross,line-anchored
3242497585,4,1.0,3.0,True,False,True,True,True,Copilot,same+human,line-anchored
3242573593,1,1.0,,False,True,False,False,True,Cursor,cross,summary only
3242616794,1,1.0,,False,True,False,False,True,Cursor,cross,summary only
3242643712,3,,3.0,False,False,True,True,True,OpenAI_Codex,human,line-anchored
3242653464,3,2.0,1.0,False,True,True,True,True,OpenAI_Codex,cross+human,line-anchored
3242666013,1,1.0,,False,True,False,True,True,Cursor,cross,line-anchored
3242820090,1,1.0,,False,True,False,True,True,OpenAI_Codex,cross,line-anchored
3242939113,1,1.0,,False,True,False,True,True,OpenAI_Codex,cross,line-anchored
3242974102,1,,1.0,False,False,True,True,False,Devin,human,line-anchored
3242974861,2,1.0,1.0,True,False,True,True,True,Copilot,same+human,line-anchored
3242980094,3,1.0,2.0,True,False,True,True,True,Copilot,same+human,line-anchored
3243017418,3,2.0,1.0,True,True,True,True,True,Cursor,same+cross+human,line-anchored
3243112963,3,1.0,2.0,True,False,True,True,True,Copilot,same+human,line-anchored
3243133353,1,,1.0,False,False,True,False,True,OpenAI_Codex,human,summary only
3243134540,2,1.0,1.0,True,False,True,True,False,Copilot,same+human,line-anchored
3243439435,1,1.0,,False,True,False,False,True,OpenAI_Codex,cross,summary only
3243455777,1,,1.0,False,False,True,True,False,OpenAI_Codex,human,line-anchored
3243533799,1,1.0,,False,True,False,False,True,Claude_Code,cross,summary only
3243548041,1,,1.0,False,False,True,True,False,OpenAI_Codex,human,line-anchored
3243689758,1,,1.0,False,False,True,False,False,OpenAI_Codex,human,bare verdicts only
3243718544,3,1.0,2.0,False,True,True,True,True,Cursor,cross+human,line-anchored
3243753455,1,1.0,,True,False,False,False,True,Cursor,same,summary only
3243798561,1,,1.0,False,False,True,False,False,OpenAI_Codex,human,bare verdicts only
3243982089,1,,1.0,False,False,True,True,False,Devin,human,line-anchored
3244090776,3,1.0,2.0,False,True,True,True,True,Cursor,cross+human,line-anchored
3244092785,2,1.0,1.0,False,True,True,True,True,OpenAI_Codex,cross+human,line-anchored
3244187219,2,1.0,1.0,False,True,True,True,True,OpenAI_Codex,cross+human,line-anchored
3244201138,3,,3.0,False,False,True,True,True,Devin,human,line-anchored
3244216022,1,,1.0,False,False,True,False,True,Devin,human,summary only
3244284302,2,1.0,1.0,False,True,True,False,True,Devin,cross+human,summary only
3244334376,1,1.0,,False,True,False,True,True,OpenAI_Codex,cross,line-anchored
3244343726,2,,2.0,False,False,True,True,False,Cursor,human,line-anchored
3244411906,1,1.0,,False,True,False,False,True,OpenAI_Codex,cross,summary only
3244419015,1,1.0,,False,True,False,False,True,OpenAI_Codex,cross,summary only
3244460749,1,,1.0,False,False,True,True,True,Cursor,human,line-anchored
3244478374,1,1.0,,False,True,False,False,True,Devin,cross,summary only
3244675240,2,1.0,1.0,True,False,True,True,False,Copilot,same+human,line-anchored
3244675358,2,1.0,1.0,True,False,True,True,False,Copilot,same+human,line-anchored
3244677330,1,1.0,,False,True,False,True,False,Devin,cross,line-anchored
3244682773,1,1.0,,False,True,False,True,True,OpenAI_Codex,cross,line-anchored
3244713449,1,,1.0,False,False,True,False,False,Copilot,human,bare verdicts only
3244728557,1,1.0,,True,False,False,True,True,Copilot,same,line-anchored
3244738134,1,,1.0,False,False,True,False,False,Copilot,human,bare verdicts only
3244770305,3,1.0,2.0,True,False,True,True,True,Copilot,same+human,line-anchored
3244771668,4,1.0,3.0,True,False,True,True,True,Copilot,same+human,line-anchored
3244776763,2,,2.0,False,False,True,True,False,Cursor,human,line-anchored
3244786458,1,1.0,,False,True,False,True,True,OpenAI_Codex,cross,line-anchored
3244793853,1,,1.0,False,False,True,False,True,OpenAI_Codex,human,summary only
3244853040,1,1.0,,False,True,False,True,True,Claude_Code,cross,line-anchored
3244853745,1,,1.0,False,False,True,False,True,OpenAI_Codex,human,summary only
3244874544,3,1.0,2.0,True,False,True,True,True,Copilot,same+human,line-anchored
3244879925,2,1.0,1.0,True,False,True,False,True,Copilot,same+human,summary only
3244896143,1,1.0,,False,True,False,False,True,Claude_Code,cross,summary only
3244901827,2,1.0,1.0,True,False,True,True,True,Copilot,same+human,line-anchored
3244943143,2,,2.0,False,False,True,False,True,Copilot,human,summary only
3244955615,2,1.0,1.0,True,False,True,True,False,Copilot,same+human,line-anchored
3244974554,1,,1.0,False,False,True,True,False,Cursor,human,line-anchored
3244980226,2,1.0,1.0,True,False,True,True,False,Copilot,same+human,line-anchored
3244989711,2,1.0,1.0,True,False,True,True,True,Cursor,same+human,line-anchored
3244998010,1,1.0,,False,True,False,True,True,OpenAI_Codex,cross,line-anchored
3245011006,2,2.0,,False,True,False,True,True,Claude_Code,cross,line-anchored
3245145634,1,,1.0,False,False,True,False,False,Copilot,human,bare verdicts only
3245207271,1,1.0,,False,True,False,True,True,OpenAI_Codex,cross,line-anchored
3245227882,2,1.0,1.0,True,False,True,False,True,Copilot,same+human,summary only
3245346788,1,1.0,,False,True,False,True,True,Claude_Code,cross,line-anchored
3245369952,1,1.0,,False,True,False,False,True,Devin,cross,summary only
3245454530,1,,1.0,False,False,True,False,False,Claude_Code,human,bare verdicts only
3245456977,2,2.0,,False,True,False,False,True,Claude_Code,cross,summary only
3245471319,3,,3.0,False,False,True,True,True,Copilot,human,line-anchored
3245542447,1,1.0,,False,True,False,True,True,OpenAI_Codex,cross,line-anchored
3245550572,1,1.0,,False,True,False,True,True,OpenAI_Codex,cross,line-anchored
3245552368,2,,2.0,False,False,True,False,True,Claude_Code,human,summary only
3245632375,2,,2.0,False,False,True,True,True,Cursor,human,line-anchored
3245641273,1,1.0,,False,True,False,False,False,OpenAI_Codex,cross,bare verdicts only
3245672480,1,1.0,,False,True,False,False,False,OpenAI_Codex,cross,bare verdicts only
3245678126,2,1.0,1.0,False,True,True,True,True,Cursor,cross+human,line-anchored
3245700674,1,1.0,,False,True,False,True,True,Cursor,cross,line-anchored
3245746342,1,1.0,,False,True,False,True,True,Claude_Code,cross,line-anchored
3245763226,1,1.0,,False,True,False,True,True,Cursor,cross,line-anchored
3245776477,1,1.0,,True,False,False,False,True,Cursor,same,summary only
3245813506,1,,1.0,False,False,True,True,False,Devin,human,line-anchored
3245826488,1,,1.0,False,False,True,False,True,Copilot,human,summary only
3245871617,1,,1.0,False,False,True,False,False,Copilot,human,bare verdicts only
3245984112,2,1.0,1.0,True,False,True,True,False,Copilot,same+human,line-anchored
3246036689,1,1.0,,False,True,False,True,True,OpenAI_Codex,cross,line-anchored
3246059244,1,1.0,,False,True,False,True,True,OpenAI_Codex,cross,line-anchored
3246096191,1,1.0,,False,True,False,True,True,OpenAI_Codex,cross,line-anchored
3246104231,3,1.0,2.0,False,True,True,True,True,OpenAI_Codex,cross+human,line-anchored
3246108339,3,1.0,2.0,False,True,True,True,True,OpenAI_Codex,cross+human,line-anchored
3246121444,4,1.0,3.0,True,False,True,True,True,Copilot,same+human,line-anchored
3246122368,1,1.0,,False,True,False,True,True,OpenAI_Codex,cross,line-anchored
3246149669,1,,1.0,False,False,True,False,False,Copilot,human,bare verdicts only
3246155636,1,,1.0,False,False,True,False,False,Copilot,human,bare verdicts only
3246209138,1,,1.0,False,False,True,False,False,Devin,human,bare verdicts only
3246250179,1,,1.0,False,False,True,False,False,Copilot,human,bare verdicts only
3246256169,1,1.0,,False,True,False,True,True,OpenAI_Codex,cross,line-anchored
3246334136,2,1.0,1.0,True,False,True,True,False,Copilot,same+human,line-anchored
3246334492,4,2.0,2.0,False,True,True,True,True,OpenAI_Codex,cross+human,line-anchored
3246339663,1,,1.0,False,False,True,False,True,Copilot,human,summary only
3246366800,3,1.0,2.0,True,False,True,True,True,Copilot,same+human,line-anchored
3246453941,4,1.0,3.0,True,False,True,False,True,Copilot,same+human,summary only
3246458539,2,2.0,,True,True,False,True,True,Cursor,same+cross,line-anchored
3246458841,1,,1.0,False,False,True,False,True,Copilot,human,summary only
3246497185,2,1.0,1.0,True,False,True,True,True,Copilot,same+human,line-anchored
3246516750,2,2.0,,True,True,False,True,True,Cursor,same+cross,line-anchored
3246583801,1,1.0,,False,True,False,True,False,Devin,cross,line-anchored
3246585663,1,1.0,,False,True,False,True,True,OpenAI_Codex,cross,line-anchored
3246632498,1,1.0,,False,True,False,True,True,OpenAI_Codex,cross,line-anchored
3246632730,1,1.0,,False,True,False,True,True,OpenAI_Codex,cross,line-anchored
3246633209,1,1.0,,False,True,False,True,True,OpenAI_Codex,cross,line-anchored
3246633623,1,1.0,,False,True,False,True,True,OpenAI_Codex,cross,line-anchored
3246642343,1,1.0,,False,True,False,False,True,Devin,cross,summary only
3246647176,1,1.0,,False,True,False,True,True,OpenAI_Codex,cross,line-anchored
3246647294,1,1.0,,False,True,False,True,True,OpenAI_Codex,cross,line-anchored
3246647416,1,1.0,,False,True,False,True,True,Cursor,cross,line-anchored
3246694948,2,2.0,,False,True,False,False,True,Devin,cross,summary only
3246725755,1,1.0,,False,True,False,True,True,OpenAI_Codex,cross,line-anchored
3246759351,1,1.0,,False,True,False,False,True,Devin,cross,summary only
3246762112,1,1.0,,False,True,False,False,True,Devin,cross,summary only
3246809242,1,1.0,,False,True,False,True,True,OpenAI_Codex,cross,line-anchored
3246852543,2,1.0,1.0,True,False,True,True,False,Copilot,same+human,line-anchored
3246897503,1,1.0,,False,True,False,False,True,Claude_Code,cross,summary only
3246973819,2,,2.0,False,False,True,True,True,Devin,human,line-anchored
3246982201,3,1.0,2.0,True,False,True,True,False,Copilot,same+human,line-anchored
3247126423,3,,3.0,False,False,True,True,True,Copilot,human,line-anchored
3247227445,1,,1.0,False,False,True,False,True,Copilot,human,summary only
3247257395,2,1.0,1.0,True,False,True,True,False,Copilot,same+human,line-anchored
3247312407,1,,1.0,False,False,True,False,False,Devin,human,bare verdicts only
3247403285,5,1.0,4.0,True,False,True,True,True,Copilot,same+human,line-anchored
3247560836,1,1.0,,False,True,False,True,True,Cursor,cross,line-anchored
3247583357,1,1.0,,False,True,False,True,True,Cursor,cross,line-anchored
3247587633,1,1.0,,False,True,False,True,True,Cursor,cross,line-anchored
3247589656,1,1.0,,False,True,False,True,True,Cursor,cross,line-anchored
3247597991,1,1.0,,False,True,False,True,True,Cursor,cross,line-anchored
3247599032,1,1.0,,False,True,False,False,True,OpenAI_Codex,cross,summary only
3247626881,1,1.0,,False,True,False,False,True,Cursor,cross,summary only
3247627221,1,1.0,,False,True,False,True,True,Cursor,cross,line-anchored
3247650827,1,1.0,,False,True,False,True,True,OpenAI_Codex,cross,line-anchored
3247654214,1,,1.0,False,False,True,True,True,OpenAI_Codex,human,line-anchored
3247661050,1,1.0,,False,True,False,True,True,Cursor,cross,line-anchored
3247719401,3,1.0,2.0,True,False,True,True,True,Copilot,same+human,line-anchored
3247725112,2,1.0,1.0,False,True,True,True,True,Claude_Code,cross+human,line-anchored
3247802313,1,1.0,,False,True,False,False,True,OpenAI_Codex,cross,summary only
3247852290,4,1.0,3.0,True,False,True,False,True,Copilot,same+human,summary only
3247869356,2,1.0,1.0,True,False,True,True,False,Copilot,same+human,line-anchored
3247870307,1,1.0,,False,True,False,True,True,Cursor,cross,line-anchored
3247870978,1,1.0,,False,True,False,True,True,Cursor,cross,line-anchored
3247927006,1,,1.0,False,False,True,False,False,Copilot,human,bare verdicts only
3248134640,1,,1.0,False,False,True,False,True,OpenAI_Codex,human,summary only
3248194695,1,1.0,,False,True,False,True,True,Devin,cross,line-anchored
3248210397,3,2.0,1.0,False,True,True,True,True,Claude_Code,cross+human,line-anchored
3248322198,1,,1.0,False,False,True,False,False,OpenAI_Codex,human,bare verdicts only
3248441187,1,,1.0,False,False,True,False,True,OpenAI_Codex,human,summary only
3248492032,1,1.0,,False,True,False,True,True,Cursor,cross,line-anchored
3248661035,2,2.0,,False,True,False,True,True,OpenAI_Codex,cross,line-anchored
3248668849,2,1.0,1.0,True,False,True,True,False,Copilot,same+human,line-anchored
3248671454,2,,2.0,False,False,True,False,True,Copilot,human,summary only
3248707748,1,,1.0,False,False,True,False,False,Copilot,human,bare verdicts only
3248786765,2,1.0,1.0,True,False,True,True,True,Copilot,same+human,line-anchored
3248855778,2,1.0,1.0,False,True,True,False,True,Devin,cross+human,summary only
3248882383,1,,1.0,False,False,True,False,False,Copilot,human,bare verdicts only
3248888118,2,,2.0,False,False,True,True,True,Copilot,human,line-anchored
3248903618,2,1.0,1.0,True,False,True,True,True,Copilot,same+human,line-anchored
3248956761,3,1.0,2.0,True,False,True,True,True,Copilot,same+human,line-anchored
3248957693,2,1.0,1.0,True,False,True,True,True,Copilot,same+human,line-anchored
3248994078,1,,1.0,False,False,True,False,False,Copilot,human,bare verdicts only
3249009388,1,1.0,,False,True,False,True,True,Cursor,cross,line-anchored
3249016349,1,1.0,,False,True,False,True,True,Cursor,cross,line-anchored
3249018410,1,1.0,,False,True,False,True,True,Cursor,cross,line-anchored
3249020396,1,1.0,,False,True,False,False,True,Cursor,cross,summary only
3249023242,1,1.0,,False,True,False,True,True,Cursor,cross,line-anchored
3249025812,1,1.0,,False,True,False,True,True,Cursor,cross,line-anchored
3249026478,1,1.0,,False,True,False,True,True,Cursor,cross,line-anchored
3249027193,1,1.0,,False,True,False,False,True,Cursor,cross,summary only
3249029467,1,1.0,,False,True,False,True,True,Cursor,cross,line-anchored
3249030275,1,1.0,,False,True,False,True,True,Cursor,cross,line-anchored
3249032709,3,1.0,2.0,True,False,True,True,False,Copilot,same+human,line-anchored
3249052943,2,1.0,1.0,True,False,True,True,False,Copilot,same+human,line-anchored
3249074818,2,1.0,1.0,False,True,True,True,True,Cursor,cross+human,line-anchored
3249124049,1,1.0,,False,True,False,False,True,Devin,cross,summary only
3249143137,1,1.0,,False,True,False,True,True,OpenAI_Codex,cross,line-anchored
3249188012,1,,1.0,False,False,True,False,True,OpenAI_Codex,human,summary only
3249366603,2,1.0,1.0,True,False,True,False,True,Cursor,same+human,summary only
3249484179,2,1.0,1.0,False,True,True,False,True,OpenAI_Codex,cross+human,summary only
3249516720,1,,1.0,False,False,True,False,True,OpenAI_Codex,human,summary only
3249619721,1,1.0,,False,True,False,False,True,Claude_Code,cross,summary only
3249637542,2,1.0,1.0,False,True,True,True,True,Devin,cross+human,line-anchored
3249647577,1,,1.0,False,False,True,False,False,Devin,human,bare verdicts only
3249840983,2,1.0,1.0,False,True,True,False,True,Devin,cross+human,summary only
3249955137,1,,1.0,False,False,True,False,True,OpenAI_Codex,human,summary only
3250024089,1,1.0,,False,True,False,True,True,Claude_Code,cross,line-anchored
3250080019,3,,3.0,False,False,True,False,True,Claude_Code,human,summary only
3250150783,1,,1.0,False,False,True,False,False,OpenAI_Codex,human,bare verdicts only
3250169175,1,,1.0,False,False,True,False,False,OpenAI_Codex,human,bare verdicts only
3250185798,1,,1.0,False,False,True,False,False,OpenAI_Codex,human,bare verdicts only
3250235391,1,1.0,,False,True,False,False,True,Claude_Code,cross,summary only
3250416862,3,1.0,2.0,False,True,True,True,True,Devin,cross+human,line-anchored
3250440088,3,1.0,2.0,True,False,True,True,True,Copilot,same+human,line-anchored
3250455355,5,1.0,4.0,True,False,True,True,True,Copilot,same+human,line-anchored
3250546916,4,1.0,3.0,True,False,True,True,False,Copilot,same+human,line-anchored
3250552829,1,1.0,,False,True,False,True,True,Devin,cross,line-anchored
3250565706,2,,2.0,False,False,True,True,False,OpenAI_Codex,human,line-anchored
3250654992,3,,3.0,False,False,True,False,False,Copilot,human,bare verdicts only
3250689684,2,,2.0,False,False,True,False,False,Cursor,human,bare verdicts only
3250731596,3,1.0,2.0,False,True,True,True,True,Devin,cross+human,line-anchored
3250754121,2,1.0,1.0,False,True,True,True,True,Devin,cross+human,line-anchored
3250793139,2,1.0,1.0,True,False,True,True,False,Copilot,same+human,line-anchored
3250809215,1,,1.0,False,False,True,False,False,Copilot,human,bare verdicts only
3250824111,2,1.0,1.0,True,False,True,True,True,Copilot,same+human,line-anchored
3250855135,1,,1.0,False,False,True,False,False,Devin,human,bare verdicts only
3250992083,2,,2.0,False,False,True,False,False,Copilot,human,bare verdicts only
3251350146,1,1.0,,False,True,False,False,True,Cursor,cross,summary only
3251416645,3,1.0,2.0,True,False,True,True,True,Copilot,same+human,line-anchored
3251459747,2,1.0,1.0,True,False,True,True,False,Copilot,same+human,line-anchored
3251491835,2,1.0,1.0,False,True,True,True,True,Devin,cross+human,line-anchored
3251526032,1,,1.0,False,False,True,False,False,Copilot,human,bare verdicts only
3251609070,1,1.0,,False,True,False,True,True,Claude_Code,cross,line-anchored
3251615613,4,1.0,3.0,True,False,True,True,False,Copilot,same+human,line-anchored
3251640244,2,1.0,1.0,True,False,True,True,True,Copilot,same+human,line-anchored
3251643358,1,1.0,,False,True,False,False,True,Devin,cross,summary only
3251653522,3,1.0,2.0,False,True,True,True,True,Devin,cross+human,line-anchored
3251731325,3,1.0,2.0,True,False,True,True,True,Copilot,same+human,line-anchored
3251767163,2,1.0,1.0,True,False,True,False,True,Copilot,same+human,summary only
3251777422,1,,1.0,False,False,True,False,True,Copilot,human,summary only
3251830287,1,1.0,,False,True,False,True,True,OpenAI_Codex,cross,line-anchored
3251894732,2,,2.0,False,False,True,True,True,Devin,human,line-anchored
3251944582,1,1.0,,False,True,False,True,True,Cursor,cross,line-anchored
3252061066,1,1.0,,False,True,False,True,True,Cursor,cross,line-anchored
3252065228,2,1.0,1.0,False,True,True,True,True,Cursor,cross+human,line-anchored
3252114885,1,1.0,,False,True,False,True,True,Cursor,cross,line-anchored
3252117147,2,1.0,1.0,False,True,True,True,True,Cursor,cross+human,line-anchored
3252127377,1,1.0,,False,True,False,True,True,Cursor,cross,line-anchored
3252127796,1,1.0,,False,True,False,True,True,Cursor,cross,line-anchored
3252145883,1,1.0,,False,True,False,True,True,Cursor,cross,line-anchored
3252153920,1,,1.0,False,False,True,True,True,Devin,human,line-anchored
3252187698,1,,1.0,False,False,True,False,False,Copilot,human,bare verdicts only
3252214522,1,1.0,,False,True,False,True,True,Cursor,cross,line-anchored
3252224153,2,2.0,,False,True,False,True,True,OpenAI_Codex,cross,line-anchored
3252342214,1,1.0,,False,True,False,True,True,Cursor,cross,line-anchored
3252342736,1,1.0,,False,True,False,True,True,Cursor,cross,line-anchored
3252357857,1,,1.0,False,False,True,False,False,OpenAI_Codex,human,bare verdicts only
3252390478,1,,1.0,False,False,True,False,False,Copilot,human,bare verdicts only
3252537855,2,,2.0,False,False,True,False,False,Copilot,human,bare verdicts only
3252583512,1,,1.0,False,False,True,False,False,Copilot,human,bare verdicts only
3252598985,1,,1.0,False,False,True,False,False,Copilot,human,bare verdicts only
3252602399,1,,1.0,False,False,True,False,False,Copilot,human,bare verdicts only
3252609363,1,,1.0,False,False,True,False,False,OpenAI_Codex,human,bare verdicts only
3252718061,3,1.0,2.0,True,False,True,True,True,Copilot,same+human,line-anchored
3252721879,1,1.0,,False,True,False,False,True,Devin,cross,summary only
3252779862,3,1.0,2.0,True,False,True,True,True,Copilot,same+human,line-anchored
3252786326,2,1.0,1.0,True,False,True,True,False,Copilot,same+human,line-anchored
3252814882,3,1.0,2.0,True,False,True,True,True,Copilot,same+human,line-anchored
3252835264,3,1.0,2.0,True,False,True,True,True,Copilot,same+human,line-anchored
3252908985,1,,1.0,False,False,True,False,False,Copilot,human,bare verdicts only
3252928017,1,,1.0,False,False,True,True,False,Devin,human,line-anchored
3252984390,1,,1.0,False,False,True,False,False,Copilot,human,bare verdicts only
3252991718,4,1.0,3.0,True,False,True,True,True,Copilot,same+human,line-anchored
3253039135,1,,1.0,False,False,True,True,False,Copilot,human,line-anchored
3253059537,2,1.0,1.0,True,False,True,True,False,Copilot,same+human,line-anchored
3253108819,1,,1.0,False,False,True,False,False,Copilot,human,bare verdicts only
3253109904,1,,1.0,False,False,True,False,False,Copilot,human,bare verdicts only
3253117553,2,,2.0,False,False,True,True,False,Copilot,human,line-anchored
3253133691,2,1.0,1.0,True,False,True,True,True,Copilot,same+human,line-anchored
3253171720,3,1.0,2.0,True,False,True,True,True,Copilot,same+human,line-anchored
3253192160,3,1.0,2.0,True,False,True,True,True,Copilot,same+human,line-anchored
3253197360,1,,1.0,False,False,True,False,False,OpenAI_Codex,human,bare verdicts only
3253250382,1,1.0,,False,True,False,False,True,Devin,cross,summary only
3253285828,3,1.0,2.0,True,False,True,True,True,Copilot,same+human,line-anchored
3253291299,2,1.0,1.0,True,False,True,True,False,Copilot,same+human,line-anchored
3253313679,1,1.0,,False,True,False,False,True,Devin,cross,summary only
3253345747,1,1.0,,False,True,False,False,True,Devin,cross,summary only
3253407428,3,,3.0,False,False,True,True,True,Copilot,human,line-anchored
3253454706,3,1.0,2.0,True,False,True,True,True,Copilot,same+human,line-anchored
3253477854,2,1.0,1.0,True,False,True,True,False,Copilot,same+human,line-anchored
3253486172,3,1.0,2.0,True,False,True,True,True,Copilot,same+human,line-anchored
3253517210,1,,1.0,False,False,True,True,False,Copilot,human,line-anchored
3253517563,3,1.0,2.0,False,True,True,True,True,Devin,cross+human,line-anchored
3253576699,1,1.0,,False,True,False,True,True,Devin,cross,line-anchored
3253623690,1,1.0,,False,True,False,True,True,Devin,cross,line-anchored
3253643080,3,1.0,2.0,True,False,True,True,True,Copilot,same+human,line-anchored
3253644211,2,1.0,1.0,False,True,True,True,True,Devin,cross+human,line-anchored
3253646711,3,1.0,2.0,True,False,True,True,True,Copilot,same+human,line-anchored
3253651747,2,1.0,1.0,False,True,True,True,True,Devin,cross+human,line-anchored
3253657879,1,,1.0,False,False,True,False,True,Copilot,human,summary only
3253693371,1,,1.0,False,False,True,False,True,Devin,human,summary only
3253726052,1,1.0,,False,True,False,False,True,Devin,cross,summary only
3253972976,1,,1.0,False,False,True,False,False,OpenAI_Codex,human,bare verdicts only
3254019745,1,1.0,,False,True,False,False,True,Devin,cross,summary only
3254098455,1,,1.0,False,False,True,False,False,OpenAI_Codex,human,bare verdicts only
3254261062,2,1.0,1.0,False,True,True,True,True,Claude_Code,cross+human,line-anchored
3254286684,2,2.0,,False,True,False,True,True,Devin,cross,line-anchored
3254423495,1,,1.0,False,False,True,False,False,OpenAI_Codex,human,bare verdicts only
3254431567,3,,3.0,False,False,True,True,True,OpenAI_Codex,human,line-anchored
3254436323,1,,1.0,False,False,True,False,False,Copilot,human,bare verdicts only
3254443036,1,,1.0,False,False,True,False,False,Copilot,human,bare verdicts only
3254452408,1,,1.0,False,False,True,True,False,Devin,human,line-anchored
3254468102,3,1.0,2.0,True,False,True,True,True,Copilot,same+human,line-anchored
3254551884,2,2.0,,False,True,False,True,False,Devin,cross,line-anchored
3254588245,2,,2.0,False,False,True,True,True,Copilot,human,line-anchored
3254629254,1,,1.0,False,False,True,False,False,OpenAI_Codex,human,bare verdicts only
3254641830,1,1.0,,False,True,False,False,True,Devin,cross,summary only
3254680021,1,1.0,,False,True,False,False,True,Devin,cross,summary only
3254714553,5,1.0,4.0,True,False,True,True,True,Copilot,same+human,line-anchored
3254756249,1,1.0,,False,True,False,True,True,Cursor,cross,line-anchored
3254761836,1,,1.0,False,False,True,False,True,Copilot,human,summary only
3254795783,2,1.0,1.0,False,True,True,True,True,OpenAI_Codex,cross+human,line-anchored
3254809770,1,1.0,,False,True,False,True,True,Cursor,cross,line-anchored
3254820907,3,1.0,2.0,True,False,True,True,True,Copilot,same+human,line-anchored
3255020828,1,,1.0,False,False,True,False,False,Copilot,human,bare verdicts only
3255122635,1,1.0,,False,True,False,True,True,Cursor,cross,line-anchored
3255130444,2,1.0,1.0,True,False,True,True,False,Copilot,same+human,line-anchored
3255139387,3,1.0,2.0,True,False,True,False,True,Copilot,same+human,summary only
3255269165,4,1.0,3.0,True,False,True,True,True,Copilot,same+human,line-anchored
3255274706,1,1.0,,False,True,False,True,True,Cursor,cross,line-anchored
3255275485,1,1.0,,False,True,False,True,True,Cursor,cross,line-anchored
3255276483,1,1.0,,False,True,False,True,True,Cursor,cross,line-anchored
3255282669,1,,1.0,False,False,True,False,False,Copilot,human,bare verdicts only
3255287375,1,,1.0,False,False,True,False,True,Copilot,human,summary only
3255305692,3,1.0,2.0,True,False,True,True,True,Copilot,same+human,line-anchored
3255318562,3,,3.0,False,False,True,False,False,Copilot,human,bare verdicts only
3255319889,2,,2.0,False,False,True,True,False,Copilot,human,line-anchored
3255332086,1,1.0,,False,True,False,True,True,Cursor,cross,line-anchored
3255394640,1,1.0,,True,False,False,False,True,Copilot,same,summary only
3255397374,1,1.0,,True,False,False,False,True,Copilot,same,summary only
3255459755,3,1.0,2.0,False,True,True,False,True,Devin,cross+human,summary only
3255484188,2,1.0,1.0,True,False,True,False,True,Copilot,same+human,summary only
3255507938,4,1.0,3.0,True,False,True,True,True,Copilot,same+human,line-anchored
3255564010,3,,3.0,False,False,True,False,True,Copilot,human,summary only
3255591862,1,1.0,,True,False,False,False,True,Cursor,same,summary only
3255598859,4,1.0,3.0,False,True,True,True,True,Claude_Code,cross+human,line-anchored
3255610089,1,,1.0,False,False,True,False,False,Copilot,human,bare verdicts only
3255622824,2,1.0,1.0,True,False,True,True,True,Copilot,same+human,line-anchored
3255641734,5,1.0,4.0,True,False,True,True,True,Copilot,same+human,line-anchored
3255737322,3,1.0,2.0,True,False,True,False,True,Copilot,same+human,summary only
3255786986,1,,1.0,False,False,True,False,False,Copilot,human,bare verdicts only
3255802721,2,1.0,1.0,True,False,True,True,True,Copilot,same+human,line-anchored
3255829767,1,1.0,,False,True,False,False,True,Devin,cross,summary only
3255835797,3,,3.0,False,False,True,False,False,Copilot,human,bare verdicts only
3255989855,1,1.0,,False,True,False,False,True,Devin,cross,summary only
3256164146,2,1.0,1.0,True,False,True,True,False,Copilot,same+human,line-anchored
3256172444,4,1.0,3.0,False,True,True,True,True,Claude_Code,cross+human,line-anchored
3256236380,3,1.0,2.0,True,False,True,True,False,Copilot,same+human,line-anchored
3256237787,1,1.0,,False,True,False,True,True,Devin,cross,line-anchored
3256255880,3,1.0,2.0,True,False,True,True,False,Copilot,same+human,line-anchored
3256257821,3,1.0,2.0,True,False,True,True,False,Copilot,same+human,line-anchored
3256279457,4,,4.0,False,False,True,False,True,Copilot,human,summary only
3256396149,2,1.0,1.0,False,True,True,True,True,Devin,cross+human,line-anchored
3256421862,2,1.0,1.0,False,True,True,True,True,Cursor,cross+human,line-anchored
3256558725,2,1.0,1.0,False,True,True,True,True,Devin,cross+human,line-anchored
3256596335,6,1.0,5.0,True,False,True,True,True,Copilot,same+human,line-anchored
3256599328,4,1.0,3.0,True,False,True,True,True,Copilot,same+human,line-anchored
3256664617,4,1.0,3.0,True,False,True,True,True,Copilot,same+human,line-anchored
3256687370,1,,1.0,False,False,True,False,False,OpenAI_Codex,human,bare verdicts only
3256695032,2,1.0,1.0,True,False,True,True,True,Copilot,same+human,line-anchored
3256705149,1,,1.0,False,False,True,False,False,Cursor,human,bare verdicts only
3256720288,1,1.0,,False,True,False,True,True,Devin,cross,line-anchored
3256751857,2,1.0,1.0,True,False,True,True,True,Copilot,same+human,line-anchored
3256773725,2,,2.0,False,False,True,True,False,OpenAI_Codex,human,line-anchored
3256999647,1,1.0,,False,True,False,False,True,Devin,cross,summary only
3257032895,1,,1.0,False,False,True,False,False,OpenAI_Codex,human,bare verdicts only
3257058488,1,,1.0,False,False,True,False,True,Devin,human,summary only
3257085645,1,,1.0,False,False,True,False,False,Cursor,human,bare verdicts only
3257102140,1,,1.0,False,False,True,True,True,Claude_Code,human,line-anchored
3257110700,1,,1.0,False,False,True,False,True,OpenAI_Codex,human,summary only
3257146000,1,,1.0,False,False,True,False,False,OpenAI_Codex,human,bare verdicts only
3257283089,2,1.0,1.0,False,True,True,False,True,Devin,cross+human,summary only
3257283781,1,,1.0,False,False,True,False,False,Devin,human,bare verdicts only
3257359947,1,,1.0,False,False,True,True,True,Claude_Code,human,line-anchored
3257491948,1,1.0,,False,True,False,True,True,OpenAI_Codex,cross,line-anchored
3257546325,1,,1.0,False,False,True,False,False,Devin,human,bare verdicts only
3257742722,4,3.0,1.0,False,True,True,True,True,OpenAI_Codex,cross+human,line-anchored
3258044557,1,1.0,,True,False,False,True,True,Copilot,same,line-anchored
3258059378,2,,2.0,False,False,True,False,True,Copilot,human,summary only
3258092447,2,,2.0,False,False,True,True,False,OpenAI_Codex,human,line-anchored
3258115779,1,,1.0,False,False,True,False,False,Copilot,human,bare verdicts only
3258265517,2,2.0,,False,True,False,True,True,Devin,cross,line-anchored
3258336312,1,1.0,,False,True,False,False,True,Devin,cross,summary only
3258532069,2,1.0,1.0,True,False,True,True,True,Copilot,same+human,line-anchored
3258556361,4,1.0,3.0,False,True,True,True,False,Cursor,cross+human,line-anchored
3258566467,1,,1.0,False,False,True,False,True,Claude_Code,human,summary only
3258627012,3,1.0,2.0,False,True,True,True,True,Devin,cross+human,line-anchored
3258642599,2,,2.0,False,False,True,False,False,Cursor,human,bare verdicts only
3258683661,1,1.0,,True,False,False,False,True,Copilot,same,summary only
3258699253,2,,2.0,False,False,True,False,False,Copilot,human,bare verdicts only
3258702664,2,1.0,1.0,True,False,True,True,True,Copilot,same+human,line-anchored
3258717917,3,,3.0,False,False,True,False,True,Copilot,human,summary only
3258721117,2,,2.0,False,False,True,False,True,Copilot,human,summary only
3258721136,3,,3.0,False,False,True,False,True,Copilot,human,summary only
3258737729,2,1.0,1.0,False,True,True,False,True,Devin,cross+human,summary only
3258785681,2,2.0,,False,True,False,True,True,Cursor,cross,line-anchored
3258873519,1,,1.0,False,False,True,True,False,Copilot,human,line-anchored
3258956169,1,1.0,,False,True,False,False,True,OpenAI_Codex,cross,summary only
3258966275,2,1.0,1.0,True,False,True,True,False,Copilot,same+human,line-anchored
3258971322,1,,1.0,False,False,True,False,True,Copilot,human,summary only
3259015956,2,1.0,1.0,True,False,True,True,False,Copilot,same+human,line-anchored
3259095271,1,,1.0,False,False,True,False,False,Copilot,human,bare verdicts only
3259102188,4,2.0,2.0,True,True,True,True,True,Copilot,same+cross+human,line-anchored
3259111897,2,1.0,1.0,True,False,True,True,False,Copilot,same+human,line-anchored
3259167894,1,,1.0,False,False,True,False,False,Copilot,human,bare verdicts only
3259170663,3,1.0,2.0,True,False,True,True,True,Copilot,same+human,line-anchored
3259184030,1,,1.0,False,False,True,False,False,Devin,human,bare verdicts only
3259210216,1,1.0,,True,False,False,True,True,Cursor,same,line-anchored
3259226316,1,,1.0,False,False,True,False,False,Copilot,human,bare verdicts only
3259226951,4,2.0,2.0,True,True,True,True,True,Copilot,same+cross+human,line-anchored
3259279446,2,,2.0,False,False,True,True,True,Copilot,human,line-anchored
3259345083,1,1.0,,False,True,False,True,True,Cursor,cross,line-anchored
3259387186,2,,2.0,False,False,True,False,False,Copilot,human,bare verdicts only
3259456784,1,1.0,,False,True,False,True,True,Cursor,cross,line-anchored
3259545843,1,,1.0,False,False,True,False,False,Copilot,human,bare verdicts only
3259688737,1,1.0,,False,True,False,True,True,Cursor,cross,line-anchored
3259701196,1,,1.0,False,False,True,False,False,Copilot,human,bare verdicts only
3259732080,2,1.0,1.0,True,False,True,True,True,Copilot,same+human,line-anchored
3259798274,5,1.0,4.0,True,False,True,True,True,Copilot,same+human,line-anchored
3259884497,2,1.0,1.0,True,False,True,True,True,Copilot,same+human,line-anchored
3259888057,1,,1.0,False,False,True,False,False,Copilot,human,bare verdicts only
3259891443,2,1.0,1.0,True,False,True,True,False,Copilot,same+human,line-anchored
3259892866,2,1.0,1.0,True,False,True,True,False,Copilot,same+human,line-anchored
3259895339,2,1.0,1.0,True,False,True,True,False,Copilot,same+human,line-anchored
3259899444,2,1.0,1.0,True,False,True,True,False,Copilot,same+human,line-anchored
3259947208,2,1.0,1.0,True,False,True,True,True,Cursor,same+human,line-anchored
3259959319,1,1.0,,True,False,False,True,True,Copilot,same,line-anchored
3259983065,1,1.0,,False,True,False,True,True,OpenAI_Codex,cross,line-anchored
3260006975,3,1.0,2.0,True,False,True,True,True,Copilot,same+human,line-anchored
3260016188,1,,1.0,False,False,True,False,True,OpenAI_Codex,human,summary only
3260016636,2,1.0,1.0,True,False,True,True,True,Copilot,same+human,line-anchored
3260112717,1,,1.0,False,False,True,False,False,OpenAI_Codex,human,bare verdicts only
3260236912,3,1.0,2.0,False,True,True,True,True,Claude_Code,cross+human,line-anchored
3260259915,1,1.0,,False,True,False,True,True,Cursor,cross,line-anchored
3260281658,1,,1.0,False,False,True,False,False,Devin,human,bare verdicts only
3260304158,3,,3.0,False,False,True,True,True,OpenAI_Codex,human,line-anchored
3260309313,2,,2.0,False,False,True,True,False,OpenAI_Codex,human,line-anchored
3260311457,2,2.0,,True,True,False,True,True,Cursor,same+cross,line-anchored
3260325787,2,1.0,1.0,False,True,True,False,True,Devin,cross+human,summary only
3260345989,1,1.0,,False,True,False,True,False,Devin,cross,line-anchored
3260361394,1,1.0,,False,True,False,False,True,Cursor,cross,summary only
3260361982,1,1.0,,False,True,False,False,True,Cursor,cross,summary only
3260366203,1,1.0,,False,True,False,False,True,Cursor,cross,summary only
3260452571,2,1.0,1.0,False,True,True,False,True,Devin,cross+human,summary only
3260533635,2,1.0,1.0,True,False,True,True,False,Cursor,same+human,line-anchored
3260577723,4,1.0,3.0,False,True,True,True,True,OpenAI_Codex,cross+human,line-anchored
3260688211,2,1.0,1.0,False,True,True,True,False,Devin,cross+human,line-anchored
3260720963,1,1.0,,False,True,False,True,True,Claude_Code,cross,line-anchored
3260752408,1,,1.0,False,False,True,False,False,OpenAI_Codex,human,bare verdicts only
3260776885,1,1.0,,False,True,False,True,True,Devin,cross,line-anchored
3260797588,1,,1.0,False,False,True,True,False,Devin,human,line-anchored
3261008079,1,,1.0,False,False,True,True,True,Devin,human,line-anchored
3261242871,3,1.0,2.0,False,True,True,True,True,Devin,cross+human,line-anchored
3261427589,1,1.0,,False,True,False,True,True,OpenAI_Codex,cross,line-anchored
3261437580,1,,1.0,False,False,True,True,False,Devin,human,line-anchored
3261486523,1,1.0,,False,True,False,False,True,OpenAI_Codex,cross,summary only
3261504414,1,,1.0,False,False,True,True,True,Devin,human,line-anchored
3261558782,1,,1.0,False,False,True,False,True,Devin,human,summary only
3261564874,3,1.0,2.0,True,False,True,True,True,Copilot,same+human,line-anchored
3261572196,3,1.0,2.0,True,False,True,True,True,Copilot,same+human,line-anchored
3261577574,4,1.0,3.0,True,False,True,True,True,Copilot,same+human,line-anchored
3261577801,1,,1.0,False,False,True,False,False,Devin,human,bare verdicts only
3261582130,1,,1.0,False,False,True,False,False,Devin,human,bare verdicts only
3261628283,3,1.0,2.0,True,False,True,True,True,Copilot,same+human,line-anchored
3261678660,1,,1.0,False,False,True,False,True,Copilot,human,summary only
3261757119,4,1.0,3.0,True,False,True,True,False,Copilot,same+human,line-anchored
3261779776,2,1.0,1.0,True,False,True,False,True,Copilot,same+human,summary only
3261852303,2,1.0,1.0,True,False,True,True,False,Copilot,same+human,line-anchored
3261857525,4,1.0,3.0,True,False,True,True,False,Copilot,same+human,line-anchored
3261871194,1,,1.0,False,False,True,False,True,Copilot,human,summary only
3261881244,1,,1.0,False,False,True,False,False,Copilot,human,bare verdicts only
3261926734,1,1.0,,False,True,False,True,True,OpenAI_Codex,cross,line-anchored
3261928264,2,1.0,1.0,True,False,True,True,True,Copilot,same+human,line-anchored
3261954258,5,2.0,3.0,False,True,True,True,True,Devin,cross+human,line-anchored
3262065656,1,,1.0,False,False,True,False,False,Copilot,human,bare verdicts only
3262081306,2,,2.0,False,False,True,False,False,Copilot,human,bare verdicts only
3262092562,3,1.0,2.0,True,False,True,True,False,Copilot,same+human,line-anchored
3262152727,1,1.0,,False,True,False,True,True,OpenAI_Codex,cross,line-anchored
3262182038,1,,1.0,False,False,True,False,False,Copilot,human,bare verdicts only
3262316522,2,1.0,1.0,True,False,True,True,False,Copilot,same+human,line-anchored
3262317031,2,1.0,1.0,True,False,True,True,False,Copilot,same+human,line-anchored
3262353164,1,,1.0,False,False,True,False,False,Copilot,human,bare verdicts only
3262410892,2,1.0,1.0,True,False,True,True,False,Copilot,same+human,line-anchored
3262412016,1,,1.0,False,False,True,False,True,Copilot,human,summary only
3262413935,4,1.0,3.0,True,False,True,True,True,Copilot,same+human,line-anchored
3262414990,2,,2.0,False,False,True,False,True,Copilot,human,summary only
3262417356,1,,1.0,False,False,True,False,False,Copilot,human,bare verdicts only
3262423998,3,,3.0,False,False,True,True,False,Devin,human,line-anchored
3262429170,3,1.0,2.0,True,False,True,True,True,Copilot,same+human,line-anchored
3262466495,2,1.0,1.0,True,False,True,True,True,Copilot,same+human,line-anchored
3262490046,1,,1.0,False,False,True,False,False,Copilot,human,bare verdicts only
3262525188,1,,1.0,False,False,True,False,False,Copilot,human,bare verdicts only
3262576339,1,,1.0,False,False,True,False,True,Cursor,human,summary only
3262649475,4,1.0,3.0,True,False,True,True,True,Copilot,same+human,line-anchored
3262678915,1,,1.0,False,False,True,False,False,OpenAI_Codex,human,bare verdicts only
3262769382,1,1.0,,False,True,False,True,True,OpenAI_Codex,cross,line-anchored
3262781430,2,,2.0,False,False,True,False,True,Cursor,human,summary only
3262791533,1,,1.0,False,False,True,False,False,Cursor,human,bare verdicts only
3262793549,1,,1.0,False,False,True,False,False,Cursor,human,bare verdicts only
3262802572,2,1.0,1.0,True,False,True,True,True,Copilot,same+human,line-anchored
3262902843,1,,1.0,False,False,True,False,False,Copilot,human,bare verdicts only
3262961474,1,1.0,,False,True,False,True,True,OpenAI_Codex,cross,line-anchored
3262972925,2,1.0,1.0,True,False,True,True,True,Copilot,same+human,line-anchored
3262981838,2,1.0,1.0,True,False,True,True,True,Copilot,same+human,line-anchored
3263037151,3,1.0,2.0,True,False,True,True,False,Copilot,same+human,line-anchored
3263042770,2,1.0,1.0,True,False,True,True,True,Copilot,same+human,line-anchored
3263063632,1,,1.0,False,False,True,False,False,Copilot,human,bare verdicts only
3263074697,1,,1.0,False,False,True,False,True,Copilot,human,summary only
3263150786,1,,1.0,False,False,True,False,False,Copilot,human,bare verdicts only
3263151137,1,,1.0,False,False,True,False,False,Copilot,human,bare verdicts only
3263151537,1,,1.0,False,False,True,False,False,Copilot,human,bare verdicts only
3263156715,3,1.0,2.0,True,False,True,True,True,Copilot,same+human,line-anchored
3263199127,2,,2.0,False,False,True,True,False,Claude_Code,human,line-anchored
3263203091,2,1.0,1.0,True,False,True,True,True,Copilot,same+human,line-anchored
3263238496,2,,2.0,False,False,True,True,True,Copilot,human,line-anchored
3263262091,1,,1.0,False,False,True,False,False,Copilot,human,bare verdicts only
3263281525,1,,1.0,False,False,True,False,False,Copilot,human,bare verdicts only
3263291835,1,1.0,,False,True,False,True,True,Devin,cross,line-anchored
3263294734,2,1.0,1.0,True,False,True,True,False,Copilot,same+human,line-anchored
3263382195,1,,1.0,False,False,True,False,False,OpenAI_Codex,human,bare verdicts only
3263401745,1,1.0,,False,True,False,False,True,Devin,cross,summary only
3263526971,2,,2.0,False,False,True,False,False,OpenAI_Codex,human,bare verdicts only
3263609129,1,,1.0,False,False,True,False,True,Devin,human,summary only
3263692368,1,,1.0,False,False,True,False,False,Claude_Code,human,bare verdicts only
3263733256,2,1.0,1.0,False,True,True,True,True,OpenAI_Codex,cross+human,line-anchored
3263866233,2,,2.0,False,False,True,True,False,Devin,human,line-anchored
3263934382,1,1.0,,False,True,False,True,True,Claude_Code,cross,line-anchored
3264140320,3,1.0,2.0,False,True,True,True,True,Devin,cross+human,line-anchored
3264193798,2,,2.0,False,False,True,True,True,OpenAI_Codex,human,line-anchored
3264387081,1,1.0,,False,True,False,True,True,OpenAI_Codex,cross,line-anchored
3264395060,1,1.0,,False,True,False,False,True,OpenAI_Codex,cross,summary only
3264404472,1,,1.0,False,False,True,False,False,Devin,human,bare verdicts only
3264413761,2,1.0,1.0,False,True,True,True,True,Devin,cross+human,line-anchored
3264437230,1,,1.0,False,False,True,True,False,Devin,human,line-anchored
3264455715,1,,1.0,False,False,True,False,True,Devin,human,summary only
3264466407,2,1.0,1.0,False,True,True,False,True,OpenAI_Codex,cross+human,summary only
3264481803,1,1.0,,False,True,False,False,True,Devin,cross,summary only
3264510990,1,,1.0,False,False,True,False,False,Devin,human,bare verdicts only
3264511522,2,1.0,1.0,False,True,True,False,True,OpenAI_Codex,cross+human,summary only
3264569962,1,,1.0,False,False,True,True,False,OpenAI_Codex,human,line-anchored
3264597231,1,,1.0,False,False,True,False,False,OpenAI_Codex,human,bare verdicts only
3264625639,1,,1.0,False,False,True,False,True,Devin,human,summary only
3264732852,1,,1.0,False,False,True,False,True,Devin,human,summary only
3264789507,1,,1.0,False,False,True,False,False,Cursor,human,bare verdicts only
3264795559,2,1.0,1.0,True,False,True,True,True,Cursor,same+human,line-anchored
3264874728,1,,1.0,False,False,True,False,True,Copilot,human,summary only
3264876557,1,,1.0,False,False,True,False,True,Copilot,human,summary only
3264878708,2,1.0,1.0,True,False,True,True,True,Copilot,same+human,line-anchored
3264881289,2,1.0,1.0,True,False,True,True,False,Copilot,same+human,line-anchored
3264889541,2,1.0,1.0,True,False,True,True,True,Copilot,same+human,line-anchored
3264892289,1,,1.0,False,False,True,False,True,Copilot,human,summary only
3264893018,2,1.0,1.0,True,False,True,True,True,Copilot,same+human,line-anchored
3264893793,1,,1.0,False,False,True,False,True,Copilot,human,summary only
3264894388,1,,1.0,False,False,True,False,True,Copilot,human,summary only
3264894473,1,,1.0,False,False,True,False,True,Copilot,human,summary only
3264895237,2,1.0,1.0,True,False,True,True,True,Copilot,same+human,line-anchored
3265063672,1,1.0,,False,True,False,True,True,Cursor,cross,line-anchored
3265090887,1,1.0,,True,False,False,True,True,Cursor,same,line-anchored
3265153814,1,1.0,,False,True,False,True,False,Devin,cross,line-anchored
3265192098,2,,2.0,False,False,True,False,True,Copilot,human,summary only
3265226505,2,1.0,1.0,False,True,True,True,True,OpenAI_Codex,cross+human,line-anchored
3265278926,1,,1.0,False,False,True,False,False,Copilot,human,bare verdicts only
3265287758,2,,2.0,False,False,True,False,False,Copilot,human,bare verdicts only
3265319179,1,,1.0,False,False,True,False,True,Copilot,human,summary only
3265325720,2,1.0,1.0,True,False,True,True,True,Copilot,same+human,line-anchored
3265330365,1,,1.0,False,False,True,False,False,OpenAI_Codex,human,bare verdicts only
3265334651,2,1.0,1.0,False,True,True,True,True,OpenAI_Codex,cross+human,line-anchored
3265336481,2,1.0,1.0,False,True,True,True,True,OpenAI_Codex,cross+human,line-anchored
3265344408,2,1.0,1.0,False,True,True,True,True,OpenAI_Codex,cross+human,line-anchored
3265364263,2,,2.0,False,False,True,True,False,Copilot,human,line-anchored
3265378619,1,,1.0,False,False,True,False,False,Copilot,human,bare verdicts only
3265553256,1,,1.0,False,False,True,False,True,Copilot,human,summary only
3265640341,2,1.0,1.0,False,True,True,True,False,Claude_Code,cross+human,line-anchored
3265665682,1,,1.0,False,False,True,False,True,Copilot,human,summary only
3265709660,1,1.0,,False,True,False,True,True,Claude_Code,cross,line-anchored
3265720375,1,,1.0,False,False,True,False,False,Copilot,human,bare verdicts only
3265728197,2,1.0,1.0,True,False,True,True,True,Copilot,same+human,line-anchored
3265760288,2,1.0,1.0,True,False,True,True,True,Copilot,same+human,line-anchored
3265782173,1,,1.0,False,False,True,False,True,Claude_Code,human,summary only
3265801820,2,1.0,1.0,False,True,True,True,False,Devin,cross+human,line-anchored
3266167561,1,,1.0,False,False,True,False,True,OpenAI_Codex,human,summary only
3266170682,1,1.0,,False,True,False,True,True,Claude_Code,cross,line-anchored
3266316354,1,1.0,,False,True,False,True,True,Claude_Code,cross,line-anchored
3266494157,2,1.0,1.0,True,False,True,True,True,Copilot,same+human,line-anchored
3266504100,2,1.0,1.0,True,False,True,True,True,Copilot,same+human,line-anchored
3266663336,2,1.0,1.0,False,True,True,False,True,OpenAI_Codex,cross+human,summary only
3266900511,2,,2.0,False,False,True,False,True,Copilot,human,summary only
3266954891,1,,1.0,False,False,True,True,True,Copilot,human,line-anchored
3267051989,1,,1.0,False,False,True,False,True,Devin,human,summary only
3267057229,1,,1.0,False,False,True,False,True,Devin,human,summary only
3267098118,3,1.0,2.0,True,False,True,True,True,Copilot,same+human,line-anchored
3267110060,1,1.0,,False,True,False,True,True,Claude_Code,cross,line-anchored
3267130547,2,,2.0,False,False,True,True,True,Copilot,human,line-anchored
3267135504,3,1.0,2.0,True,False,True,True,True,Copilot,same+human,line-anchored
3267138395,1,1.0,,False,True,False,True,True,OpenAI_Codex,cross,line-anchored
3267198858,1,1.0,,False,True,False,True,False,Claude_Code,cross,line-anchored
3267314311,1,,1.0,False,False,True,True,False,OpenAI_Codex,human,line-anchored
3267321603,1,1.0,,False,True,False,True,True,OpenAI_Codex,cross,line-anchored
3267541183,3,1.0,2.0,True,False,True,True,True,Copilot,same+human,line-anchored
3267542859,3,1.0,2.0,False,True,True,True,True,Devin,cross+human,line-anchored
3267543045,2,1.0,1.0,True,False,True,True,True,Copilot,same+human,line-anchored
3267544341,2,1.0,1.0,True,False,True,True,True,Copilot,same+human,line-anchored
3267561101,1,,1.0,False,False,True,False,True,Copilot,human,summary only
3267643074,2,1.0,1.0,True,False,True,False,True,Copilot,same+human,summary only
3267727216,3,1.0,2.0,True,False,True,True,False,Copilot,same+human,line-anchored
3267813789,3,1.0,2.0,False,True,True,True,True,Devin,cross+human,line-anchored
3267821679,1,,1.0,False,False,True,False,True,Copilot,human,summary only
3267839579,3,1.0,2.0,True,False,True,False,True,Copilot,same+human,summary only
3267860391,2,1.0,1.0,True,False,True,True,True,Copilot,same+human,line-anchored
3267906477,1,,1.0,False,False,True,False,False,Devin,human,bare verdicts only
3267923695,2,1.0,1.0,True,False,True,True,False,Copilot,same+human,line-anchored
3267963308,1,,1.0,False,False,True,False,True,Copilot,human,summary only
3267970992,3,1.0,2.0,True,False,True,True,True,Copilot,same+human,line-anchored
3267986741,1,,1.0,False,False,True,False,True,Copilot,human,summary only
3268113550,2,1.0,1.0,True,False,True,True,True,Copilot,same+human,line-anchored
3268117305,3,1.0,2.0,False,True,True,True,True,Devin,cross+human,line-anchored
3268164028,2,1.0,1.0,True,False,True,True,False,Copilot,same+human,line-anchored
3268184875,2,1.0,1.0,True,False,True,True,True,Copilot,same+human,line-anchored
3268208096,1,,1.0,False,False,True,False,False,Copilot,human,bare verdicts only
3268223958,1,,1.0,False,False,True,False,False,Copilot,human,bare verdicts only
3268294728,2,1.0,1.0,True,False,True,True,False,Copilot,same+human,line-anchored
3268489240,1,1.0,,True,False,False,True,True,Copilot,same,line-anchored
3268548191,2,2.0,,False,True,False,True,True,OpenAI_Codex,cross,line-anchored
3268596960,2,,2.0,False,False,True,False,False,Copilot,human,bare verdicts only
3268724297,1,,1.0,False,False,True,False,False,Copilot,human,bare verdicts only
3268810897,1,1.0,,False,True,False,True,True,OpenAI_Codex,cross,line-anchored
3268867971,1,1.0,,False,True,False,True,True,OpenAI_Codex,cross,line-anchored
3268967796,1,,1.0,False,False,True,False,True,Devin,human,summary only
3269035759,3,,3.0,False,False,True,False,False,Copilot,human,bare verdicts only
3269292419,1,,1.0,False,False,True,False,True,Copilot,human,summary only
3269359057,2,2.0,,False,True,False,True,True,OpenAI_Codex,cross,line-anchored
3269400311,2,2.0,,False,True,False,True,True,OpenAI_Codex,cross,line-anchored
3269427129,3,2.0,1.0,False,True,True,True,True,OpenAI_Codex,cross+human,line-anchored
3269431915,1,1.0,,False,True,False,True,False,Devin,cross,line-anchored
3269460141,1,,1.0,False,False,True,False,False,Copilot,human,bare verdicts only
3269461868,1,,1.0,False,False,True,False,False,Copilot,human,bare verdicts only
3269622044,2,2.0,,False,True,False,True,True,OpenAI_Codex,cross,line-anchored
3269654002,3,,3.0,False,False,True,False,False,Copilot,human,bare verdicts only
3269663648,3,1.0,2.0,True,False,True,True,False,Copilot,same+human,line-anchored
3269703997,1,1.0,,False,True,False,True,True,Claude_Code,cross,line-anchored
3269722435,1,1.0,,False,True,False,True,True,OpenAI_Codex,cross,line-anchored
3269722535,1,,1.0,False,False,True,False,False,Copilot,human,bare verdicts only
3269888763,1,1.0,,False,True,False,True,True,Claude_Code,cross,line-anchored
3269892876,2,1.0,1.0,False,True,True,True,True,Devin,cross+human,line-anchored
3269899843,1,1.0,,False,True,False,True,True,Devin,cross,line-anchored
3269921592,2,1.0,1.0,True,False,True,True,True,Copilot,same+human,line-anchored
3270038594,3,1.0,2.0,True,False,True,True,True,Copilot,same+human,line-anchored
3270065601,1,1.0,,False,True,False,True,True,OpenAI_Codex,cross,line-anchored
3270213314,2,1.0,1.0,False,True,True,True,False,Devin,cross+human,line-anchored
3270432876,1,,1.0,False,False,True,False,False,Devin,human,bare verdicts only
3270467676,1,,1.0,False,False,True,True,False,Devin,human,line-anchored
3270566693,1,1.0,,False,True,False,True,True,OpenAI_Codex,cross,line-anchored
3270570821,2,,2.0,False,False,True,True,False,Devin,human,line-anchored
3270625231,2,1.0,1.0,False,True,True,True,True,OpenAI_Codex,cross+human,line-anchored
3270636254,1,1.0,,False,True,False,True,True,OpenAI_Codex,cross,line-anchored
3270662196,1,1.0,,False,True,False,True,True,OpenAI_Codex,cross,line-anchored
3270673156,1,1.0,,False,True,False,True,False,Devin,cross,line-anchored
3270787997,1,1.0,,False,True,False,True,False,Devin,cross,line-anchored
3270842985,2,,2.0,False,False,True,True,False,Claude_Code,human,line-anchored
3270884995,1,,1.0,False,False,True,False,False,Devin,human,bare verdicts only
3270923404,3,1.0,2.0,False,True,True,True,False,OpenAI_Codex,cross+human,line-anchored
3271099893,1,1.0,,False,True,False,True,True,OpenAI_Codex,cross,line-anchored
3271196926,1,,1.0,False,False,True,False,False,Devin,human,bare verdicts only
3271244416,1,1.0,,False,True,False,True,True,Devin,cross,line-anchored
3271253142,1,,1.0,False,False,True,False,False,Devin,human,bare verdicts only
3271282745,3,1.0,2.0,False,True,True,True,False,Devin,cross+human,line-anchored
3271470755,1,1.0,,False,True,False,True,True,OpenAI_Codex,cross,line-anchored
3271571849,3,1.0,2.0,False,True,True,True,True,Devin,cross+human,line-anchored
3271579785,2,,2.0,False,False,True,True,False,Copilot,human,line-anchored
3271620469,3,1.0,2.0,True,False,True,True,True,Copilot,same+human,line-anchored
3271633525,1,,1.0,False,False,True,False,True,Copilot,human,summary only
3271673769,1,,1.0,False,False,True,False,True,Copilot,human,summary only
3271677684,5,1.0,4.0,True,False,True,True,True,Copilot,same+human,line-anchored
3271748860,2,,2.0,False,False,True,True,True,Claude_Code,human,line-anchored
3271852087,1,,1.0,False,False,True,False,True,Copilot,human,summary only
3271866532,4,1.0,3.0,True,False,True,True,True,Copilot,same+human,line-anchored
3271948323,1,,1.0,False,False,True,False,False,Copilot,human,bare verdicts only
3271959157,1,,1.0,False,False,True,False,False,Copilot,human,bare verdicts only
3271981746,3,1.0,2.0,True,False,True,True,True,Copilot,same+human,line-anchored
3271988317,1,1.0,,False,True,False,True,True,Claude_Code,cross,line-anchored
3272051898,2,1.0,1.0,True,False,True,True,False,Copilot,same+human,line-anchored
3272053785,4,1.0,3.0,True,False,True,True,True,Copilot,same+human,line-anchored
3272059201,3,1.0,2.0,False,True,True,True,True,Devin,cross+human,line-anchored
3272116888,2,,2.0,False,False,True,True,True,Devin,human,line-anchored
3272147769,2,1.0,1.0,False,True,True,True,True,Devin,cross+human,line-anchored
3272188634,2,1.0,1.0,True,False,True,True,True,Copilot,same+human,line-anchored
3272208144,1,,1.0,False,False,True,False,False,Copilot,human,bare verdicts only
3272229568,2,,2.0,False,False,True,False,True,Copilot,human,summary only
3272241353,3,1.0,2.0,False,True,True,True,True,Devin,cross+human,line-anchored
3272249112,2,1.0,1.0,False,True,True,True,True,OpenAI_Codex,cross+human,line-anchored
3272249767,1,,1.0,False,False,True,False,False,Copilot,human,bare verdicts only
3272323130,2,1.0,1.0,True,False,True,True,False,Copilot,same+human,line-anchored
3272353154,1,,1.0,False,False,True,False,False,Copilot,human,bare verdicts only
3272467918,4,1.0,3.0,True,False,True,True,True,Copilot,same+human,line-anchored
3272555104,3,1.0,2.0,True,False,True,True,True,Copilot,same+human,line-anchored
3272569623,3,1.0,2.0,False,True,True,False,True,Devin,cross+human,summary only
3272653934,3,1.0,2.0,False,True,True,True,True,Devin,cross+human,line-anchored
3272707390,2,,2.0,False,False,True,False,False,Copilot,human,bare verdicts only
3272719703,2,,2.0,False,False,True,True,False,Devin,human,line-anchored
3272728961,2,1.0,1.0,False,True,True,True,True,Devin,cross+human,line-anchored
3272751390,2,1.0,1.0,True,False,True,True,True,Copilot,same+human,line-anchored
3272830283,2,1.0,1.0,True,False,True,True,True,Copilot,same+human,line-anchored
3272841541,1,1.0,,False,True,False,True,True,Devin,cross,line-anchored
3272940023,1,,1.0,False,False,True,True,True,Copilot,human,line-anchored
3272945997,6,1.0,5.0,True,False,True,True,True,Cursor,same+human,line-anchored
3272980026,2,,2.0,False,False,True,False,True,Devin,human,summary only
3273039386,2,1.0,1.0,False,True,True,True,True,Cursor,cross+human,line-anchored
3273050893,3,1.0,2.0,False,True,True,True,True,Devin,cross+human,line-anchored
3273121567,2,,2.0,False,False,True,False,True,Copilot,human,summary only
3273141584,1,1.0,,False,True,False,True,True,Cursor,cross,line-anchored
3273146314,2,1.0,1.0,True,False,True,True,False,Copilot,same+human,line-anchored
3273148562,6,1.0,5.0,True,False,True,True,True,Cursor,same+human,line-anchored
3273151598,2,1.0,1.0,True,False,True,True,False,Copilot,same+human,line-anchored
3273156437,1,,1.0,False,False,True,False,False,Copilot,human,bare verdicts only
3273174706,2,1.0,1.0,True,False,True,True,False,Copilot,same+human,line-anchored
3273176529,3,1.0,2.0,False,True,True,True,True,Devin,cross+human,line-anchored
3273176771,2,1.0,1.0,True,False,True,True,False,Copilot,same+human,line-anchored
3273214995,3,1.0,2.0,False,True,True,True,True,Devin,cross+human,line-anchored
3273233066,1,1.0,,False,True,False,True,True,Claude_Code,cross,line-anchored
3273243547,1,1.0,,False,True,False,True,True,Claude_Code,cross,line-anchored
3273320261,2,1.0,1.0,True,False,True,True,False,Copilot,same+human,line-anchored
3273333683,1,,1.0,False,False,True,False,False,Devin,human,bare verdicts only
3273353684,3,1.0,2.0,True,False,True,True,True,Copilot,same+human,line-anchored
3273390106,1,,1.0,False,False,True,False,False,Copilot,human,bare verdicts only
3273496214,1,,1.0,False,False,True,True,False,Copilot,human,line-anchored
3273497026,3,,3.0,False,False,True,False,True,Devin,human,summary only
3273562641,4,1.0,3.0,True,False,True,True,False,Copilot,same+human,line-anchored
3273576073,1,,1.0,False,False,True,False,False,Copilot,human,bare verdicts only
3273849558,1,,1.0,False,False,True,False,False,OpenAI_Codex,human,bare verdicts only
3273907563,3,2.0,1.0,False,True,True,True,True,OpenAI_Codex,cross+human,line-anchored
3273910133,1,1.0,,False,True,False,True,True,OpenAI_Codex,cross,line-anchored
3274013683,1,1.0,,False,True,False,True,False,Devin,cross,line-anchored
3274025882,1,,1.0,False,False,True,False,False,Devin,human,bare verdicts only
3274029862,1,,1.0,False,False,True,False,False,Devin,human,bare verdicts only
3274034915,1,,1.0,False,False,True,False,False,Devin,human,bare verdicts only
3274042665,1,,1.0,False,False,True,False,False,Devin,human,bare verdicts only
3274042823,1,,1.0,False,False,True,False,False,Devin,human,bare verdicts only
3274048206,1,,1.0,False,False,True,False,False,Devin,human,bare verdicts only
3274053710,1,,1.0,False,False,True,False,False,Devin,human,bare verdicts only
3274058752,1,,1.0,False,False,True,False,False,Devin,human,bare verdicts only
3274167831,3,1.0,2.0,False,True,True,True,True,OpenAI_Codex,cross+human,line-anchored
3274181978,1,,1.0,False,False,True,True,False,OpenAI_Codex,human,line-anchored
3274450661,2,1.0,1.0,False,True,True,True,True,Devin,cross+human,line-anchored
3274969873,1,1.0,,False,True,False,False,True,Claude_Code,cross,summary only
3275080151,3,1.0,2.0,False,True,True,True,True,OpenAI_Codex,cross+human,line-anchored
3275134373,1,1.0,,False,True,False,True,True,Claude_Code,cross,line-anchored
3275147252,2,1.0,1.0,False,True,True,True,True,Devin,cross+human,line-anchored
3275149041,1,1.0,,False,True,False,True,True,Claude_Code,cross,line-anchored
3275169659,1,,1.0,False,False,True,False,False,Devin,human,bare verdicts only
3275246488,1,,1.0,False,False,True,False,True,Devin,human,summary only
3275255906,1,1.0,,False,True,False,True,True,OpenAI_Codex,cross,line-anchored
3275290858,3,2.0,1.0,False,True,True,True,True,OpenAI_Codex,cross+human,line-anchored
3275308801,1,1.0,,False,True,False,False,True,OpenAI_Codex,cross,summary only
3275314197,3,1.0,2.0,True,False,True,True,True,Copilot,same+human,line-anchored
3275318710,3,1.0,2.0,True,False,True,False,True,Copilot,same+human,summary only
3275403287,1,,1.0,False,False,True,False,True,Copilot,human,summary only
3275415903,2,1.0,1.0,True,False,True,True,False,Copilot,same+human,line-anchored
3275437185,2,1.0,1.0,True,False,True,True,True,Copilot,same+human,line-anchored
3275443065,3,2.0,1.0,True,True,True,True,True,Copilot,same+cross+human,line-anchored
3275451449,3,1.0,2.0,False,True,True,True,True,Devin,cross+human,line-anchored
3275455685,1,,1.0,False,False,True,True,False,Claude_Code,human,line-anchored
3275472204,1,,1.0,False,False,True,False,True,Copilot,human,summary only
3275499596,1,1.0,,False,True,False,False,True,Devin,cross,summary only
3275513847,3,1.0,2.0,True,False,True,True,True,Copilot,same+human,line-anchored
3275527556,1,,1.0,False,False,True,False,False,Copilot,human,bare verdicts only
3275581629,1,1.0,,True,False,False,True,True,Copilot,same,line-anchored
3275585352,3,1.0,2.0,False,True,True,False,True,Devin,cross+human,summary only
3275595161,3,1.0,2.0,False,True,True,True,True,Devin,cross+human,line-anchored
3275609390,1,,1.0,False,False,True,False,False,Claude_Code,human,bare verdicts only
3275622526,1,,1.0,False,False,True,False,False,Copilot,human,bare verdicts only
3275732837,3,1.0,2.0,True,False,True,True,False,Copilot,same+human,line-anchored
3275739591,2,1.0,1.0,True,False,True,True,True,Copilot,same+human,line-anchored
3275792848,3,,3.0,False,False,True,False,False,Copilot,human,bare verdicts only
3275838023,2,1.0,1.0,True,False,True,True,False,Copilot,same+human,line-anchored
3275882982,3,1.0,2.0,False,True,True,True,True,Devin,cross+human,line-anchored
3275893030,3,2.0,1.0,True,True,True,True,True,Copilot,same+cross+human,line-anchored
3275918099,2,,2.0,False,False,True,False,False,Copilot,human,bare verdicts only
3275923459,1,1.0,,False,True,False,False,True,Cursor,cross,summary only
3275979269,1,1.0,,False,True,False,True,True,Devin,cross,line-anchored
3276005639,3,1.0,2.0,False,True,True,False,True,Devin,cross+human,summary only
3276006408,1,,1.0,False,False,True,False,True,Copilot,human,summary only
3276088119,1,1.0,,False,True,False,True,True,OpenAI_Codex,cross,line-anchored
3276106793,3,1.0,2.0,False,True,True,True,True,Devin,cross+human,line-anchored
3276146753,2,1.0,1.0,False,True,True,False,True,Devin,cross+human,summary only
3276285215,4,1.0,3.0,False,True,True,False,True,Devin,cross+human,summary only
3276342569,2,,2.0,False,False,True,False,False,Copilot,human,bare verdicts only
3276353703,2,,2.0,False,False,True,False,False,Copilot,human,bare verdicts only
3276356503,2,,2.0,False,False,True,False,True,Copilot,human,summary only
3276367328,3,1.0,2.0,True,False,True,True,True,Copilot,same+human,line-anchored
3276368773,2,1.0,1.0,True,False,True,True,False,Copilot,same+human,line-anchored
3276421841,3,1.0,2.0,False,True,True,True,True,Devin,cross+human,line-anchored
3276441777,2,,2.0,False,False,True,False,False,Copilot,human,bare verdicts only
3276446456,3,1.0,2.0,True,False,True,True,False,Copilot,same+human,line-anchored
3276457610,1,,1.0,False,False,True,False,True,Copilot,human,summary only
3276502995,3,1.0,2.0,True,False,True,True,False,Copilot,same+human,line-anchored
3276536247,2,,2.0,False,False,True,False,False,Copilot,human,bare verdicts only
3276536919,2,,2.0,False,False,True,False,False,Copilot,human,bare verdicts only
3276546083,4,2.0,2.0,False,True,True,True,True,Devin,cross+human,line-anchored
3276548217,2,,2.0,False,False,True,False,True,Copilot,human,summary only
3276550075,2,,2.0,False,False,True,False,False,Copilot,human,bare verdicts only
3276556654,3,1.0,2.0,True,False,True,True,True,Copilot,same+human,line-anchored
3276564126,1,,1.0,False,False,True,False,False,Copilot,human,bare verdicts only
3276569103,3,1.0,2.0,False,True,True,True,True,Devin,cross+human,line-anchored
3276585540,1,1.0,,False,True,False,True,True,Claude_Code,cross,line-anchored
3276590642,2,1.0,1.0,True,False,True,True,True,Copilot,same+human,line-anchored
3276602931,1,,1.0,False,False,True,False,True,Copilot,human,summary only
3276605733,1,,1.0,False,False,True,True,False,Claude_Code,human,line-anchored
3276675146,1,,1.0,False,False,True,False,False,Devin,human,bare verdicts only
3276737729,1,,1.0,False,False,True,False,True,Copilot,human,summary only
3276753975,1,,1.0,False,False,True,False,True,Copilot,human,summary only
3276756515,2,,2.0,False,False,True,False,True,Copilot,human,summary only
3276762075,4,1.0,3.0,True,False,True,False,True,Copilot,same+human,summary only
3276763092,1,,1.0,False,False,True,False,True,Copilot,human,summary only
3276787791,4,1.0,3.0,True,False,True,True,True,Copilot,same+human,line-anchored
3276871353,1,,1.0,False,False,True,True,False,Devin,human,line-anchored
3276895608,4,1.0,3.0,True,False,True,False,True,Copilot,same+human,summary only
3276951581,4,1.0,3.0,True,False,True,True,True,Copilot,same+human,line-anchored
3276971958,2,,2.0,False,False,True,False,False,Copilot,human,bare verdicts only
3276973636,2,,2.0,False,False,True,False,True,Copilot,human,summary only
3276981682,4,1.0,3.0,True,False,True,True,True,Copilot,same+human,line-anchored
3277153586,1,,1.0,False,False,True,False,True,Devin,human,summary only
3277173765,1,,1.0,False,False,True,False,False,Devin,human,bare verdicts only
3277329042,1,1.0,,False,True,False,True,True,Claude_Code,cross,line-anchored
3277388837,1,,1.0,False,False,True,False,False,OpenAI_Codex,human,bare verdicts only
3277422683,1,,1.0,False,False,True,False,False,Devin,human,bare verdicts only
3277429161,1,,1.0,False,False,True,False,False,Devin,human,bare verdicts only
3277452738,2,,2.0,False,False,True,True,True,Devin,human,line-anchored
3277586343,1,1.0,,False,True,False,True,True,OpenAI_Codex,cross,line-anchored
3277896885,1,1.0,,False,True,False,False,True,Devin,cross,summary only
3278145927,2,,2.0,False,False,True,False,False,OpenAI_Codex,human,bare verdicts only
3278146408,1,1.0,,False,True,False,False,True,OpenAI_Codex,cross,summary only
3278236128,1,1.0,,False,True,False,True,True,OpenAI_Codex,cross,line-anchored
