id,has_summary,summary_chars
2521284749,False,
2521285664,False,
2521285668,False,
2521285671,False,
2521288733,False,
2521288742,False,
2521288758,False,
2521291401,False,
2521291406,False,
2521291418,False,
2521292167,False,
2521292172,False,
2521292185,False,
2521292190,False,
2521303913,False,
2521303921,False,
2521303927,False,
2521303934,False,
2521311456,False,
2521315181,False,
2521315199,False,
2521315213,False,
2521315224,False,
2521315233,False,
2521315250,False,
2521315266,False,
2521317855,False,
2521317871,False,
2521317882,False,
2521317895,False,
2522469823,False,
2523080105,False,
2523621517,False,
2524386718,False,
2524414619,False,
2524414675,False,
2524455633,False,
2524516397,False,
2524637834,False,
2524637881,False,
2524643878,False,
2524687077,False,
2524688546,False,
2524688670,False,
2524878198,False,
2524896515,False,
2524937005,False,
2524937040,False,
2524937071,False,
2524937103,False,
2524945626,False,
2524945679,False,
2525558603,False,
2525728218,False,
2525938830,False,
2525946080,False,
2526157514,False,
2526318396,False,
2526349661,False,
2526856882,True,123.0
2526878065,False,
2526999344,False,
2527338131,False,
2527919599,True,276.0
2528950695,False,
2529235296,False,
2529333779,False,
2529403874,False,
2529404088,False,
2529404282,False,
2529404455,False,
2529457686,False,
2530481307,True,33.0
2530561172,False,
2530578646,True,47.0
2530614352,True,61.0
2530664381,False,
2530679969,False,
2530688602,False,
2530707032,True,338.0
2530725138,False,
2530729401,False,
2530754972,True,173.0
2530756906,True,131.0
2530759949,False,
2530760045,False,
2530774613,False,
2530790763,False,
2530839937,True,163.0
2530848702,True,57.0
2531149835,False,
2531305901,False,
2531306097,False,
2531306294,False,
2531306449,False,
2531306825,False,
2531429935,False,
2531433168,False,
2531433500,False,
2531433689,False,
2531433838,False,
2531449594,False,
2531449619,False,
2531464276,False,
2531464514,False,
2531464717,False,
2531465233,False,
2531465251,False,
2531471383,False,
2531475167,False,
2531475191,False,
2531489378,False,
2531489410,False,
2532076150,False,
2532082315,False,
2532082351,False,
2532188821,False,
2532203350,False,
2532213525,False,
2532216250,False,
2532231597,False,
2532237194,False,
2532288712,True,16.0
2532316076,True,10.0
2532526319,False,
2533028857,False,
2533094723,False,
2533119877,False,
2533121040,False,
2533127139,False,
2533127431,False,
2533127925,False,
2533128302,True,25.0
2533141843,False,
2533193444,True,13.0
2533273220,False,
2533276332,False,
2533290923,False,
2533381306,False,
2533965116,False,
2534867869,False,
2535418585,False,
2535582988,False,
2535599498,False,
2535618757,False,
2535738017,False,
2535831908,False,
2537282018,False,
2537300561,False,
2537559595,False,
2537728890,False,
2538420366,False,
2538486048,False,
2538598717,False,
2538851754,False,
2539074963,True,175.0
2539323238,False,
2539439367,False,
2539462235,False,
2539614579,False,
2539986728,True,25.0
2539987533,False,
2540184501,False,
2540340705,False,
2540366537,False,
2540795353,False,
2540808028,False,
2540864308,False,
2541073280,False,
2542157520,False,
2542494324,False,
2542681179,False,
2543021388,True,101.0
2543099774,False,
2543546534,False,
2544528828,False,
2544592669,True,8.0
2545344787,False,
2545389706,False,
2545446622,False,
2545469987,False,
2545633299,False,
2545633685,False,
2545634142,False,
2546022625,False,
2546411518,False,
2547279492,False,
2547627660,False,
2548041132,False,
2548049207,False,
2548051995,False,
2548433034,False,
2548733635,False,
2548760960,False,
2548818289,False,
2548926727,False,
2549301932,False,
2549722677,False,
2550102927,False,
2550338358,False,
2550486812,False,
2550739842,False,
2550746100,False,
2550864675,False,
2551559195,False,
2551567414,False,
2551587584,True,4.0
2552982316,False,
2552993356,False,
2553158780,False,
2553258900,False,
2554022972,False,
2554106551,False,
2554931920,False,
2555938904,False,
2556117777,False,
2556464110,False,
2557083507,True,83.0
2557254063,True,30.0
2557329594,False,
2557566084,True,132.0
2557575277,False,
2557764222,False,
2557789735,False,
2557948601,False,
2558114347,False,
2558307837,False,
2558541443,False,
2558545088,False,
2558581317,True,458.0
2558628291,False,
2559347039,False,
2559411416,False,
2559549623,False,
2559600329,False,
2559633040,False,
2559634845,False,
2560514407,False,
2560514422,False,
2560528707,False,
2560563391,False,
2560564234,False,
2560564397,False,
2560564522,False,
2560564645,False,
2560568111,False,
2560568123,False,
2560568137,False,
2560588899,False,
2560588928,False,
2560588943,False,
2560605210,False,
2560840997,False,
2560936062,False,
2560949053,False,
2562093410,True,5922.0
2562150052,False,
2562159139,False,
2562182691,True,44.0
2562269468,True,44.0
2562354941,True,7.0
2562443344,True,25.0
2562505262,False,
2562541517,False,
2562833596,False,
2563489400,False,
2563499310,False,
2563546242,False,
2563876961,False,
2563884988,True,3.0
2563895253,False,
2563919344,True,19.0
2564365426,True,29.0
2564377822,False,
2564378087,False,
2564378792,False,
2564380540,False,
2564666685,False,
2566814312,False,
2566942735,False,
2566992041,False,
2567294107,False,
2567300056,False,
2567300659,False,
2567306669,False,
2567308290,False,
2567316042,False,
2567349610,False,
2567651828,False,
2567653616,False,
2567654288,False,
2567685111,False,
2568167545,False,
2568221017,False,
2568672618,True,110.0
2568680034,True,24.0
2569156263,False,
2569157099,False,
2570071836,False,
2570087198,False,
2570107335,False,
2570109629,False,
2570128429,False,
2570161405,False,
2570455955,False,
2571866304,False,
2571866487,False,
2572176331,False,
2572193827,False,
2572194919,True,173.0
2573055434,False,
2573598322,False,
2573616075,False,
2573667869,False,
2573749163,False,
2574426672,False,
2574426796,False,
2574427068,False,
2574427091,False,
2574427133,False,
2574427838,False,
2574427909,False,
2574427955,False,
2574428031,False,
2574428252,False,
2574428334,False,
2574428443,False,
2574428514,False,
2574428626,False,
2574428712,False,
2574429150,False,
2574429215,False,
2574429312,False,
2574429409,False,
2574429455,False,
2574429537,False,
2574429575,False,
2574431372,False,
2574431415,False,
2574431456,False,
2574431508,False,
2574431611,False,
2574431629,False,
2574431760,False,
2574431831,False,
2574431871,False,
2574431893,False,
2574431931,False,
2574431967,False,
2574431999,False,
2574432063,False,
2574432247,False,
2574432443,False,
2574432506,False,
2574432542,False,
2574432568,False,
2574432606,False,
2574432663,False,
2574432719,False,
2574432756,False,
2574476852,False,
2574478986,False,
2574481108,False,
2574481226,False,
2574481292,False,
2574481356,False,
2574481442,False,
2574481488,False,
2574481697,False,
2574482864,False,
2574482942,False,
2574484826,False,
2575450621,False,
2576492361,False,
2576697427,False,
2576698156,False,
2576707130,False,
2576764691,False,
2577003824,True,126.0
2577042207,False,
2577058115,False,
2577221902,False,
2577299722,True,1105.0
2577307468,True,8220.0
2578198765,False,
2578943034,True,189.0
2578966671,False,
2578970860,False,
2578999600,False,
2579011999,False,
2579012642,False,
2579013381,False,
2579014276,False,
2579017677,True,144.0
2579022875,False,
2579151482,False,
2579170544,False,
2579324236,True,90.0
2579696701,False,
2579752222,False,
2579830179,True,5.0
2580945898,False,
2581159096,False,
2581202264,False,
2581213118,False,
2581489095,False,
2581862629,False,
2582009689,False,
2582148908,True,37.0
2582224153,True,81.0
2582442642,False,
2582521294,True,413.0
2582681310,True,50.0
2582699993,False,
2582889131,True,4.0
2582925842,False,
2582929687,False,
2582986108,True,4.0
2583046402,False,
2583047634,False,
2583048525,False,
2583049649,False,
2583056110,False,
2584319598,False,
2584321708,False,
2584532449,False,
2584695820,False,
2584782635,False,
2584806872,False,
2584914425,True,6.0
2584970697,False,
2584971214,False,
2584971693,False,
2584974763,False,
2584975303,False,
2584981191,False,
2584981833,False,
2585047942,False,
2585052262,False,
2585053253,False,
2585086591,False,
2585089112,False,
2585123843,False,
2585182609,True,244.0
2585218761,False,
2585220291,False,
2585999771,False,
2587135613,False,
2587451863,False,
2587511861,False,
2587524484,False,
2587719132,False,
2587728364,False,
2587853001,False,
2587859920,False,
2587862079,False,
2587871263,True,8.0
2587911282,True,1013.0
2587939531,False,
2587953314,False,
2587987009,False,
2588098741,True,208.0
2588326127,False,
2588493243,True,839.0
2588506115,True,1169.0
2588631397,False,
2588639794,True,1110.0
2588647008,False,
2588647619,False,
2588704370,True,839.0
2588968147,True,5.0
2589117858,False,
2589342724,False,
2589343715,False,
2589344245,False,
2589346313,False,
2589465003,True,738.0
2589914562,False,
2590103821,False,
2590919430,True,908.0
2591529204,True,821.0
2593519119,False,
2593675567,True,969.0
2593829624,False,
2594029413,True,167.0
2594291131,False,
2594411986,True,955.0
2594521220,False,
2594533066,True,16.0
2594579961,False,
2596591349,False,
2596596917,False,
2596603945,False,
2596793504,True,947.0
2596810844,False,
2597005013,False,
2597006372,False,
2597053732,False,
2597431823,False,
2597433592,False,
2597527560,True,981.0
2597596305,False,
2597599687,True,10.0
2597862467,True,8.0
2598182512,False,
2598186760,False,
2599005405,False,
2599582867,False,
2599585862,False,
2599639199,False,
2599760831,False,
2599941253,True,857.0
2600018297,False,
2600067341,True,126.0
2600554807,False,
2600659525,False,
2600689374,True,5.0
2602385815,False,
2602556794,True,161.0
2602621154,False,
2602623683,True,16.0
2602624139,False,
2602627931,False,
2602668500,False,
2602670930,False,
2602764595,False,
2602902185,False,
2602986559,False,
2603028089,False,
2603058491,False,
2603059066,False,
2603063177,False,
2603113059,False,
2603117053,False,
2603117528,False,
2603118366,False,
2603166312,True,149.0
2603166819,False,
2603166973,False,
2603167306,False,
2603170503,False,
2603213751,True,431.0
2603216509,True,156.0
2603856056,False,
2603876352,True,93.0
2603885077,False,
2604014498,False,
2604125004,False,
2604125036,False,
2604125085,False,
2604125127,False,
2604125173,True,188.0
2604129628,True,1021.0
2604143861,True,968.0
2604152259,True,894.0
2604162160,True,880.0
2604312811,False,
2604440028,False,
2604442404,False,
2604444504,False,
2604497461,False,
2604498395,False,
2604498662,False,
2604498788,False,
2604500650,True,36.0
2604503909,False,
2604504024,False,
2604504468,False,
2604504863,False,
2604505934,False,
2604507320,False,
2604576270,False,
2604591498,True,1041.0
2605203104,True,5.0
2605226494,False,
2605261537,False,
2605337106,False,
2607004897,True,46.0
2607484563,False,
2607655095,True,814.0
2608019271,True,4.0
2609675562,True,30.0
2609766291,True,150.0
2609820013,False,
2610591191,False,
2610884769,False,
2611700893,False,
2612762212,False,
2615567062,False,
2616698004,False,
2616809246,False,
2616876633,False,
2616896991,False,
2616920026,False,
2617009782,True,13.0
2617071474,True,5.0
2618254152,False,
2618302475,False,
2618314133,False,
2618540287,False,
2618655111,False,
2618858462,False,
2618859606,False,
2618866290,False,
2618866632,False,
2618872102,False,
2618988745,True,122.0
2619175685,False,
2619179750,False,
2619192701,False,
2619193199,False,
2619194731,False,
2619197713,False,
2619260309,False,
2619297613,False,
2619367646,False,
2619367706,False,
2619370318,True,4.0
2619372265,True,4.0
2619383502,True,4.0
2619385528,True,4.0
2619486456,False,
2619487217,False,
2621757323,False,
2621987479,False,
2622073430,False,
2622428949,False,
2622788846,False,
2623555245,True,3087.0
2625075412,False,
2625145014,False,
2625258867,False,
2625262444,False,
2625354284,False,
2625355018,True,32.0
2625565282,False,
2625567530,False,
2625572118,False,
2625573087,False,
2625655423,False,
2625665162,False,
2625823505,True,1.0
2625833740,True,2.0
2626808478,False,
2626923001,False,
2626977293,False,
2627691916,False,
2627847486,False,
2628002431,False,
2628090506,False,
2628112911,False,
2628141826,False,
2628319045,False,
2628339527,False,
2628340629,True,34.0
2628344311,False,
2628641311,False,
2629842680,True,35.0
2629948196,False,
2631056326,False,
2631224119,False,
2631358036,False,
2631366870,False,
2631370798,False,
2631371758,False,
2631372344,False,
2631374242,False,
2631374575,False,
2631374846,False,
2631680094,False,
2631755328,False,
2631923938,False,
2631931184,False,
2632436018,True,134.0
2632500596,True,5.0
2632522878,False,
2632545691,False,
2633804121,False,
2633865788,True,260.0
2633879922,False,
2634431624,False,
2634715816,False,
2634778764,False,
2634873633,False,
2634896081,False,
2634896465,False,
2634896799,False,
2634967633,False,
2635214540,True,90.0
2635361594,False,
2635361942,False,
2635371868,False,
2635403844,False,
2635403932,False,
2635404540,False,
2635407693,True,16.0
2635505286,False,
2635581221,False,
2635581714,False,
2635594782,False,
2635606905,False,
2635607533,False,
2635610372,False,
2635614258,False,
2636111012,False,
2636267043,True,53.0
2636293950,False,
2637995810,False,
2638112015,False,
2638145834,False,
2638169105,False,
2638426750,False,
2638490505,False,
2638494098,False,
2638494695,False,
2638494963,False,
2638664507,False,
2638724335,False,
2638724821,False,
2638760837,False,
2638765658,False,
2638765946,False,
2638783791,False,
2638785297,False,
2639061938,False,
2639071690,False,
2639270728,True,69.0
2639366390,False,
2639366772,True,7.0
2639431605,True,4.0
2640086584,False,
2641972491,False,
2642163666,True,37.0
2642217723,False,
2642284662,False,
2642300648,False,
2642325331,True,51.0
2642363298,False,
2642363725,False,
2642524228,False,
2642524751,False,
2642525116,False,
2642526835,False,
2642534219,False,
2642535078,True,69.0
2642536166,False,
2642537818,False,
2642554327,False,
2642555639,False,
2642575373,False,
2642610349,False,
2642613984,False,
2642616458,False,
2642619060,False,
2642621493,False,
2642622765,False,
2642623624,False,
2642624625,False,
2642625014,False,
2642627706,False,
2642631612,False,
2642644239,False,
2642650897,False,
2642653684,False,
2642654609,False,
2642700326,False,
2642737172,False,
2642748022,True,55.0
2642765287,False,
2642779803,True,113.0
2642784429,True,7.0
2642829748,False,
2642830030,False,
2642971546,True,17.0
2643501512,True,1.0
2643790669,False,
2643816541,False,
2643827797,False,
2644317877,False,
2644871981,False,
2644872030,False,
2644872090,False,
2645026282,False,
2645128968,False,
2645418210,False,
2645453932,False,
2645592043,False,
2646122354,False,
2646198884,False,
2646199572,False,
2646202286,False,
2646209984,True,30.0
2646215162,False,
2646302896,False,
2646303635,False,
2646307079,False,
2646310727,False,
2646310935,False,
2646312579,False,
2646312758,False,
2646313114,False,
2646313431,False,
2646319806,False,
2646332057,False,
2646332998,False,
2646333652,False,
2646333870,False,
2646342590,False,
2646345901,False,
2646347282,False,
2646350992,False,
2646354697,False,
2646361837,False,
2646386455,False,
2646394004,False,
2646415728,False,
2646425801,False,
2646430380,False,
2646435573,False,
2646444744,False,
2646455505,False,
2646466129,False,
2646466472,False,
2646466905,False,
2646480311,False,
2646493283,False,
2646497759,False,
2646499370,False,
2646501060,False,
2646503538,False,
2646506731,False,
2646507582,False,
2646510647,False,
2646512784,False,
2646514288,False,
2647205417,True,12.0
2647734571,False,
2647734831,False,
2647735135,False,
2647766634,False,
2647815618,False,
2647815684,False,
2647839520,False,
2648576516,False,
2648880523,False,
2648940273,False,
2648969060,False,
2649410577,False,
2649411906,False,
2649421121,True,43.0
2649436561,False,
2649438745,False,
2649472745,False,
2649484915,False,
2649518946,False,
2649518969,False,
2649536699,False,
2649613455,False,
2649613486,False,
2649613519,False,
2649613548,False,
2649613573,False,
2649654043,True,2.0
2649887654,False,
2649888171,False,
2650205759,False,
2650205832,False,
2650275966,False,
2650311879,True,1.0
2650662104,False,
2650875701,False,
2651287506,False,
2651314282,False,
2652023013,False,
2652258824,False,
2652306667,False,
2652306823,False,
2652306921,False,
2652361337,False,
2652362092,False,
2652495700,False,
2652498015,False,
2652500996,False,
2652501770,False,
2652559864,True,52.0
2652569286,False,
2652580360,False,
2652596636,False,
2652613852,False,
2652619366,False,
2652621125,False,
2652621364,False,
2652621549,False,
2652621618,False,
2652641706,False,
2652644669,False,
2652975233,False,
2653233831,False,
2653268143,False,
2653309579,False,
2653412912,True,4.0
2653513322,False,
2653532876,False,
2653536258,False,
2653537384,True,82.0
2653548579,False,
2653572323,False,
2654439708,False,
2654535143,False,
2654550738,False,
2654680085,False,
2654942813,False,
2655018000,True,426.0
2655058866,True,46.0
2655073448,False,
2655074345,False,
2655275075,False,
2655327890,False,
2655328045,False,
2655328191,False,
2655533629,False,
2655571522,False,
2655582819,True,27.0
2655606596,False,
2655606817,False,
2655657242,False,
2655723816,False,
2656486545,True,2043.0
2656537190,False,
2656660674,False,
2656724922,False,
2656907978,True,1178.0
2656933637,False,
2656934427,False,
2657103568,True,2224.0
2657385563,False,
2657704403,False,
2657945369,False,
2658155254,True,4992.0
2658863690,False,
2659341035,False,
2659473287,False,
2659473310,False,
2659518379,False,
2659518400,False,
2659519234,False,
2659521877,True,1.0
2659525014,False,
2659535620,False,
2659535649,False,
2659681327,False,
2659697811,False,
2659790075,False,
2659791770,False,
2659807329,False,
2659807917,False,
2659919025,True,2402.0
2660107671,True,1720.0
2660207472,False,
2660935915,True,2114.0
2661658215,False,
2661679887,False,
2661679953,False,
2661711724,False,
2661860040,True,1162.0
2662249204,True,4.0
2662430415,False,
2662579174,False,
2662581519,False,
2662734423,False,
2663285924,False,
2663294303,False,
2663299299,False,
2663334529,False,
2663348386,False,
2663352708,False,
2663355703,False,
2663365733,False,
2663404953,True,3006.0
2663521945,True,1879.0
2663820575,False,
2664048763,False,
2664140467,False,
2664151635,False,
2664167187,True,167.0
2664179628,False,
2664196983,False,
2664210678,False,
2664224562,False,
2664236355,False,
2664273767,False,
2664308757,False,
2664344273,False,
2664556175,True,69.0
2664571798,True,362.0
2664630360,True,263.0
2664778773,False,
2664837510,False,
2664863825,False,
2664908570,True,94.0
2665015854,False,
2665035171,False,
2665058219,False,
2665199629,False,
2665404059,False,
2665430643,False,
2665454949,False,
2665479038,True,25.0
2665538009,False,
2665541081,False,
2665571930,False,
2665725618,False,
2665819804,False,
2665856201,True,5.0
2665885127,False,
2665939394,False,
2665947844,False,
2665959646,False,
2665980597,True,135.0
2666063048,True,193.0
2666286758,False,
2666287310,False,
2666294406,True,33.0
2666302483,True,5.0
2666434559,False,
2666521945,True,502.0
2666625503,False,
2666647042,False,
2666647922,False,
2666648261,False,
2667202641,False,
2667203624,False,
2667424221,False,
2667595917,False,
2667769888,False,
2668118306,False,
2668157939,False,
2668407852,False,
2668479266,False,
2668490462,False,
2668685316,False,
2668734504,True,817.0
2668758884,True,192.0
2668763469,True,1078.0
2668790520,True,1059.0
2669044094,True,1281.0
2669047295,False,
2669047316,False,
2669048502,False,
2669049579,False,
2669050929,False,
2669051771,False,
2669051784,False,
2669072097,False,
2669072098,False,
2669072105,False,
2669072107,False,
2669093580,False,
2669093585,False,
2669238469,True,342.0
2669305434,True,5.0
2669557762,False,
2669575175,False,
2669575196,False,
2669577379,False,
2669641700,True,1647.0
2669664930,True,4.0
2669665968,True,36.0
2669671825,True,6.0
2671753113,False,
2671777759,False,
2671837093,False,
2672213987,False,
2672219970,False,
2672791343,True,6.0
2673029222,False,
2673404846,True,1623.0
2673438644,False,
2673463038,False,
2673463510,False,
2675589298,False,
2675617219,False,
2675823823,True,1724.0
2676106868,False,
2676207701,True,1102.0
2676225077,False,
2676534040,False,
2676709312,False,
2676726262,True,37.0
2676728788,True,45.0
2676730948,True,41.0
2676736880,True,76.0
2676777452,True,22.0
2676839816,True,5.0
2678411208,True,1113.0
2678493640,False,
2678546650,False,
2678832742,False,
2678850133,False,
2678954305,False,
2678954599,False,
2678966305,True,348.0
2679113194,True,15.0
2679144079,False,
2679152156,False,
2679153795,False,
2679154272,False,
2679175650,False,
2679179934,False,
2679275411,False,
2679276335,False,
2679276981,False,
2679278092,False,
2679280528,False,
2679317067,False,
2679318713,False,
2679338051,True,653.0
2679356200,False,
2679467952,False,
2679480419,False,
2679554857,True,56.0
2679585968,False,
2679861617,False,
2679908484,True,5159.0
2679915807,True,7897.0
2680206503,True,927.0
2680236109,True,817.0
2680312211,True,1224.0
2680567531,True,154.0
2680579412,False,
2680808503,True,1252.0
2680901198,True,2.0
2680902807,True,5.0
2680925211,True,975.0
2680962240,False,
2681115005,False,
2681121615,True,4.0
2681196091,True,1.0
2681265363,True,4.0
2681388032,True,9.0
2681544190,False,
2681777089,False,
2681818837,False,
2681847169,False,
2681856843,True,77.0
2682336603,True,117.0
2682350063,True,4.0
2682908679,True,1.0
2683497486,False,
2683555253,False,
2683595335,False,
2683640656,False,
2683644444,False,
2683676334,False,
2683685881,False,
2683700583,False,
2683812061,False,
2683813218,False,
2683814963,False,
2683818439,False,
2683855544,False,
2684024152,True,220.0
2684088303,False,
2684105752,False,
2684148588,False,
2684155157,False,
2684682524,True,45.0
2685004697,False,
2685008671,False,
2685017740,False,
2685026786,False,
2685140306,False,
2685150012,True,57.0
2685152700,False,
2685214007,False,
2685237438,False,
2685240125,False,
2685248981,False,
2685252735,False,
2685544472,False,
2685557628,False,
2685577756,False,
2685578410,False,
2685580740,False,
2685587562,False,
2685587967,False,
2685667663,False,
2685673256,False,
2685677212,False,
2685790394,False,
2685790989,False,
2685831203,False,
2686015761,False,
2686053994,True,893.0
2686066303,False,
2686084106,False,
2686096007,False,
2686129211,True,10.0
2686618657,True,89.0
2686775135,True,58.0
2687016536,False,
2687026877,False,
2687153483,False,
2687156112,False,
2687156910,False,
2687213651,False,
2687535597,False,
2687947935,True,701.0
2687949227,False,
2688109230,False,
2688115602,False,
2688117996,False,
2688143923,False,
2688153323,False,
2689492031,False,
2689944932,False,
2691736407,False,
2692229724,False,
2692258435,False,
2692468392,False,
2692564166,True,713.0
2692564868,False,
2692578472,True,855.0
2692880524,True,57.0
2693437182,True,35.0
2693511766,False,
2693521883,True,26.0
2693856230,False,
2693884191,False,
2693902580,False,
2694009045,False,
2694620092,False,
2694620739,False,
2694668623,False,
2694802961,False,
2695026998,False,
2695052947,False,
2695145743,False,
2695700629,False,
2696182169,False,
2696353488,False,
2696397669,False,
2696400928,False,
2696445807,False,
2696463754,False,
2696979771,True,974.0
2698034043,True,5.0
2698239470,False,
2698246876,False,
2698249224,False,
2698250980,False,
2698256541,False,
2698280697,False,
2698297837,False,
2698700621,False,
2698705357,False,
2698903488,False,
2698910021,True,48.0
2699006546,True,22.0
2699069062,False,
2699180295,False,
2699643076,False,
2700114680,False,
2700283866,True,142.0
2700525286,False,
2700538471,False,
2700618904,False,
2700618941,False,
2701209475,False,
2701348106,False,
2702330572,False,
2702339975,False,
2702344205,False,
2702352425,False,
2702371453,False,
2702377227,False,
2702444490,False,
2702475453,False,
2702492063,False,
2702509623,False,
2702515021,False,
2702529960,False,
2702630348,False,
2702632968,False,
2702714164,False,
2702752912,False,
2703253495,False,
2703322048,False,
2703330741,False,
2703377286,False,
2703447079,False,
2703651720,False,
2703863559,True,108.0
2703947677,False,
2703971461,False,
2704178714,False,
2704178776,False,
2704178839,False,
2704371145,False,
2704392118,False,
2705108137,False,
2705127429,True,192.0
2705593335,False,
2705593679,True,5.0
2705630643,True,2.0
2706195089,False,
2706210964,True,14.0
2706391851,True,5.0
2706400742,True,21.0
2706401447,False,
2706428953,True,5.0
2706643682,False,
2706760178,False,
2706876019,False,
2706917118,False,
2706933315,False,
2707286353,False,
2707365424,False,
2707366327,False,
2707372123,False,
2707380202,False,
2707424552,False,
2707441249,True,46.0
2707530984,False,
2707788282,False,
2708091131,False,
2708171073,False,
2708477160,False,
2708877323,False,
2708877607,False,
2708877724,False,
2708880010,False,
2708882745,False,
2708883040,False,
2709080454,False,
2709151641,True,143.0
2709314815,False,
2709593881,True,5.0
2710889101,False,
2711105929,False,
2711313555,False,
2711320912,False,
2711325743,False,
2711368339,False,
2711505689,False,
2711872674,False,
2711968824,False,
2712057978,False,
2712469768,False,
2712470059,False,
2712470247,False,
2712501338,True,5.0
2712717579,False,
2712721742,False,
2712739477,False,
2712756799,True,82.0
2712765169,False,
2712819016,False,
2712879623,True,26.0
2713250728,False,
2713287944,False,
2713301028,False,
2713313888,False,
2714138325,False,
2714183592,False,
2714421378,False,
2714429985,False,
2714448554,False,
2714616072,False,
2715093350,False,
2715100552,False,
2715354132,True,5.0
2715354855,False,
2715369485,False,
2715535428,False,
2715834593,True,35.0
2716071647,False,
2716252262,False,
2716775458,False,
2717021078,False,
2717031302,False,
2717050876,True,472.0
2717054913,False,
2717123416,False,
2717404609,False,
2717408278,False,
2717410091,False,
2717462620,False,
2717525680,False,
2717562281,False,
2717575342,True,130.0
2717954001,False,
2718044910,True,472.0
2718445045,True,6.0
2718812459,False,
2718841112,True,263.0
2718848099,False,
2719167242,False,
2719186357,False,
2719234568,False,
2719336638,False,
2719369936,False,
2719764582,False,
2720236258,True,2.0
2720327519,True,5.0
2720339296,True,2.0
2720468119,True,5.0
2720497618,True,6.0
2720706041,True,2.0
2720815349,True,203.0
2721033416,True,49.0
2721831563,False,
2722092917,False,
2722358784,False,
2722359327,False,
2722365207,False,
2722530147,False,
2722705391,False,
2722811825,False,
2722817879,False,
2722833394,True,31.0
2722861419,False,
2722863975,False,
2723077920,False,
2723163535,False,
2723165632,False,
2723190564,False,
2723270227,False,
2723311959,False,
2723355245,True,163.0
2723356042,False,
2723478932,False,
2723861378,False,
2723904132,False,
2724081547,True,207.0
2724087276,False,
2724087717,False,
2725012152,True,17.0
2725152495,False,
2725525151,False,
2725681776,False,
2725690492,False,
2725722869,False,
2725725781,False,
2725729218,False,
2725735761,False,
2725741265,False,
2725769103,False,
2725769859,False,
2725775056,True,291.0
2725780010,False,
2725815947,False,
2725827551,False,
2725862884,False,
2725863498,True,394.0
2725908659,True,375.0
2725961278,True,118.0
2725972671,False,
2725991055,False,
2726003784,False,
2726024017,False,
2726028874,False,
2726128717,False,
2726145119,False,
2726147063,False,
2726150249,False,
2726152046,False,
2726156628,False,
2726185937,False,
2726194942,False,
2726199322,False,
2726204649,False,
2726216949,False,
2726318004,False,
2726358602,False,
2726377416,False,
2726382102,False,
2726399672,False,
2726447708,False,
2726487610,False,
2726893614,False,
2726952631,False,
2727106209,False,
2727107213,True,5.0
2727340920,False,
2727608314,False,
2727609854,False,
2727612889,False,
2727625080,False,
2727635466,False,
2727637156,True,38.0
2727639676,False,
2727640913,False,
2727649307,False,
2727651243,False,
2727658705,False,
2727703481,False,
2727708128,False,
2727711605,True,28.0
2727712112,False,
2727712557,False,
2727713078,False,
2727720261,False,
2727722235,False,
2727722675,False,
2727727713,False,
2727896758,False,
2727897574,False,
2727907410,False,
2727937094,False,
2727937280,False,
2727944046,True,133.0
2727977492,True,472.0
2727979265,True,472.0
2727983628,False,
2727985077,False,
2727988539,False,
2727991523,False,
2728002968,True,486.0
2728023361,False,
2728023507,False,
2728035432,False,
2728192327,True,27.0
2728219908,True,6.0
2728259364,True,13.0
2728433984,True,5.0
2728702896,False,
2728907701,True,345.0
2729836063,False,
2729860567,False,
2729890887,False,
2729986305,False,
2730525118,False,
2730814696,False,
2730830055,True,639.0
2730895660,False,
2730929132,False,
2730930278,False,
2730933017,False,
2730976003,False,
2730976464,False,
2730977090,False,
2730980373,True,7.0
2730998710,False,
2731011006,False,
2731058176,False,
2732131302,False,
2732147616,False,
2732163923,False,
2732172384,False,
2732183509,False,
2732217663,True,46.0
2732429819,False,
2733106818,True,55.0
2733136281,False,
2733209449,False,
2733798313,False,
2733806045,False,
2733806677,False,
2733809055,False,
2733817171,False,
2734005851,False,
2734008008,False,
2734061087,False,
2734489235,True,7.0
2734550731,True,5.0
2735056718,True,11.0
2735690602,False,
2735696458,False,
2735698360,False,
2736914485,False,
2736916827,False,
2736919055,False,
2736925820,False,
2736934099,False,
2736936681,False,
2736937885,False,
2736940165,False,
2736953758,False,
2736962374,False,
2736964409,False,
2736965456,False,
2736967124,False,
2737044877,False,
2737087084,False,
2737093787,False,
2737095447,False,
2737100393,False,
2737116907,False,
2738387723,False,
2738398464,True,2.0
2738496143,True,916.0
2738552244,False,
2738563764,True,26.0
2738565326,False,
2738570324,False,
2738586249,True,5.0
2738590068,True,16.0
2738619489,True,7.0
2739144101,True,2.0
2739225328,True,123.0
2739229825,False,
2739255902,False,
2739257986,False,
2739281407,True,7.0
2739489669,False,
2739493787,False,
2739517794,False,
2739756675,False,
2740737492,False,
2740772539,False,
2741238446,True,379.0
2741301168,False,
2741325423,False,
2741329137,False,
2741348131,False,
2741350655,False,
2741355195,False,
2741360318,False,
2741362964,False,
2741370359,False,
2741377773,False,
2741380366,False,
2741391728,False,
2741393263,False,
2741400256,False,
2741400736,False,
2741401668,True,212.0
2741434699,False,
2741446867,False,
2741482246,False,
2741527153,False,
2741549043,False,
2741555830,False,
2741561761,False,
2741582459,False,
2741629404,False,
2741629931,False,
2741679175,False,
2741687211,False,
2741692300,False,
2741696891,False,
2741702453,False,
2741704450,False,
2741706194,False,
2741707903,False,
2741710708,False,
2741722632,False,
2741765748,False,
2741768668,False,
2741826643,False,
2741836849,False,
2741842437,False,
2741842792,False,
2741851769,False,
2741855913,False,
2741856733,False,
2741858590,False,
2741859085,False,
2741859256,False,
2741861507,False,
2741862410,False,
2741901218,False,
2741931763,False,
2741974869,False,
2741974910,False,
2741977329,True,113.0
2741990296,False,
2741998186,False,
2742065481,True,50.0
2742085701,False,
2742092288,True,38.0
2742105566,True,25.0
2742113615,False,
2742170699,True,4.0
2742284286,False,
2742307755,False,
2742329286,True,24.0
2742332601,False,
2742342868,False,
2742344235,False,
2742347524,False,
2742349945,True,1.0
2742365446,False,
2742371096,False,
2742388355,True,1.0
2742408317,False,
2742408952,True,5.0
2742412711,True,1.0
2742456726,True,1.0
2742563863,True,21.0
2742596165,False,
2742597316,True,7.0
2742608749,False,
2742644620,True,41.0
2742692244,False,
2742696270,False,
2742701114,False,
2742708083,False,
2742725101,False,
2742726321,True,7.0
2742726828,False,
2742756913,True,7.0
2742762930,True,5.0
2742763835,False,
2742816093,True,1.0
2742842611,False,
2742849554,True,92.0
2742899352,False,
2742916861,True,6.0
2742927139,False,
2743025500,True,77.0
2743066529,False,
2743244478,True,89.0
2743262617,False,
2743303581,False,
2743304666,True,32.0
2743383666,False,
2743406821,False,
2743465443,False,
2743468024,False,
2743473791,False,
2743638353,False,
2743639707,False,
2743640606,False,
2743641082,False,
2743641666,False,
2743645705,False,
2743646447,False,
2743647114,False,
2743668190,False,
2743742621,False,
2743762319,False,
2743931465,False,
2744000950,True,547.0
2744002084,False,
2744085186,True,311.0
2744095051,False,
2744097644,False,
2744098088,False,
2744185352,False,
2744225995,False,
2744631079,False,
2744639555,True,48.0
2744828434,True,694.0
2744829966,True,52.0
2744831928,False,
2744832273,True,1.0
2744856834,True,89.0
2744858954,False,
2744859433,False,
2745004615,False,
2745008284,False,
2745015324,False,
2745025358,True,89.0
2745029739,False,
2745033992,False,
2745034709,False,
2745035306,True,22.0
2745130298,True,474.0
2745165183,False,
2745165567,False,
2745193003,False,
2745204375,True,65.0
2745225383,False,
2745279864,True,42.0
2745474679,False,
2745646536,True,41.0
2745659529,True,2.0
2745709471,False,
2745734661,True,30.0
2745735390,False,
2745737464,False,
2745763678,True,14.0
2745788020,False,
2745898607,False,
2745934110,False,
2745940680,False,
2746053292,False,
2746053635,False,
2746056739,False,
2746057538,False,
2746057878,False,
2746061542,False,
2746064483,False,
2746064966,False,
2746205637,False,
2746270257,False,
2746309603,False,
2746309920,False,
2746310656,False,
2746365584,True,4.0
2746449254,False,
2746569512,True,60.0
2747474876,True,27.0
2747613880,True,10.0
2747903240,False,
2748200141,True,427.0
2748250521,False,
2748332278,False,
2748338685,False,
2748375958,True,7.0
2748495678,True,60.0
2748526826,False,
2748577797,True,46.0
2748751248,False,
2748777448,False,
2748819061,False,
2749087528,True,4.0
2749147735,False,
2749210144,False,
2749230774,False,
2749252194,False,
2749333251,True,1.0
2749367090,True,1.0
2749677141,True,470.0
2749706597,True,19.0
2749718584,True,20.0
2749726392,False,
2749797700,True,84.0
2749833762,False,
2749937854,False,
2749955325,False,
2750230992,False,
2750235858,False,
2750246803,False,
2750251369,False,
2750273069,False,
2750305877,False,
2750312319,False,
2750315963,False,
2750346072,False,
2750354168,False,
2750420962,False,
2750570529,False,
2750596822,False,
2750614643,False,
2750620512,False,
2750708281,False,
2750735678,False,
2750778149,True,51.0
2750790521,False,
2750813915,False,
2750847177,False,
2750847252,False,
2750863160,False,
2750866453,False,
2750866559,False,
2750867563,False,
2750981136,True,4.0
2751551919,False,
2751780376,True,4.0
2751838210,False,
2751915492,False,
2751926808,False,
2751941423,True,7.0
2751955419,True,10.0
2751955684,True,5.0
2751958629,False,
2751958818,True,5.0
2751978871,False,
2752002065,True,4.0
2752034222,True,851.0
2752075414,True,1250.0
2752258955,False,
2752267582,False,
2752408242,False,
2752458729,False,
2752460515,False,
2752463170,True,4.0
2752513953,False,
2752584086,True,10.0
2752596352,True,2.0
2752669678,True,2.0
2752684851,False,
2752982631,False,
2752990411,False,
2752996144,False,
2752998594,False,
2753002133,False,
2753025570,False,
2753079257,False,
2753222505,False,
2753236472,False,
2753266891,False,
2753270594,False,
2753344107,False,
2753462228,False,
2753462790,False,
2753492768,False,
2753493748,False,
2753496925,False,
2753515728,False,
2753592291,False,
2753686784,False,
2753926730,True,32.0
2754003599,False,
2754167653,False,
2754169333,False,
2754196018,False,
2754354793,False,
2754359280,False,
2754692000,True,32.0
2754727209,False,
2754755699,True,313.0
2754763840,True,87.0
2754763879,False,
2754801251,False,
2755046953,False,
2755160955,True,4.0
2755285006,True,2.0
2755447859,True,1190.0
2755527202,False,
2755649463,True,72.0
2755709696,True,1.0
2755730779,False,
2755733064,True,11.0
2755736649,False,
2755871938,False,
2755881925,False,
2755885342,False,
2755888936,False,
2755933354,True,1239.0
2756179959,True,350.0
2756185706,False,
2756240701,False,
2756242622,False,
2756245500,True,125.0
2756252043,False,
2756258359,False,
2756265305,False,
2756270774,False,
2756271578,False,
2756275262,True,7.0
2756380577,True,502.0
2756636491,False,
2756655145,False,
2756908931,False,
2756914124,False,
2756921919,False,
2756923099,False,
2757222186,False,
2757275335,False,
2758458238,False,
2758740519,False,
2758755239,False,
2758887187,True,39.0
2758889735,False,
2759016598,False,
2759021740,False,
2759023722,True,7.0
2759023759,False,
2759026361,True,5.0
2759183355,False,
2759183510,True,1.0
2759354980,False,
2759650939,True,12764.0
2759748739,False,
2759760899,False,
2759816901,False,
2759867715,False,
2759893427,True,94.0
2759903160,False,
2759904816,False,
2759942995,False,
2759950210,True,7.0
2759968072,True,6.0
2759970518,False,
2760449279,False,
2760897250,True,144.0
2760918361,False,
2760921283,False,
2760955265,False,
2760960849,False,
2760986697,False,
2761194018,False,
2761298899,False,
2761434986,True,88.0
2761440154,False,
2761555864,False,
2761571000,False,
2761638891,True,4731.0
2761673976,True,12336.0
2762039328,True,327.0
2762069768,False,
2762153843,True,204.0
2762154601,False,
2762155404,True,14.0
2762155608,True,2734.0
2762156334,True,204.0
2762159763,True,3621.0
2762163381,True,4959.0
2762164689,True,5313.0
2762165482,True,2408.0
2762170384,True,2156.0
2762171098,True,2742.0
2762171582,True,2553.0
2762190842,True,7027.0
2762190900,True,196.0
2762237563,False,
2762270020,False,
2762271194,True,206.0
2762300602,True,890.0
2762320913,False,
2762336944,False,
2762426330,True,204.0
2762430869,True,10186.0
2762807043,False,
2762807106,False,
2762807394,False,
2762818383,False,
2762843126,False,
2763045191,False,
2763069756,False,
2763095318,False,
2763095613,True,7.0
2763096039,False,
2763108923,False,
2763109510,False,
2763109903,False,
2763221666,False,
2763246634,False,
2763255873,True,4.0
2763257718,False,
2763282515,False,
2763289408,True,19.0
2763404147,True,7.0
2763417903,False,
2763558696,False,
2763585184,False,
2763602023,False,
2763701363,False,
2763703765,False,
2763850358,False,
2763855722,False,
2763904428,True,11.0
2763943282,False,
2763944440,False,
2764167364,False,
2764228083,False,
2764236284,False,
2764238515,False,
2764245074,False,
2764245928,False,
2764251812,False,
2764285585,False,
2764288682,False,
2764301488,False,
2764306456,False,
2764366539,True,1745.0
2764527175,False,
2764575934,False,
2764594709,False,
2764629992,False,
2764631023,False,
2764637751,False,
2764747966,False,
2764796538,False,
2764894624,False,
2765073817,False,
2765313412,False,
2765372487,False,
2765579290,False,
2765637965,True,89.0
2765685150,False,
2766195748,False,
2766197799,False,
2766209425,False,
2766210190,False,
2766210329,False,
2766210801,False,
2766210942,False,
2766214758,False,
2766282082,False,
2766536993,False,
2766628512,False,
2766630399,False,
2766752626,True,6.0
2766940327,False,
2767535026,False,
2767553457,False,
2767654473,False,
2767991558,False,
2768055514,True,7.0
2768583028,False,
2768584574,False,
2768587706,False,
2768589302,False,
2768590300,False,
2768591691,False,
2768592651,False,
2768593235,False,
2768593640,False,
2768594282,False,
2768596080,False,
2768676480,False,
2770932312,False,
2771376058,False,
2772066259,False,
2772298433,False,
2772781831,False,
2772789526,False,
2772911110,False,
2773050594,True,100.0
2773339333,False,
2773481966,False,
2773497317,False,
2773701149,False,
2773835393,False,
2773904313,False,
2774219906,True,39.0
2774385923,False,
2774651459,False,
2774689470,False,
2774715892,False,
2774716722,False,
2774719309,False,
2774741464,True,21.0
2774789967,False,
2774790948,False,
2775173327,True,1063.0
2775189531,False,
2775470169,False,
2775593019,False,
2775674819,False,
2776123804,False,
2776125286,False,
2776213078,False,
2776889121,True,117.0
2776893878,False,
2776896625,False,
2776969162,True,249.0
2777004724,False,
2777399787,False,
2777429407,False,
2777462927,False,
2777734514,True,4.0
2777824690,True,77.0
2777827116,False,
2777829714,True,29.0
2777895854,False,
2778300517,False,
2778407870,True,2120.0
2778552520,True,117.0
2778637627,False,
2778704949,True,1530.0
2778730329,True,398.0
2778740578,False,
2778802667,True,24.0
2779104146,False,
2779104213,False,
2779104282,False,
2779104357,False,
2779106096,True,117.0
2779106188,True,117.0
2779106392,True,117.0
2779106576,True,117.0
2779106887,True,117.0
2779222792,False,
2779367011,False,
2779379371,False,
2779382702,False,
2779648162,False,
2779650153,True,1119.0
2779790946,True,18.0
2779790957,False,
2779791158,True,117.0
2780259838,False,
2780259881,False,
2780259914,False,
2780259950,False,
2780260133,False,
2780260239,False,
2780284293,True,117.0
2780285121,True,117.0
2780311900,False,
2780360745,False,
2780395720,False,
2780541481,True,7.0
2780740066,True,378.0
2780827642,True,79.0
2780847559,True,94.0
2780859417,True,117.0
2780859509,True,117.0
2781204211,True,51.0
2781330620,True,1113.0
2781820924,False,
2782639863,True,1.0
2782681331,True,7.0
2782681570,False,
2782682635,False,
2782998604,True,7.0
2782999877,True,87.0
2783052723,True,7.0
2783623953,True,16.0
2784397331,True,117.0
2784430351,True,8.0
2784583222,False,
2785097540,True,117.0
2785103636,False,
2785167101,True,117.0
2785167102,True,117.0
2785520402,False,
2785522284,False,
2785647702,False,
2787049393,False,
2787085447,True,1338.0
2787106149,False,
2787124868,True,22.0
2787275029,False,
2787367299,False,
2787435134,False,
2787441620,False,
2787442883,True,100.0
2787633191,False,
2787933523,False,
2787996665,False,
2788018934,False,
2788537879,True,117.0
2789203125,True,33.0
2789265042,True,7.0
2789420121,True,1.0
2789428584,True,5.0
2789707913,False,
2789739625,False,
2789741086,True,80.0
2789741566,True,1.0
2789784384,False,
2789864818,False,
2789865650,False,
2790142852,True,7.0
2790287119,True,2.0
2790310975,False,
2790395070,True,6.0
2790520188,True,8.0
2790576152,False,
2790638323,True,117.0
2790700228,False,
2790701994,False,
2790704445,False,
2790712167,True,117.0
2790712272,True,117.0
2790786488,True,117.0
2790786600,True,117.0
2790898349,True,159.0
2791248241,False,
2791273379,False,
2791319910,False,
2791384871,False,
2791393591,False,
2791494553,True,4577.0
2791660413,True,117.0
2791873872,True,117.0
2791873979,True,117.0
2792089899,False,
2792151127,True,50.0
2792163007,False,
2792397492,False,
2792529698,True,117.0
2792747772,False,
2792845457,True,10.0
2792883868,True,16.0
2792904268,True,65.0
2792905651,False,
2792917199,True,23.0
2793093303,False,
2793106805,False,
2793109875,False,
2793225925,False,
2793319933,True,7.0
2793321249,True,43.0
2793322432,True,5.0
2793381260,True,35.0
2793392845,True,7.0
2793412549,False,
2793497917,True,2.0
2793504320,False,
2793550831,True,5.0
2793578905,False,
2793647285,False,
2793738535,False,
2793756304,False,
2793763888,False,
2793799422,False,
2793827402,False,
2793836285,False,
2793845902,False,
2793894651,False,
2793912116,False,
2793929473,False,
2793952348,False,
2793954855,True,88.0
2793991892,False,
2794007207,False,
2794012079,False,
2794013105,False,
2794162462,False,
2794319588,False,
2794326729,False,
2794327559,False,
2794350058,False,
2794422596,False,
2794432852,False,
2794473763,False,
2794486543,False,
2794501123,False,
2794502498,False,
2794504502,False,
2794835824,False,
2795035485,False,
2795405706,False,
2795498733,False,
2795562334,False,
2795684237,False,
2796177080,False,
2796449876,False,
2796450172,False,
2796713031,False,
2797567542,True,1915.0
2797570063,True,112.0
2797694235,False,
2797695096,False,
2797695933,False,
2797695983,False,
2797696296,False,
2797699683,False,
2797701209,False,
2797711593,False,
2797715978,False,
2797718584,False,
2797718872,False,
2797719795,False,
2797720356,False,
2797750578,False,
2797801715,False,
2797849610,False,
2797858271,True,34.0
2797859226,True,7.0
2797860276,False,
2797860836,True,7.0
2797861123,True,7.0
2797861474,True,7.0
2797861978,True,2.0
2797862935,False,
2797886071,False,
2798082357,True,7.0
2798083795,True,165.0
2798149941,False,
2798177060,True,84.0
2798204563,False,
2798264069,True,2.0
2798342033,False,
2798366891,False,
2798425904,False,
2798471798,False,
2798554303,False,
2798571867,True,5.0
2798589951,False,
2798600062,True,1.0
2798607547,False,
2798674650,False,
2798679563,False,
2798679896,True,1.0
2798687531,True,1.0
2798692125,False,
2798695182,True,2.0
2798697306,True,2.0
2798705537,False,
2798707770,True,233.0
2798709584,True,2.0
2798709881,False,
2798713151,False,
2798719640,True,132.0
2798726287,True,2.0
2798731282,True,2.0
2798737742,False,
2798773746,True,131.0
2798790057,False,
2798792826,False,
2798793001,False,
2798813389,False,
2798925389,True,2.0
2798929707,True,28.0
2798932518,True,20.0
2799102706,False,
2799554855,False,
2799565805,False,
2799567528,False,
2799735708,True,31.0
2800314361,False,
2800347088,False,
2800474644,False,
2801075643,False,
2801077269,False,
2801517733,False,
2801519692,False,
2801527864,False,
2801624877,False,
2801942427,False,
2801981120,False,
2802006250,False,
2802015248,False,
2802021390,False,
2802393199,True,4.0
2804244713,False,
2804585888,False,
2804834383,True,1110.0
2805329880,False,
2805335205,False,
2805346922,True,83.0
2805348846,False,
2805381311,False,
2805385278,True,1259.0
2805399381,False,
2805402717,False,
2805425964,False,
2805433555,True,92.0
2805445057,False,
2805451764,False,
2805469508,False,
2805471146,True,689.0
2805472454,False,
2805526002,False,
2805530046,False,
2805536386,True,55.0
2805540542,False,
2805547841,False,
2805549490,False,
2805549607,True,7.0
2805555689,False,
2805561412,False,
2805567393,False,
2805568003,True,5.0
2805599261,False,
2805605311,False,
2805608195,False,
2805612251,False,
2805652774,False,
2805728673,False,
2805734132,True,798.0
2805890255,False,
2806535450,True,1298.0
2806765183,False,
2806848937,False,
2806850428,False,
2807537914,False,
2807690295,False,
2807770459,False,
2807814200,False,
2807887215,True,245.0
2807967720,False,
2807991885,False,
2808007242,False,
2808054812,False,
2808064855,False,
2808077834,False,
2808196171,False,
2808424206,True,4.0
2808818735,False,
2808820325,True,96.0
2808827942,False,
2808839096,True,13.0
2809067701,True,2.0
2809077919,False,
2809089411,False,
2809089418,False,
2809089503,True,2.0
2809104658,False,
2809181200,True,4.0
2809244742,False,
2809244853,True,7.0
2809253901,True,38.0
2809724539,True,256.0
2809751426,False,
2809794827,False,
2809835503,False,
2809869142,False,
2810029314,False,
2810046052,False,
2810078689,False,
2810079460,False,
2810400617,False,
2810461634,True,253.0
2810489010,False,
2810489639,False,
2810597278,False,
2810615516,False,
2810825732,False,
2810958489,False,
2810958964,False,
2810959123,False,
2810959547,False,
2810959991,False,
2810960343,False,
2810962097,False,
2810962396,False,
2810965352,False,
2811010774,False,
2811019426,True,95.0
2811032214,True,37.0
2811062249,False,
2811065435,False,
2811124408,True,4.0
2811130918,False,
2811135702,False,
2811179038,False,
2811191842,False,
2811344483,False,
2811411554,True,5361.0
2811603455,False,
2811900329,False,
2811902087,False,
2811903617,False,
2811906468,False,
2811907969,False,
2811912093,False,
2811914278,False,
2811915381,False,
2811916555,False,
2811979026,False,
2811993402,False,
2812014967,False,
2812016490,False,
2812022623,False,
2812038559,True,66.0
2812172355,False,
2812180959,False,
2812192786,True,21.0
2812252928,True,25.0
2812350922,False,
2812372230,False,
2812390474,True,18.0
2812463731,False,
2812635223,False,
2812637274,False,
2812698589,False,
2812722899,False,
2812734088,False,
2812795686,False,
2812815849,True,36.0
2812859545,False,
2812895079,False,
2812897734,False,
2813016886,True,67.0
2813062546,True,1575.0
2813074289,False,
2813254905,False,
2813297761,False,
2813298952,True,92.0
2813299579,False,
2813300169,False,
2813304035,False,
2813308318,False,
2813310369,False,
2813316480,False,
2813319146,True,309.0
2813456857,True,180.0
2813483907,False,
2813498034,False,
2813577843,False,
2813609831,True,169.0
2813785667,False,
2813786955,False,
2813848916,True,253.0
2814476953,False,
2814580192,True,528.0
2814583678,False,
2814629262,False,
2814686677,True,12.0
2814743028,True,20.0
2814754276,False,
2814783466,False,
2814811256,True,4.0
2814910110,False,
2814911787,False,
2814960216,False,
2815000501,False,
2815124006,False,
2815321654,True,26.0
2815588002,False,
2815632303,False,
2815994322,False,
2815996641,False,
2816008741,False,
2816126896,False,
2816151814,True,472.0
2816213606,True,1429.0
2816341404,False,
2816342201,False,
2816342944,False,
2816343117,False,
2816343283,True,13.0
2816367487,False,
2816719088,False,
2816719627,False,
2816719852,False,
2816726690,False,
2816729392,False,
2816861328,False,
2817344552,False,
2817354372,False,
2817510844,False,
2817530094,False,
2817540111,False,
2817677484,False,
2817711100,False,
2818278676,False,
2818638948,False,
2818672725,False,
2818708007,False,
2819241719,False,
2819293121,False,
2819325918,True,271.0
2819581149,True,895.0
2819653128,True,166.0
2819679708,False,
2819695871,False,
2819809565,False,
2819821792,False,
2819977585,False,
2820004011,False,
2820047908,False,
2820115516,True,887.0
2820396927,True,2470.0
2820567237,False,
2820913442,False,
2821215227,False,
2821244314,True,2.0
2821505657,False,
2821609502,False,
2821662753,True,17.0
2821902689,True,8197.0
2822538917,True,183.0
2822549125,False,
2822868734,False,
2823045273,False,
2823281262,True,429.0
2823307585,True,548.0
2823344099,False,
2823478640,False,
2823550737,True,22.0
2823648813,False,
2823666147,True,5.0
2823667960,True,111.0
2823706760,False,
2823709408,False,
2823715409,False,
2823723671,False,
2823724639,True,55.0
2823726444,False,
2823734971,False,
2823740379,False,
2823743782,False,
2823744182,False,
2823754064,False,
2823814115,True,96.0
2824044792,False,
2824373901,False,
2824532728,False,
2824590489,False,
2825060191,False,
2825434209,False,
2825824903,True,1062.0
2825864643,False,
2825871357,False,
2826270006,False,
2826331191,True,825.0
2826444534,False,
2826570129,False,
2826581527,False,
2826705691,False,
2826741177,False,
2826746500,False,
2826807523,True,811.0
2827075016,True,22.0
2827301338,True,5.0
2827647032,True,1040.0
2827695822,True,1203.0
2827724007,True,881.0
2827781523,False,
2827784670,False,
2827784880,False,
2827826204,False,
2827888361,False,
2827975591,False,
2828009924,False,
2828087420,False,
2828091742,False,
2828153337,False,
2828178128,True,53.0
2828237201,False,
2828250874,False,
2828275707,False,
2828569443,True,404.0
2828583215,False,
2828869728,True,94.0
2828970511,False,
2829140297,True,1.0
2829318255,False,
2829332906,False,
2829421520,False,
2829607555,False,
2829763337,False,
2829797257,False,
2829798067,True,1078.0
2829803462,False,
2829804257,True,365.0
2829814936,False,
2829881812,False,
2829885980,False,
2829895788,False,
2829896171,False,
2829903209,False,
2829932676,False,
2830534576,False,
2830720527,False,
2830862046,True,922.0
2830887188,True,1099.0
2831060850,False,
2831257440,False,
2831363517,False,
2831454565,False,
2831497231,False,
2831749518,False,
2831749623,False,
2831761847,True,5.0
2831851538,True,5.0
2831855879,True,5.0
2832374524,False,
2832890083,False,
2832891023,False,
2832892046,False,
2832892689,False,
2832893719,False,
2833146249,False,
2833587757,False,
2833719590,False,
2833725413,True,53.0
2833727597,False,
2833728669,False,
2833732636,True,142.0
2833733813,False,
2833735260,False,
2833736387,False,
2833740247,False,
2833741263,False,
2833742668,False,
2833743314,False,
2833779860,False,
2833792275,False,
2833888488,False,
2834055163,True,37.0
2834072113,False,
2834092281,True,30.0
2834204991,False,
2834207200,True,1033.0
2834233596,True,472.0
2834248050,True,472.0
2834295508,False,
2834298884,True,78.0
2834744444,False,
2835006242,True,2.0
2835108424,False,
2835190771,True,1478.0
2835214338,False,
2835246615,False,
2835250335,False,
2835409817,True,111.0
2835743793,False,
2835743904,False,
2835923480,False,
2835931970,False,
2836039071,True,36.0
2836834550,False,
2837032195,False,
2837103242,False,
2837240832,False,
2837273204,False,
2837279961,True,26.0
2837330440,False,
2837573920,False,
2837577785,False,
2837620832,False,
2837623974,True,284.0
2837713100,True,908.0
2837884514,False,
2837891570,False,
2837892074,False,
2837905396,False,
2837972063,False,
2837973415,False,
2837974855,False,
2838023924,False,
2838040350,False,
2838041650,False,
2838044358,False,
2838077976,True,1022.0
2838344212,True,31.0
2838509951,False,
2839663996,False,
2839781829,False,
2839820246,False,
2839872653,False,
2839899682,True,554.0
2840279883,False,
2840442670,True,326.0
2840620472,False,
2840652496,False,
2840765353,False,
2840824798,False,
2840897865,False,
2841054099,False,
2841095111,False,
2841097826,False,
2841206268,False,
2841267100,True,31.0
2841303102,False,
2841303431,False,
2841303963,True,27.0
2841472859,False,
2841657535,False,
2841684775,True,24.0
2841692075,False,
2842254875,False,
2842731867,False,
2842868931,False,
2842914338,False,
2842949271,True,8885.0
2843528795,False,
2843765692,True,1.0
2844054843,False,
2844068183,False,
2844099881,False,
2844459215,False,
2844513409,False,
2844522336,True,826.0
2844608790,False,
2845035898,False,
2845124391,False,
2845224321,True,83.0
2845234547,False,
2845299631,False,
2845301854,False,
2845408523,True,84.0
2845487423,True,4.0
2845702556,True,78.0
2845771067,False,
2845852981,True,47.0
2845974337,False,
2846212772,False,
2846218374,False,
2846230728,False,
2846232394,False,
2846234632,False,
2846415434,True,145.0
2846455721,True,5.0
2846544963,True,945.0
2846554212,False,
2846556047,False,
2846578577,False,
2846587982,False,
2846590259,False,
2846601762,False,
2846607126,False,
2846608687,False,
2846722423,False,
2846766941,False,
2846768507,False,
2846774080,False,
2846777191,False,
2846819359,False,
2846822113,False,
2846823051,False,
2846830054,False,
2846832130,False,
2846840520,False,
2846842491,False,
2846862365,False,
2846879539,False,
2846917049,False,
2846979264,False,
2847073976,False,
2847121765,True,1420.0
2847138697,False,
2847209219,False,
2847263240,False,
2847278862,False,
2847368943,False,
2847389078,False,
2847398472,False,
2847398722,False,
2847400641,False,
2847404576,False,
2847410882,False,
2847419217,False,
2847449841,False,
2847465587,False,
2847466336,True,983.0
2847494543,False,
2847511023,False,
2847513108,False,
2847513667,False,
2847527338,False,
2847578873,False,
2847579244,False,
2847580616,False,
2847581679,False,
2847581750,False,
2847583312,False,
2847590275,True,3123.0
2847594842,False,
2847597264,False,
2847667456,False,
2847678742,False,
2847726195,False,
2847772996,True,1180.0
2847777263,True,608.0
2847848214,False,
2847876111,True,881.0
2847876484,True,2752.0
2847883125,True,858.0
2847895280,True,11.0
2847907277,True,126.0
2847912785,False,
2847932076,True,2959.0
2847932627,True,16879.0
2847969945,True,2544.0
2847979935,True,1501.0
2847980025,True,2008.0
2847981665,True,1628.0
2847983325,True,3322.0
2847983415,False,
2847986464,True,3007.0
2847997156,True,5493.0
2848001452,True,910.0
2848007341,True,2642.0
2848078485,True,2199.0
2848125370,True,12.0
2848127008,False,
2848163875,True,281.0
2848179681,True,2467.0
2848184698,True,259.0
2848192164,True,16.0
2848203964,True,776.0
2848213385,True,1403.0
2848217684,True,1241.0
2848232531,True,1543.0
2848232855,True,1772.0
2848245505,True,1563.0
2848268500,True,1346.0
2848270631,False,
2848281266,True,2034.0
2848281477,True,866.0
2848284241,True,764.0
2848284438,True,1755.0
2848302519,True,2571.0
2848304494,True,2291.0
2848311052,True,229.0
2848311883,True,1830.0
2848313413,True,1221.0
2848316558,True,1687.0
2848317258,True,1927.0
2848323121,True,5876.0
2848325149,True,2819.0
2848334006,True,1148.0
2848336393,True,2014.0
2848336412,True,3675.0
2848337476,True,2359.0
2848342384,True,329.0
2848343157,True,792.0
2848344084,False,
2848345062,True,1307.0
2848345293,True,2855.0
2848345877,True,2266.0
2848346634,True,1301.0
2848346800,True,1271.0
2848347115,True,2210.0
2848347143,True,2104.0
2848349819,True,4418.0
2848350365,True,1328.0
2848351890,True,4272.0
2848352142,True,2064.0
2848352373,True,4019.0
2848352491,True,638.0
2848352855,True,2451.0
2848353234,False,
2848353313,True,1258.0
2848353423,True,4266.0
2848353696,True,2865.0
2848356744,True,14656.0
2848357199,True,4.0
2848358018,True,3312.0
2848358087,True,5376.0
2848358236,False,
2848358795,True,1890.0
2848359573,True,3841.0
2848359762,True,5050.0
2848361190,True,2348.0
2848361555,False,
2848361676,False,
2848364351,True,2748.0
2848364908,True,2163.0
2848365125,True,5882.0
2848365302,True,2856.0
2848366064,True,4849.0
2848368066,True,3.0
2848368146,True,1476.0
2848375747,False,
2848375802,False,
2848375853,False,
2848379164,True,1114.0
2848387949,True,1174.0
2848390085,True,1033.0
2848390249,True,793.0
2848390337,True,1353.0
2848398118,False,
2848398145,False,
2848399633,True,1500.0
2848449415,True,1259.0
2848450565,True,335.0
2848459513,True,1259.0
2848461159,False,
2848465447,False,
2848468240,True,1259.0
2848483626,True,1516.0
2848503318,True,2530.0
2848550222,True,298.0
2848553878,True,298.0
2848554352,True,1655.0
2848564537,True,337.0
2848568209,True,1576.0
2848573442,True,322.0
2848601934,True,2811.0
2848616031,False,
2848616036,False,
2848654457,True,1095.0
2848666654,True,1104.0
2848668653,True,1025.0
2848668824,True,605.0
2848675763,True,1258.0
2848690207,True,10.0
2848690651,False,
2848698847,True,1943.0
2848735862,True,1259.0
2848735895,True,4.0
2848785613,True,1537.0
2848787560,True,1022.0
2848788392,True,2229.0
2848795489,True,842.0
2848801359,False,
2848803313,False,
2848804016,False,
2848827405,True,1259.0
2848831293,True,4687.0
2848843952,True,1806.0
2848848807,True,2177.0
2848849512,True,1443.0
2848850659,True,1226.0
2848851069,True,2133.0
2848863483,True,1818.0
2848871697,True,1514.0
2848883224,False,
2848894648,True,423.0
2848898098,False,
2848921555,True,863.0
2848921615,True,576.0
2848923708,False,
2848923738,False,
2848924522,True,1360.0
2848925304,False,
2848982435,False,
2848982490,False,
2848982781,False,
2848982823,False,
2848993587,True,1187.0
2849000253,True,295.0
2849009128,False,
2849010242,True,5.0
2849034294,True,2703.0
2849050035,False,
2849050201,False,
2849050238,False,
2849051181,True,1233.0
2849051246,True,1532.0
2849051333,True,2638.0
2849051436,True,1461.0
2849051455,True,1877.0
2849051481,True,829.0
2849051567,True,2486.0
2849051742,True,2484.0
2849051747,True,1688.0
2849052050,False,
2849065906,True,276.0
2849069187,False,
2849069245,False,
2849069294,False,
2849069627,False,
2849070024,False,
2849074035,False,
2849082725,True,1255.0
2849082980,True,447.0
2849083137,True,1478.0
2849084903,True,238.0
2849085383,True,1452.0
2849085613,True,1735.0
2849085751,True,1251.0
2849085890,True,1122.0
2849086156,True,1931.0
2849087321,True,1280.0
2849087546,True,1318.0
2849087840,True,1349.0
2849087904,True,1432.0
2849088146,True,935.0
2849088189,True,1248.0
2849089342,True,1350.0
2849089461,True,1153.0
2849089814,True,1089.0
2849090068,True,1056.0
2849090344,True,1714.0
2849090726,True,1120.0
2849091052,True,2672.0
2849091096,True,1285.0
2849091289,False,
2849091519,True,1994.0
2849091866,True,1077.0
2849092602,True,1606.0
2849093342,True,1723.0
2849093378,True,1086.0
2849103086,True,12.0
2849107505,True,1141.0
2849109519,True,2347.0
2849110165,False,
2849111070,True,1088.0
2849112460,True,913.0
2849121033,True,1859.0
2849126423,False,
2849129657,True,1417.0
2849167327,True,53.0
2849183317,True,1674.0
2849183338,False,
2849190537,True,3891.0
2849191964,False,
2849202081,False,
2849202547,False,
2849219794,True,2133.0
2849224742,True,598.0
2849230491,True,1580.0
2849237299,True,879.0
2849253759,True,1586.0
2849264150,True,311.0
2849274758,True,658.0
2849283311,True,81.0
2849300265,True,732.0
2849317771,True,774.0
2849326563,True,1052.0
2849334171,True,1473.0
2849339314,True,391.0
2849346343,True,280.0
2849354166,True,1021.0
2849360404,True,280.0
2849366486,True,687.0
2849370940,False,
2849373376,True,1689.0
2849393653,True,1066.0
2849405482,True,1354.0
2849414118,True,655.0
2849448482,True,2505.0
2849448751,True,1498.0
2849469025,True,827.0
2849496840,True,788.0
2849543849,True,12.0
2849591582,False,
2849646794,True,24856.0
2849798636,False,
2849865794,True,2449.0
2849872076,True,3415.0
2849883415,True,1244.0
2849890594,True,2453.0
2849908718,True,2807.0
2849953269,False,
2849958018,False,
2849963905,False,
2849967145,False,
2849970090,False,
2849996683,True,1731.0
2849999464,True,2573.0
2850087954,True,774.0
2850167624,True,2129.0
2850230877,True,37.0
2850246923,False,
2850249849,False,
2850275283,False,
2850296445,True,28.0
2850302654,True,2345.0
2850379600,True,6571.0
2850409660,True,1443.0
2850419185,False,
2850421114,False,
2850476159,False,
2850478300,False,
2850490590,False,
2850509827,True,16.0
2850522790,False,
2850624759,True,5072.0
2850633230,True,1112.0
2850656155,False,
2850687383,False,
2850688328,True,412.0
2850699391,True,2422.0
2850718043,True,2585.0
2850756526,True,292.0
2850758600,True,1283.0
2850787422,True,107.0
2850809554,True,2927.0
2850823312,False,
2850827704,False,
2850833703,True,234.0
2850874077,True,360.0
2850922959,True,346.0
2850939340,True,959.0
2850945567,True,1935.0
2850949134,True,53.0
2850968493,False,
2850986438,False,
2850997855,False,
2850999550,True,2043.0
2851000726,True,4170.0
2851013727,False,
2851019136,False,
2851022120,False,
2851028816,False,
2851032866,False,
2851034846,False,
2851070330,True,1114.0
2851096043,True,256.0
2851109687,False,
2851155400,False,
2851185724,True,193.0
2851201682,False,
2851211106,True,2159.0
2851252085,False,
2851260599,True,866.0
2851287215,True,1002.0
2851305323,False,
2851327079,True,950.0
2851345556,False,
2851346845,True,33.0
2851355470,True,871.0
2851356847,False,
2851387765,True,1975.0
2851392687,False,
2851400921,True,73.0
2851430823,True,1094.0
2851465011,False,
2851468819,True,326.0
2851481155,False,
2851487360,True,1674.0
2851504844,False,
2851512339,True,725.0
2851519532,False,
2851521396,False,
2851524244,False,
2851524947,False,
2851525330,False,
2851526111,False,
2851529374,True,656.0
2851550521,True,967.0
2851552729,True,7.0
2851561910,True,1147.0
2851563549,False,
2851567577,False,
2851567653,False,
2851572611,False,
2851572881,False,
2851578424,True,734.0
2851583266,False,
2851583792,False,
2851589461,False,
2851590751,False,
2851592081,False,
2851592970,False,
2851596534,False,
2851597136,False,
2851597802,False,
2851599847,True,109.0
2851602880,True,29.0
2851613764,False,
2851614049,False,
2851614339,False,
2851614610,False,
2851614888,False,
2851619417,False,
2851620917,False,
2851621015,False,
2851623605,False,
2851627439,False,
2851631247,True,5.0
2851643285,True,1750.0
2851663724,True,4.0
2851663734,True,1.0
2851668165,False,
2851673319,True,1053.0
2851675997,False,
2851682334,False,
2851683266,False,
2851687723,False,
2851692831,False,
2851692847,False,
2851694060,False,
2851701765,False,
2851704144,False,
2851704685,True,15.0
2851716603,False,
2851721429,True,1669.0
2851754370,True,43.0
2851785386,True,833.0
2851789249,False,
2851789833,True,2368.0
2851793990,False,
2851795658,False,
2851799277,True,49.0
2851803515,True,1240.0
2851805470,False,
2851820216,True,1843.0
2851854367,False,
2851855542,True,17.0
2851867909,False,
2851875042,False,
2851875272,False,
2851875466,False,
2851875655,False,
2851877660,True,1529.0
2851929804,True,467.0
2851937643,False,
2851941798,False,
2851943480,False,
2851945535,True,156.0
2851946565,False,
2851947736,False,
2851953092,True,421.0
2851955396,False,
2851967677,False,
2851977549,True,151.0
2851979277,False,
2851991377,False,
2851991821,True,209.0
2851996833,False,
2852005225,True,2154.0
2852009275,True,1019.0
2852014609,False,
2852014856,False,
2852017868,True,984.0
2852019704,True,52.0
2852028404,False,
2852031954,False,
2852033200,False,
2852035794,True,25.0
2852039229,True,818.0
2852039447,True,29.0
2852039848,False,
2852041476,False,
2852042733,False,
2852043008,True,1139.0
2852043946,False,
2852050463,False,
2852056974,False,
2852058567,False,
2852059425,False,
2852064475,False,
2852065568,True,308.0
2852066634,False,
2852067000,False,
2852067230,False,
2852067465,False,
2852067716,False,
2852068191,False,
2852068429,False,
2852068605,False,
2852068825,False,
2852069070,False,
2852070021,False,
2852073424,False,
2852075128,True,282.0
2852075993,True,1129.0
2852077260,False,
2852079996,False,
2852081171,False,
2852081360,False,
2852081535,False,
2852081589,False,
2852081754,False,
2852082179,False,
2852083179,False,
2852083392,True,895.0
2852085278,False,
2852085296,False,
2852087531,False,
2852088746,False,
2852089631,False,
2852090224,False,
2852090591,False,
2852091909,False,
2852093178,False,
2852093313,False,
2852095178,False,
2852095390,False,
2852095531,True,30.0
2852095901,False,
2852103696,False,
2852105023,False,
2852105514,False,
2852105673,False,
2852106324,False,
2852108881,False,
2852109044,False,
2852112699,False,
2852115618,False,
2852118806,False,
2852121009,False,
2852121073,False,
2852126150,False,
2852126464,False,
2852132269,False,
2852136441,True,47.0
2852139796,True,1645.0
2852140072,False,
2852140268,False,
2852140477,False,
2852140670,False,
2852140870,False,
2852142991,True,27.0
2852145297,False,
2852148272,False,
2852151510,False,
2852151676,False,
2852151830,False,
2852152347,True,2095.0
2852156487,True,112.0
2852158334,True,161.0
2852159952,False,
2852160516,False,
2852161691,False,
2852168883,True,870.0
2852175449,True,298.0
2852181258,True,1131.0
2852181751,False,
2852183391,False,
2852183916,True,21.0
2852188784,False,
2852190184,False,
2852192081,False,
2852192621,False,
2852195349,False,
2852195482,False,
2852197168,False,
2852197402,False,
2852197493,True,1572.0
2852197630,False,
2852197862,False,
2852199837,False,
2852201604,False,
2852203075,False,
2852209786,False,
2852210394,True,1134.0
2852222523,False,
2852230031,False,
2852230190,False,
2852230366,False,
2852230762,False,
2852231142,False,
2852231351,False,
2852231578,False,
2852231775,False,
2852232042,False,
2852232236,False,
2852232410,False,
2852232846,False,
2852233075,False,
2852233348,False,
2852233832,False,
2852237304,True,555.0
2852243444,False,
2852244511,False,
2852244680,False,
2852246477,False,
2852248775,False,
2852249212,False,
2852252998,False,
2852253136,False,
2852254002,False,
2852256597,False,
2852266076,False,
2852296831,True,157.0
2852304930,True,5.0
2852309331,True,77.0
2852314363,False,
2852342671,False,
2852347735,True,763.0
2852347740,False,
2852347948,False,
2852354405,False,
2852364969,True,27.0
2852365817,False,
2852389183,True,2161.0
2852429320,False,
2852436646,False,
2852442330,True,966.0
2852446118,False,
2852447972,False,
2852449571,False,
2852450431,False,
2852454297,False,
2852459483,True,967.0
2852523593,False,
2852527242,True,213.0
2852534332,True,1436.0
2852535145,True,12.0
2852567266,True,136.0
2852573936,False,
2852589201,False,
2852589354,False,
2852589550,False,
2852590036,False,
2852632407,True,7.0
2852657897,True,4857.0
2852662976,True,1268.0
2852676217,True,2103.0
2852697558,True,58.0
2852702230,False,
2852708390,False,
2852759121,False,
2852760316,False,
2852766775,False,
2852767642,False,
2852774766,False,
2852783443,False,
2852783612,True,90.0
2852832761,False,
2852840032,False,
2852841159,False,
2852844311,False,
2852848164,False,
2852850528,True,12.0
2852858770,False,
2852859190,True,74.0
2852859202,False,
2852868545,False,
2852875147,True,1726.0
2852875152,False,
2852875485,True,1366.0
2852879935,False,
2852886250,False,
2852888921,False,
2852890574,False,
2852899580,False,
2852900440,False,
2852906461,True,162.0
2852909559,True,412.0
2852927106,False,
2852930930,False,
2852943021,False,
2852943400,False,
2852959261,True,816.0
2852960792,False,
2852966498,True,350.0
2852967785,True,5204.0
2852968353,True,907.0
2852976737,False,
2852992207,False,
2852992368,False,
2853000344,True,1292.0
2853002734,False,
2853026504,True,1579.0
2853045545,True,265.0
2853045995,True,2155.0
2853055352,False,
2853055641,False,
2853072394,True,2713.0
2853086720,True,138.0
2853089796,True,4804.0
2853101391,False,
2853111287,False,
2853113737,False,
2853134798,True,549.0
2853136534,False,
2853137208,False,
2853138238,False,
2853138953,False,
2853139830,False,
2853140444,False,
2853141298,False,
2853141953,False,
2853143367,True,1145.0
2853154526,True,237.0
2853154894,True,1399.0
2853156886,False,
2853160175,False,
2853164242,False,
2853165831,False,
2853256876,False,
2853273752,False,
2853293166,False,
2853298975,False,
2853306660,False,
2853321005,False,
2853321311,False,
2853340498,True,36.0
2853348239,False,
2853352780,False,
2853353361,False,
2853358824,False,
2853359593,False,
2853360169,False,
2853362493,False,
2853374238,True,35.0
2853385052,False,
2853387310,False,
2853390628,True,268.0
2853397905,False,
2853415038,False,
2853415822,False,
2853416654,False,
2853417369,False,
2853427334,False,
2853455470,False,
2853462447,False,
2853465456,True,36.0
2853479122,True,559.0
2853541247,True,48.0
2853575299,False,
2853576142,True,347.0
2853618700,True,82.0
2853629107,False,
2853633846,False,
2853644271,False,
2853645368,False,
2853645733,False,
2853658494,False,
2853660051,True,100.0
2853672264,False,
2853672366,False,
2853680305,False,
2853682649,False,
2853683444,False,
2853687181,True,128.0
2853695172,False,
2853697023,False,
2853697625,False,
2853702456,False,
2853707145,False,
2853710034,False,
2853712793,False,
2853722268,True,747.0
2853725195,False,
2853726088,False,
2853726935,False,
2853732036,False,
2853732304,True,61.0
2853736472,False,
2853741500,False,
2853743036,False,
2853769054,False,
2853769725,False,
2853770636,False,
2853787746,False,
2853825065,False,
2853847879,True,1369.0
2853848390,True,767.0
2853848851,False,
2853849790,True,1734.0
2853853553,False,
2853863773,False,
2853865558,False,
2853882812,False,
2853898717,False,
2853920936,True,13.0
2853926447,False,
2853947765,False,
2853977713,True,70.0
2853978470,False,
2853979628,False,
2853982991,True,839.0
2853984627,True,906.0
2853986469,False,
2853990434,True,1574.0
2854011820,True,1941.0
2854014421,True,1094.0
2854017508,True,3592.0
2854025978,False,
2854026777,False,
2854027479,False,
2854027571,False,
2854028071,False,
2854028233,False,
2854028664,False,
2854028989,False,
2854029212,False,
2854030674,False,
2854032793,False,
2854044556,False,
2854044975,False,
2854045359,False,
2854048559,False,
2854056132,False,
2854065979,False,
2854066341,False,
2854069425,False,
2854069926,True,5429.0
2854075005,False,
2854092074,True,2750.0
2854106253,False,
2854109719,True,3455.0
2854114041,True,14.0
2854114087,True,1000.0
2854123350,True,273.0
2854126786,False,
2854151726,False,
2854167654,False,
2854170736,True,1487.0
2854172147,False,
2854172604,False,
2854173036,False,
2854173487,False,
2854173937,False,
2854174391,False,
2854194287,False,
2854202462,False,
2854204484,False,
2854205051,False,
2854207875,False,
2854211832,True,1026.0
2854231870,True,19.0
2854233399,False,
2854237206,False,
2854238265,False,
2854240106,False,
2854242355,False,
2854255738,True,15.0
2854262930,False,
2854282896,False,
2854285783,True,557.0
2854287823,False,
2854301816,False,
2854320490,False,
2854420583,True,323.0
2854423073,True,1551.0
2854427398,False,
2854431733,True,4595.0
2854436624,True,2621.0
2854438642,False,
2854447696,False,
2854449351,True,13.0
2854458580,False,
2854469986,True,1482.0
2854498151,False,
2854536322,True,1439.0
2854559908,True,10436.0
2854588270,True,1802.0
2854593325,True,1763.0
2854596327,False,
2854599726,False,
2854604568,True,3348.0
2854612080,False,
2854628550,False,
2854634676,True,192.0
2854652641,False,
2854658469,True,1542.0
2854659217,True,1354.0
2854670090,True,4.0
2854670645,True,15610.0
2854679939,False,
2854717997,True,89.0
2854718936,True,1475.0
2854723207,False,
2854741808,False,
2854762241,False,
2854767160,True,1752.0
2854779498,False,
2854794796,True,700.0
2854805486,False,
2854833881,True,4095.0
2854837124,False,
2854840151,False,
2854841225,True,935.0
2854850525,False,
2854853042,True,3949.0
2854854745,True,3588.0
2854856843,False,
2854856897,False,
2854867350,False,
2854867961,False,
2854867964,True,4.0
2854870789,False,
2854871709,True,1505.0
2854894381,False,
2854908228,True,874.0
2854909931,True,11.0
2854911024,False,
2854923381,False,
2854926172,False,
2854926595,True,1224.0
2854928038,False,
2854939128,False,
2854943899,False,
2854950148,False,
2854950938,True,1262.0
2854955077,False,
2854970110,False,
2854975812,False,
2854981358,False,
2854990533,False,
2854994892,False,
2855001058,False,
2855006425,True,1702.0
2855018051,False,
2855041220,True,2153.0
2855046587,False,
2855061234,False,
2855065536,False,
2855069145,False,
2855074230,True,2921.0
2855084274,False,
2855099652,True,260.0
2855100811,False,
2855103567,False,
2855105450,False,
2855117857,False,
2855119983,False,
2855120846,False,
2855120853,False,
2855126542,False,
2855129040,False,
2855132698,True,1407.0
2855133093,False,
2855137670,True,1202.0
2855138738,False,
2855140080,False,
2855146405,False,
2855148929,False,
2855153834,False,
2855157467,True,1048.0
2855157973,False,
2855158863,False,
2855161151,False,
2855163960,False,
2855166096,True,65.0
2855166268,True,6967.0
2855173236,True,4.0
2855180737,False,
2855182721,True,4.0
2855206991,False,
2855207834,True,953.0
2855228610,False,
2855235837,False,
2855241358,True,2215.0
2855253463,False,
2855262664,True,4.0
2855269890,False,
2855282107,True,4.0
2855285341,True,1854.0
2855289143,False,
2855289845,True,5.0
2855299301,True,3286.0
2855303194,True,2338.0
2855312709,False,
2855317540,False,
2855323125,False,
2855323581,False,
2855324983,False,
2855328442,False,
2855329186,False,
2855339751,True,4.0
2855339985,True,4.0
2855356777,False,
2855357461,False,
2855357838,False,
2855358092,False,
2855358317,False,
2855358605,False,
2855359920,True,3637.0
2855362606,True,1758.0
2855376642,False,
2855386133,True,5535.0
2855389251,True,2640.0
2855391466,True,4393.0
2855392312,True,1997.0
2855392504,False,
2855396334,True,3016.0
2855397932,True,4308.0
2855400210,True,4572.0
2855401002,True,1185.0
2855401149,True,3176.0
2855401484,True,4762.0
2855401889,True,3921.0
2855402336,True,2449.0
2855402621,False,
2855403686,True,1783.0
2855404147,True,2607.0
2855417104,False,
2855417764,True,4994.0
2855419824,True,2473.0
2855428615,False,
2855428996,False,
2855431943,False,
2855432781,True,786.0
2855434748,False,
2855435762,False,
2855436093,False,
2855439579,False,
2855439940,False,
2855440357,False,
2855440729,False,
2855456517,False,
2855461467,False,
2855461789,False,
2855462017,False,
2855472642,True,1358.0
2855481831,False,
2855496095,True,1526.0
2855505934,True,3138.0
2855525414,True,3032.0
2855537223,True,358.0
2855552122,False,
2855561189,True,3039.0
2855569418,True,58.0
2855571480,True,30.0
2855571891,True,202.0
2855573068,False,
2855573465,False,
2855575032,True,1467.0
2855575143,False,
2855581760,False,
2855586320,False,
2855593564,False,
2855594968,False,
2855595190,False,
2855595266,False,
2855595385,False,
2855599550,False,
2855599958,False,
2855602664,False,
2855604419,True,805.0
2855605064,False,
2855616030,True,42.0
2855624085,True,56.0
2855640636,False,
2855640936,False,
2855648148,False,
2855651764,False,
2855652006,True,1319.0
2855663594,True,11.0
2855669921,True,22.0
2855673615,False,
2855680509,True,131.0
2855692268,True,814.0
2855695603,False,
2855695822,False,
2855696040,False,
2855705116,True,1292.0
2855706017,True,1292.0
2855710178,False,
2855715459,False,
2855717152,False,
2855723367,False,
2855724584,False,
2855730694,False,
2855732796,True,1033.0
2855757307,True,112.0
2855779897,True,11.0
2855797017,True,971.0
2855800510,False,
2855802542,True,78.0
2855806085,True,1292.0
2855809617,False,
2855819233,True,1490.0
2855834883,False,
2855835092,False,
2855845562,True,64.0
2855847682,True,83.0
2855849745,False,
2855850005,True,236.0
2855851389,False,
2855856557,False,
2855860369,True,25.0
2855865634,True,58.0
2855866622,True,2053.0
2855878228,True,36.0
2855889558,True,5942.0
2855891834,True,38.0
2855891858,True,2349.0
2855896070,True,1764.0
2855901917,False,
2855908119,True,5.0
2855909350,True,953.0
2855913584,True,836.0
2855923601,False,
2855923709,False,
2855923821,False,
2855935785,False,
2855954231,False,
2855956465,False,
2855957434,False,
2855958422,False,
2855959447,False,
2855959850,False,
2855960356,False,
2855961378,False,
2855962407,False,
2855962567,False,
2855971993,False,
2855972636,False,
2856050967,True,3585.0
2856052108,True,10340.0
2856065463,True,368.0
2856076679,False,
2856077557,False,
2856077624,True,13.0
2856081846,True,1854.0
2856082904,False,
2856092414,False,
2856095641,False,
2856095841,False,
2856096387,False,
2856097343,False,
2856097823,True,121.0
2856098161,False,
2856098800,False,
2856099811,False,
2856105217,False,
2856112131,True,335.0
2856113136,False,
2856113246,False,
2856113366,False,
2856113485,False,
2856119398,False,
2856119516,False,
2856119636,False,
2856119727,False,
2856119832,False,
2856119969,False,
2856120077,False,
2856120581,True,297.0
2856123677,True,1821.0
2856128990,False,
2856135910,True,1622.0
2856138827,True,2608.0
2856150232,False,
2856154504,True,2037.0
2856154776,False,
2856158753,True,398.0
2856171307,True,89.0
2856172345,True,2283.0
2856172627,False,
2856173045,True,89.0
2856182368,True,2590.0
2856188537,False,
2856195512,True,1385.0
2856210124,False,
2856211463,False,
2856211957,False,
2856213266,False,
2856220845,False,
2856222275,False,
2856224145,True,1757.0
2856229132,True,6337.0
2856248626,True,6.0
2856251722,False,
2856252092,False,
2856259111,True,247.0
2856262094,False,
2856262879,False,
2856279176,False,
2856303154,False,
2856322484,True,8978.0
2856324664,False,
2856327404,False,
2856330416,False,
2856378193,True,541.0
2856381850,False,
2856383564,True,3713.0
2856387214,True,12.0
2856392683,False,
2856399940,False,
2856408464,True,1740.0
2856413134,False,
2856413523,False,
2856415868,False,
2856416680,False,
2856426218,False,
2856427908,True,55.0
2856437098,False,
2856463919,True,117.0
2856468942,True,5511.0
2856493732,True,55.0
2856530258,True,1323.0
2856541582,False,
2856549990,True,54.0
2856555689,True,490.0
2856560654,True,1638.0
2856567565,False,
2856578388,True,54.0
2856578670,False,
2856581174,True,4025.0
2856585558,True,2665.0
2856594712,True,27.0
2856624760,False,
2856633174,False,
2856633646,True,27.0
2856654774,False,
2856674493,False,
2856675906,False,
2856700966,False,
2856712012,True,626.0
2856730149,False,
2856737037,True,118.0
2856763509,False,
2856786960,False,
2856789420,False,
2856829437,True,3646.0
2856844655,False,
2856877733,True,2352.0
2856883477,True,17043.0
2856901118,True,13.0
2856987597,False,
2857009944,False,
2857016825,False,
2857025244,False,
2857034476,False,
2857039496,False,
2857042313,False,
2857044501,False,
2857050222,False,
2857096998,True,87.0
2857108405,False,
2857108502,False,
2857122254,False,
2857123363,False,
2857123520,False,
2857125953,False,
2857126438,False,
2857132579,True,130.0
2857138411,False,
2857150660,True,671.0
2857156684,False,
2857157546,False,
2857161128,False,
2857166226,True,552.0
2857167458,True,624.0
2857167820,False,
2857168929,True,889.0
2857173384,True,2138.0
2857177162,False,
2857182694,False,
2857190439,False,
2857200434,False,
2857211222,False,
2857218169,False,
2857267180,False,
2857275180,False,
2857275674,False,
2857280931,False,
2857283376,False,
2857288318,False,
2857289875,False,
2857292740,False,
2857292945,False,
2857293741,False,
2857295100,False,
2857297742,False,
2857301997,False,
2857308109,False,
2857309672,False,
2857316216,False,
2857317776,False,
2857320028,False,
2857320333,False,
2857321739,False,
2857321817,False,
2857330609,False,
2857333887,False,
2857335398,False,
2857340826,False,
2857346184,False,
2857347023,False,
2857347744,False,
2857350798,False,
2857352402,False,
2857352700,False,
2857353348,False,
2857357997,False,
2857358356,False,
2857358879,False,
2857359439,False,
2857360620,False,
2857362401,False,
2857362771,False,
2857370845,True,399.0
2857383439,True,163.0
2857387834,False,
2857433607,False,
2857441492,False,
2857446510,True,1553.0
2857484375,False,
2857497657,False,
2857508009,False,
2857511741,False,
2857528147,False,
2857533823,False,
2857539194,False,
2857544513,False,
2857551269,True,117.0
2857554393,True,117.0
2857560888,True,1432.0
2857568483,True,11.0
2857576200,False,
2857581609,True,282.0
2857586265,False,
2857601311,False,
2857617469,False,
2857625065,True,2915.0
2857635928,False,
2857640611,False,
2857640817,False,
2857648391,False,
2857660766,False,
2857666906,False,
2857681418,False,
2857685145,True,1826.0
2857719950,False,
2857733526,False,
2857764988,False,
2857796341,False,
2857807224,False,
2857812253,True,1673.0
2857828182,False,
2857841027,False,
2857850352,False,
2857851449,False,
2857867200,True,1625.0
2857901660,True,166.0
2857911976,False,
2857956911,True,1543.0
2857980373,False,
2857991238,False,
2858000995,False,
2858012375,True,361.0
2858022925,False,
2858023348,False,
2858023831,False,
2858026564,False,
2858081449,True,893.0
2858085718,True,120.0
2858092249,True,1645.0
2858092408,True,2308.0
2858106123,False,
2858113664,False,
2858116173,False,
2858118808,False,
2858147043,False,
2858147546,False,
2858154436,False,
2858176511,False,
2858229379,True,996.0
2858234522,True,59.0
2858235834,False,
2858240273,False,
2858264943,False,
2858265446,True,16.0
2858268392,False,
2858268815,True,124.0
2858277235,False,
2858289899,False,
2858292144,False,
2858292436,False,
2858293119,True,2674.0
2858296637,False,
2858297018,True,143.0
2858297523,False,
2858304013,False,
2858311621,False,
2858320007,False,
2858320752,False,
2858323203,False,
2858329370,True,145.0
2858340716,True,1105.0
2858349449,False,
2858350804,False,
2858356499,False,
2858357114,False,
2858357692,False,
2858358979,False,
2858361930,False,
2858380137,False,
2858387536,False,
2858388795,False,
2858391730,False,
2858396901,True,61.0
2858398469,True,359.0
2858400556,False,
2858403940,False,
2858407733,False,
2858413970,False,
2858419515,False,
2858420104,False,
2858425616,False,
2858438870,True,1525.0
2858446242,False,
2858446905,False,
2858447035,False,
2858447462,False,
2858447648,False,
2858451185,True,856.0
2858452816,False,
2858453326,False,
2858481662,True,1987.0
2858482870,False,
2858497128,False,
2858509659,True,3682.0
2858514561,False,
2858516559,False,
2858534127,False,
2858544150,False,
2858546886,False,
2858550266,True,1339.0
2858554792,False,
2858563291,True,34.0
2858565395,True,14.0
2858568431,True,60.0
2858570161,True,286.0
2858587288,False,
2858599489,False,
2858603747,False,
2858604049,False,
2858604349,False,
2858604628,False,
2858604882,False,
2858605170,False,
2858605476,False,
2858605774,False,
2858606144,False,
2858606627,False,
2858606958,False,
2858607206,False,
2858609969,False,
2858612154,False,
2858622244,True,1291.0
2858624448,False,
2858643249,False,
2858643501,True,74.0
2858647139,False,
2858648247,False,
2858648547,False,
2858648580,False,
2858652025,False,
2858657079,True,2348.0
2858664885,False,
2858669181,False,
2858670385,False,
2858677532,False,
2858681159,False,
2858682235,False,
2858687154,True,1589.0
2858689659,False,
2858690053,False,
2858701211,True,79.0
2858711491,False,
2858718492,False,
2858720810,False,
2858724749,True,1020.0
2858727906,True,42.0
2858728255,True,775.0
2858731429,False,
2858732024,False,
2858732702,True,1090.0
2858742538,False,
2858743128,False,
2858743281,False,
2858743409,False,
2858743694,False,
2858745004,True,1682.0
2858745241,False,
2858747589,False,
2858753226,False,
2858753762,False,
2858762903,False,
2858763963,False,
2858772660,True,1522.0
2858773594,False,
2858776661,False,
2858777314,False,
2858779604,False,
2858779911,False,
2858781546,False,
2858789144,True,1639.0
2858792749,False,
2858794210,True,1316.0
2858799790,False,
2858801718,False,
2858802832,False,
2858807140,False,
2858807312,True,913.0
2858808971,False,
2858819435,False,
2858819471,False,
2858828766,False,
2858828768,False,
2858828789,False,
2858832501,False,
2858835970,False,
2858838881,False,
2858839506,False,
2858841800,False,
2858842022,False,
2858844039,False,
2858844761,False,
2858852274,False,
2858852769,False,
2858854524,False,
2858857331,True,1124.0
2858858251,False,
2858860305,False,
2858864505,False,
2858866352,False,
2858867146,False,
2858867735,False,
2858870043,False,
2858871315,False,
2858871534,True,1138.0
2858874574,False,
2858878137,False,
2858879227,False,
2858879709,False,
2858881746,False,
2858887627,False,
2858895414,False,
2858897317,False,
2858899249,False,
2858899817,False,
2858900647,False,
2858907840,True,352.0
2858907927,False,
2858911715,False,
2858919219,False,
2858919647,True,34.0
2858920119,True,57.0
2858932123,False,
2858946337,False,
2858947475,False,
2858948464,False,
2858949164,False,
2858950734,False,
2858951822,False,
2858952101,False,
2858953082,False,
2858954931,False,
2858956645,False,
2858957366,False,
2858957381,False,
2858957541,False,
2858958122,False,
2858959010,False,
2858962715,False,
2858963090,False,
2858966540,False,
2858967611,False,
2858967894,False,
2858974768,False,
2858975778,False,
2858982456,False,
2858984355,False,
2858984849,False,
2858985355,False,
2858985687,False,
2858985871,False,
2858985950,False,
2858986277,False,
2858986443,False,
2858986524,False,
2858986765,False,
2858986968,False,
2858987058,False,
2858987288,False,
2858987509,False,
2858987625,False,
2858988027,False,
2858988292,False,
2858988557,False,
2858991810,True,197.0
2858995460,False,
2858995730,False,
2858996764,False,
2859004973,False,
2859021754,False,
2859022963,False,
2859023995,False,
2859024804,False,
2859033582,False,
2859034689,False,
2859041907,False,
2859043849,False,
2859059193,False,
2859060331,False,
2859063800,False,
2859064375,True,98.0
2859065380,False,
2859066913,False,
2859069343,False,
2859073379,False,
2859076285,False,
2859081265,False,
2859083041,False,
2859086894,True,387.0
2859088319,False,
2859090260,False,
2859092087,False,
2859095665,False,
2859096267,False,
2859097305,False,
2859098240,False,
2859098530,False,
2859102276,True,551.0
2859102357,False,
2859103022,False,
2859105206,False,
2859107602,False,
2859107774,False,
2859114626,True,11.0
2859114713,True,582.0
2859119481,False,
2859121421,False,
2859121962,True,10.0
2859130034,False,
2859142823,True,47.0
2859143034,True,1350.0
2859146123,False,
2859147161,False,
2859149116,False,
2859150343,False,
2859152620,False,
2859154292,True,98.0
2859156529,True,345.0
2859157116,False,
2859159205,False,
2859159733,False,
2859162967,False,
2859165042,False,
2859178714,False,
2859182851,True,4988.0
2859183641,False,
2859184933,True,1160.0
2859186896,False,
2859187814,False,
2859188405,False,
2859189105,False,
2859189353,False,
2859190817,False,
2859192374,False,
2859193416,True,1157.0
2859199949,False,
2859200183,False,
2859203762,False,
2859210550,False,
2859211906,False,
2859214859,True,52.0
2859219447,True,281.0
2859222082,False,
2859226842,True,4.0
2859230238,False,
2859235144,False,
2859238324,True,1687.0
2859245985,False,
2859246665,False,
2859247351,False,
2859248258,False,
2859249295,True,1867.0
2859250096,False,
2859254264,False,
2859254456,False,
2859256529,True,1442.0
2859261717,True,164.0
2859266235,False,
2859266904,True,1176.0
2859268338,False,
2859278948,False,
2859284556,False,
2859287018,False,
2859293547,False,
2859299387,False,
2859303523,True,1172.0
2859317802,True,702.0
2859318124,False,
2859325908,True,1772.0
2859327991,False,
2859343054,False,
2859344970,True,3815.0
2859345466,True,22.0
2859346556,False,
2859351975,False,
2859353996,False,
2859358010,False,
2859360404,False,
2859365177,False,
2859368708,False,
2859368827,False,
2859368868,True,587.0
2859368983,False,
2859370132,True,38.0
2859372271,False,
2859373470,False,
2859375014,False,
2859375989,False,
2859377982,False,
2859381250,False,
2859381497,False,
2859381664,False,
2859384702,False,
2859400888,False,
2859407736,True,61.0
2859410173,True,1017.0
2859412960,False,
2859413851,True,5294.0
2859415369,True,372.0
2859417887,False,
2859418475,True,1829.0
2859431672,False,
2859438077,False,
2859474582,False,
2859478663,False,
2859478909,False,
2859482581,False,
2859482763,False,
2859485224,False,
2859490108,False,
2859493616,True,686.0
2859494725,False,
2859496943,False,
2859500224,False,
2859506163,False,
2859506337,False,
2859517676,False,
2859519923,False,
2859527323,False,
2859537399,True,1906.0
2859538164,False,
2859543089,False,
2859543594,False,
2859544520,False,
2859553431,False,
2859558076,False,
2859563778,False,
2859576054,True,1963.0
2859583808,False,
2859588468,True,671.0
2859589287,True,3411.0
2859589797,False,
2859597866,False,
2859607824,True,4728.0
2859609089,False,
2859621264,True,11.0
2859646254,True,1.0
2859650958,False,
2859658396,False,
2859660388,True,2099.0
2859666493,False,
2859666907,False,
2859698286,False,
2859701849,False,
2859704299,False,
2859706016,False,
2859706147,False,
2859707828,False,
2859709261,False,
2859709899,False,
2859710625,False,
2859710717,False,
2859710893,False,
2859715143,False,
2859719676,False,
2859719836,False,
2859726457,False,
2859728102,True,323.0
2859731606,False,
2859732618,False,
2859734307,False,
2859738039,False,
2859744607,False,
2859744801,False,
2859750445,False,
2859754076,False,
2859756808,False,
2859756911,False,
2859756996,False,
2859759887,True,2561.0
2859761310,False,
2859771146,False,
2859789875,False,
2859790621,False,
2859797874,False,
2859804371,False,
2859808010,False,
2859808922,False,
2859809631,False,
2859811954,False,
2859816136,True,69.0
2859818755,False,
2859822061,True,955.0
2859868796,False,
2859875604,False,
2859877509,False,
2859877780,False,
2859905455,False,
2859953457,False,
2859957738,False,
2859958771,False,
2859958963,False,
2859963289,True,29489.0
2859964684,False,
2859965017,True,26507.0
2859977727,False,
2859984520,False,
2859984753,False,
2859987315,False,
2859987614,False,
2859994555,False,
2860000370,False,
2860005443,True,3685.0
2860014466,False,
2860014931,False,
2860022121,True,3591.0
2860026960,False,
2860027430,False,
2860033401,False,
2860048093,False,
2860048680,False,
2860049515,False,
2860050049,False,
2860080027,False,
2860089862,True,4304.0
2860090896,False,
2860113974,False,
2860120067,False,
2860125714,False,
2860137489,False,
2860154351,True,1168.0
2860158550,True,23.0
2860168873,False,
2860169227,False,
2860176484,False,
2860176544,True,1766.0
2860180378,False,
2860180789,False,
2860185610,False,
2860186126,True,2415.0
2860188658,False,
2860222652,False,
2860224931,True,1387.0
2860227579,False,
2860244279,False,
2860248501,False,
2860265434,True,19.0
2860280948,False,
2860322025,True,334.0
2860373818,False,
2860381066,False,
2860394469,True,1470.0
2860408769,False,
2860412854,False,
2860419373,False,
2860434411,False,
2860435271,False,
2860436339,False,
2860437433,False,
2860438316,False,
2860438983,True,426.0
2860439332,False,
2860440195,False,
2860443620,False,
2860444301,False,
2860445115,False,
2860445847,False,
2860446543,False,
2860449131,False,
2860449827,False,
2860456967,True,372.0
2860464317,False,
2860471288,False,
2860513155,False,
2860513557,False,
2860524730,False,
2860528121,False,
2860550000,False,
2860565965,True,358.0
2860574955,False,
2860575488,False,
2860587994,False,
2860589878,False,
2860590960,False,
2860592937,False,
2860603210,True,1798.0
2860616980,False,
2860617384,False,
2860624677,True,29.0
2860629272,False,
2860634416,False,
2860638908,False,
2860640071,False,
2860651881,False,
2860653040,False,
2860653997,False,
2860671836,False,
2860676289,False,
2860677300,False,
2860705090,False,
2860718501,False,
2860728198,True,80.0
2860729814,False,
2860747589,False,
2860748270,False,
2860748836,False,
2860776830,True,56.0
2860813663,False,
2860821521,False,
2860827959,True,104.0
2860861113,True,18.0
2860866873,False,
2860884902,False,
2860886340,False,
2860887459,False,
2860888796,False,
2860892802,False,
2860895942,False,
2860896384,False,
2860899098,False,
2860904438,False,
2860910749,False,
2860911178,False,
2860911578,False,
2860920044,False,
2860921829,False,
2860924571,False,
2860929833,False,
2860959431,False,
2860965036,True,21.0
2860966068,True,1927.0
2860967240,False,
2860967600,False,
2860967963,False,
2860969268,False,
2860969400,False,
2860977451,False,
2860980749,False,
2860981041,True,170.0
2861001767,False,
2861003379,False,
2861010472,False,
2861036774,False,
2861038974,False,
2861055468,False,
2861056162,False,
2861059700,False,
2861059744,False,
2861061805,False,
2861064045,False,
2861064188,False,
2861065709,False,
2861084091,False,
2861088093,True,1749.0
2861091247,False,
2861093241,False,
2861098513,False,
2861102744,False,
2861107562,False,
2861108531,False,
2861111988,False,
2861139031,False,
2861156678,False,
2861167686,False,
2861174273,False,
2861209197,False,
2861223719,False,
2861225113,False,
2861288796,False,
2861303774,False,
2861334789,False,
2861337660,False,
2861341317,False,
2861344021,True,3391.0
2861348069,False,
2861348757,False,
2861355457,False,
2861365151,False,
2861367680,False,
2861373554,False,
2861374675,False,
2861390113,False,
2861397037,False,
2861436996,False,
2861440273,False,
2861448403,False,
2861453081,True,7201.0
2861455248,False,
2861456251,False,
2861462417,False,
2861462433,False,
2861463039,False,
2861468855,True,305.0
2861473961,True,968.0
2861478525,False,
2861485199,False,
2861503963,True,1338.0
2861517838,False,
2861518559,True,69.0
2861589315,False,
2861603261,False,
2861607876,False,
2861613005,False,
2861615919,False,
2861619575,True,61.0
2861627107,False,
2861628658,True,43.0
2861631610,False,
2861634996,False,
2861637628,False,
2861638307,False,
2861638981,False,
2861639750,False,
2861643522,False,
2861647770,True,9.0
2861649003,False,
2861653394,False,
2861666916,False,
2861670246,False,
2861670588,False,
2861677576,True,26.0
2861703937,False,
2861707338,True,65.0
2861713907,False,
2861718487,False,
2861722630,True,1146.0
2861737569,False,
2861741440,False,
2861742378,True,323.0
2861742487,False,
2861744701,False,
2861745927,False,
2861747422,False,
2861749285,False,
2861751358,False,
2861752516,False,
2861756518,False,
2861769091,False,
2861781537,False,
2861784741,False,
2861788231,False,
2861788731,False,
2861795378,False,
2861796246,False,
2861796797,False,
2861797941,False,
2861802008,False,
2861804351,True,47.0
2861808743,False,
2861809302,False,
2861810700,False,
2861812542,True,42.0
2861814553,False,
2861814721,False,
2861815067,False,
2861815815,False,
2861824729,False,
2861830580,False,
2861832066,False,
2861833047,False,
2861835391,False,
2861838539,True,1723.0
2861840028,False,
2861846840,False,
2861849023,False,
2861849590,False,
2861849694,False,
2861850057,False,
2861850372,False,
2861850688,False,
2861854419,False,
2861856700,False,
2861860804,False,
2861861503,False,
2861862124,False,
2861863274,True,406.0
2861864759,False,
2861875472,False,
2861881108,False,
2861883029,False,
2861884070,False,
2861884828,False,
2861885424,False,
2861892604,False,
2861894228,False,
2861897834,False,
2861899220,False,
2861912649,False,
2861914578,False,
2861914684,False,
2861917678,True,1321.0
2861918874,False,
2861920412,False,
2861928883,True,61.0
2861952215,False,
2861954070,False,
2861955018,False,
2861958832,False,
2861959195,False,
2861962116,False,
2861964593,True,4.0
2861975788,False,
2861983391,False,
2861985899,False,
2861988642,False,
2861997791,False,
2862000659,False,
2862005486,False,
2862006687,False,
2862014039,False,
2862021283,False,
2862021681,False,
2862022747,False,
2862029978,False,
2862030574,False,
2862032056,False,
2862040055,False,
2862041488,False,
2862046625,False,
2862057698,True,13.0
2862074530,True,7651.0
2862075377,False,
2862079823,True,2022.0
2862083503,False,
2862084211,False,
2862090914,False,
2862092304,False,
2862098543,False,
2862099006,False,
2862099791,False,
2862105787,False,
2862106489,False,
2862107622,False,
2862112592,False,
2862115062,False,
2862118905,False,
2862120008,False,
2862121566,False,
2862123124,False,
2862123943,True,1634.0
2862124538,False,
2862124875,False,
2862127783,False,
2862128758,False,
2862129537,True,297.0
2862129862,False,
2862134950,False,
2862135898,False,
2862136986,False,
2862137410,False,
2862140474,False,
2862146864,False,
2862149225,False,
2862149629,False,
2862150042,False,
2862150340,False,
2862150601,False,
2862170413,False,
2862172173,False,
2862178899,False,
2862179157,False,
2862184328,False,
2862189819,False,
2862191809,False,
2862196143,False,
2862201761,False,
2862202726,False,
2862204380,True,21.0
2862207272,False,
2862222077,True,1547.0
2862233247,False,
2862239357,False,
2862247582,False,
2862248665,False,
2862252166,False,
2862258826,False,
2862258890,False,
2862259869,False,
2862260523,False,
2862264153,False,
2862284048,False,
2862295309,False,
2862305654,False,
2862312717,False,
2862331946,False,
2862340811,False,
2862351577,False,
2862361786,True,124.0
2862361800,False,
2862370074,False,
2862370478,False,
2862398758,False,
2862414996,False,
2862419419,True,4299.0
2862420506,False,
2862421892,True,1116.0
2862422037,True,3369.0
2862430424,False,
2862430995,False,
2862431471,False,
2862435995,False,
2862439834,False,
2862483806,True,106.0
2862500875,False,
2862514676,False,
2862518807,False,
2862522924,False,
2862528572,False,
2862528887,False,
2862528940,False,
2862537323,False,
2862537570,False,
2862537918,False,
2862538114,False,
2862538207,False,
2862538503,False,
2862538935,False,
2862539211,False,
2862539968,False,
2862542708,False,
2862543266,False,
2862548068,False,
2862549291,False,
2862551582,False,
2862551904,False,
2862555984,False,
2862557459,False,
2862570272,False,
2862574440,False,
2862576109,False,
2862580358,False,
2862588229,False,
2862591174,False,
2862592487,False,
2862603585,False,
2862606651,False,
2862612093,False,
2862615389,False,
2862621308,False,
2862621597,False,
2862621812,False,
2862631167,False,
2862658745,False,
2862664607,False,
2862680335,False,
2862690488,False,
2862690850,False,
2862691069,False,
2862691389,True,279.0
2862693883,True,1687.0
2862696577,False,
2862700130,False,
2862702092,True,78.0
2862706792,False,
2862707656,False,
2862708069,False,
2862710364,False,
2862715399,False,
2862717477,False,
2862717636,False,
2862720395,False,
2862722120,False,
2862722326,False,
2862722690,False,
2862723965,True,158.0
2862727754,False,
2862730716,True,727.0
2862742454,False,
2862760560,False,
2862776080,False,
2862787754,False,
2862789900,False,
2862790174,False,
2862790447,False,
2862790629,False,
2862790852,False,
2862791059,False,
2862792209,False,
2862799191,False,
2862803864,False,
2862806759,True,180.0
2862811846,False,
2862820704,False,
2862831734,False,
2862831935,False,
2862832207,False,
2862833910,True,1708.0
2862834524,False,
2862840331,True,877.0
2862842266,False,
2862854220,False,
2862854418,False,
2862867735,False,
2862869233,True,157.0
2862876191,False,
2862877384,False,
2862880956,False,
2862881157,False,
2862882180,False,
2862882275,False,
2862883978,False,
2862885990,False,
2862886083,False,
2862886362,False,
2862888648,False,
2862889239,False,
2862894496,False,
2862904706,True,286.0
2862918005,False,
2862918690,False,
2862919272,False,
2862920664,False,
2862921589,False,
2862922813,False,
2862924481,False,
2862924635,False,
2862926546,False,
2862927771,False,
2862928127,False,
2862929977,False,
2862930049,False,
2862934004,True,1206.0
2862934788,False,
2862936723,False,
2862944838,True,1796.0
2862945430,False,
2862945555,False,
2862945613,False,
2862945651,False,
2862946036,True,5177.0
2862948677,False,
2862950493,True,3672.0
2862952159,True,2275.0
2862954710,True,136.0
2862960823,True,223.0
2862965777,False,
2862966700,False,
2862967904,False,
2862969578,False,
2862969694,False,
2862969826,False,
2862971976,False,
2862972244,False,
2862973013,False,
2862974111,False,
2862974561,False,
2862976126,False,
2862982959,False,
2862983126,False,
2862983414,True,338.0
2862983585,False,
2862983808,False,
2862986957,True,12.0
2863035433,False,
2863038638,False,
2863038782,False,
2863039260,False,
2863047329,False,
2863053335,False,
2863054920,False,
2863056683,False,
2863056861,False,
2863057043,False,
2863057275,False,
2863068078,False,
2863074622,False,
2863087551,True,4284.0
2863105619,True,2343.0
2863109266,True,4704.0
2863110996,False,
2863126481,False,
2863127217,False,
2863130856,False,
2863131478,False,
2863139508,True,2026.0
2863140136,False,
2863140910,False,
2863141281,False,
2863141718,False,
2863142013,True,1432.0
2863142928,True,1635.0
2863171964,True,1550.0
2863175239,True,1291.0
2863175586,True,1173.0
2863190684,False,
2863222544,True,4.0
2863241030,True,6292.0
2863306089,False,
2863309304,True,22.0
2863324112,False,
2863343226,True,231.0
2863357277,False,
2863376520,False,
2863396272,True,1333.0
2863401891,True,8059.0
2863405597,True,12.0
2863408749,False,
2863418233,False,
2863419504,False,
2863423245,True,13.0
2863423785,False,
2863425706,False,
2863426014,False,
2863430061,False,
2863443224,False,
2863443823,False,
2863444097,True,1603.0
2863447595,False,
2863448653,False,
2863448801,False,
2863452171,False,
2863454028,False,
2863454429,False,
2863454734,False,
2863455147,False,
2863455599,False,
2863455932,False,
2863458798,False,
2863466458,False,
2863466914,False,
2863466936,False,
2863468147,False,
2863477383,True,793.0
2863485618,False,
2863502345,False,
2863510236,False,
2863511141,False,
2863517721,False,
2863521202,False,
2863521577,False,
2863523476,False,
2863539729,False,
2863548302,False,
2863548494,True,50.0
2863550171,False,
2863551651,False,
2863559026,False,
2863561461,False,
2863568467,False,
2863569580,False,
2863618017,True,46.0
2863653226,False,
2863654882,False,
2863655837,True,1602.0
2863660947,False,
2863671689,False,
2863676921,False,
2863678754,False,
2863686414,False,
2863699995,False,
2863705456,False,
2863709923,False,
2863713968,False,
2863716212,False,
2863723784,True,5.0
2863725892,True,5.0
2863731136,False,
2863739168,True,2010.0
2863740282,False,
2863742873,False,
2863745927,False,
2863746529,False,
2863749686,False,
2863760106,False,
2863774203,True,1324.0
2863774621,True,1854.0
2863774728,True,2310.0
2863774786,True,1908.0
2863774860,True,1876.0
2863774864,True,1560.0
2863774937,True,2430.0
2863776466,True,2060.0
2863777525,True,2026.0
2863777723,True,3182.0
2863778358,True,1669.0
2863778572,True,2962.0
2863778978,True,2950.0
2863779529,True,2745.0
2863782590,True,3533.0
2863782599,True,4649.0
2863791757,True,149.0
2863801098,False,
2863802696,False,
2863804756,False,
2863804856,False,
2863805465,False,
2863805964,False,
2863806626,False,
2863807188,False,
2863807693,False,
2863808358,False,
2863809064,False,
2863814249,False,
2863824998,False,
2863830171,False,
2863831992,False,
2863845254,False,
2863852532,True,12472.0
2863852897,True,2919.0
2863853678,False,
2863855623,True,453.0
2863873932,True,29.0
2863884779,False,
2863895620,False,
2863971286,False,
2863986130,False,
2863991289,False,
2864002803,False,
2864005539,False,
2864021448,False,
2864024378,False,
2864071502,False,
2864078570,False,
2864097940,False,
2864147962,False,
2864184882,True,13008.0
2864186875,False,
2864197370,False,
2864202450,True,5654.0
2864216330,True,51.0
2864246562,False,
2864247386,False,
2864263018,True,18.0
2864315427,True,99.0
2864316409,True,1998.0
2864319006,False,
2864320994,False,
2864326965,True,70.0
2864331120,False,
2864334004,False,
2864341388,False,
2864341886,False,
2864392853,True,89.0
2864467413,True,393.0
2864471618,True,117.0
2864528188,True,5999.0
2864540942,False,
2864567174,False,
2864568034,False,
2864575534,False,
2864576233,False,
2864576279,True,792.0
2864590088,False,
2864590806,False,
2864594480,False,
2864596228,False,
2864606001,False,
2864610073,True,1253.0
2864611469,True,12.0
2864616046,False,
2864616749,False,
2864628441,False,
2864629310,False,
2864633314,False,
2864634188,False,
2864637157,False,
2864637513,False,
2864641365,False,
2864641554,True,5.0
2864643864,False,
2864644787,False,
2864649987,False,
2864652616,False,
2864668015,False,
2864669074,False,
2864672656,False,
2864673146,False,
2864673485,False,
2864673811,False,
2864674115,False,
2864674636,False,
2864675023,True,52.0
2864675247,False,
2864675694,False,
2864676066,False,
2864676413,False,
2864676771,False,
2864682028,False,
2864693664,False,
2864697125,True,1292.0
2864699959,False,
2864699989,True,4854.0
2864700287,False,
2864710544,True,33.0
2864724980,False,
2864769109,False,
2864770970,False,
2864778436,False,
2864786049,False,
2864793169,False,
2864794944,False,
2864797026,False,
2864799804,False,
2864801483,False,
2864812323,True,373.0
2864813688,False,
2864814632,False,
2864819935,True,4.0
2864820965,False,
2864826333,False,
2864836873,True,11.0
2864838456,False,
2864858051,False,
2864862640,False,
2864863899,False,
2864864048,False,
2864874096,False,
2864908980,False,
2864914176,False,
2864923696,True,255.0
2864936746,True,854.0
2864946264,True,2510.0
2864953689,False,
2864975071,False,
2864997830,False,
2864998202,False,
2865003189,False,
2865003615,False,
2865003954,False,
2865006732,False,
2865011146,False,
2865011452,False,
2865019380,False,
2865021322,False,
2865022177,True,6446.0
2865026386,False,
2865032705,False,
2865040453,False,
2865044064,False,
2865044835,False,
2865055202,False,
2865065666,False,
2865073468,False,
2865083523,False,
2865086144,False,
2865088138,False,
2865089004,False,
2865093396,False,
2865095256,False,
2865095944,False,
2865102046,False,
2865102453,False,
2865105598,False,
2865107841,False,
2865116567,False,
2865121887,False,
2865126363,False,
2865129656,False,
2865131330,False,
2865134023,False,
2865138834,True,148.0
2865143128,True,978.0
2865154824,False,
2865184947,False,
2865201205,False,
2865208642,False,
2865215286,False,
2865222709,False,
2865233292,False,
2865242919,False,
2865259893,True,3169.0
2865263811,False,
2865280851,False,
2865281469,False,
2865281988,False,
2865289904,False,
2865291274,False,
2865292804,False,
2865299020,False,
2865302009,True,183.0
2865302811,True,79.0
2865303406,False,
2865303856,False,
2865304937,False,
2865305710,True,42.0
2865308835,False,
2865311397,False,
2865314530,False,
2865318156,False,
2865318739,False,
2865319099,False,
2865323701,False,
2865324923,True,86.0
2865327864,False,
2865332365,False,
2865334554,False,
2865334914,False,
2865335544,False,
2865336525,True,34.0
2865336911,False,
2865337662,False,
2865343235,False,
2865343245,False,
2865348360,False,
2865350418,False,
2865355265,False,
2865370817,False,
2865382715,True,12.0
2865387063,True,19.0
2865388307,False,
2865394077,True,41.0
2865401546,False,
2865405790,True,38.0
2865424676,False,
2865429254,True,8.0
2865435459,False,
2865436383,False,
2865436661,False,
2865436738,True,8.0
2865448229,True,1386.0
2865467184,False,
2865533115,False,
2865534423,True,1291.0
2865544265,False,
2865570088,True,11.0
2865631374,False,
2865658444,False,
2865699788,False,
2865703760,True,6204.0
2865730717,True,393.0
2865738635,True,32.0
2865745354,True,6.0
2865751787,True,140.0
2865773410,False,
2865781145,False,
2865786192,False,
2865805416,False,
2865805638,False,
2865805989,False,
2865813173,False,
2865841860,True,399.0
2865843445,False,
2865848903,False,
2865850188,False,
2865859496,False,
2865859907,False,
2865860195,False,
2865861941,False,
2865865000,False,
2865866178,False,
2865871673,False,
2865877856,False,
2866008299,False,
2866013585,False,
2866013616,False,
2866028862,True,2463.0
2866029292,False,
2866029643,True,2139.0
2866035777,True,878.0
2866040117,False,
2866040854,False,
2866055093,False,
2866061957,True,84.0
2866111033,False,
2866117104,True,1888.0
2866164053,False,
2866164217,False,
2866164423,False,
2866207728,False,
2866209176,False,
2866220494,False,
2866240858,False,
2866243665,False,
2866244874,False,
2866250669,False,
2866250759,False,
2866252774,False,
2866255480,False,
2866257260,False,
2866263778,False,
2866264858,False,
2866281761,False,
2866292156,True,4.0
2866318891,False,
2866333863,False,
2866359739,False,
2866372275,False,
2866372704,True,6.0
2866377494,False,
2866377566,False,
2866377593,False,
2866377786,True,2612.0
2866378505,True,2898.0
2866379288,True,1051.0
2866381728,True,440.0
2866384778,False,
2866385596,False,
2866385618,False,
2866387094,True,4118.0
2866389127,True,2706.0
2866393218,False,
2866394109,False,
2866394947,False,
2866395058,True,331.0
2866395689,False,
2866396244,True,40.0
2866396655,True,33.0
2866401790,False,
2866401834,False,
2866401864,False,
2866401898,False,
2866401925,False,
2866401948,False,
2866401971,False,
2866401996,False,
2866402028,False,
2866407117,True,2161.0
2866412528,False,
2866413114,False,
2866422356,False,
2866427813,True,15.0
2866431769,True,13977.0
2866473582,False,
2866476897,True,1785.0
2866524536,True,10751.0
2866617876,True,70.0
2866636523,False,
2866643746,False,
2866649144,False,
2866650503,False,
2866656466,False,
2866677291,True,36.0
2866688464,False,
2866688486,False,
2866688500,False,
2866688526,False,
2866694701,False,
2866697381,False,
2866703993,False,
2866708915,False,
2866710660,False,
2866716559,False,
2866717573,False,
2866718015,True,1913.0
2866718557,False,
2866724463,True,1740.0
2866729154,False,
2866729830,False,
2866730216,False,
2866730788,True,1403.0
2866733630,False,
2866734767,False,
2866734825,True,3142.0
2866735020,False,
2866742086,False,
2866743363,False,
2866743784,False,
2866743967,False,
2866744524,False,
2866747224,False,
2866747279,False,
2866775413,False,
2866779434,False,
2866779486,False,
2866783413,False,
2866796977,True,45.0
2866817417,False,
2866817461,False,
2866817628,False,
2866826320,False,
2866834834,False,
2866834864,False,
2866834888,False,
2866834927,False,
2866835042,False,
2866835098,False,
2866835277,True,1607.0
2866838133,False,
2866838694,True,2292.0
2866840765,True,5402.0
2866844171,False,
2866847589,True,851.0
2866848877,False,
2866849606,False,
2866860124,False,
2866861041,True,7984.0
2866867238,True,4.0
2866892840,False,
2866900139,False,
2866900178,False,
2866900225,False,
2866900267,False,
2866900347,False,
2866900356,False,
2866906279,True,4120.0
2866916397,False,
2866916432,False,
2866916571,False,
2866921965,True,5543.0
2866922145,False,
2866922197,False,
2866922233,False,
2866922286,False,
2866922872,False,
2866924020,False,
2866935865,False,
2866954722,True,2264.0
2866955181,True,1574.0
2866955208,True,1682.0
2866971059,False,
2866973183,True,10.0
2866973803,False,
2866974706,False,
2866976366,False,
2866976456,False,
2866976592,False,
2866976712,False,
2866983432,True,36.0
2866983898,False,
2866989331,False,
2866990484,False,
2866990554,False,
2866990630,False,
2866990631,False,
2866990684,False,
2866990744,False,
2866991289,True,2482.0
2866996039,False,
2866996096,False,
2866996178,False,
2866996264,False,
2867015705,True,3856.0
2867017531,False,
2867017626,False,
2867017708,False,
2867017749,False,
2867017817,False,
2867017902,False,
2867022967,True,1076.0
2867023822,False,
2867053545,False,
2867061050,False,
2867061189,False,
2867061300,False,
2867076829,False,
2867076929,False,
2867084969,True,1107.0
2867085718,False,
2867087997,False,
2867090513,False,
2867094877,False,
2867098891,True,10.0
2867191982,False,
2867194126,False,
2867202034,False,
2867204964,False,
2867205881,True,1210.0
2867220024,True,4.0
2867223806,False,
2867226171,False,
2867232265,False,
2867237510,False,
2867237988,False,
2867248313,True,783.0
2867254882,False,
2867257294,False,
2867257352,True,1291.0
2867259276,False,
2867264384,True,1958.0
2867269203,True,8351.0
2867300000,True,249.0
2867317062,True,12.0
2867321512,True,12.0
2867329716,False,
2867385993,False,
2867389872,False,
2867419514,True,1647.0
2867430459,True,1883.0
2867457641,True,1446.0
2867492113,False,
2867502514,False,
2867531206,False,
2867542010,True,1572.0
2867555038,False,
2867558573,False,
2867558934,True,1161.0
2867559153,False,
2867567463,False,
2867601050,False,
2867601595,False,
2867605162,True,78.0
2867605310,False,
2867608980,True,1788.0
2867627450,False,
2867647493,False,
2867658674,False,
2867677077,False,
2867710476,False,
2867732678,False,
2867752938,False,
2867811040,False,
2867890563,True,6.0
2867900842,False,
2867920984,True,309.0
2867930879,False,
2867973326,False,
2867975869,False,
2867976934,False,
2867977407,False,
2867977880,False,
2867996056,True,58.0
2868003983,False,
2868011459,False,
2868027327,False,
2868027792,False,
2868066049,False,
2868083546,True,1492.0
2868135914,False,
2868142628,False,
2868142944,False,
2868182024,True,8.0
2868236088,False,
2868250546,False,
2868265579,False,
2868285173,False,
2868293924,False,
2868324234,False,
2868324585,False,
2868383638,False,
2868479694,True,32.0
2868529065,False,
2868544833,False,
2868545161,False,
2868545638,False,
2868545920,False,
2868546178,False,
2868598713,True,54.0
2868636931,False,
2868637990,False,
2868681003,False,
2868687567,True,11.0
2868760968,True,2964.0
2868762800,True,4847.0
2868763647,False,
2868763910,False,
2868765126,False,
2868765567,False,
2868767087,True,3206.0
2868770948,False,
2868786421,False,
2868786745,False,
2868786955,False,
2868787057,False,
2868795287,True,1104.0
2868796155,False,
2868807567,False,
2868819179,False,
2868859360,True,23.0
2868929049,False,
2868929619,True,2644.0
2868929707,True,2529.0
2868948654,True,24.0
2868952453,False,
2868953474,True,1716.0
2868955806,False,
2868957888,False,
2868960909,False,
2868964803,False,
2868969728,False,
2868980228,True,1022.0
2868990664,True,57.0
2868998098,False,
2869002134,False,
2869007062,True,1763.0
2869013953,True,17.0
2869022587,False,
2869023433,False,
2869045299,False,
2869045819,False,
2869065983,True,1729.0
2869066328,False,
2869067241,False,
2869071379,True,1584.0
2869087122,False,
2869093679,False,
2869105628,True,36.0
2869110319,False,
2869121517,False,
2869121733,False,
2869121924,False,
2869122053,False,
2869122121,False,
2869144456,False,
2869144675,False,
2869145504,False,
2869159321,True,7.0
2869162352,True,1719.0
2869170557,True,1204.0
2869172383,False,
2869172465,False,
2869173684,False,
2869174033,False,
2869179641,False,
2869183810,False,
2869184135,False,
2869184320,False,
2869184935,True,978.0
2869185008,False,
2869186174,False,
2869187687,True,195.0
2869191067,False,
2869191168,False,
2869191241,False,
2869191378,False,
2869191618,False,
2869191840,False,
2869192087,False,
2869192300,False,
2869192428,False,
2869198375,False,
2869198663,False,
2869211261,True,150.0
2869212770,True,4399.0
2869215232,True,2813.0
2869217913,False,
2869217986,False,
2869218093,False,
2869218136,False,
2869221149,False,
2869223252,False,
2869223338,False,
2869223526,False,
2869223561,False,
2869223713,False,
2869224838,False,
2869247934,False,
2869252778,False,
2869263043,False,
2869263338,False,
2869264995,False,
2869265257,False,
2869265687,False,
2869265841,False,
2869266325,False,
2869266467,False,
2869268107,False,
2869268783,False,
2869271767,False,
2869277085,False,
2869277746,False,
2869283193,True,2292.0
2869283473,True,3141.0
2869325456,True,3323.0
2869326358,True,4194.0
2869330978,False,
2869332810,False,
2869334412,False,
2869336896,True,1785.0
2869340294,True,4870.0
2869344841,False,
2869345071,True,6804.0
2869345826,False,
2869351748,True,2189.0
2869365659,True,11.0
2869367665,True,2126.0
2869368562,True,4142.0
2869374555,True,2612.0
2869374587,True,2187.0
2869382298,True,3970.0
2869382759,True,5191.0
2869383001,True,3312.0
2869405545,True,4866.0
2869418166,False,
2869428387,False,
2869432401,True,2817.0
2869441588,False,
2869443530,False,
2869444937,False,
2869445479,False,
2869451577,True,4139.0
2869470000,False,
2869473173,False,
2869475039,False,
2869482810,False,
2869487593,False,
2869512920,True,1342.0
2869526391,False,
2869576889,False,
2869580645,False,
2869586952,False,
2869590034,False,
2869609811,True,1292.0
2869700474,False,
2869708375,True,23.0
2869709591,False,
2869752366,True,56.0
2869779344,False,
2869788325,True,144.0
2869809191,True,2505.0
2869837575,True,5.0
2869856961,False,
2869858034,False,
2869859050,False,
2869860085,False,
2869863327,False,
2869863550,False,
2869868035,False,
2869869086,True,1291.0
2869890562,True,5.0
2869893709,False,
2869897267,False,
2869901959,False,
2869909213,False,
2869927581,True,12.0
2869929835,True,1425.0
2869930457,True,1927.0
2869937682,False,
2869941551,False,
2869944559,True,180.0
2870074525,False,
2870086263,True,96.0
2870117850,True,1292.0
2870122924,False,
2870127178,True,1291.0
2870131264,False,
2870138262,False,
2870140817,True,1292.0
2870150240,True,273.0
2870153022,False,
2870153468,False,
2870156541,True,422.0
2870170224,False,
2870192547,True,88.0
2870232881,False,
2870241064,False,
2870243223,False,
2870243852,False,
2870244586,False,
2870245371,False,
2870249760,True,705.0
2870272941,False,
2870307670,True,117.0
2870321437,True,43.0
2870326704,True,43.0
2870447057,False,
2870466429,False,
2870521098,False,
2870521535,False,
2870525512,False,
2870534262,False,
2870534655,False,
2870571315,False,
2870572131,True,13.0
2870582841,False,
2870623296,False,
2870639312,True,1803.0
2870644222,False,
2870645565,False,
2870646154,False,
2870650376,True,57.0
2870676934,True,4.0
2870709139,True,2942.0
2870716806,True,1425.0
2870752558,False,
2870761554,False,
2870763507,False,
2870763551,False,
2870770430,False,
2870771569,False,
2870771965,False,
2870772251,False,
2870818060,False,
2870826624,True,49.0
2870828747,False,
2870838496,False,
2870848641,True,100.0
2870855741,False,
2870863361,False,
2870866520,False,
2870869495,False,
2870896558,False,
2870920889,False,
2870999105,False,
2871005277,False,
2871029982,True,176.0
2871081545,True,341.0
2871091760,False,
2871133874,True,73.0
2871136336,False,
2871149647,False,
2871152285,False,
2871158813,False,
2871165947,True,62.0
2871184074,True,117.0
2871196960,False,
2871204768,False,
2871210620,False,
2871211259,True,69.0
2871217634,False,
2871218093,False,
2871227980,False,
2871232938,True,1805.0
2871234417,False,
2871236385,False,
2871268329,False,
2871281407,False,
2871362964,False,
2871369231,False,
2871371248,True,22.0
2871372810,False,
2871373651,False,
2871380966,False,
2871387793,False,
2871390147,False,
2871397361,False,
2871408610,False,
2871433367,False,
2871443528,False,
2871472128,False,
2871472572,False,
2871485640,False,
2871502336,False,
2871559930,False,
2871578090,False,
2871579124,False,
2871580939,False,
2871584121,True,100.0
2871586885,False,
2871587244,False,
2871587615,False,
2871588016,False,
2871588520,False,
2871599309,False,
2871610158,False,
2871610550,False,
2871611367,False,
2871612254,False,
2871616493,False,
2871618624,False,
2871630298,False,
2871631068,False,
2871632203,False,
2871633200,False,
2871637291,False,
2871639422,False,
2871659005,False,
2871660281,False,
2871665162,False,
2871677416,False,
2871705916,False,
2871706998,False,
2871707531,False,
2871721443,False,
2871728350,False,
2871738382,False,
2871757016,False,
2871772945,False,
2871791770,False,
2871797354,True,20.0
2871809381,False,
2871809995,False,
2871814090,False,
2871826250,False,
2871835185,False,
2871840681,False,
2871841482,False,
2871842276,False,
2871842773,False,
2871845890,False,
2871855102,False,
2871856652,False,
2871858713,False,
2871860865,False,
2871861224,False,
2871862134,False,
2871879190,False,
2871879546,False,
2871880722,False,
2871885898,False,
2871888691,False,
2871891266,True,354.0
2871893991,False,
2871894465,False,
2871909423,False,
2871914760,True,146.0
2871929200,False,
2871952260,False,
2871957248,False,
2871961130,False,
2871972543,False,
2871974745,False,
2871975193,False,
2871975625,False,
2871975647,False,
2871976242,False,
2872000605,True,117.0
2872005120,False,
2872020383,True,3135.0
2872022119,True,1215.0
2872025574,False,
2872029148,True,4171.0
2872040497,False,
2872049890,True,8.0
2872102117,False,
2872111265,False,
2872139931,True,469.0
2872154631,True,6010.0
2872162845,False,
2872200884,False,
2872346981,False,
2872358654,False,
2872435783,False,
2872443084,False,
2872451760,False,
2872456889,False,
2872462013,False,
2872462945,False,
2872463203,True,110.0
2872469431,False,
2872472097,False,
2872472783,False,
2872474236,False,
2872475372,False,
2872476391,False,
2872492807,False,
2872493627,False,
2872535268,False,
2872556487,False,
2872630053,True,1323.0
2872630591,True,2396.0
2872814516,False,
2872855341,False,
2872879842,False,
2872925253,False,
2872938085,False,
2872941431,False,
2872946523,False,
2872952346,False,
2872966358,False,
2872976444,True,1201.0
2872978318,True,1137.0
2872984306,False,
2872993462,False,
2873044184,False,
2873079540,False,
2873100290,False,
2873144405,False,
2873145841,False,
2873147815,False,
2873172078,False,
2873172553,False,
2873172912,False,
2873173117,False,
2873173348,False,
2873173438,False,
2873173527,False,
2873173785,False,
2873173942,False,
2873174095,False,
2873174247,False,
2873174418,False,
2873174592,False,
2873174715,False,
2873174864,False,
2873175048,False,
2873175190,False,
2873184819,True,1398.0
2873220079,False,
2873248130,True,2437.0
2873249526,True,1827.0
2873254071,True,3809.0
2873279512,False,
2873282449,False,
2873327326,False,
2873344789,False,
2873357513,True,1249.0
2873360167,True,13.0
2873360759,True,2452.0
2873361145,True,8638.0
2873361744,True,8339.0
2873374419,True,1427.0
2873383357,True,1133.0
2873392112,False,
2873410389,True,1591.0
2873414292,True,71392.0
2873416421,False,
2873417307,False,
2873419514,False,
2873419939,False,
2873422271,False,
2873468881,False,
2873470271,False,
2873477568,False,
2873478892,True,8.0
2873481153,False,
2873482572,True,8.0
2873490358,True,20.0
2873517673,False,
2873528727,False,
2873536109,True,251.0
2873572155,False,
2873573074,False,
2873578181,False,
2873578731,False,
2873589180,False,
2873589399,False,
2873589608,False,
2873589872,False,
2873590063,False,
2873590258,False,
2873590587,False,
2873590866,False,
2873594115,False,
2873594711,False,
2873601485,True,558.0
2873609127,True,5909.0
2873622076,False,
2873622654,False,
2873623939,True,212.0
2873652280,False,
2873656724,False,
2873661786,True,46.0
2873662432,False,
2873663048,True,472.0
2873669083,True,22.0
2873679518,False,
2873679985,False,
2873680505,False,
2873680836,False,
2873680961,False,
2873680977,False,
2873681650,False,
2873684243,False,
2873684740,False,
2873691612,False,
2873698706,False,
2873699660,False,
2873700523,False,
2873701105,False,
2873817190,False,
2873927818,True,13.0
2873967545,False,
2873986012,True,10476.0
2873991060,True,9205.0
2874032568,True,5845.0
2874063364,False,
2874064393,False,
2874103034,False,
2874198381,True,1800.0
2874212514,False,
2874264806,False,
2874299780,False,
2874301736,False,
2874320070,False,
2874336509,False,
2874348699,False,
2874455770,True,642.0
2874465202,False,
2874469496,True,1716.0
2874483552,False,
2874571259,True,24.0
2874597487,False,
2874642615,False,
2874642891,True,117.0
2874647964,False,
2874649326,False,
2874680779,False,
2874737533,False,
2874780047,False,
2874782083,False,
2874873831,False,
2874906394,True,1982.0
2874917046,True,273.0
2874923065,True,2020.0
2874924648,True,2803.0
2874967046,False,
2874967760,False,
2874977685,True,199.0
2874996331,True,15.0
2875011443,False,
2875134966,False,
2875153357,False,
2875157317,True,13.0
2875266501,False,
2875288696,False,
2875290859,False,
2875324889,True,3461.0
2875327964,False,
2875328775,True,682.0
2875354262,False,
2875384224,False,
2875385498,True,1440.0
2875389425,False,
2875391823,False,
2875392261,True,5957.0
2875399942,False,
2875400330,False,
2875421414,True,875.0
2875432063,True,986.0
2875477916,False,
2875493128,False,
2875495521,True,985.0
2875504207,False,
2875537061,False,
2875537510,False,
2875537990,False,
2875538054,False,
2875549408,False,
2875576988,False,
2875589710,True,143.0
2875593967,False,
2875625535,True,227.0
2875629283,True,240.0
2875671751,False,
2875672823,False,
2875673809,False,
2875674489,False,
2875717530,False,
2875738280,False,
2875739230,False,
2875757230,False,
2875763522,False,
2875771683,False,
2875782099,True,4.0
2875790563,False,
2875802644,False,
2875823485,False,
2875827874,False,
2875829891,False,
2875839196,False,
2875840491,False,
2875847305,False,
2875847917,False,
2875852009,False,
2875857487,False,
2875892784,True,1747.0
2875904447,True,51.0
2875937174,False,
2875939276,False,
2875939689,False,
2875941714,False,
2875949916,False,
2875971033,True,1421.0
2875973728,False,
2876002822,True,5.0
2876040617,False,
2876049422,False,
2876051898,False,
2876055203,False,
2876058878,False,
2876068362,False,
2876184053,False,
2876190475,False,
2876191218,True,14.0
2876201641,True,124.0
2876204381,False,
2876208658,True,565.0
2876246721,False,
2876271390,False,
2876281519,True,182.0
2876302350,False,
2876314803,False,
2876318121,False,
2876318601,False,
2876338194,False,
2876338989,False,
2876357673,False,
2876427084,False,
2876438389,False,
2876479757,False,
2876479789,False,
2876516989,True,124.0
2876524482,False,
2876529481,False,
2876529594,True,124.0
2876533019,True,124.0
2876534644,False,
2876542963,True,124.0
2876607016,True,3.0
2876608162,False,
2876618970,True,12.0
2876629970,False,
2876645299,False,
2876645386,True,6900.0
2876652429,False,
2876654540,False,
2876654934,False,
2876661494,False,
2876668653,False,
2876678363,False,
2876692973,True,2916.0
2876695157,True,2533.0
2876700908,True,4920.0
2876702222,True,2441.0
2876704852,True,4177.0
2876712227,True,2931.0
2876714548,True,3734.0
2876716998,True,3495.0
2876720275,True,2825.0
2876720368,False,
2876727551,True,3261.0
2876734002,True,124.0
2876739705,False,
2876760340,False,
2876760821,False,
2876763998,False,
2876767402,False,
2876770389,False,
2876784976,False,
2876793484,False,
2876797211,True,16.0
2876825736,False,
2876831367,False,
2876834684,False,
2876840109,True,23.0
2876856234,False,
2876862767,False,
2876863488,False,
2876865999,False,
2876868151,False,
2876868274,False,
2876870744,False,
2876871131,True,268.0
2876871642,False,
2876872708,True,2569.0
2876875711,False,
2876875835,False,
2876878717,True,65.0
2876883668,False,
2876888434,True,1831.0
2876892450,False,
2876917289,False,
2876920478,True,1579.0
2876921363,True,1732.0
2876922154,True,1030.0
2876929893,False,
2876945616,False,
2876962568,True,12.0
2876981387,False,
2876982774,False,
2877046089,False,
2877046922,False,
2877069688,False,
2877085536,True,152.0
2877089777,True,149.0
2877094542,False,
2877105127,False,
2877110331,False,
2877304337,False,
2877330539,True,91.0
2877371267,False,
2877371640,True,51.0
2877385549,True,13.0
2877385825,True,5.0
2877392808,False,
2877409776,True,98.0
2877446836,True,466.0
2877453025,True,47.0
2877461244,True,2517.0
2877523583,False,
2877534120,True,6.0
2877537414,False,
2877542728,True,591.0
2877574643,False,
2877577918,False,
2877594628,False,
2877597144,False,
2877611566,False,
2877617796,False,
2877630676,False,
2877630984,False,
2877631306,False,
2877642293,False,
2877644886,False,
2877652121,False,
2877657798,False,
2877671371,False,
2877674934,True,124.0
2877707842,False,
2877708220,False,
2877717839,False,
2877718110,False,
2877749617,False,
2877770896,False,
2877771860,False,
2877773679,False,
2877779937,False,
2877800126,False,
2877819116,True,466.0
2877819196,True,466.0
2877819833,True,2706.0
2877820070,False,
2877820326,False,
2877820550,False,
2877820760,False,
2877824940,False,
2877825177,False,
2877825412,False,
2877826382,False,
2877831751,False,
2877865344,False,
2877865833,False,
2877866061,False,
2877866510,False,
2877875144,False,
2877879200,False,
2877879410,False,
2877884730,False,
2877894997,False,
2877901034,False,
2877902187,False,
2877931459,False,
2877946039,False,
2877987450,False,
2877987671,False,
2878023025,True,961.0
2878034874,False,
2878044422,False,
2878074782,False,
2878075045,False,
2878089564,False,
2878145390,True,2892.0
2878202009,False,
2878203936,False,
2878205186,False,
2878225584,True,1521.0
2878231359,True,4562.0
2878290389,False,
2878376530,True,2289.0
2878398364,False,
2878403574,False,
2878444201,False,
2878465741,False,
2878466082,False,
2878466422,False,
2878466733,False,
2878467083,False,
2878467455,False,
2878493076,False,
2878494307,False,
2878525588,False,
2878532341,False,
2878537465,False,
2878551320,False,
2878561246,False,
2878561730,False,
2878586687,False,
2878591121,False,
2878593909,True,124.0
2878597447,False,
2878608095,False,
2878635984,False,
2878636828,True,34.0
2878652051,False,
2878652334,False,
2878652634,False,
2878653034,False,
2878653362,False,
2878653704,False,
2878654075,False,
2878654387,False,
2878654916,False,
2878655264,False,
2878655638,False,
2878655990,False,
2878656641,False,
2878657325,False,
2878657852,False,
2878658331,False,
2878659478,False,
2878679249,False,
2878723463,False,
2878738021,True,532.0
2878779721,False,
2878834893,False,
2878842037,False,
2878854864,False,
2878871484,False,
2878896079,False,
2878898586,False,
2878900045,False,
2878900419,False,
2878911454,False,
2878957336,False,
2878965930,False,
2878988202,False,
2879007469,False,
2879014337,False,
2879018567,False,
2879026594,False,
2879048959,False,
2879061194,False,
2879061618,False,
2879062258,False,
2879062631,False,
2879065205,True,1.0
2879076437,False,
2879089237,False,
2879092506,False,
2879098455,False,
2879101890,False,
2879110843,False,
2879115532,True,4.0
2879119567,False,
2879136085,True,64.0
2879138099,False,
2879170950,False,
2879184659,True,2997.0
2879231968,False,
2879248433,False,
2879250118,False,
2879267081,False,
2879268191,False,
2879286266,False,
2879291007,False,
2879309904,True,1341.0
2879316982,True,42.0
2879318776,False,
2879320986,True,95.0
2879336520,False,
2879341022,False,
2879346929,False,
2879348294,False,
2879349345,False,
2879349719,True,1036.0
2879357731,True,22.0
2879368406,False,
2879390109,True,1388.0
2879396170,False,
2879400699,False,
2879408811,False,
2879410864,False,
2879411185,False,
2879412955,False,
2879453545,False,
2879475672,True,3776.0
2879476755,False,
2879476991,False,
2879486519,True,716.0
2879499295,False,
2879516284,False,
2879521389,False,
2879527715,False,
2879538066,False,
2879552866,False,
2879570713,False,
2879571876,False,
2879573686,False,
2879585324,True,2213.0
2879586103,False,
2879588482,False,
2879589585,False,
2879589709,False,
2879590681,True,2480.0
2879596934,True,466.0
2879599527,False,
2879600097,False,
2879602386,True,124.0
2879603721,False,
2879607356,False,
2879614681,False,
2879615876,False,
2879623625,False,
2879625073,False,
2879626560,False,
2879628336,False,
2879631838,False,
2879636577,True,466.0
2879639191,True,7005.0
2879647557,False,
2879647720,False,
2879647866,False,
2879648041,False,
2879648204,False,
2879648243,False,
2879648454,False,
2879649007,False,
2879650913,True,191.0
2879652606,True,4616.0
2879654551,False,
2879656858,True,4356.0
2879659688,False,
2879659873,False,
2879660067,False,
2879664833,True,2498.0
2879665432,False,
2879666757,False,
2879668314,False,
2879668522,False,
2879668727,False,
2879668916,False,
2879669118,False,
2879672591,False,
2879674016,False,
2879678197,False,
2879697991,False,
2879698208,False,
2879698405,False,
2879698516,True,2137.0
2879698672,False,
2879701758,False,
2879708561,True,4760.0
2879708586,True,7142.0
2879708671,True,9689.0
2879713978,True,2297.0
2879714845,True,11.0
2879717670,False,
2879719737,False,
2879723434,False,
2879723626,False,
2879723814,False,
2879724618,False,
2879728141,False,
2879728811,False,
2879729595,False,
2879732351,True,915.0
2879732401,True,4.0
2879736551,False,
2879740085,False,
2879742534,False,
2879743505,False,
2879746180,False,
2879747000,False,
2879753717,False,
2879754339,False,
2879763389,False,
2879768437,False,
2879777306,False,
2879787732,False,
2879787800,False,
2879790143,False,
2879794340,False,
2879794981,False,
2879794992,False,
2879794996,False,
2879797855,False,
2879798833,False,
2879804081,False,
2879807356,False,
2879815244,False,
2879817224,False,
2879817292,False,
2879817415,False,
2879820761,False,
2879842238,False,
2879842674,True,17331.0
2879844650,False,
2879875125,False,
2879882351,False,
2879897916,True,7282.0
2879901613,True,7032.0
2879909282,True,117.0
2879912342,False,
2879914808,True,275.0
2879926427,False,
2879927598,True,4188.0
2879927905,True,722.0
2879930701,False,
2879931807,True,667.0
2879933308,True,4579.0
2879943786,True,4171.0
2879964912,False,
2879965408,False,
2879967824,False,
2879968385,False,
2879968610,False,
2879998831,True,1582.0
2880025327,True,3141.0
2880046072,False,
2880060383,False,
2880086838,False,
2880131245,False,
2880134420,False,
2880144079,False,
2880159733,True,1711.0
2880171588,False,
2880171716,False,
2880171867,False,
2880182541,True,156.0
2880191580,False,
2880201959,False,
2880208179,False,
2880214251,False,
2880214411,False,
2880222927,False,
2880234546,False,
2880295920,False,
2880312059,False,
2880346092,True,55.0
2880359585,True,2745.0
2880367642,False,
2880383343,False,
2880410697,False,
2880411825,False,
2880433066,False,
2880442034,False,
2880491587,True,2386.0
2880508898,False,
2880524570,False,
2880532320,True,3829.0
2880542638,False,
2880543054,True,12.0
2880545912,False,
2880548394,False,
2880605875,False,
2880697475,False,
2880800903,False,
2880888953,True,1686.0
2880889175,True,2850.0
2880889527,True,2133.0
2880889691,True,1586.0
2880889758,True,1544.0
2880889836,True,1631.0
2880890106,True,1590.0
2880890382,True,1625.0
2880890386,True,1452.0
2880890496,True,1736.0
2880890514,True,1533.0
2880890620,True,3311.0
2880891015,True,2880.0
2880891212,True,3416.0
2880891819,True,2386.0
2880891996,True,3760.0
2880892310,True,1840.0
2880892350,True,3591.0
2880892384,True,2460.0
2880892511,True,2492.0
2880892531,True,2295.0
2880893720,True,2710.0
2880893970,True,2638.0
2880894429,True,2167.0
2880895014,True,2611.0
2880896296,True,3676.0
2880899581,True,3465.0
2880981923,True,277.0
2880982519,True,189.0
2880992575,True,2881.0
2881008581,True,1635.0
2881055457,False,
2881058183,False,
2881092037,True,2439.0
2881144301,False,
2881188205,False,
2881214127,False,
2881216744,False,
2881273604,False,
2881306673,False,
2881310674,False,
2881315242,False,
2881330688,False,
2881330968,False,
2881336901,False,
2881344789,False,
2881374113,True,1585.0
2881499732,True,1768.0
2881517296,False,
2881535625,False,
2881536351,False,
2881567814,True,669.0
2881576232,False,
2881586269,False,
2881611708,True,130.0
2881624850,False,
2881635572,False,
2881639181,True,131.0
2881640353,True,124.0
2881640776,False,
2881647021,False,
2881653784,False,
2881654154,False,
2881654467,False,
2881655260,False,
2881655712,False,
2881656018,False,
2881675371,False,
2881685000,False,
2881685701,False,
2881686054,False,
2881686406,False,
2881690683,False,
2881691125,False,
2881703991,False,
2881708178,False,
2881718209,False,
2881721347,False,
2881723901,False,
2881736866,False,
2881748481,False,
2881749050,False,
2881751097,False,
2881784001,True,4.0
2881784359,False,
2881791154,True,105.0
2881832333,False,
2881839230,False,
2881840965,True,1690.0
2881854217,True,124.0
2881854773,False,
2881857289,False,
2881857876,True,124.0
2881863914,True,24.0
2881886351,False,
2881887593,False,
2881889416,False,
2881890357,True,6122.0
2881895761,False,
2881903951,True,357.0
2881911175,False,
2881912860,True,197.0
2881917589,True,124.0
2881923415,False,
2881924835,False,
2881943561,False,
2881964705,False,
2881974299,False,
2881981360,False,
2881984677,False,
2881986419,False,
2881988562,False,
2881998659,False,
2882005727,False,
2882008667,False,
2882015367,False,
2882019804,False,
2882021980,False,
2882026678,False,
2882032733,False,
2882032837,True,332.0
2882035590,True,862.0
2882037091,False,
2882037329,False,
2882046712,False,
2882049296,True,14.0
2882065786,False,
2882066943,False,
2882072826,False,
2882085273,False,
2882085879,False,
2882086219,False,
2882132764,True,108.0
2882157307,True,11.0
2882195864,False,
2882213383,False,
2882218786,False,
2882252440,False,
2882252486,False,
2882261331,False,
2882262699,False,
2882262978,False,
2882274199,False,
2882274523,False,
2882275246,False,
2882275507,False,
2882284224,False,
2882286521,False,
2882286772,False,
2882286994,False,
2882287210,False,
2882289675,True,34.0
2882293877,True,165.0
2882313228,False,
2882323729,True,2835.0
2882344059,True,2443.0
2882347401,False,
2882372536,False,
2882384183,False,
2882386804,False,
2882391514,False,
2882392584,False,
2882392930,True,74.0
2882395409,False,
2882404097,True,887.0
2882405321,False,
2882406002,False,
2882410388,True,1001.0
2882411299,True,124.0
2882412315,True,2796.0
2882414571,False,
2882429532,True,2290.0
2882433310,False,
2882445637,False,
2882457000,True,124.0
2882460015,False,
2882460799,True,4.0
2882461289,True,124.0
2882464009,False,
2882469227,True,3357.0
2882474411,True,124.0
2882477015,False,
2882488659,True,908.0
2882498559,True,88.0
2882500946,True,8.0
2882502884,False,
2882504855,False,
2882511730,True,65.0
2882583627,True,470.0
2882587501,False,
2882590113,False,
2882597059,False,
2882611619,True,8.0
2882618317,False,
2882620697,True,77.0
2882624688,False,
2882624847,False,
2882626626,True,639.0
2882627414,False,
2882627458,False,
2882629686,True,8.0
2882630944,False,
2882631131,True,124.0
2882635449,False,
2882638563,False,
2882638639,False,
2882641583,False,
2882641885,False,
2882668258,False,
2882673481,False,
2882745966,False,
2882756703,True,18.0
2882764637,True,116.0
2882769616,False,
2882770855,False,
2882771482,False,
2882772289,False,
2882773746,False,
2882774952,False,
2882776189,False,
2882804810,True,1051.0
2882811578,False,
2882811686,False,
2882811784,False,
2882820801,False,
2882824012,True,2542.0
2882829917,False,
2882834052,False,
2882843943,False,
2882846452,False,
2882846520,False,
2882850141,False,
2882850898,False,
2882856979,False,
2882877555,True,1913.0
2882880710,False,
2882889449,False,
2882889554,False,
2882891886,False,
2882891893,False,
2882898970,False,
2882899121,True,103.0
2882899215,False,
2882904212,False,
2882908315,False,
2882911780,False,
2882911994,False,
2882912123,False,
2882912532,False,
2882912779,False,
2882912975,False,
2882913142,False,
2882913561,False,
2882913799,False,
2882914040,False,
2882914190,False,
2882914594,False,
2882914802,False,
2882914892,False,
2882916138,False,
2882916158,False,
2882916467,False,
2882916574,False,
2882916939,False,
2882918379,False,
2882921482,False,
2882921646,False,
2882923236,False,
2882927345,False,
2882930467,False,
2882932051,False,
2882947561,False,
2882950509,False,
2882956053,False,
2882956117,False,
2882956465,False,
2882956869,False,
2882960182,False,
2882966495,False,
2882979691,False,
2882983089,False,
2882992833,True,124.0
2882998868,True,124.0
2883001979,False,
2883016216,False,
2883121146,False,
2883122094,False,
2883123339,False,
2883125925,False,
2883126689,False,
2883127078,False,
2883130072,True,2325.0
2883138241,False,
2883162717,True,2441.0
2883169448,False,
2883169486,False,
2883169535,False,
2883186736,True,2465.0
2883346570,False,
2883358990,False,
2883368334,False,
2883378574,False,
2883379370,False,
2883392689,False,
2883432553,False,
2883446040,True,1650.0
2883471321,False,
2883481086,False,
2883481146,False,
2883481203,False,
2883481253,False,
2883481329,False,
2883481354,False,
2883496746,True,49.0
2883501971,False,
2883513332,False,
2883525983,False,
2883528548,False,
2883544079,False,
2883593804,True,31.0
2883659101,False,
2883677311,False,
2883677333,False,
2883677361,False,
2883677376,False,
2883722488,True,2175.0
2883724203,False,
2883736122,False,
2883748255,False,
2883758120,False,
2883798609,True,942.0
2883801926,False,
2883805118,False,
2883807290,False,
2883812956,False,
2883813203,False,
2883826292,False,
2883832509,False,
2883913794,True,16.0
2883963309,True,1700.0
2883964338,False,
2883965650,True,906.0
2883965683,False,
2883966197,False,
2883966418,False,
2883966780,False,
2883967036,False,
2883967206,False,
2883972570,False,
2883979339,False,
2883988535,False,
2884007538,True,13.0
2884010665,False,
2884013010,False,
2884014177,True,413.0
2884015744,False,
2884016047,False,
2884017261,False,
2884019533,False,
2884024413,False,
2884025094,False,
2884025252,False,
2884026499,False,
2884026815,False,
2884030762,False,
2884032596,False,
2884033374,False,
2884036477,False,
2884036863,False,
2884040213,False,
2884040241,False,
2884040429,False,
2884040508,False,
2884046151,False,
2884054658,False,
2884057305,False,
2884065324,False,
2884065585,False,
2884066328,False,
2884069063,False,
2884073076,False,
2884073640,False,
2884074184,False,
2884075715,False,
2884076496,False,
2884076997,False,
2884077205,False,
2884077592,False,
2884078643,True,15879.0
2884090960,True,124.0
2884094713,False,
2884113366,False,
2884136170,True,4.0
2884139902,True,4.0
2884162557,False,
2884172593,False,
2884176681,False,
2884208533,True,1808.0
2884212542,False,
2884213136,False,
2884213152,False,
2884213178,False,
2884213195,False,
2884213211,False,
2884213230,False,
2884213255,False,
2884213272,False,
2884213295,False,
2884213321,False,
2884213347,False,
2884213368,False,
2884213398,False,
2884213423,False,
2884213442,False,
2884213467,False,
2884213495,False,
2884213513,False,
2884213540,False,
2884214245,False,
2884216885,False,
2884224073,True,1469.0
2884242568,False,
2884242585,False,
2884242711,False,
2884242727,False,
2884243730,False,
2884246761,False,
2884266097,False,
2884284107,True,1203.0
2884288630,False,
2884288666,False,
2884296496,True,83.0
2884310661,False,
2884310831,True,297.0
2884311132,True,1292.0
2884323964,True,41.0
2884332706,True,1694.0
2884332737,False,
2884334289,False,
2884334555,True,52.0
2884342147,False,
2884342214,False,
2884343392,False,
2884343414,False,
2884351326,False,
2884356736,False,
2884376436,False,
2884378491,False,
2884410608,True,252.0
2884420189,False,
2884422530,True,64.0
2884429562,False,
2884433010,False,
2884433962,False,
2884435316,False,
2884436151,False,
2884532126,True,124.0
2884544221,True,124.0
2884546055,False,
2884559103,False,
2884588219,False,
2884603937,True,2835.0
2884605436,True,5168.0
2884610910,True,2647.0
2884622795,False,
2884631160,False,
2884648920,True,2833.0
2884655611,False,
2884660708,False,
2884660809,True,2911.0
2884664090,True,124.0
2884671471,True,4.0
2884674339,True,124.0
2884677515,True,2623.0
2884744527,True,5.0
2884744536,False,
2884947643,False,
2884949480,False,
2884962429,False,
2884964473,False,
2884993922,False,
2884995963,False,
2885072765,False,
2885075533,False,
2885075598,False,
2885080564,True,3026.0
2885117372,False,
2885119027,False,
2885238937,False,
2885240714,False,
2885240739,False,
2885281489,False,
2885297837,True,467.0
2885303544,False,
2885309014,False,
2885309052,False,
2885309086,False,
2885309116,False,
2885309148,False,
2885313334,False,
2885313353,False,
2885313391,False,
2885313443,False,
2885313481,False,
2885327307,True,170.0
2885338886,False,
2885342906,False,
2885343574,False,
2885370510,False,
2885372189,False,
2885374316,False,
2885384964,False,
2885386870,False,
2885389794,False,
2885390400,False,
2885390453,False,
2885390502,False,
2885391568,False,
2885393803,False,
2885400732,False,
2885412721,False,
2885413081,False,
2885413327,False,
2885414041,False,
2885416835,False,
2885427204,False,
2885427640,False,
2885428254,False,
2885433933,False,
2885433981,False,
2885434031,False,
2885440823,False,
2885452467,False,
2885468786,False,
2885469529,False,
2885469636,False,
2885471754,False,
2885481023,False,
2885498087,False,
2885525629,False,
2885538583,True,13.0
2885625952,False,
2885643493,False,
2885682066,False,
2885691382,True,37743.0
2885712797,True,2795.0
2885781864,False,
2885801876,True,4998.0
2885802120,True,4004.0
2885806574,True,2506.0
2885827698,False,
2885844910,False,
2885855612,True,36.0
2885875252,True,4299.0
2885898010,True,1047.0
2885983414,True,47.0
2885993058,True,33.0
2886044226,True,2603.0
2886046942,True,40.0
2886050679,False,
2886092960,True,4.0
2886115286,True,2467.0
2886120852,True,2350.0
2886281674,False,
2886283553,False,
2886290567,False,
2886305588,False,
2886390498,True,1292.0
2886435914,True,101.0
2886462194,False,
2886462624,False,
2886564119,False,
2886597733,True,1298.0
2886602481,False,
2886603984,False,
2886605127,False,
2886682113,True,429.0
2886698318,True,18.0
2886733596,True,3061.0
2886868032,False,
2886964629,True,3052.0
2886977338,True,2973.0
2887029415,True,337.0
2887035171,True,12.0
2887058209,True,1665.0
2887064408,True,1292.0
2887079827,False,
2887104697,False,
2887127987,False,
2887177567,True,586.0
2887183110,True,1741.0
2887201572,True,13.0
2887224140,False,
2887232712,True,1292.0
2887348465,True,124.0
2887351102,False,
2887465924,False,
2887475781,False,
2887478959,False,
2887489108,False,
2887493951,False,
2887509939,False,
2887512438,True,5.0
2887518203,False,
2887541013,False,
2887562146,False,
2887564751,False,
2887579304,False,
2887600742,False,
2887648578,False,
2887654829,True,1421.0
2887659838,True,3824.0
2887664081,False,
2887667135,True,14051.0
2887671299,True,2510.0
2887686606,False,
2887687540,False,
2887695024,False,
2887713093,False,
2887717452,True,12.0
2887724288,False,
2887741163,True,866.0
2887877507,False,
2887918670,False,
2887919028,False,
2887922481,True,4.0
2887963165,False,
2887990164,False,
2888100698,False,
2888128210,False,
2888133726,True,30.0
2888216630,False,
2888315587,True,6.0
2888390839,True,993.0
2888482475,False,
2888497877,True,36.0
2888509475,False,
2888509944,False,
2888510476,False,
2888510900,False,
2888515564,False,
2888523656,True,87.0
2888529246,True,124.0
2888534530,False,
2888556053,True,124.0
2888566501,False,
2888573539,False,
2888579741,False,
2888587177,False,
2888588881,True,2605.0
2888592969,True,124.0
2888608240,False,
2888633814,False,
2888665047,True,96.0
2888674964,True,9101.0
2888693777,False,
2888694218,False,
2888694631,False,
2888746527,True,936.0
2888752730,False,
2888754879,True,6959.0
2888787030,True,4158.0
2888808621,False,
2888819781,True,9577.0
2888821141,False,
2888834179,False,
2888841661,False,
2888855446,True,3635.0
2888858206,False,
2888868703,False,
2888869336,True,153.0
2888903314,True,83.0
2888907622,False,
2889028980,True,2924.0
2889045962,False,
2889050105,False,
2889052907,False,
2889091456,False,
2889095506,True,7708.0
2889096047,False,
2889098862,False,
2889110025,False,
2889110528,False,
2889117393,True,1130.0
2889120985,True,248.0
2889133227,False,
2889160831,False,
2889199050,False,
2889200213,False,
2889202856,True,183.0
2889205473,False,
2889205508,True,1110.0
2889218018,True,512.0
2889221706,False,
2889224897,False,
2889227673,False,
2889233454,False,
2889234127,False,
2889234733,False,
2889235741,False,
2889237588,False,
2889247933,True,57.0
2889254470,True,196.0
2889268477,False,
2889268759,False,
2889269205,False,
2889270724,False,
2889271101,False,
2889271395,False,
2889271692,False,
2889271957,False,
2889272212,False,
2889273163,False,
2889273539,False,
2889276438,True,759.0
2889277153,False,
2889277510,False,
2889278968,False,
2889298198,False,
2889306455,False,
2889315455,True,10.0
2889320931,True,867.0
2889321078,False,
2889323035,False,
2889332391,True,124.0
2889333135,True,124.0
2889338592,True,124.0
2889342731,True,1569.0
2889347404,False,
2889347599,False,
2889365201,True,146.0
2889370865,False,
2889373540,True,124.0
2889378150,True,1291.0
2889385813,False,
2889387477,True,2167.0
2889390474,False,
2889395570,False,
2889399308,True,2460.0
2889400245,False,
2889400371,False,
2889402756,False,
2889411877,False,
2889412145,False,
2889412935,True,3008.0
2889423464,False,
2889435304,True,124.0
2889436262,True,161.0
2889437520,True,124.0
2889448617,True,1994.0
2889483303,False,
2889510920,False,
2889511792,True,142.0
2889520858,False,
2889541870,True,205.0
2889543931,False,
2889544677,False,
2889545005,False,
2889574292,False,
2889642238,False,
2889648954,True,1171.0
2889652956,False,
2889659349,False,
2889662403,True,1220.0
2889695119,False,
2889697570,False,
2889710557,False,
2889710898,False,
2889737937,True,32.0
2889740642,False,
2889740977,False,
2889755556,True,1383.0
2889756541,True,1535.0
2889759949,False,
2889782266,True,1104.0
2889932674,False,
2889944128,True,259.0
2889950915,True,1837.0
2889962449,True,1103.0
2890009051,False,
2890011572,True,56.0
2890038797,False,
2890040469,False,
2890071825,False,
2890074296,True,124.0
2890074373,True,124.0
2890117347,False,
2890159364,False,
2890164514,False,
2890166132,False,
2890169447,True,10.0
2890193487,True,3334.0
2890213458,False,
2890215770,False,
2890216630,False,
2890220348,True,104.0
2890222580,True,230.0
2890244511,False,
2890244949,False,
2890257612,False,
2890262716,False,
2890264756,True,1125.0
2890269694,False,
2890291899,False,
2890295478,False,
2890299656,False,
2890301820,True,124.0
2890306412,False,
2890307576,False,
2890312663,True,2203.0
2890329364,True,3617.0
2890333953,False,
2890334053,False,
2890338710,True,5903.0
2890341790,False,
2890347917,True,5446.0
2890358420,True,1328.0
2890413904,True,5239.0
2890423927,True,2.0
2890425513,False,
2890434693,True,2418.0
2890444529,True,2463.0
2890454783,True,2872.0
2890458985,True,91.0
2890461527,True,16.0
2890495456,True,124.0
2890535807,True,2426.0
2890545428,False,
2890545775,False,
2890549567,False,
2890550667,True,124.0
2890620078,True,258.0
2890627764,True,1292.0
2890644231,False,
2890649601,False,
2890690890,False,
2890694289,False,
2890715186,True,5.0
2890721900,False,
2890752949,False,
2890753171,False,
2890757024,False,
2890770484,False,
2890791157,False,
2890810989,False,
2890812815,False,
2890816146,False,
2890840363,True,94.0
2890871397,True,1.0
2890889585,False,
2890890914,False,
2890893460,True,3859.0
2890898115,True,33237.0
2890917798,True,16.0
2890923158,False,
2890924973,True,110.0
2890940605,True,96.0
2890949920,False,
2890953315,False,
2890955902,False,
2890956435,False,
2890974984,False,
2890975500,False,
2890981533,True,61.0
2891010761,False,
2891010924,False,
2891105645,False,
2891116886,False,
2891119127,False,
2891125336,True,1725.0
2891128423,True,9929.0
2891137208,False,
2891157692,True,4.0
2891215482,True,13.0
2891252658,True,117.0
2891267861,True,2278.0
2891269426,True,12.0
2891283183,True,1365.0
2891384666,False,
2891407664,False,
2891419489,False,
2891442250,False,
2891442950,False,
2891447899,False,
2891461931,True,896.0
2891462328,False,
2891467826,False,
2891468876,True,4.0
2891474805,False,
2891502987,False,
2891526024,False,
2891526688,False,
2891527817,False,
2891539228,False,
2891553378,False,
2891560206,False,
2891580496,False,
2891592025,True,423.0
2891592176,True,695.0
2891601994,False,
2891602819,False,
2891606534,False,
2891614948,False,
2891653468,False,
2891664638,False,
2891665215,False,
2891665648,False,
2891666054,False,
2891666454,False,
2891666842,False,
2891667159,False,
2891667506,False,
2891667913,False,
2891668321,False,
2891668775,False,
2891669175,False,
2891669585,False,
2891669952,False,
2891670443,False,
2891670837,False,
2891671214,False,
2891671615,False,
2891671955,False,
2891672293,False,
2891672775,False,
2891673796,False,
2891682360,False,
2891731166,False,
2891776945,False,
2891795661,False,
2891804546,False,
2891821517,True,395.0
2891826344,False,
2891834492,False,
2891837878,False,
2891843082,False,
2891849832,False,
2891850294,False,
2891850943,False,
2891851777,False,
2891852456,False,
2891854065,False,
2891864226,True,4.0
2891908813,True,860.0
2891955526,False,
2891995997,False,
2892007318,False,
2892011787,True,1377.0
2892017081,False,
2892024920,True,1198.0
2892034046,False,
2892098699,True,1231.0
2892123166,False,
2892128455,False,
2892174799,False,
2892199434,True,35.0
2892260810,False,
2892263837,True,325.0
2892343661,False,
2892354708,False,
2892366806,False,
2892385044,False,
2892385839,False,
2892417683,False,
2892444792,False,
2892446005,False,
2892455880,False,
2892460599,False,
2892527553,False,
2892546334,False,
2892556695,True,3243.0
2892597625,False,
2892609318,True,69.0
2892698945,False,
2892721123,False,
2892722100,False,
2892722983,False,
2892731835,True,94.0
2892744119,False,
2892762263,False,
2892783501,True,50.0
2892831763,False,
2892839892,False,
2892840477,False,
2892847963,False,
2892864987,False,
2892914828,False,
2892945163,False,
2892962241,True,1515.0
2892962544,False,
2892972508,True,7.0
2892987301,False,
2893081345,False,
2893100928,False,
2893115047,False,
2893119985,False,
2893149371,False,
2893151439,False,
2893162970,False,
2893164249,True,125.0
2893177776,False,
2893223068,True,8229.0
2893225417,True,992.0
2893241095,False,
2893241448,False,
2893241797,False,
2893267745,False,
2893284820,False,
2893299602,False,
2893302532,False,
2893303067,False,
2893307313,False,
2893316366,False,
2893316859,False,
2893317295,True,1967.0
2893323385,False,
2893327218,False,
2893329963,False,
2893338515,False,
2893342067,False,
2893348095,False,
2893349254,False,
2893351258,False,
2893360390,False,
2893361599,False,
2893365738,False,
2893371637,False,
2893391016,False,
2893398861,False,
2893404263,False,
2893404579,False,
2893422851,False,
2893424282,False,
2893433997,False,
2893435278,False,
2893440757,True,636.0
2893442327,True,58.0
2893471393,False,
2893528981,True,5.0
2893541229,False,
2893552278,False,
2893554499,False,
2893555346,False,
2893555691,True,540.0
2893555777,False,
2893586633,False,
2893596538,False,
2893625482,False,
2893625567,False,
2893628159,False,
2893629290,False,
2893630543,True,957.0
2893631254,False,
2893632236,False,
2893633140,False,
2893633404,False,
2893635163,False,
2893638852,False,
2893639710,False,
2893640101,False,
2893645761,False,
2893652881,False,
2893656208,False,
2893658915,False,
2893661731,False,
2893666842,False,
2893672170,False,
2893678373,False,
2893684096,False,
2893684601,False,
2893684704,False,
2893685014,False,
2893685049,False,
2893685217,True,896.0
2893685363,False,
2893685614,False,
2893686399,False,
2893688513,True,4.0
2893693766,False,
2893697229,False,
2893697656,False,
2893700681,False,
2893716042,False,
2893718130,False,
2893718530,False,
2893738492,False,
2893753976,False,
2893761200,True,280.0
2893763830,True,1801.0
2893765269,False,
2893768058,False,
2893775509,False,
2893776882,False,
2893778584,False,
2893783219,False,
2893785333,False,
2893788780,False,
2893791029,False,
2893793172,False,
2893800371,False,
2893810546,True,82.0
2893816753,True,4167.0
2893820105,True,2016.0
2893825855,False,
2893826252,False,
2893826832,False,
2893830179,False,
2893839514,False,
2893840136,False,
2893840873,True,1298.0
2893870507,True,914.0
2893872421,False,
2893873258,False,
2893873836,False,
2893881637,False,
2893888386,False,
2893889993,False,
2893901410,False,
2893901691,False,
2893912996,True,6158.0
2893913259,False,
2893915283,False,
2893916849,True,996.0
2893919180,False,
2893936138,False,
2893937540,True,1869.0
2893950446,False,
2893968334,False,
2893984324,True,2135.0
2893987923,False,
2893994864,False,
2893997145,False,
2894002643,True,340.0
2894002654,False,
2894005153,False,
2894021884,False,
2894023435,False,
2894034776,False,
2894035036,False,
2894035076,False,
2894036359,False,
2894038554,False,
2894042933,False,
2894055732,False,
2894082649,False,
2894087269,False,
2894110778,False,
2894112507,False,
2894124626,False,
2894125486,True,3540.0
2894134983,False,
2894155669,False,
2894167721,False,
2894168346,False,
2894168636,False,
2894169122,False,
2894169466,False,
2894169698,False,
2894177912,False,
2894184421,False,
2894187088,True,899.0
2894189901,False,
2894190434,False,
2894190657,False,
2894194519,True,441.0
2894194980,False,
2894199755,False,
2894205652,False,
2894220906,False,
2894221297,False,
2894221722,False,
2894222112,False,
2894236384,True,99.0
2894249465,False,
2894262777,False,
2894267009,False,
2894284778,False,
2894294849,False,
2894308235,False,
2894310366,True,4.0
2894342186,True,38.0
2894365469,False,
2894366271,False,
2894366991,False,
2894368050,False,
2894368358,False,
2894368527,False,
2894368722,False,
2894368888,True,11.0
2894369226,True,174.0
2894371807,False,
2894371899,False,
2894371997,False,
2894375977,False,
2894376165,False,
2894376360,False,
2894376478,False,
2894378586,True,29.0
2894381239,True,1227.0
2894382315,False,
2894383382,False,
2894383467,False,
2894383614,False,
2894383804,False,
2894383949,False,
2894384117,False,
2894384272,False,
2894384367,False,
2894384529,False,
2894384626,False,
2894385661,True,3622.0
2894388485,False,
2894388748,False,
2894390458,False,
2894390864,False,
2894391120,False,
2894391353,False,
2894391544,False,
2894398465,True,3006.0
2894399558,True,57.0
2894400330,False,
2894400887,True,57.0
2894416924,False,
2894417944,True,354.0
2894425686,False,
2894427760,False,
2894428355,False,
2894428458,True,3669.0
2894429466,False,
2894430048,False,
2894430872,True,751.0
2894435086,False,
2894435248,False,
2894438098,False,
2894440037,False,
2894444686,False,
2894444830,False,
2894445614,False,
2894456280,False,
2894483507,True,2536.0
2894485943,False,
2894489271,True,2078.0
2894489633,True,44.0
2894494357,False,
2894494468,False,
2894498032,False,
2894502941,False,
2894506982,False,
2894545079,True,4.0
2894557644,False,
2894558221,False,
2894558697,False,
2894559305,False,
2894559401,True,1423.0
2894561394,False,
2894565026,False,
2894565182,False,
2894565304,False,
2894617826,False,
2894639993,False,
2894653987,False,
2894661113,False,
2894669152,False,
2894689954,False,
2894696462,False,
2894701852,False,
2894729512,False,
2894744651,True,325.0
2894744768,False,
2894745458,True,2066.0
2894750377,False,
2894762304,True,5362.0
2894763085,False,
2894763219,True,21.0
2894829613,False,
2894831303,False,
2894845507,False,
2894863134,False,
2894905370,False,
2894905594,False,
2894909532,False,
2894909575,False,
2894915800,False,
2894916617,False,
2894919639,False,
2894931961,True,15.0
2894942077,False,
2894958348,False,
2894962716,False,
2894963869,False,
2894964429,False,
2894964814,False,
2894964995,False,
2894971082,False,
2894974734,False,
2894974958,False,
2894978157,False,
2894979089,False,
2894983222,False,
2895000405,False,
2895038290,False,
2895074305,False,
2895086103,False,
2895086429,False,
2895086745,False,
2895087248,False,
2895087714,False,
2895087943,False,
2895098596,False,
2895103311,True,741.0
2895107894,False,
2895114037,False,
2895117037,False,
2895117429,True,129.0
2895123306,False,
2895125987,False,
2895128384,False,
2895129326,False,
2895129624,True,1453.0
2895129732,False,
2895141830,False,
2895146954,False,
2895152885,True,8.0
2895161860,False,
2895163439,False,
2895164318,False,
2895165734,False,
2895168452,False,
2895252344,True,12.0
2895263933,True,1267.0
2895271183,True,1726.0
2895304075,True,4038.0
2895305044,True,1749.0
2895314523,True,706.0
2895317296,True,2507.0
2895323282,True,1143.0
2895324261,False,
2895327562,True,138.0
2895334985,False,
2895350432,True,92.0
2895356051,False,
2895356753,False,
2895357436,False,
2895357975,False,
2895359367,False,
2895395627,True,12.0
2895417336,False,
2895432127,True,3393.0
2895440819,True,1406.0
2895451982,False,
2895507255,False,
2895508923,False,
2895522913,False,
2895551508,True,5.0
2895552006,False,
2895557976,False,
2895559242,False,
2895561319,False,
2895563850,False,
2895612744,False,
2895615462,True,5.0
2895615683,False,
2895619582,True,338.0
2895633000,True,693.0
2895635695,False,
2895646003,True,1537.0
2895652583,True,1141.0
2895654214,False,
2895665624,False,
2895676557,False,
2895680822,False,
2895705542,False,
2895711907,True,1505.0
2895716195,True,8618.0
2895717657,False,
2895720197,True,984.0
2895720830,True,4973.0
2895723540,True,2939.0
2895723912,True,2593.0
2895731054,True,5900.0
2895759864,False,
2895789436,False,
2895799246,False,
2895801465,True,135.0
2895819364,True,1783.0
2895829807,True,112.0
2895851842,False,
2895881519,False,
2895895383,False,
2895895636,True,1742.0
2895895920,True,2362.0
2895902667,True,13.0
2895909307,True,89.0
2895944956,False,
2895963146,False,
2895998240,False,
2895998283,True,2134.0
2896000041,False,
2896001661,False,
2896017199,False,
2896025127,False,
2896026784,False,
2896027742,True,105.0
2896064772,False,
2896082961,False,
2896099302,False,
2896101377,False,
2896101736,False,
2896102082,False,
2896102384,False,
2896105143,False,
2896117680,False,
2896121334,False,
2896156050,False,
2896157394,True,23.0
2896159465,True,3263.0
2896161066,False,
2896163210,False,
2896166678,True,1631.0
2896169264,False,
2896172926,False,
2896174106,True,1524.0
2896177789,True,809.0
2896197298,False,
2896197588,False,
2896197907,False,
2896198190,False,
2896202335,False,
2896203566,True,1294.0
2896206796,True,20163.0
2896224796,True,2295.0
2896228416,True,2502.0
2896232640,True,3356.0
2896276575,False,
2896284755,True,1066.0
2896297842,True,1044.0
2896309051,True,1621.0
2896402710,True,7820.0
2896410102,False,
2896473090,True,2783.0
2896475627,True,12.0
2896476458,False,
2896477702,False,
2896487038,False,
2896502664,False,
2896502997,True,340.0
2896516888,True,340.0
2896517377,True,19399.0
2896521034,True,340.0
2896527451,False,
2896528196,True,340.0
2896528404,True,2542.0
2896532687,True,185.0
2896532844,False,
2896538434,True,158.0
2896625605,False,
2896653061,False,
2896666252,False,
2896666467,True,340.0
2896671221,True,340.0
2896694226,True,2.0
2896726197,True,2.0
2896743540,False,
2896743890,True,87.0
2896751361,True,875.0
2896751902,False,
2896754269,False,
2896754375,True,3350.0
2896830531,True,2354.0
2896832270,True,3647.0
2896834994,True,1975.0
2896837389,False,
2896838509,False,
2896847478,False,
2896855874,True,340.0
2896908497,False,
2896927143,True,3399.0
2896966538,True,39.0
2896972542,True,2678.0
2897005418,False,
2897005930,False,
2897006631,False,
2897007166,False,
2897025445,True,340.0
2897030461,True,2546.0
2897045656,False,
2897059581,False,
2897063230,True,79.0
2897064182,False,
2897065301,False,
2897068181,False,
2897068733,False,
2897069143,False,
2897069675,False,
2897071397,False,
2897086211,False,
2897097600,True,51.0
2897103104,True,2268.0
2897119987,False,
2897125129,False,
2897125762,True,10317.0
2897140041,True,340.0
2897146949,True,1920.0
2897157106,False,
2897166515,False,
2897167688,True,952.0
2897170226,False,
2897172365,False,
2897185599,True,270.0
2897188513,False,
2897190146,True,3440.0
2897199468,False,
2897223969,False,
2897235837,False,
2897258561,False,
2897271743,True,3524.0
2897308224,False,
2897313486,False,
2897319359,True,2016.0
2897330550,False,
2897334620,True,2723.0
2897335354,True,110.0
2897365875,True,1286.0
2897376922,True,112.0
2897395622,True,2613.0
2897405266,False,
2897408814,True,2059.0
2897427520,False,
2897490178,True,13349.0
2897510619,False,
2897512842,False,
2897530108,True,3294.0
2897537440,False,
2897539063,False,
2897541657,False,
2897546926,False,
2897581575,True,2.0
2897629236,False,
2897643487,False,
2897643966,True,101.0
2897652004,True,349.0
2897667592,False,
2897683055,True,259.0
2897690259,True,1553.0
2897712255,False,
2897717123,False,
2897724602,False,
2897754721,False,
2897765448,True,1490.0
2897768928,False,
2897772971,True,2575.0
2897797301,False,
2897801459,False,
2897804086,False,
2897808950,False,
2897812658,False,
2897812883,False,
2897813151,False,
2897813425,False,
2897828585,False,
2897828622,False,
2897830520,True,2391.0
2897832099,False,
2897836691,False,
2897837720,False,
2897853682,True,229.0
2897861881,False,
2897920743,False,
2897942047,True,8.0
2897954265,False,
2897954422,True,11.0
2897972112,True,10.0
2897995229,True,2962.0
2897997177,False,
2898001259,False,
2898007884,False,
2898008322,False,
2898008682,False,
2898009007,False,
2898009319,False,
2898017062,True,4.0
2898029673,True,2103.0
2898033451,True,2108.0
2898043109,True,505.0
2898045952,False,
2898047481,True,10.0
2898048195,False,
2898049540,False,
2898052412,False,
2898055944,False,
2898063587,False,
2898068036,False,
2898068300,False,
2898068555,False,
2898068797,False,
2898075330,False,
2898078159,False,
2898080131,False,
2898082719,False,
2898087136,False,
2898094103,False,
2898109475,False,
2898143738,False,
2898150269,False,
2898150650,False,
2898150869,False,
2898151107,False,
2898151332,False,
2898151520,False,
2898172187,False,
2898175394,True,258.0
2898179707,False,
2898180836,True,1292.0
2898186704,False,
2898211783,True,4248.0
2898228759,False,
2898237136,True,1.0
2898256607,False,
2898257977,False,
2898266185,True,633.0
2898270213,True,23.0
2898274978,True,2859.0
2898276690,True,1497.0
2898277939,False,
2898282480,False,
2898282694,True,2113.0
2898288482,True,295.0
2898288978,True,716.0
2898298252,True,852.0
2898299247,True,2017.0
2898312978,False,
2898316412,True,678.0
2898317963,True,1184.0
2898325097,False,
2898326494,False,
2898327674,False,
2898329269,True,2277.0
2898329754,True,4223.0
2898331953,True,1994.0
2898332618,True,204.0
2898335444,True,1755.0
2898335729,False,
2898336838,True,1920.0
2898341431,True,1888.0
2898344720,True,2774.0
2898347549,False,
2898347670,False,
2898348789,False,
2898350194,True,1869.0
2898370905,True,2949.0
2898376997,False,
2898385520,True,2904.0
2898388413,True,4.0
2898388986,True,2879.0
2898403364,True,10055.0
2898416222,True,3967.0
2898422844,True,1857.0
2898537599,True,280.0
2898564474,False,
2898568700,False,
2898569356,True,1294.0
2898570362,False,
2898571779,False,
2898573260,False,
2898578679,False,
2898578943,True,61.0
2898579812,True,1849.0
2898580038,False,
2898581298,False,
2898582017,False,
2898582753,True,842.0
2898591195,True,340.0
2898591962,False,
2898592113,True,162.0
2898593929,True,340.0
2898602493,False,
2898605302,True,340.0
2898625184,True,340.0
2898637043,True,5.0
2898647992,False,
2898648153,True,4545.0
2898650925,False,
2898651184,True,2343.0
2898654849,True,340.0
2898655088,True,76.0
2898661509,True,7.0
2898665521,True,5.0
2898668317,False,
2898668342,False,
2898671663,True,340.0
2898675104,False,
2898680200,False,
2898685387,True,340.0
2898686690,False,
2898693114,True,3108.0
2898693248,False,
2898699899,False,
2898705860,False,
2898706924,False,
2898717550,False,
2898733658,False,
2898748979,False,
2898758544,False,
2898758656,False,
2898758788,False,
2898760085,False,
2898761721,False,
2898761809,False,
2898768666,False,
2898770818,True,644.0
2898773849,True,68.0
2898802207,False,
2898807514,False,
2898810013,True,950.0
2898810847,True,3490.0
2898811545,True,5.0
2898823136,True,5.0
2898835032,True,5.0
2898839445,True,340.0
2898847026,True,2.0
2898847277,True,1378.0
2898847934,True,1.0
2898848332,False,
2898861850,False,
2898874139,False,
2898876295,True,340.0
2898889191,False,
2898895505,False,
2898896626,False,
2898900825,True,839.0
2898902274,True,625.0
2898903337,True,341.0
2898905533,True,251.0
2898905592,False,
2898905957,True,1392.0
2898911662,True,361.0
2898915378,False,
2898917812,False,
2898927131,True,3969.0
2898928895,True,258.0
2898930586,True,257.0
2898931380,False,
2898931727,True,1602.0
2898933876,True,1292.0
2898951475,True,245.0
2898953821,True,214.0
2898954565,True,188.0
2898957870,True,523.0
2898957951,True,419.0
2899019402,True,15035.0
2899052786,True,1262.0
2899067383,True,16998.0
2899089566,False,
2899102599,True,108.0
2899105787,True,14342.0
2899121081,True,2678.0
2899144272,True,5.0
2899147927,True,5.0
2899186354,True,2872.0
2899209558,True,1916.0
2899214721,False,
2899215182,True,102.0
2899231045,False,
2899258259,True,1018.0
2899263245,False,
2899299106,False,
2899325008,False,
2899341552,False,
2899344205,False,
2899351531,True,89.0
2899373241,False,
2899374223,False,
2899388804,True,51.0
2899391900,False,
2899392303,False,
2899393327,False,
2899403582,False,
2899408756,True,949.0
2899413220,True,1760.0
2899448181,False,
2899458657,True,40.0
2899467812,True,2201.0
2899469756,False,
2899470473,False,
2899474384,False,
2899478297,False,
2899478846,True,12.0
2899480678,False,
2899483040,False,
2899491060,False,
2899493850,False,
2899516136,True,71.0
2899520527,True,2550.0
2899521170,False,
2899521668,False,
2899522151,False,
2899522748,False,
2899533215,True,245.0
2899547316,False,
2899553351,False,
2899554213,False,
2899554910,False,
2899555739,False,
2899557049,False,
2899568090,False,
2899569456,True,13.0
2899570104,False,
2899570935,False,
2899581450,True,340.0
2899599649,True,12.0
2899625388,False,
2899653304,False,
2899655329,True,602.0
2899662573,False,
2899668686,False,
2899672293,False,
2899681137,False,
2899682013,True,3510.0
2899703913,True,181.0
2899704696,True,750.0
2899714514,False,
2899729001,False,
2899743488,False,
2899770898,False,
2899792178,False,
2899797815,False,
2899806692,False,
2899818964,False,
2899833012,False,
2899833874,False,
2899836842,False,
2899847062,False,
2899847338,False,
2899847796,False,
2899848069,False,
2899848629,False,
2899848922,False,
2899849181,False,
2899849428,False,
2899851115,False,
2899852166,False,
2899854662,False,
2899861229,False,
2899864645,True,767.0
2899868902,False,
2899869191,False,
2899869460,False,
2899869719,False,
2899869968,False,
2899870285,False,
2899870560,False,
2899870681,False,
2899870832,False,
2899882573,False,
2899882922,False,
2899896853,False,
2899899888,True,26.0
2899917697,False,
2899919611,False,
2900017611,True,58.0
2900084027,True,2459.0
2900120142,False,
2900143047,True,112.0
2900147746,False,
2900173620,True,5115.0
2900189349,True,340.0
2900193046,True,340.0
2900198130,False,
2900198437,False,
2900234886,True,448.0
2900240076,False,
2900251725,False,
2900260660,True,340.0
2900263877,False,
2900265250,True,340.0
2900266238,False,
2900300308,True,4283.0
2900306437,True,340.0
2900355552,True,2846.0
2900383186,False,
2900390122,False,
2900394607,False,
2900396885,False,
2900398207,False,
2900398553,False,
2900400333,False,
2900401594,False,
2900408713,True,340.0
2900441637,False,
2900445429,False,
2900450185,True,325.0
2900464307,False,
2900464820,False,
2900473144,False,
2900493442,True,1768.0
2900541983,True,2672.0
2900580239,False,
2900609159,False,
2900629921,False,
2900638446,False,
2900651956,False,
2900672635,False,
2900683494,False,
2900695258,False,
2900697904,False,
2900705516,False,
2900705945,False,
2900714544,False,
2900757350,False,
2900778780,True,252.0
2900796143,False,
2900810939,False,
2900815587,False,
2900816749,False,
2900817581,False,
2900821418,True,340.0
2900823175,False,
2900825270,True,340.0
2900841851,True,2930.0
2900842589,True,5.0
2900844615,False,
2900846065,True,2223.0
2900849471,False,
2900850542,True,3245.0
2900856064,False,
2900858159,False,
2900860102,False,
2900867041,False,
2900877504,True,3057.0
2900885175,False,
2900886511,False,
2900901018,False,
2900905834,False,
2900906600,False,
2900915933,False,
2900927634,True,1576.0
2900929001,True,340.0
2900934292,False,
2900936513,False,
2900936827,False,
2900945515,True,340.0
2900955502,True,258.0
2900965700,True,1702.0
2900968166,True,340.0
2900989078,False,
2900990671,False,
2900994626,True,253.0
2901000365,True,1292.0
2901004987,True,340.0
2901057904,False,
2901122933,True,257.0
2901134336,True,1292.0
2901156743,False,
2901157059,False,
2901157311,False,
2901157545,False,
2901157758,False,
2901158100,False,
2901158357,False,
2901158874,False,
2901159827,False,
2901166678,False,
2901174958,False,
2901188181,False,
2901252403,True,699.0
2901294878,True,340.0
2901353778,True,340.0
2901366312,True,340.0
2901369635,True,1844.0
2901385013,False,
2901394885,False,
2901399139,False,
2901405726,False,
2901445280,True,1004.0
2901454606,False,
2901460406,True,18.0
2901465800,False,
2901534202,False,
2901547585,False,
2901549472,False,
2901553246,False,
2901558252,False,
2901619214,True,12.0
2901656675,True,2676.0
2901678941,True,1968.0
2901680353,True,546.0
2901694308,False,
2901702047,False,
2901715218,False,
2901720115,True,2391.0
2901723311,False,
2901731181,True,700.0
2901743041,False,
2901746225,True,2591.0
2901760884,True,26.0
2901768242,True,2543.0
2901791803,False,
2901792904,False,
2901794195,False,
2901805400,False,
2901882652,True,3202.0
2901889742,True,251.0
2901892288,True,253.0
2901897826,True,540.0
2901900172,True,1292.0
2901943247,True,3938.0
2901967505,False,
2901981076,False,
2902017592,True,1575.0
2902043187,False,
2902066185,True,2411.0
2902148685,False,
2902185749,False,
2902241402,True,12625.0
2902307331,False,
2902308158,False,
2902343899,True,347.0
2902375374,False,
2902409950,False,
2902410466,False,
2902410904,False,
2902411667,False,
2902411987,False,
2902416721,False,
2902430354,True,1362.0
2902458951,False,
2902498875,False,
2902535455,False,
2902558539,True,2002.0
2902565157,False,
2902612568,False,
2902613436,True,1642.0
2902733091,False,
2902737835,True,1699.0
2902740249,False,
2902743554,True,955.0
2902755769,True,78.0
2902808912,False,
2902862675,True,2342.0
2902896091,False,
2902916354,False,
2902968929,False,
2902976320,False,
2902982891,False,
2902985858,False,
2902986829,False,
2902986945,False,
2902987035,False,
2902987111,False,
2902987269,False,
2902988066,True,242.0
2902988861,False,
2902992103,False,
2903003308,False,
2903003428,False,
2903003620,False,
2903003709,False,
2903003768,False,
2903003919,False,
2903004044,False,
2903004118,False,
2903004345,False,
2903004823,True,241.0
2903031828,False,
2903052670,False,
2903133499,False,
2903176640,False,
2903179593,False,
2903188262,False,
2903189180,False,
2903189595,False,
2903195614,False,
2903224386,False,
2903239358,False,
2903251476,False,
2903252971,False,
2903299429,True,2842.0
2903304648,False,
2903390885,False,
2903404014,True,4160.0
2903474965,False,
2903488277,False,
2903489021,False,
2903489059,False,
2903489699,False,
2903489979,False,
2903490442,False,
2903492131,False,
2903500449,True,4389.0
2903500653,True,2391.0
2903537233,False,
2903537314,False,
2903537433,False,
2903542164,False,
2903543044,False,
2903553320,False,
2903556007,False,
2903557345,False,
2903559451,False,
2903565087,False,
2903574355,False,
2903576357,False,
2903576722,False,
2903576909,True,8.0
2903579614,False,
2903585000,True,3185.0
2903617130,False,
2903623364,False,
2903628631,True,2205.0
2903634489,True,7132.0
2903670224,False,
2903670758,False,
2903671124,False,
2903671595,True,10710.0
2903674642,True,1279.0
2903694869,True,991.0
2903697273,True,1264.0
2903714627,False,
2903715701,True,1558.0
2903718063,True,5.0
2903720381,True,333.0
2903727316,True,2571.0
2903740021,False,
2903755411,False,
2903788048,True,341.0
2903788105,True,341.0
2903808461,False,
2903812305,False,
2903817010,False,
2903856015,True,2208.0
2903862150,False,
2903864008,False,
2903881386,False,
2903885249,False,
2903890544,False,
2903905216,True,341.0
2903906119,False,
2903911205,False,
2903915446,True,341.0
2903915747,True,341.0
2903921341,False,
2903923421,False,
2903924211,True,2169.0
2903928915,True,20.0
2903929482,False,
2903931559,False,
2903959661,True,4.0
2903973458,True,122.0
2903987865,False,
2904027473,False,
2904032404,True,3461.0
2904048238,True,2761.0
2904077414,True,12.0
2904081632,True,13863.0
2904224319,False,
2904248522,True,4825.0
2904259932,True,763.0
2904262939,False,
2904284020,True,5016.0
2904352888,True,912.0
2904357210,True,6212.0
2904358159,True,3161.0
2904371288,True,11479.0
2904371424,True,5845.0
2904374250,False,
2904392594,False,
2904393047,False,
2904394916,False,
2904396242,False,
2904398378,False,
2904406169,False,
2904406495,False,
2904406794,False,
2904408567,False,
2904409472,False,
2904410523,False,
2904425664,False,
2904428927,False,
2904435629,False,
2904438529,False,
2904442577,False,
2904442900,False,
2904486654,False,
2904498508,True,77.0
2904507426,False,
2904521763,True,4716.0
2904557125,False,
2904565584,True,1670.0
2904640564,True,4260.0
2904641908,True,13333.0
2904647553,False,
2904650035,False,
2904658748,False,
2904665022,True,11179.0
2904699556,True,268.0
2904707084,False,
2904708099,False,
2904712728,False,
2904726678,False,
2904736190,True,7.0
2904750242,False,
2904812370,False,
2904815246,False,
2904817661,True,61.0
2904818999,True,61.0
2904823437,True,61.0
2904839543,True,2317.0
2904864720,False,
2904884203,False,
2904895643,False,
2904898158,False,
2904903114,False,
2904915982,False,
2904922836,True,228.0
2904923656,False,
2904929227,False,
2904949048,False,
2904963987,False,
2904964445,False,
2904984073,False,
2904995938,False,
2904996238,False,
2904998243,False,
2905008040,False,
2905013655,False,
2905059993,False,
2905060855,False,
2905067576,True,1400.0
2905075986,False,
2905076816,False,
2905084110,True,210.0
2905085894,True,2640.0
2905087708,False,
2905088288,False,
2905088708,False,
2905101991,True,127.0
2905112836,False,
2905121679,False,
2905122268,False,
2905127373,False,
2905128774,False,
2905130821,False,
2905139508,False,
2905152486,False,
2905152976,False,
2905161428,False,
2905183616,False,
2905183829,False,
2905187712,False,
2905195715,False,
2905211564,False,
2905212389,False,
2905216401,False,
2905216961,False,
2905217434,False,
2905217903,False,
2905225013,False,
2905228287,False,
2905243580,False,
2905244108,False,
2905245174,False,
2905249539,False,
2905254695,True,55.0
2905256884,False,
2905257308,False,
2905268798,False,
2905269928,True,2696.0
2905270157,False,
2905271014,False,
2905272853,False,
2905286894,False,
2905288892,True,58.0
2905304473,True,340.0
2905355272,True,24.0
2905391576,False,
2905422235,False,
2905426134,False,
2905426761,False,
2905434735,False,
2905447551,True,373.0
2905456603,False,
2905494983,True,5050.0
2905550399,False,
2905570014,False,
2905572141,False,
2905587537,False,
2905598864,False,
2905599999,False,
2905602511,False,
2905609326,False,
2905611650,False,
2905613755,False,
2905614833,False,
2905616960,False,
2905623396,False,
2905643327,False,
2905657272,True,4.0
2905681078,False,
2905681178,True,1772.0
2905691008,False,
2905692859,True,135.0
2905705237,False,
2905707066,False,
2905713750,False,
2905717125,False,
2905723350,False,
2905723610,False,
2905730402,False,
2905738037,False,
2905744779,True,590.0
2905745007,False,
2905746914,False,
2905760237,False,
2905784382,True,10647.0
2905793962,False,
2905795775,True,2307.0
2905866423,False,
2905919934,False,
2905925367,False,
2905931078,False,
2905933173,True,2414.0
2905934830,False,
2905935284,True,1846.0
2905937614,False,
2905945871,True,16.0
2905949953,False,
2905958864,False,
2905959455,True,843.0
2905962934,False,
2905983705,True,1216.0
2905992436,True,2982.0
2905994117,True,2025.0
2905995243,True,105.0
2905996068,False,
2906025783,True,2538.0
2906025878,True,88.0
2906027889,True,51.0
2906028137,False,
2906036450,True,8.0
2906039280,False,
2906039884,False,
2906047400,False,
2906054616,False,
2906061582,True,124.0
2906067180,True,563.0
2906069709,False,
2906069957,False,
2906075462,True,124.0
2906077956,False,
2906087010,True,8.0
2906095750,False,
2906116218,False,
2906120856,False,
2906120973,True,551.0
2906121443,False,
2906126473,False,
2906126620,False,
2906126798,False,
2906126824,False,
2906127052,False,
2906133773,False,
2906139502,False,
2906139714,False,
2906140118,False,
2906141190,True,1961.0
2906141963,False,
2906146659,False,
2906165444,False,
2906167886,True,124.0
2906171324,True,1035.0
2906171325,True,5.0
2906174726,False,
2906176873,False,
2906186994,False,
2906196639,False,
2906208335,False,
2906234761,True,563.0
2906237027,False,
2906237411,False,
2906238239,False,
2906239631,False,
2906240521,False,
2906243939,False,
2906247558,False,
2906248739,True,4011.0
2906249790,False,
2906255383,False,
2906262781,False,
2906263116,True,907.0
2906263559,False,
2906265348,False,
2906270925,False,
2906272017,False,
2906272127,False,
2906273735,False,
2906274850,False,
2906277560,True,3350.0
2906278719,False,
2906279718,True,4628.0
2906295476,False,
2906299308,True,2946.0
2906303944,False,
2906304355,False,
2906304809,False,
2906305140,False,
2906305539,False,
2906305852,False,
2906306276,False,
2906306506,False,
2906306610,False,
2906306922,False,
2906307298,False,
2906307764,False,
2906308678,False,
2906309987,False,
2906314265,False,
2906326107,False,
2906328104,False,
2906333242,True,797.0
2906337606,False,
2906337898,False,
2906348653,False,
2906362536,False,
2906364094,False,
2906364326,False,
2906370830,False,
2906375424,False,
2906375931,False,
2906386668,True,3991.0
2906390029,False,
2906394592,False,
2906400737,True,1532.0
2906403309,False,
2906404560,False,
2906405726,False,
2906408166,False,
2906408726,False,
2906411242,False,
2906412191,False,
2906414697,False,
2906414753,False,
2906415488,False,
2906419496,False,
2906419663,False,
2906419702,False,
2906422355,False,
2906423585,False,
2906424903,False,
2906425456,False,
2906425522,False,
2906427458,False,
2906427672,True,4094.0
2906428401,False,
2906431103,False,
2906431980,False,
2906432354,True,1123.0
2906434116,False,
2906434521,True,43.0
2906437405,True,3027.0
2906444303,True,1498.0
2906449876,False,
2906483648,True,5.0
2906483880,True,3078.0
2906484052,False,
2906490027,False,
2906492271,False,
2906495652,False,
2906509869,False,
2906509911,False,
2906509996,False,
2906510052,False,
2906510101,False,
2906511429,True,4904.0
2906541927,True,106.0
2906569745,False,
2906570745,False,
2906577580,False,
2906599894,False,
2906602747,False,
2906616698,False,
2906617117,False,
2906618125,False,
2906619212,False,
2906619721,False,
2906619722,False,
2906620228,False,
2906620773,False,
2906621844,False,
2906622222,False,
2906622647,False,
2906623275,False,
2906625179,False,
2906625707,False,
2906626792,False,
2906627385,False,
2906627835,False,
2906628434,False,
2906628748,False,
2906629772,False,
2906654621,True,35.0
2906739305,True,597.0
2906746176,False,
2906777528,False,
2906811228,True,196.0
2906892765,True,550.0
2906897394,True,748.0
2907021169,True,1373.0
2907024774,True,4567.0
2907026963,False,
2907042714,False,
2907054643,False,
2907061839,True,1639.0
2907062102,False,
2907072849,False,
2907079187,False,
2907094198,True,835.0
2907105268,True,2169.0
2907129848,False,
2907131529,False,
2907134138,False,
2907135198,False,
2907137716,False,
2907137857,False,
2907138042,True,7.0
2907139066,False,
2907139246,False,
2907143041,True,2049.0
2907144222,False,
2907147035,False,
2907148636,False,
2907148814,False,
2907150025,False,
2907151312,False,
2907151644,True,1009.0
2907161897,False,
2907162013,False,
2907163721,False,
2907165122,False,
2907171378,False,
2907173261,False,
2907173371,False,
2907179808,False,
2907182732,False,
2907191707,False,
2907193015,False,
2907193411,False,
2907211652,False,
2907213415,False,
2907213485,False,
2907213569,False,
2907213580,False,
2907214190,False,
2907214950,False,
2907216277,False,
2907217735,True,16503.0
2907219370,False,
2907227917,False,
2907230628,False,
2907230850,False,
2907230966,False,
2907231068,False,
2907240460,True,1517.0
2907241669,True,6678.0
2907315055,True,6361.0
2907353894,False,
2907365526,False,
2907379404,False,
2907413597,True,4296.0
2907424798,True,3212.0
2907435174,True,124.0
2907455876,True,2428.0
2907458136,True,2845.0
2907463498,True,124.0
2907463649,False,
2907464526,False,
2907490915,True,602.0
2907493593,False,
2907494119,False,
2907500321,False,
2907500820,True,2783.0
2907518267,True,597.0
2907520217,True,592.0
2907534619,True,470.0
2907545189,False,
2907554944,True,51.0
2907585528,True,40.0
2907591721,True,6369.0
2907639032,True,3810.0
2907640052,True,1424.0
2907661029,False,
2907663197,True,2904.0
2907667222,True,42.0
2907669872,False,
2907670086,False,
2907670249,False,
2907670422,False,
2907673679,True,2924.0
2907674267,True,8913.0
2907678775,True,807.0
2907693024,True,4556.0
2907695200,True,8004.0
2907696576,True,1349.0
2907702708,True,49.0
2907708565,False,
2907713349,True,11.0
2907720173,False,
2907737865,True,751.0
2907754208,False,
2907755485,True,2003.0
2907755757,False,
2907757407,True,124.0
2907775800,False,
2907803147,True,72.0
2907819947,False,
2907820619,True,969.0
2907821639,True,3820.0
2907821664,True,931.0
2907822014,True,1070.0
2907829279,True,1682.0
2907834723,True,1923.0
2907852282,True,1924.0
2907854625,True,1533.0
2907855271,True,3923.0
2907868505,True,993.0
2907870288,True,1831.0
2907921697,False,
2907931219,True,339.0
2907941962,False,
2907944453,False,
2907947857,False,
2908010609,True,734.0
2908011123,True,759.0
2908038423,False,
2908039163,False,
2908053422,False,
2908053733,False,
2908053760,True,1294.0
2908054032,False,
2908054459,False,
2908055033,False,
2908085302,True,4111.0
2908088144,True,6334.0
2908112619,True,124.0
2908122289,True,2669.0
2908126540,True,6914.0
2908127359,True,2774.0
2908136651,False,
2908140758,True,1915.0
2908145019,False,
2908153260,True,176.0
2908154153,True,4153.0
2908156102,False,
2908168932,False,
2908173345,False,
2908173372,False,
2908173467,False,
2908174297,False,
2908174532,False,
2908177042,False,
2908177354,False,
2908180961,False,
2908183374,False,
2908184212,False,
2908184335,False,
2908188625,False,
2908194088,True,1099.0
2908208742,False,
2908217775,True,286.0
2908224784,True,2128.0
2908224957,False,
2908235639,False,
2908236509,False,
2908245488,False,
2908248917,True,30.0
2908249443,True,4685.0
2908253026,False,
2908279017,False,
2908280919,False,
2908286869,True,4394.0
2908286910,False,
2908287060,False,
2908293370,False,
2908294839,False,
2908295353,False,
2908295485,False,
2908296575,False,
2908296856,False,
2908303671,True,1631.0
2908304120,False,
2908304170,False,
2908304176,False,
2908305171,False,
2908313611,False,
2908318693,False,
2908340785,False,
2908341847,False,
2908344910,False,
2908361186,True,44.0
2908383307,True,8309.0
2908383777,True,3828.0
2908384289,True,1694.0
2908385479,True,4475.0
2908386695,True,7110.0
2908398700,True,2272.0
2908403615,False,
2908408016,True,5054.0
2908413732,True,2143.0
2908416274,True,3925.0
2908423260,True,40.0
2908429847,True,249.0
2908430576,True,478.0
2908467498,True,1199.0
2908470488,False,
2908476470,False,
2908483844,True,124.0
2908489602,True,124.0
2908494854,True,124.0
2908506906,False,
2908507107,False,
2908509190,False,
2908522324,False,
2908522479,True,179.0
2908522611,False,
2908522636,False,
2908545263,True,886.0
2908550312,True,2802.0
2908552564,True,4.0
2908553128,True,124.0
2908564115,True,36.0
2908565020,True,15715.0
2908565343,True,3290.0
2908568896,True,710.0
2908576250,True,1032.0
2908576556,True,1242.0
2908582595,True,603.0
2908582901,False,
2908594218,True,3021.0
2908594432,True,5736.0
2908613457,False,
2908619098,True,7427.0
2908619677,True,2743.0
2908622268,True,3014.0
2908624678,True,774.0
2908636728,False,
2908636793,False,
2908637553,False,
2908637643,False,
2908638413,False,
2908640754,True,1652.0
2908642228,True,592.0
2908642646,True,6799.0
2908643014,True,2676.0
2908645293,True,117.0
2908654363,False,
2908655282,False,
2908667865,False,
2908668605,False,
2908669833,True,77.0
2908687657,True,4.0
2908690756,True,5.0
2908722897,True,15155.0
2908742838,False,
2908760388,True,44.0
2908762361,False,
2908762537,False,
2908767690,False,
2908774988,False,
2908795566,False,
2908806897,False,
2908818963,False,
2908848745,True,3191.0
2908861140,True,5614.0
2908873141,False,
2908873335,False,
2908873905,False,
2908874228,False,
2908880240,False,
2908882069,False,
2908888099,True,4.0
2908889883,True,816.0
2908890810,True,25.0
2908892143,False,
2908895015,True,1247.0
2908897827,False,
2908897921,False,
2908902812,False,
2908906142,True,1049.0
2908912716,True,965.0
2908915036,True,5.0
2908915491,False,
2908919528,True,2.0
2908921674,True,28.0
2908922430,True,4.0
2908927393,True,59.0
2908933897,False,
2908940149,False,
2908940527,True,784.0
2908954203,False,
2908969156,False,
2909003173,True,2017.0
2909029659,True,8188.0
2909031321,True,2450.0
2909031891,True,1436.0
2909052464,False,
2909073400,False,
2909075946,False,
2909081214,False,
2909096889,False,
2909131447,True,48.0
2909180864,True,3019.0
2909191421,True,2527.0
2909192562,True,2958.0
2909198336,False,
2909198815,True,2815.0
2909206792,False,
2909260003,False,
2909283579,True,1.0
2909290444,False,
2909307943,True,1.0
2909345887,True,64.0
2909375730,False,
2909387794,False,
2909397288,True,3114.0
2909404800,False,
2909411116,True,14925.0
2909421501,True,4.0
2909460384,True,1563.0
2909512454,False,
2909568801,False,
2909574837,True,1346.0
2909600206,True,1610.0
2909656521,False,
2909713964,False,
2909717571,True,493.0
2909719411,True,821.0
2909726141,True,1609.0
2909726245,True,2375.0
2909726284,True,1511.0
2909744424,True,923.0
2909796811,True,2043.0
2909797268,True,1453.0
2909805469,True,2244.0
2909808416,True,2428.0
2909826718,False,
2909827446,False,
2909828689,True,27.0
2909832840,True,372.0
2909851547,True,5970.0
2909925447,False,
2909925761,False,
2909949450,False,
2909950181,False,
2909950651,False,
2909962453,True,1506.0
2909963777,True,1440.0
2909976250,False,
2909978889,False,
2910005168,True,1437.0
2910013613,False,
2910014161,True,1536.0
2910053824,True,11726.0
2910057418,True,2199.0
2910070278,False,
2910093178,False,
2910094678,False,
2910099063,False,
2910105823,True,470.0
2910113514,False,
2910119465,False,
2910133351,True,3608.0
2910139238,True,2666.0
2910167563,False,
2910169103,False,
2910169246,True,2074.0
2910171149,False,
2910183043,False,
2910208188,False,
2910209404,False,
2910279951,True,8.0
2910388344,False,
2910427859,True,5000.0
2910435613,True,8838.0
2910541014,True,191.0
2910584120,False,
2910604147,True,2668.0
2910605044,True,2693.0
2910609930,True,2505.0
2910617748,False,
2910617955,False,
2910628802,False,
2910633565,False,
2910639560,True,158.0
2910640728,False,
2910641729,True,29.0
2910641933,False,
2910642754,False,
2910643496,False,
2910649932,False,
2910661553,True,1446.0
2910674098,True,3035.0
2910685511,False,
2910685804,False,
2910690562,False,
2910707504,False,
2910710959,True,9647.0
2910741570,False,
2910758909,False,
2910781595,False,
2910782159,True,3127.0
2910785024,False,
2910788185,False,
2910791758,True,196.0
2910802918,False,
2910803832,False,
2910809837,True,4.0
2910812389,False,
2910815162,True,1792.0
2910839374,False,
2910842317,False,
2910842545,True,1675.0
2910846732,False,
2910848253,False,
2910850730,False,
2910852362,False,
2910858147,False,
2910863308,True,5216.0
2910864131,False,
2910864873,False,
2910865634,False,
2910868539,False,
2910872069,False,
2910876177,False,
2910886505,True,214.0
2910898057,False,
2910900240,False,
2910900523,False,
2910900849,False,
2910901369,False,
2910918628,True,99.0
2910937214,False,
2910937899,False,
2910966982,False,
2910967039,False,
2910969269,False,
2910971158,True,1261.0
2910972277,False,
2910979630,False,
2910988729,False,
2911004637,False,
2911004977,False,
2911012062,False,
2911012521,False,
2911014223,False,
2911020029,False,
2911029263,False,
2911032786,False,
2911037528,False,
2911060357,True,1842.0
2911069177,True,7189.0
2911098406,False,
2911098726,False,
2911101340,True,1708.0
2911110344,False,
2911127022,True,3882.0
2911145386,False,
2911147086,True,326.0
2911155534,True,2988.0
2911172508,False,
2911176068,True,20581.0
2911176869,False,
2911188636,False,
2911188723,False,
2911191512,False,
2911193308,False,
2911195702,False,
2911195944,True,153.0
2911200278,True,519.0
2911208752,False,
2911210270,False,
2911217185,True,13080.0
2911219108,False,
2911234006,False,
2911235274,True,2405.0
2911257950,False,
2911270598,False,
2911276490,False,
2911277307,False,
2911277584,False,
2911314228,False,
2911319438,True,1879.0
2911320045,True,12705.0
2911326034,False,
2911330741,False,
2911338930,False,
2911362915,True,333.0
2911377377,False,
2911377903,False,
2911378470,False,
2911378971,False,
2911379681,False,
2911379970,False,
2911380094,True,232.0
2911380230,False,
2911386181,False,
2911387301,False,
2911392204,True,2072.0
2911402435,False,
2911405294,False,
2911405393,False,
2911406335,True,35.0
2911409132,False,
2911416139,False,
2911416356,False,
2911427039,False,
2911430731,False,
2911431898,False,
2911432091,False,
2911442605,False,
2911448033,True,17.0
2911448795,False,
2911448992,False,
2911449154,False,
2911453090,False,
2911454236,True,677.0
2911468678,False,
2911469283,False,
2911471433,False,
2911477344,False,
2911478356,True,75.0
2911482272,False,
2911485455,False,
2911485937,False,
2911486573,False,
2911486755,False,
2911486906,False,
2911487677,False,
2911496691,False,
2911498239,True,130.0
2911500570,False,
2911505169,False,
2911507806,False,
2911509689,False,
2911518316,True,2428.0
2911526716,False,
2911529791,True,217.0
2911530988,True,130.0
2911532714,False,
2911544047,True,4.0
2911556003,False,
2911563001,False,
2911563039,True,2534.0
2911567076,True,946.0
2911570732,True,7984.0
2911572900,False,
2911574265,True,4361.0
2911593882,False,
2911594301,False,
2911594973,False,
2911595213,True,3337.0
2911595279,False,
2911595728,False,
2911601567,False,
2911603276,False,
2911605865,False,
2911612660,False,
2911615633,False,
2911616610,False,
2911617060,False,
2911617169,False,
2911617537,False,
2911618699,False,
2911619250,False,
2911622706,False,
2911622788,False,
2911632955,True,7415.0
2911639612,False,
2911641351,False,
2911642129,False,
2911651641,False,
2911652137,False,
2911659253,False,
2911659416,False,
2911663599,False,
2911665667,False,
2911668408,False,
2911668465,False,
2911669078,False,
2911670690,False,
2911671760,False,
2911674091,False,
2911674438,False,
2911674472,False,
2911676762,False,
2911676999,True,37.0
2911678633,False,
2911681464,True,81.0
2911686376,False,
2911687273,False,
2911691045,False,
2911692010,False,
2911692642,False,
2911694172,False,
2911700977,False,
2911701776,False,
2911702168,False,
2911702288,False,
2911703069,False,
2911712447,True,1874.0
2911712808,True,217.0
2911718751,False,
2911721950,True,124.0
2911727281,False,
2911740008,True,1862.0
2911758891,False,
2911770743,True,2478.0
2911778348,False,
2911782849,False,
2911782867,True,150.0
2911783988,False,
2911786163,False,
2911787421,False,
2911788832,True,13.0
2911796387,False,
2911804525,True,3613.0
2911819086,False,
2911823598,False,
2911825624,False,
2911834918,False,
2911841994,False,
2911843957,False,
2911864249,False,
2911864300,True,130.0
2911866748,True,214.0
2911867662,False,
2911878717,True,5.0
2911888889,True,19.0
2911892238,True,969.0
2911893148,False,
2911893298,False,
2911894244,False,
2911894359,False,
2911894685,False,
2911894945,False,
2911895088,False,
2911896503,False,
2911896521,False,
2911896730,False,
2911897186,False,
2911897222,True,2064.0
2911897959,True,3172.0
2911898084,False,
2911899281,False,
2911899426,False,
2911900251,True,142.0
2911901135,False,
2911901256,False,
2911901380,False,
2911901556,False,
2911902233,True,305.0
2911902572,False,
2911903307,False,
2911903359,False,
2911908610,True,32.0
2911914639,True,3098.0
2911914838,False,
2911916222,False,
2911916236,False,
2911917348,False,
2911918147,True,1018.0
2911918270,True,408.0
2911918674,False,
2911918790,False,
2911918908,False,
2911918984,False,
2911919035,False,
2911919116,False,
2911919162,False,
2911919287,False,
2911919404,False,
2911919550,False,
2911919686,False,
2911919806,False,
2911919930,False,
2911925406,True,38.0
2911943857,True,2077.0
2911955107,False,
2911956978,False,
2911957081,False,
2911957268,False,
2911957455,False,
2911957667,False,
2911957831,False,
2911958009,False,
2911962235,False,
2911966713,False,
2911968156,False,
2911975732,False,
2911975958,False,
2911976843,True,302.0
2911980125,False,
2911981893,False,
2911993972,False,
2912040998,True,1387.0
2912042483,True,124.0
2912042929,False,
2912084768,False,
2912095714,False,
2912111238,False,
2912137034,True,16.0
2912156575,False,
2912171755,False,
2912177609,False,
2912226056,False,
2912235338,False,
2912247789,False,
2912251293,False,
2912253789,False,
2912254050,False,
2912254300,False,
2912259479,False,
2912275661,False,
2912284833,False,
2912300789,True,19.0
2912306988,False,
2912337333,True,4.0
2912344537,False,
2912352108,False,
2912372953,False,
2912381591,True,3214.0
2912383243,False,
2912385193,True,685.0
2912425739,False,
2912468440,False,
2912472782,True,1408.0
2912476961,True,5398.0
2912512054,True,1825.0
2912513167,False,
2912522359,True,7.0
2912551195,False,
2912561110,False,
2912572377,False,
2912578426,False,
2912578751,False,
2912588842,False,
2912613210,True,124.0
2912628077,False,
2912629970,True,2752.0
2912634110,True,2955.0
2912635122,True,124.0
2912658700,False,
2912676173,False,
2912679394,True,4.0
2912700574,True,3048.0
2912714381,False,
2912714829,False,
2912715289,False,
2912715804,False,
2912716445,False,
2912718331,False,
2912719529,False,
2912719648,False,
2912720021,False,
2912720313,False,
2912720751,False,
2912724239,False,
2912726402,False,
2912737326,False,
2912737680,False,
2912738067,False,
2912738421,False,
2912738766,False,
2912739159,False,
2912739601,False,
2912753697,False,
2912771349,False,
2912808486,True,8797.0
2912833249,True,3925.0
2912890341,True,1901.0
2912894507,True,5558.0
2912910391,False,
2912911949,False,
2912932736,False,
2912934872,False,
2912969163,True,2761.0
2912984484,False,
2913002898,False,
2913015752,False,
2913045582,False,
2913062049,True,4.0
2913062574,True,6229.0
2913063508,False,
2913068604,False,
2913069395,False,
2913078599,False,
2913080475,True,6669.0
2913085976,False,
2913088830,False,
2913089815,True,76.0
2913091850,False,
2913091951,True,21890.0
2913096140,False,
2913099928,False,
2913101970,False,
2913106186,True,7815.0
2913106410,True,3376.0
2913113499,True,6967.0
2913121229,True,1757.0
2913143306,True,2993.0
2913164579,True,4973.0
2913168378,True,1710.0
2913173868,False,
2913178087,False,
2913184210,True,5766.0
2913267550,False,
2913281043,False,
2913303760,True,2878.0
2913305214,False,
2913305999,False,
2913306694,False,
2913307369,False,
2913308399,False,
2913309833,False,
2913310772,False,
2913313714,True,5297.0
2913358222,True,124.0
2913404754,False,
2913407897,False,
2913424191,False,
2913445895,False,
2913474766,True,188.0
2913475458,False,
2913475906,False,
2913481622,False,
2913482403,False,
2913483876,False,
2913484767,False,
2913489683,False,
2913490173,False,
2913490242,False,
2913493394,False,
2913494186,False,
2913494191,False,
2913502449,False,
2913503660,False,
2913504120,False,
2913504954,False,
2913506554,False,
2913516716,False,
2913528305,True,2659.0
2913539827,True,12870.0
2913613350,False,
2913624495,False,
2913625337,False,
2913627266,False,
2913631536,False,
2913631735,False,
2913632221,False,
2913644097,False,
2913668148,False,
2913686252,False,
2913687519,True,2350.0
2913701156,False,
2913709065,True,1609.0
2913721882,True,4.0
2913794990,True,5130.0
2913799448,False,
2913827432,False,
2913832581,False,
2913872024,False,
2913873704,True,215.0
2913935364,False,
2913939771,False,
2913952138,False,
2913958760,False,
2913961715,False,
2913980135,False,
2914007476,False,
2914017453,True,1494.0
2914028046,True,5642.0
2914028378,True,3986.0
2914033979,False,
2914034464,False,
2914035857,False,
2914040415,False,
2914043626,False,
2914050238,False,
2914050690,False,
2914053323,False,
2914054240,True,4908.0
2914056917,False,
2914057985,False,
2914060938,False,
2914065548,False,
2914066613,False,
2914072660,False,
2914083774,False,
2914084379,False,
2914088294,True,124.0
2914099339,False,
2914099732,False,
2914105361,True,126.0
2914117468,False,
2914149814,False,
2914164505,False,
2914172612,False,
2914176258,False,
2914178293,False,
2914189530,False,
2914190421,False,
2914191646,False,
2914191659,False,
2914195652,False,
2914195974,False,
2914216578,False,
2914219358,True,170.0
2914222865,False,
2914230404,False,
2914236935,False,
2914241060,False,
2914241612,False,
2914243362,True,2750.0
2914243594,False,
2914247988,False,
2914248244,False,
2914248455,False,
2914248750,False,
2914250328,False,
2914250777,False,
2914252665,False,
2914257764,True,8268.0
2914258476,False,
2914258766,False,
2914259004,False,
2914259035,False,
2914265958,False,
2914267485,False,
2914270245,False,
2914276508,False,
2914276830,False,
2914277277,False,
2914278473,False,
2914291950,False,
2914299975,True,3719.0
2914300123,False,
2914300439,False,
2914301429,False,
2914302941,True,629.0
2914310169,True,3412.0
2914313139,True,727.0
2914315005,False,
2914318647,False,
2914326197,False,
2914328001,False,
2914328575,False,
2914335555,False,
2914342194,False,
2914355938,False,
2914365014,False,
2914367528,True,59.0
2914376553,False,
2914376808,False,
2914378731,False,
2914385324,False,
2914385718,True,160.0
2914387272,True,377.0
2914391452,True,124.0
2914394347,True,461.0
2914400566,False,
2914400854,False,
2914401107,False,
2914401424,False,
2914401715,False,
2914405197,False,
2914405472,False,
2914405533,False,
2914405627,False,
2914405817,False,
2914409869,False,
2914411100,True,117.0
2914411683,True,124.0
2914415393,False,
2914417802,True,124.0
2914420150,False,
2914424100,False,
2914424612,False,
2914425377,True,124.0
2914429865,True,1914.0
2914429981,False,
2914441144,False,
2914446314,False,
2914446494,True,707.0
2914448960,False,
2914483003,False,
2914503395,False,
2914505045,False,
2914533888,False,
2914534390,False,
2914534718,False,
2914542154,True,1451.0
2914551244,False,
2914568523,False,
2914570126,False,
2914580139,True,153.0
2914588565,False,
2914591572,True,5763.0
2914594352,True,124.0
2914638932,True,55.0
2914638983,True,3131.0
2914643744,True,124.0
2914649048,False,
2914652539,True,124.0
2914661021,True,124.0
2914669243,False,
2914670316,False,
2914672218,False,
2914672483,False,
2914672720,False,
2914673097,False,
2914673354,False,
2914674863,False,
2914675125,False,
2914679151,False,
2914679504,False,
2914697855,False,
2914698042,False,
2914698363,False,
2914699770,False,
2914716765,False,
2914725564,False,
2914725642,False,
2914727053,False,
2914727180,False,
2914729938,False,
2914732740,False,
2914736094,False,
2914742215,False,
2914756431,False,
2914756784,False,
2914761868,False,
2914764436,False,
2914766120,True,4707.0
2914766437,False,
2914772454,False,
2914774265,False,
2914788209,True,105.0
2914800264,False,
2914800499,False,
2914800687,False,
2914800966,False,
2914801224,False,
2914801477,False,
2914801722,False,
2914814071,False,
2914816932,True,7380.0
2914827535,False,
2914833631,False,
2914839160,False,
2914840185,False,
2914841690,True,25.0
2914845856,False,
2914847835,False,
2914850061,False,
2914859763,False,
2914877038,True,720.0
2914885043,False,
2914894742,True,181.0
2914896538,False,
2914897677,False,
2914902863,False,
2914908061,False,
2914911573,False,
2914914467,False,
2914914709,True,3786.0
2914917790,False,
2914918110,False,
2914924952,False,
2914926646,False,
2914927845,False,
2914933382,False,
2914934737,False,
2914936729,False,
2914939038,False,
2914939311,False,
2914939627,False,
2914940130,False,
2914941022,False,
2914942645,True,4662.0
2914945250,False,
2914945777,False,
2914946232,True,2521.0
2914948122,True,4.0
2914953142,False,
2914956293,False,
2914963125,False,
2914963412,False,
2914967628,False,
2914971195,False,
2914983742,True,5106.0
2914986467,False,
2915002039,False,
2915012819,False,
2915021602,False,
2915035597,False,
2915036416,False,
2915036640,False,
2915037343,True,2427.0
2915040735,False,
2915047159,False,
2915057017,False,
2915058845,False,
2915059796,False,
2915060901,False,
2915064768,False,
2915068575,False,
2915069057,False,
2915074271,False,
2915075778,False,
2915077208,False,
2915079689,False,
2915083244,False,
2915085430,False,
2915086142,False,
2915086206,False,
2915090808,True,3567.0
2915093043,False,
2915095379,False,
2915095471,False,
2915110865,False,
2915111170,False,
2915111864,False,
2915115792,True,332.0
2915122244,False,
2915122678,False,
2915122774,False,
2915124573,True,4334.0
2915125682,False,
2915140620,False,
2915142717,True,33.0
2915142827,False,
2915144063,True,2240.0
2915146514,False,
2915147614,True,734.0
2915149219,True,2028.0
2915150534,True,4092.0
2915150628,True,283.0
2915151575,False,
2915152971,False,
2915154362,False,
2915155635,False,
2915156453,False,
2915156609,False,
2915156751,False,
2915156885,False,
2915157026,False,
2915157298,True,1329.0
2915157391,True,1329.0
2915157967,True,356.0
2915159959,False,
2915160715,False,
2915161781,False,
2915163381,False,
2915164519,False,
2915165473,False,
2915166049,False,
2915166054,False,
2915166693,False,
2915166852,False,
2915166995,False,
2915169845,False,
2915169908,False,
2915171290,False,
2915171808,False,
2915173724,True,313.0
2915174578,False,
2915175966,False,
2915177503,False,
2915178615,True,4235.0
2915183568,False,
2915184891,False,
2915188575,False,
2915188836,False,
2915188908,False,
2915190383,False,
2915190930,False,
2915190980,True,727.0
2915194379,False,
2915194950,False,
2915195201,True,751.0
2915197097,True,2245.0
2915199929,False,
2915203172,False,
2915204254,False,
2915205750,False,
2915207743,False,
2915208081,False,
2915209219,False,
2915216833,False,
2915217134,True,4141.0
2915222943,False,
2915225636,False,
2915227088,False,
2915233600,True,1554.0
2915233693,True,1172.0
2915237833,False,
2915242071,False,
2915242381,False,
2915242815,False,
2915244677,False,
2915246748,False,
2915247121,False,
2915250759,False,
2915256159,True,451.0
2915264024,False,
2915264251,False,
2915264348,False,
2915266884,True,4.0
2915278440,False,
2915278777,False,
2915283181,False,
2915290674,False,
2915291452,False,
2915296191,False,
2915299367,False,
2915301121,False,
2915301338,False,
2915301768,False,
2915302568,False,
2915305006,False,
2915306994,False,
2915309277,False,
2915309391,False,
2915309630,False,
2915320515,False,
2915320809,False,
2915328797,False,
2915330639,True,1332.0
2915330704,False,
2915330832,True,101.0
2915331646,False,
2915355534,True,418.0
2915355867,False,
2915358151,False,
2915360749,True,124.0
2915361262,False,
2915362762,False,
2915366069,False,
2915366630,False,
2915369463,False,
2915370764,False,
2915377043,False,
2915378717,True,2406.0
2915387686,False,
2915388244,False,
2915391306,False,
2915391436,False,
2915391562,False,
2915396791,False,
2915396937,False,
2915397075,False,
2915397239,False,
2915399359,False,
2915400114,True,153.0
2915412654,False,
2915413172,False,
2915417802,False,
2915426308,False,
2915427686,False,
2915443364,False,
2915448921,True,5.0
2915452090,True,5.0
2915453222,True,5931.0
2915474333,False,
2915488002,True,153.0
2915498576,True,124.0
2915509927,True,45.0
2915517015,False,
2915518241,False,
2915521033,False,
2915521131,False,
2915521233,False,
2915521344,False,
2915522141,False,
2915530821,False,
2915531755,False,
2915531854,False,
2915532915,False,
2915533525,False,
2915534858,False,
2915535197,False,
2915535527,False,
2915535664,True,4500.0
2915535901,False,
2915536750,False,
2915539669,False,
2915540737,False,
2915541001,False,
2915543917,False,
2915545393,False,
2915548701,False,
2915548790,False,
2915548890,False,
2915552324,False,
2915558098,True,1971.0
2915558863,False,
2915562684,False,
2915564519,False,
2915565962,False,
2915567792,False,
2915567978,False,
2915568510,False,
2915570596,False,
2915574976,False,
2915577602,False,
2915578634,False,
2915580487,False,
2915583441,False,
2915584957,False,
2915586257,False,
2915589584,True,124.0
2915589886,True,2525.0
2915590788,False,
2915594272,True,1571.0
2915599451,False,
2915602695,True,380.0
2915607869,False,
2915616934,False,
2915621824,True,1874.0
2915672670,False,
2915686184,False,
2915692472,False,
2915699747,False,
2915700875,False,
2915723837,False,
2915756023,True,2080.0
2915760744,True,333.0
2915760790,False,
2915769831,True,917.0
2915777216,False,
2915785963,False,
2915808146,True,188.0
2915814324,False,
2915835670,False,
2915836375,False,
2915857721,False,
2915863481,False,
2915866610,False,
2915872430,False,
2915887138,False,
2915888110,False,
2915889696,False,
2915919733,True,3338.0
2915932434,False,
2915942873,False,
2915949394,False,
2915951370,False,
2916051180,False,
2916073844,False,
2916074301,False,
2916079741,False,
2916113993,True,355.0
2916163894,False,
2916171931,False,
2916177042,True,1205.0
2916202857,True,1474.0
2916203808,False,
2916222563,True,5.0
2916222723,False,
2916225620,False,
2916226747,False,
2916245375,False,
2916274105,False,
2916275007,False,
2916282519,False,
2916284725,True,179.0
2916302976,False,
2916305561,False,
2916307805,False,
2916310118,False,
2916330697,True,49.0
2916331556,False,
2916335958,False,
2916346566,False,
2916346969,True,1461.0
2916356429,False,
2916359727,False,
2916374261,True,24.0
2916396029,False,
2916396210,False,
2916408976,False,
2916421819,False,
2916443849,False,
2916453766,False,
2916476735,False,
2916515324,False,
2916525001,False,
2916533040,False,
2916540919,False,
2916575886,False,
2916576211,False,
2916576550,False,
2916577028,False,
2916578714,False,
2916582525,False,
2916582591,False,
2916583734,False,
2916593607,False,
2916593932,False,
2916594204,False,
2916594970,False,
2916600248,False,
2916600902,False,
2916623272,False,
2916623717,False,
2916640352,False,
2916654820,True,5236.0
2916667129,False,
2916683267,True,141.0
2916702704,True,4437.0
2916709317,False,
2916715957,False,
2916727628,False,
2916737406,True,320.0
2916742409,True,3649.0
2916744804,True,3934.0
2916758194,True,2345.0
2916773230,False,
2916783852,False,
2916791425,True,8533.0
2916799077,False,
2916813371,True,1237.0
2916837888,False,
2916872255,True,147.0
2916884790,False,
2916911209,True,2723.0
2916944984,False,
2916947414,True,176.0
2916949878,False,
2916961380,False,
2916966086,False,
2916968951,False,
2916981965,False,
2916982347,False,
2916999498,False,
2917013632,True,13.0
2917016989,False,
2917030326,False,
2917051973,False,
2917052741,False,
2917095979,False,
2917116284,False,
2917121128,True,81.0
2917143129,True,1116.0
2917145248,True,2172.0
2917171310,False,
2917179321,False,
2917194374,False,
2917209143,False,
2917227981,False,
2917234060,False,
2917235897,False,
2917238472,False,
2917244488,False,
2917260673,False,
2917267851,False,
2917286676,False,
2917318676,False,
2917343162,False,
2917409883,False,
2917409910,False,
2917418555,False,
2917420999,False,
2917423359,False,
2917429821,False,
2917429834,False,
2917438515,False,
2917451186,False,
2917495390,False,
2917502190,True,4889.0
2917504335,False,
2917509000,False,
2917517280,False,
2917525195,False,
2917533731,False,
2917534781,False,
2917541893,False,
2917544012,False,
2917549754,False,
2917552451,True,78.0
2917577297,False,
2917578751,False,
2917580214,False,
2917580390,False,
2917584226,False,
2917592826,False,
2917594024,False,
2917595077,True,1100.0
2917598592,False,
2917627158,False,
2917633079,False,
2917644703,False,
2917645197,False,
2917645665,False,
2917646170,False,
2917646675,False,
2917647146,False,
2917647629,False,
2917648079,False,
2917648666,False,
2917649131,False,
2917649673,False,
2917650133,False,
2917650600,False,
2917651025,False,
2917651036,False,
2917657658,True,45.0
2917660852,True,1373.0
2917668517,False,
2917670548,False,
2917670921,False,
2917672860,False,
2917679498,False,
2917696795,False,
2917698384,False,
2917699223,False,
2917699666,False,
2917700131,False,
2917700267,False,
2917700691,False,
2917701191,False,
2917701962,False,
2917702037,False,
2917702525,False,
2917702765,False,
2917703753,False,
2917704244,False,
2917705170,False,
2917705257,False,
2917706358,False,
2917725710,False,
2917746901,False,
2917753648,False,
2917767467,False,
2917779868,False,
2917799927,True,716.0
2917816309,False,
2917820533,False,
2917824333,True,656.0
2917826683,True,338.0
2917829688,True,9093.0
2917838484,False,
2917838835,False,
2917839127,False,
2917839632,False,
2917839751,False,
2917839958,False,
2917840716,False,
2917842140,True,86.0
2917842501,True,153.0
2917850882,True,16.0
2917913313,False,
2917915725,False,
2917916566,False,
2917919214,False,
2917920789,False,
2917922168,True,30.0
2917928383,True,1556.0
2917930778,False,
2917932193,False,
2917933009,False,
2917933850,True,2534.0
2917933923,False,
2917934593,False,
2917935305,False,
2917941600,False,
2917943515,True,1780.0
2917945535,False,
2917956387,False,
2917956932,False,
2917961599,False,
2917962836,False,
2917971341,False,
2917971558,False,
2917982465,True,826.0
2917989526,False,
2917996273,False,
2918011231,False,
2918012039,False,
2918012068,False,
2918016853,False,
2918020291,False,
2918027698,True,594.0
2918027713,False,
2918031116,False,
2918034391,False,
2918035529,False,
2918044399,True,1457.0
2918044662,True,1027.0
2918051766,False,
2918057146,False,
2918058237,True,5.0
2918064839,False,
2918073085,True,2761.0
2918081884,False,
2918085259,False,
2918100060,False,
2918106306,False,
2918107849,False,
2918109761,False,
2918111704,False,
2918123718,False,
2918124636,False,
2918133536,False,
2918137056,True,11.0
2918141354,True,320.0
2918142220,False,
2918142663,True,1568.0
2918143354,False,
2918149247,False,
2918149466,False,
2918152301,True,2846.0
2918157361,True,2960.0
2918158391,False,
2918160292,True,5.0
2918164616,False,
2918166267,False,
2918168989,True,2081.0
2918172928,False,
2918175275,False,
2918177583,False,
2918178626,False,
2918187577,False,
2918188803,False,
2918195059,False,
2918204782,True,89.0
2918215206,True,1268.0
2918218976,False,
2918228126,False,
2918238066,False,
2918251909,False,
2918255827,False,
2918257769,False,
2918266504,False,
2918266823,False,
2918272064,False,
2918272792,False,
2918282203,False,
2918282769,False,
2918286106,False,
2918295977,False,
2918301779,False,
2918302543,True,1249.0
2918306575,True,3111.0
2918306597,False,
2918307421,False,
2918307911,False,
2918317713,True,4134.0
2918320100,False,
2918321697,False,
2918322040,False,
2918326569,False,
2918329612,True,6306.0
2918329644,False,
2918330279,True,1751.0
2918330623,False,
2918335002,True,1956.0
2918343522,False,
2918353096,False,
2918355795,False,
2918364903,False,
2918365924,False,
2918368295,False,
2918369990,False,
2918373284,False,
2918374022,False,
2918374775,False,
2918375366,False,
2918380690,False,
2918380692,False,
2918382765,False,
2918383395,False,
2918394948,False,
2918419594,False,
2918448948,False,
2918449832,True,10588.0
2918450831,False,
2918460710,False,
2918466481,False,
2918466687,False,
2918470150,False,
2918471750,False,
2918475205,False,
2918476072,True,2113.0
2918485200,True,26.0
2918486634,True,265.0
2918495545,False,
2918502675,False,
2918518122,True,3178.0
2918528522,True,104.0
2918541854,False,
2918542188,False,
2918557871,False,
2918581631,False,
2918583550,False,
2918588540,True,3554.0
2918590987,False,
2918592737,False,
2918595621,True,5114.0
2918600720,False,
2918607749,True,2017.0
2918615325,True,1137.0
2918630843,True,5238.0
2918693663,False,
2918702683,False,
2918703465,True,50.0
2918721133,False,
2918724866,False,
2918740206,True,11.0
2918767495,False,
2918770891,False,
2918783241,False,
2918784723,True,1773.0
2918785445,False,
2918797477,False,
2918805808,False,
2918806440,False,
2918812809,False,
2918813842,False,
2918814466,False,
2918815679,False,
2918818406,False,
2918821402,False,
2918822404,False,
2918823333,False,
2918827698,False,
2918827940,False,
2918828105,False,
2918830783,False,
2918831663,True,1048.0
2918832338,True,837.0
2918835380,True,1385.0
2918838792,True,1259.0
2918854214,False,
2918863704,True,3905.0
2918886786,False,
2918889790,False,
2918894315,True,13263.0
2918894886,False,
2918897407,False,
2918899927,False,
2918905411,True,6849.0
2918913736,False,
2918915638,False,
2918916409,False,
2918920247,False,
2918922041,False,
2918926972,False,
2918928409,True,2820.0
2918933695,False,
2918934105,False,
2918938041,False,
2918941580,False,
2918953067,True,1938.0
2918953836,False,
2918954060,False,
2918954262,False,
2918954451,False,
2918954871,True,1657.0
2918957146,False,
2918958530,False,
2918959308,False,
2918960018,False,
2918960181,False,
2918961412,False,
2918963515,False,
2918964005,False,
2918964615,False,
2918965100,False,
2918965711,False,
2918966661,False,
2918967304,False,
2918968136,False,
2918968266,False,
2918968377,False,
2918968698,False,
2918968841,False,
2918969771,False,
2918969805,False,
2918971094,False,
2918971148,False,
2918971869,False,
2918976358,True,320.0
2918979506,False,
2918981339,False,
2918982858,False,
2918982996,False,
2918983104,False,
2918983221,False,
2918983804,False,
2918987751,False,
2918991710,False,
2918994475,False,
2919000312,False,
2919001050,False,
2919001146,False,
2919001453,False,
2919001586,False,
2919002726,False,
2919004631,False,
2919007207,False,
2919007408,True,2432.0
2919008835,False,
2919009601,False,
2919010750,False,
2919010992,False,
2919011007,False,
2919013078,True,2371.0
2919013511,False,
2919019041,True,87.0
2919020948,True,4283.0
2919022199,False,
2919025807,False,
2919025920,False,
2919026055,False,
2919026177,False,
2919026442,False,
2919026552,False,
2919027852,False,
2919027963,False,
2919028088,False,
2919028204,False,
2919028261,False,
2919028305,False,
2919028341,False,
2919028392,False,
2919028426,False,
2919028533,False,
2919028617,False,
2919028690,False,
2919029055,False,
2919031936,False,
2919032671,True,2366.0
2919033786,True,7376.0
2919034399,True,15004.0
2919035879,False,
2919035995,False,
2919036085,False,
2919036116,False,
2919036228,False,
2919036346,False,
2919036453,False,
2919036551,False,
2919038704,False,
2919042681,False,
2919046488,True,13.0
2919046670,True,9659.0
2919049051,True,1577.0
2919060229,False,
2919060338,False,
2919060481,False,
2919083775,False,
2919085986,False,
2919101074,False,
2919105163,False,
2919105297,False,
2919107743,False,
2919111962,False,
2919113185,False,
2919113309,False,
2919113449,False,
2919114268,True,5745.0
2919115723,False,
2919118062,False,
2919121238,False,
2919133673,False,
2919135911,False,
2919136377,False,
2919150841,True,1168.0
2919155787,True,3639.0
2919168598,False,
2919246413,True,4.0
2919257475,False,
2919258748,False,
2919265138,False,
2919289979,False,
2919297542,False,
2919297667,False,
2919297958,False,
2919305678,False,
2919315516,False,
2919316998,False,
2919326604,False,
2919329874,False,
2919330604,False,
2919330763,False,
2919330899,False,
2919340045,False,
2919342671,False,
2919364328,False,
2919364842,False,
2919365731,False,
2919366521,False,
2919366958,False,
2919367849,False,
2919368147,False,
2919369249,False,
2919369530,False,
2919393061,False,
2919393347,True,657.0
2919400516,False,
2919401205,False,
2919401870,False,
2919402337,False,
2919402786,False,
2919403605,False,
2919428193,False,
2919460674,False,
2919490552,False,
2919492261,False,
2919529328,True,1129.0
2919590761,False,
2919594540,True,1364.0
2919595083,False,
2919605646,False,
2919606116,True,11.0
2919613387,True,1304.0
2919622413,True,7082.0
2919627269,True,2611.0
2919628342,True,6157.0
2919637119,False,
2919665611,True,2740.0
2919673081,True,11779.0
2919677687,True,25.0
2919691626,True,2841.0
2919699247,False,
2919700518,True,193.0
2919701718,True,609.0
2919708074,True,3957.0
2919708555,False,
2919711769,True,623.0
2919719278,False,
2919720471,False,
2919725516,True,1497.0
2919725712,True,6307.0
2919730048,False,
2919730716,False,
2919732787,False,
2919737873,True,50.0
2919750886,False,
2919754762,True,4242.0
2919756759,False,
2919777583,True,58.0
2919780562,False,
2919787638,False,
2919799437,False,
2919801513,False,
2919808815,True,2862.0
2919820926,False,
2919836945,True,1374.0
2919843562,False,
2919845536,False,
2919853346,False,
2919853796,False,
2919856582,False,
2919857697,False,
2919909315,False,
2919936848,False,
2919944203,False,
2919945301,False,
2919946263,False,
2919946916,False,
2919974222,False,
2919985440,False,
2920020826,False,
2920023539,False,
2920024354,False,
2920042489,True,1437.0
2920079213,False,
2920092608,False,
2920093606,False,
2920095668,False,
2920098054,False,
2920101515,True,15.0
2920114908,False,
2920148319,False,
2920217026,False,
2920221207,False,
2920222975,False,
2920230782,False,
2920231447,False,
2920232530,False,
2920233330,False,
2920303760,False,
2920321743,False,
2920380143,False,
2920408342,False,
2920433703,False,
2920434440,False,
2920449775,False,
2920459853,False,
2920481803,False,
2920521281,True,1841.0
2920614921,True,50.0
2920618347,False,
2920672214,False,
2920673789,False,
2920692815,False,
2920701854,False,
2920746538,False,
2920838945,True,2277.0
2920841875,False,
2920843652,False,
2920879295,True,799.0
2920947376,False,
2920951240,False,
2920952127,True,4095.0
2920957301,False,
2920969879,True,124.0
2920971366,False,
2920996622,True,2153.0
2921009287,True,2756.0
2921013498,True,124.0
2921024144,False,
2921058664,True,4.0
2921061799,False,
2921094939,False,
2921095513,False,
2921113214,True,830.0
2921128516,True,4873.0
2921129419,False,
2921130446,False,
2921131177,False,
2921138681,False,
2921152325,False,
2921155115,False,
2921155967,True,1693.0
2921157615,False,
2921158408,False,
2921159551,False,
2921161396,False,
2921162292,False,
2921163629,False,
2921171705,True,78.0
2921171781,False,
2921172549,False,
2921173135,False,
2921182013,False,
2921186768,False,
2921195433,False,
2921198588,False,
2921200546,False,
2921245805,True,1267.0
2921246733,True,4315.0
2921260547,True,927.0
2921262819,True,1844.0
2921298697,True,2578.0
2921298757,True,5013.0
2921304780,False,
2921350727,False,
2921426788,True,9242.0
2921444561,False,
2921458315,False,
2921496481,False,
2921507448,False,
2921517929,True,169.0
2921537311,False,
2921537596,True,941.0
2921540384,True,40.0
2921545006,False,
2921548582,False,
2921561645,False,
2921569474,False,
2921573524,False,
2921600577,False,
2921605221,False,
2921610383,False,
2921610819,False,
2921611328,False,
2921611769,False,
2921612150,False,
2921651259,False,
2921660323,False,
2921663756,True,1472.0
2921665729,False,
2921672681,False,
2921673731,False,
2921674716,False,
2921676148,False,
2921691379,False,
2921699724,False,
2921712092,False,
2921712461,False,
2921712838,False,
2921717084,False,
2921717654,False,
2921720106,False,
2921722176,False,
2921726350,False,
2921727954,False,
2921728470,False,
2921730696,False,
2921737722,False,
2921746974,False,
2921748120,False,
2921749469,False,
2921753668,False,
2921754206,False,
2921768802,False,
2921769426,False,
2921771231,False,
2921772480,False,
2921773253,False,
2921773872,False,
2921775051,False,
2921776290,False,
2921776518,False,
2921777650,False,
2921778292,False,
2921780068,False,
2921781603,False,
2921782497,False,
2921783533,False,
2921784138,False,
2921787540,False,
2921789466,False,
2921789823,False,
2921790142,False,
2921790910,False,
2921791263,False,
2921791644,False,
2921792034,False,
2921792411,False,
2921795490,False,
2921798564,False,
2921798731,False,
2921799535,False,
2921801369,False,
2921805911,False,
2921807323,False,
2921809936,False,
2921810239,False,
2921811940,False,
2921811941,False,
2921812229,False,
2921812443,False,
2921812997,False,
2921815166,False,
2921817212,False,
2921821928,False,
2921822427,False,
2921827195,False,
2921827496,False,
2921827501,False,
2921827796,False,
2921827978,False,
2921828115,False,
2921828440,False,
2921828757,False,
2921829072,False,
2921833196,False,
2921852576,False,
2921863453,False,
2921869181,True,41.0
2921882219,False,
2921883268,False,
2921888475,False,
2921892961,False,
2921893285,True,933.0
2921894885,True,421.0
2921905957,False,
2921911452,False,
2921912748,False,
2921916620,False,
2921917534,False,
2921925955,False,
2921930901,False,
2921935541,False,
2921944472,False,
2921958762,False,
2921989890,False,
2921991299,False,
2921991840,False,
2922007183,False,
2922008185,True,200.0
2922010897,False,
2922014014,True,3735.0
2922024102,False,
2922024661,False,
2922028489,False,
2922029489,False,
2922029659,False,
2922030070,False,
2922030486,False,
2922031965,False,
2922035777,False,
2922037163,False,
2922041204,False,
2922045414,False,
2922045746,False,
2922046714,False,
2922047114,False,
2922055623,False,
2922056006,False,
2922069185,False,
2922076023,False,
2922088782,False,
2922092939,False,
2922102860,True,168.0
2922108539,True,2281.0
2922111733,False,
2922116064,False,
2922119798,False,
2922129522,True,359.0
2922141459,False,
2922141817,False,
2922155138,False,
2922165094,False,
2922168893,False,
2922174127,True,13.0
2922184134,True,221.0
2922189108,False,
2922214363,False,
2922221669,False,
2922248713,False,
2922276386,False,
2922276575,True,8379.0
2922277151,False,
2922282984,False,
2922283158,False,
2922287085,False,
2922289773,False,
2922291138,False,
2922297708,False,
2922310577,False,
2922310670,False,
2922312051,False,
2922345784,False,
2922347584,False,
2922391266,False,
2922401837,False,
2922480877,True,1411.0
2922498875,False,
2922507016,True,3258.0
2922508383,True,56.0
2922510889,True,1191.0
2922513410,True,1966.0
2922513840,True,655.0
2922540752,True,3603.0
2922542974,True,510.0
2922543131,False,
2922549638,False,
2922553977,False,
2922558664,False,
2922568855,False,
2922578337,True,4.0
2922586282,False,
2922599501,False,
2922599730,False,
2922599985,False,
2922600357,False,
2922605170,True,1540.0
2922606438,True,489.0
2922611270,True,306.0
2922618958,False,
2922620218,False,
2922621350,False,
2922624422,False,
2922629021,False,
2922629943,False,
2922631063,False,
2922631721,False,
2922633131,False,
2922633915,False,
2922634473,False,
2922635073,False,
2922636523,False,
2922636663,False,
2922637057,False,
2922637662,False,
2922641491,False,
2922643127,False,
2922645306,False,
2922645490,False,
2922646693,False,
2922648690,False,
2922649004,False,
2922651282,False,
2922651337,False,
2922653064,False,
2922654950,False,
2922657614,True,181.0
2922660203,False,
2922661079,True,38.0
2922663085,False,
2922669385,False,
2922669415,False,
2922671114,False,
2922671287,False,
2922671481,False,
2922671679,False,
2922671863,False,
2922672033,False,
2922672248,False,
2922672448,False,
2922688991,False,
2922695489,True,4608.0
2922701869,False,
2922702748,False,
2922728967,False,
2922737672,False,
2922738155,False,
2922738708,True,5.0
2922742386,False,
2922747653,True,161.0
2922750013,False,
2922756985,True,124.0
2922757328,False,
2922757466,False,
2922765063,False,
2922779676,False,
2922779861,False,
2922787079,False,
2922788160,False,
2922789834,False,
2922790802,False,
2922795912,True,7.0
2922796313,False,
2922800307,False,
2922800421,False,
2922800776,False,
2922801774,False,
2922802276,False,
2922804889,False,
2922820337,True,124.0
2922821432,False,
2922822334,False,
2922824686,False,
2922829199,False,
2922837233,False,
2922849889,False,
2922856196,False,
2922862501,False,
2922868312,False,
2922877927,False,
2922886954,False,
2922892545,False,
2922893735,False,
2922895854,False,
2922896312,False,
2922897109,False,
2922899590,False,
2922906629,False,
2922906739,False,
2922907862,False,
2922916558,False,
2922943106,False,
2922946414,True,1214.0
2922959319,True,2965.0
2923014718,True,886.0
2923022564,False,
2923032452,False,
2923034363,False,
2923087588,False,
2923088764,False,
2923099523,True,109.0
2923099546,False,
2923099808,False,
2923120559,False,
2923126812,False,
2923129794,False,
2923146719,False,
2923160045,True,108.0
2923173222,False,
2923173972,False,
2923174185,False,
2923174784,False,
2923175464,False,
2923175691,False,
2923188639,False,
2923200900,True,124.0
2923225795,False,
2923232724,False,
2923242478,True,973.0
2923284315,False,
2923300458,True,13.0
2923304526,False,
2923304661,False,
2923312276,False,
2923315251,False,
2923317977,False,
2923321574,False,
2923328745,False,
2923341379,True,53.0
2923341801,True,44.0
2923348678,True,1058.0
2923366336,False,
2923367586,False,
2923368865,False,
2923369047,False,
2923372112,False,
2923372985,False,
2923373353,False,
2923373491,False,
2923384186,True,2317.0
2923395304,True,1333.0
2923419523,False,
2923433013,False,
2923470675,False,
2923503655,True,124.0
2923514341,False,
2923514509,False,
2923519531,False,
2923519717,False,
2923534073,True,4244.0
2923558695,False,
2923565643,True,675.0
2923573342,True,1306.0
2923583130,False,
2923583654,False,
2923583916,True,85.0
2923584342,True,124.0
2923586607,False,
2923588367,False,
2923591069,True,124.0
2923595578,False,
2923599498,True,12.0
2923601129,True,617.0
2923601830,False,
2923605920,True,2521.0
2923635111,False,
2923635437,True,5.0
2923639248,False,
2923643474,False,
2923653870,False,
2923662573,False,
2923667908,True,729.0
2923673659,False,
2923680390,False,
2923680727,False,
2923682895,False,
2923688924,True,390.0
2923694608,False,
2923694870,False,
2923696994,False,
2923699331,False,
2923700888,True,236.0
2923702781,False,
2923703046,False,
2923714745,False,
2923726649,False,
2923732300,False,
2923748700,True,43.0
2923780836,False,
2923795863,False,
2923796944,False,
2923797671,False,
2923809979,False,
2923812500,False,
2923841439,False,
2923841720,False,
2923865572,False,
2923879471,False,
2923919754,True,359.0
2923926124,True,1892.0
2923945596,True,2008.0
2923988726,False,
2924009211,False,
2924025128,False,
2924025509,False,
2924025843,False,
2924027443,False,
2924035449,False,
2924046083,False,
2924076149,True,109.0
2924082483,False,
2924083528,False,
2924088640,False,
2924097692,False,
2924122320,True,22.0
2924126309,False,
2924145449,False,
2924148526,False,
2924151171,True,3560.0
2924158903,True,333.0
2924161770,False,
2924162682,False,
2924162855,False,
2924175056,False,
2924177983,True,185.0
2924187740,False,
2924190063,False,
2924195014,False,
2924195280,False,
2924195526,False,
2924195756,False,
2924196000,False,
2924196265,False,
2924196488,False,
2924196686,False,
2924196899,False,
2924238512,True,76.0
2924242032,False,
2924247052,False,
2924248121,True,1327.0
2924260323,True,18.0
2924275675,False,
2924278314,False,
2924367230,True,4.0
2924377999,True,1114.0
2924401372,False,
2924415117,False,
2924427947,False,
2924475639,False,
2924490981,True,2489.0
2924493802,True,3197.0
2924497306,True,2524.0
2924506100,False,
2924509198,False,
2924513403,False,
2924524970,False,
2924525284,False,
2924525620,False,
2924535709,False,
2924553936,False,
2924554239,False,
2924573314,False,
2924628857,True,124.0
2924629218,False,
2924659863,True,339.0
2924694608,True,11.0
2924698084,False,
2924707364,True,1950.0
2924715643,True,2330.0
2924748539,False,
2924832716,True,210.0
2924882632,False,
2924911245,False,
2924919440,True,500.0
2924924427,True,315.0
2924985718,True,1939.0
2924992217,False,
2925021673,True,124.0
2925026510,True,4239.0
2925030942,True,322.0
2925035859,True,124.0
2925036146,False,
2925046394,True,340.0
2925050181,False,
2925052854,True,228.0
2925060410,False,
2925066034,False,
2925068108,False,
2925068801,False,
2925077831,False,
2925082058,False,
2925082405,False,
2925087859,False,
2925090778,False,
2925094669,False,
2925095070,False,
2925098867,True,3980.0
2925101176,True,40.0
2925102721,True,3695.0
2925104458,True,410.0
2925113303,False,
2925134401,False,
2925139425,True,57.0
2925161953,False,
2925168950,False,
2925174809,False,
2925178374,False,
2925178827,False,
2925178945,False,
2925179628,False,
2925180004,False,
2925180965,False,
2925203005,False,
2925203332,False,
2925232661,True,3302.0
2925235212,False,
2925243302,False,
2925244850,False,
2925245152,False,
2925248406,False,
2925259874,False,
2925285702,False,
2925286533,False,
2925294461,False,
2925295191,False,
2925299191,False,
2925304582,False,
2925304727,False,
2925309561,False,
2925311786,False,
2925313835,False,
2925317973,True,12.0
2925318964,False,
2925321223,False,
2925337303,False,
2925342477,False,
2925344214,False,
2925344650,False,
2925353890,False,
2925357190,True,16.0
2925362638,False,
2925364453,False,
2925372073,False,
2925378617,False,
2925381653,True,428.0
2925383679,False,
2925390916,True,2228.0
2925394872,False,
2925415726,True,1.0
2925441346,False,
2925443567,False,
2925443796,False,
2925447399,True,124.0
2925455100,True,1064.0
2925466670,False,
2925468685,False,
2925473230,False,
2925476102,True,124.0
2925485931,False,
2925486402,False,
2925491590,False,
2925497244,True,39.0
2925499188,True,124.0
2925500168,False,
2925502849,True,124.0
2925505519,True,1933.0
2925506575,False,
2925511063,False,
2925514241,False,
2925514572,True,62.0
2925515260,False,
2925515466,False,
2925515673,False,
2925517045,False,
2925517162,True,124.0
2925517279,True,124.0
2925520708,True,2627.0
2925521386,True,124.0
2925523749,False,
2925525683,False,
2925525716,False,
2925526689,False,
2925527633,False,
2925528873,True,52.0
2925531286,True,1868.0
2925534571,True,28634.0
2925535632,False,
2925535763,False,
2925540888,True,305.0
2925551178,False,
2925551407,False,
2925557689,True,22.0
2925565996,False,
2925568470,False,
2925568850,False,
2925569537,False,
2925570396,False,
2925572364,False,
2925572607,False,
2925578226,False,
2925578257,True,5985.0
2925583857,False,
2925588296,False,
2925589118,False,
2925591437,False,
2925607557,True,214.0
2925617033,True,124.0
2925630347,False,
2925631195,False,
2925631743,False,
2925632276,False,
2925632906,False,
2925633672,False,
2925645563,False,
2925688032,False,
2925688348,True,124.0
2925696455,True,1081.0
2925710132,False,
2925715748,False,
2925717619,False,
2925718463,True,4.0
2925729359,False,
2925738213,False,
2925740885,False,
2925753610,True,73.0
2925757059,False,
2925757195,False,
2925757309,False,
2925764808,True,6860.0
2925766483,False,
2925767024,False,
2925767654,False,
2925772218,False,
2925772836,False,
2925774305,False,
2925778059,False,
2925779272,False,
2925780768,False,
2925785498,True,910.0
2925792072,False,
2925792742,False,
2925792785,False,
2925793519,False,
2925795520,False,
2925799533,False,
2925814062,True,1740.0
2925846733,False,
2925865036,False,
2925868744,False,
2925905538,False,
2925909396,True,68.0
2925910236,False,
2925914322,False,
2925918223,True,11.0
2925935774,False,
2925939786,False,
2925941745,True,253.0
2925961733,False,
2925969706,False,
2925970396,False,
2925977008,False,
2925983844,False,
2925997615,False,
2925997888,False,
2925998921,False,
2926002550,False,
2926021227,False,
2926022149,False,
2926026243,False,
2926049897,False,
2926064652,True,4598.0
2926071030,False,
2926071253,False,
2926071465,False,
2926071702,False,
2926078376,False,
2926095144,False,
2926095637,False,
2926097961,False,
2926099334,False,
2926101167,True,32.0
2926101619,False,
2926105986,False,
2926114758,False,
2926116566,True,4.0
2926118169,False,
2926133253,True,1002.0
2926138214,False,
2926214651,False,
2926220856,True,1658.0
2926225472,False,
2926225761,False,
2926238136,True,4035.0
2926261060,False,
2926262274,False,
2926264626,False,
2926290588,False,
2926298711,False,
2926313636,False,
2926314365,False,
2926315479,False,
2926316266,False,
2926316602,False,
2926317461,False,
2926320762,True,7.0
2926326584,False,
2926327185,True,173.0
2926334952,True,156.0
2926336490,False,
2926338915,True,1112.0
2926346680,False,
2926348464,False,
2926363251,False,
2926366716,False,
2926379190,False,
2926379438,False,
2926380191,False,
2926384760,True,219.0
2926385138,False,
2926386003,False,
2926392021,False,
2926393260,False,
2926393443,False,
2926407874,False,
2926408283,False,
2926408805,False,
2926409248,False,
2926409946,False,
2926410166,False,
2926410658,False,
2926411669,False,
2926415818,False,
2926419837,True,803.0
2926423111,False,
2926426404,False,
2926426558,False,
2926427077,False,
2926434027,False,
2926434282,False,
2926434452,False,
2926434912,False,
2926435119,False,
2926435143,False,
2926435307,False,
2926435486,False,
2926435643,False,
2926436076,False,
2926436287,False,
2926436639,False,
2926436947,False,
2926437214,False,
2926444817,False,
2926457864,False,
2926461982,False,
2926462848,False,
2926464406,False,
2926487890,False,
2926533384,False,
2926612693,False,
2926615631,False,
2926637048,True,196.0
2926668774,False,
2926669463,False,
2926670036,False,
2926674243,False,
2926676168,False,
2926676999,False,
2926681119,False,
2926691229,False,
2926691778,False,
2926699316,False,
2926714436,False,
2926714520,False,
2926714621,False,
2926724658,False,
2926754077,True,124.0
2926754762,True,8212.0
2926757137,True,124.0
2926758172,False,
2926762465,False,
2926769663,False,
2926770234,False,
2926770665,False,
2926776364,False,
2926776751,False,
2926778104,True,1794.0
2926792056,True,190.0
2926793687,False,
2926793880,False,
2926794266,False,
2926808685,False,
2926814913,True,1561.0
2926816333,False,
2926832151,False,
2926837334,False,
2926902735,True,2341.0
2926938429,True,2570.0
2926988872,True,1036.0
2926995970,True,718.0
2927051400,True,413.0
2927080469,True,111.0
2927162221,False,
2927164284,False,
2927164450,False,
2927164557,False,
2927164881,False,
2927178996,False,
2927180707,False,
2927180941,False,
2927180953,False,
2927181420,False,
2927184346,False,
2927185483,False,
2927185945,False,
2927195588,False,
2927197806,False,
2927197865,True,2479.0
2927252764,True,471.0
2927270140,True,608.0
2927293329,True,4285.0
2927295337,True,883.0
2927547798,True,3261.0
2927556584,True,358.0
2927559518,True,3280.0
2927615329,False,
2927617508,False,
2927627766,False,
2927673278,False,
2927729450,False,
2927762812,False,
2927763450,False,
2927832013,False,
2927885916,False,
2927925224,True,2515.0
2928007147,False,
2928014444,True,4615.0
2928064791,True,3592.0
2928066496,True,467.0
2928071707,True,7081.0
2928181825,False,
2928187462,False,
2928187499,False,
2928187526,False,
2928187548,False,
2928187565,False,
2928187595,False,
2928190608,True,2867.0
2928191185,True,3768.0
2928191946,True,121.0
2928193835,False,
2928204344,False,
2928208418,False,
2928209013,True,3548.0
2928212083,False,
2928222821,False,
2928243443,False,
2928321313,False,
2928324212,False,
2928348919,True,4357.0
2928349008,True,4.0
2928355678,True,790.0
2928386370,False,
2928386976,False,
2928391292,False,
2928401403,True,4493.0
2928408603,False,
2928414346,False,
2928415066,False,
2928416566,True,10.0
2928422987,False,
2928429258,False,
2928442207,False,
2928452420,False,
2928458221,False,
2928464078,True,116.0
2928464367,False,
2928464564,False,
2928464843,False,
2928465515,False,
2928466013,False,
2928466108,False,
2928466830,False,
2928468114,False,
2928468148,False,
2928468918,False,
2928553323,True,3128.0
2928555219,True,3359.0
2928555575,True,106.0
2928639669,False,
2928644224,True,17.0
2928748919,True,1139.0
2928844611,False,
2928845577,True,332.0
2928847558,True,4.0
2928881771,True,9056.0
2928886549,True,726.0
2928890388,False,
2928893746,False,
2928895224,True,4837.0
2928899436,False,
2928899617,False,
2928902790,True,4978.0
2928903989,True,1328.0
2928908764,True,4078.0
2928913731,False,
2928917629,True,6390.0
2928927650,False,
2928931896,False,
2928932335,False,
2928934828,False,
2928936009,False,
2928943573,False,
2928944326,False,
2928946630,True,3390.0
2928946664,True,971.0
2928946692,True,412.0
2928946897,True,4061.0
2928948545,False,
2928952601,False,
2928952861,True,1537.0
2928953004,False,
2928953038,False,
2928953329,True,3014.0
2928956946,True,1830.0
2928956973,True,4051.0
2928957108,True,359.0
2928957204,True,4838.0
2928960185,True,4262.0
2928962348,True,3703.0
2929001336,True,1869.0
2929005058,True,8999.0
2929030287,True,124.0
2929030943,True,7464.0
2929031719,False,
2929032307,False,
2929033855,False,
2929035846,False,
2929037787,True,3155.0
2929038001,True,2304.0
2929038182,True,688.0
2929041927,True,1954.0
2929043826,True,3697.0
2929043957,True,466.0
2929045459,False,
2929047664,True,520.0
2929050182,True,6686.0
2929054798,False,
2929057608,False,
2929063699,True,1451.0
2929064290,True,6916.0
2929069192,False,
2929073620,False,
2929073949,True,582.0
2929074388,False,
2929076362,True,3902.0
2929077449,False,
2929080812,False,
2929099140,True,4199.0
2929146847,False,
2929149458,True,6326.0
2929154816,True,1039.0
2929177935,False,
2929178129,False,
2929201322,True,1807.0
2929204717,False,
2929215867,True,1712.0
2929218013,False,
2929223361,False,
2929253940,True,2183.0
2929261762,True,9994.0
2929274638,False,
2929274895,False,
2929275374,False,
2929275992,True,7377.0
2929283240,True,4635.0
2929315307,False,
2929315817,False,
2929320754,False,
2929320819,False,
2929333030,False,
2929380154,False,
2929394534,False,
2929397612,False,
2929488844,True,472.0
2929514641,False,
2929521931,False,
2929525180,False,
2929536506,True,4918.0
2929610897,False,
2929636684,False,
2929670661,False,
2929707356,True,2387.0
2929707615,False,
2929712717,False,
2929726031,True,2657.0
2929728437,False,
2929728547,False,
2929730771,False,
2929732663,False,
2929741806,False,
2929769286,False,
2929770393,True,4.0
2930021763,True,253.0
2930025355,False,
2930079576,True,1454.0
2930079628,True,1163.0
2930079646,True,1234.0
2930116344,True,207.0
2930116819,True,1916.0
2930131934,True,1655.0
2930137290,True,1977.0
2930140007,True,103.0
2930312795,False,
2930314533,True,3910.0
2930314896,True,388.0
2930316585,False,
2930320830,True,5.0
2930323444,True,5334.0
2930330217,False,
2930336192,False,
2930337972,False,
2930338225,False,
2930338678,False,
2930338981,False,
2930339096,False,
2930339252,False,
2930339409,False,
2930341744,False,
2930342335,False,
2930342587,False,
2930342639,False,
2930342738,False,
2930342902,False,
2930345542,False,
2930346233,False,
2930367741,True,124.0
2930378869,True,2506.0
2930379264,True,8463.0
2930387510,False,
2930389349,False,
2930394485,False,
2930405634,True,1535.0
2930408851,True,124.0
2930416710,True,37.0
2930424359,False,
2930424464,False,
2930437640,True,3573.0
2930440197,False,
2930440249,True,345.0
2930441200,False,
2930448542,False,
2930448592,False,
2930450816,False,
2930453244,False,
2930453300,False,
2930459165,True,221.0
2930462651,False,
2930466028,False,
2930466120,False,
2930468001,False,
2930472015,False,
2930476458,False,
2930479218,False,
2930480439,False,
2930480532,False,
2930482723,False,
2930490704,False,
2930500859,False,
2930510038,True,1400.0
2930537566,True,4.0
2930543056,False,
2930546407,True,282.0
2930549037,False,
2930557529,False,
2930559123,False,
2930559602,False,
2930559974,True,4.0
2930562000,False,
2930564792,False,
2930565825,True,448.0
2930567040,False,
2930569695,False,
2930570138,False,
2930573039,False,
2930583986,False,
2930584723,False,
2930586141,False,
2930589115,False,
2930591076,False,
2930597006,False,
2930598772,False,
2930598773,False,
2930599499,False,
2930604845,True,4.0
2930607928,False,
2930735917,True,755.0
2930736921,False,
2930739116,False,
2930742454,False,
2930747031,False,
2930753986,False,
2930754631,False,
2930755338,True,4.0
2930755536,False,
2930755891,False,
2930756171,False,
2930762386,False,
2930769328,False,
2930775069,False,
2930800150,True,13.0
2930801231,False,
2930817007,True,3238.0
2930822490,True,4.0
2930822717,True,21253.0
2930836128,False,
2930845264,False,
2930847004,False,
2930925098,True,4601.0
2930931901,True,6.0
2930934925,False,
2930945165,False,
2930954766,True,79.0
2930955851,True,1906.0
2930963502,True,1657.0
2930967267,False,
2930969294,True,12.0
2931014258,True,2698.0
2931018017,True,4.0
2931020666,True,9.0
2931057966,False,
2931061889,True,327.0
2931062256,False,
2931063765,False,
2931064133,False,
2931095885,False,
2931131624,False,
2931175299,False,
2931178175,False,
2931190563,True,4442.0
2931197482,False,
2931198958,False,
2931203124,False,
2931206766,False,
2931207627,True,4.0
2931248733,False,
2931261026,False,
2931261259,False,
2931261481,False,
2931270017,False,
2931272803,False,
2931273157,False,
2931274371,False,
2931275566,False,
2931282777,False,
2931303400,True,8.0
2931355748,False,
2931357631,False,
2931413433,False,
2931425840,False,
2931469652,False,
2931541033,False,
2931547743,False,
2931561916,False,
2931586208,False,
2931600630,False,
2931715472,False,
2931715808,False,
2931716176,False,
2931716452,False,
2931716527,False,
2931716576,False,
2931716975,False,
2931717310,False,
2931717488,False,
2931717701,False,
2931718107,False,
2931718279,False,
2931718469,False,
2931718834,False,
2931744752,False,
2931794333,True,39.0
2931811728,False,
2931822836,False,
2931834371,False,
2931858894,False,
2931925697,False,
2931934586,True,95.0
2932007602,False,
2932011422,False,
2932046755,False,
2932083610,False,
2932092702,False,
2932093385,False,
2932093838,False,
2932094342,False,
2932106815,True,56.0
2932116156,False,
2932134181,True,4360.0
2932146940,False,
2932204929,False,
2932206514,False,
2932218457,False,
2932219340,False,
2932219934,False,
2932220483,False,
2932221082,False,
2932221598,False,
2932222177,False,
2932245461,False,
2932292933,False,
2932296309,True,1728.0
2932303303,True,1084.0
2932307977,False,
2932312561,False,
2932323386,False,
2932324858,False,
2932335341,False,
2932336867,False,
2932347142,False,
2932350197,True,124.0
2932361418,False,
2932364837,False,
2932365296,False,
2932365506,True,41.0
2932367313,False,
2932369943,False,
2932371025,True,3631.0
2932371055,False,
2932374422,True,576.0
2932384463,False,
2932385662,False,
2932390424,False,
2932391421,True,124.0
2932393429,False,
2932404205,False,
2932405227,True,1032.0
2932412743,False,
2932413840,False,
2932415788,False,
2932417934,False,
2932432963,False,
2932438281,False,
2932444513,False,
2932453103,True,2773.0
2932454704,False,
2932461035,False,
2932499757,True,701.0
2932508626,True,1467.0
2932517515,False,
2932526308,True,6340.0
2932527882,False,
2932536393,False,
2932545373,False,
2932549985,False,
2932551691,True,124.0
2932553742,True,4.0
2932554825,True,124.0
2932598746,True,39.0
2932606094,False,
2932606966,False,
2932609460,True,1327.0
2932628389,False,
2932634546,True,298.0
2932636055,False,
2932636502,False,
2932636926,False,
2932641811,False,
2932652350,False,
2932653032,False,
2932654795,True,124.0
2932655164,False,
2932666718,False,
2932670968,False,
2932678777,False,
2932680520,True,47.0
2932682862,False,
2932684298,False,
2932686713,True,37.0
2932694134,False,
2932695434,False,
2932695865,False,
2932696359,False,
2932705130,True,4.0
2932708716,False,
2932710004,False,
2932719775,False,
2932728214,False,
2932731892,False,
2932733292,False,
2932735461,False,
2932739858,False,
2932748398,False,
2932755995,False,
2932762034,False,
2932777616,True,124.0
2932778712,False,
2932780812,False,
2932783414,False,
2932784332,False,
2932787725,False,
2932792854,False,
2932795451,False,
2932797339,False,
2932812761,True,124.0
2932813109,False,
2932827769,True,339.0
2932830984,False,
2932832544,False,
2932842462,False,
2932845455,False,
2932846523,False,
2932851289,False,
2932855540,False,
2932862176,False,
2932882976,False,
2932902832,False,
2932908579,False,
2932909421,False,
2932910447,False,
2932910819,False,
2932913581,False,
2932916728,False,
2932916761,False,
2932917626,False,
2932922748,False,
2932930405,False,
2932946281,True,30.0
2932947370,False,
2932968043,True,2425.0
2932980908,False,
2932983572,False,
2932987833,False,
2932992074,False,
2932993190,False,
2933002560,False,
2933008745,True,2912.0
2933016407,False,
2933020290,False,
2933026216,False,
2933033065,False,
2933038023,False,
2933038306,False,
2933040488,False,
2933045725,True,21.0
2933056553,False,
2933063836,False,
2933069085,False,
2933077928,False,
2933092908,True,4299.0
2933109665,True,2069.0
2933125685,True,4.0
2933129716,False,
2933132559,False,
2933138259,False,
2933142869,False,
2933148562,False,
2933161713,True,4.0
2933164606,False,
2933166229,False,
2933167144,True,2569.0
2933173429,False,
2933182214,False,
2933199901,False,
2933201013,False,
2933211193,True,2231.0
2933216363,False,
2933218172,False,
2933219681,True,124.0
2933226259,False,
2933231987,True,893.0
2933234115,True,43.0
2933235235,False,
2933237792,True,799.0
2933244411,False,
2933246541,True,832.0
2933253124,True,4.0
2933253807,False,
2933273723,True,2084.0
2933279063,True,2356.0
2933299148,False,
2933302626,False,
2933311311,False,
2933315857,True,1482.0
2933324044,True,39.0
2933363566,False,
2933364376,True,909.0
2933377270,False,
2933379420,False,
2933379890,False,
2933392678,False,
2933393876,False,
2933395099,False,
2933396457,False,
2933402792,False,
2933409115,False,
2933430773,False,
2933431914,False,
2933433513,False,
2933433532,False,
2933435567,False,
2933438743,True,2816.0
2933439673,False,
2933441963,False,
2933443422,True,189.0
2933456698,False,
2933458898,True,2859.0
2933460235,False,
2933461163,False,
2933465877,False,
2933466117,False,
2933466196,False,
2933474207,True,46.0
2933480054,False,
2933500177,True,9.0
2933510700,True,26.0
2933512209,False,
2933515412,True,124.0
2933528441,False,
2933529590,False,
2933534386,False,
2933539451,False,
2933547191,False,
2933568381,False,
2933573342,False,
2933583759,False,
2933586084,False,
2933588188,True,48.0
2933588628,False,
2933588884,False,
2933595585,False,
2933600173,False,
2933600694,True,124.0
2933606892,False,
2933613348,False,
2933615673,False,
2933617482,False,
2933619048,False,
2933623057,False,
2933629245,False,
2933630182,False,
2933632523,True,724.0
2933632566,True,2961.0
2933633052,False,
2933636096,True,935.0
2933636912,True,710.0
2933638818,True,2995.0
2933641621,True,126.0
2933642003,False,
2933643841,False,
2933652455,False,
2933654279,True,124.0
2933656297,True,53.0
2933663089,False,
2933664390,False,
2933671402,False,
2933671984,False,
2933683308,False,
2933707566,True,72.0
2933716916,False,
2933719468,False,
2933724442,True,1076.0
2933725223,True,19.0
2933726073,False,
2933737635,True,57.0
2933739571,False,
2933740416,True,104.0
2933743963,True,1373.0
2933746167,False,
2933746281,False,
2933748945,False,
2933756276,False,
2933756379,True,46.0
2933756600,False,
2933758277,False,
2933760251,False,
2933774157,True,984.0
2933778502,False,
2933792210,False,
2933794450,True,4993.0
2933799834,False,
2933800760,False,
2933803103,False,
2933807706,False,
2933819545,False,
2933820317,False,
2933820328,False,
2933820335,False,
2933822151,True,1064.0
2933822898,False,
2933839156,True,1064.0
2933843828,True,2031.0
2933849749,False,
2933856496,False,
2933856846,True,1064.0
2933872866,False,
2933880125,False,
2933886086,True,4372.0
2933886232,False,
2933887780,True,353.0
2933888269,True,7209.0
2933888562,True,6049.0
2933894046,True,1566.0
2933897175,False,
2933900584,True,80.0
2933906107,False,
2933908303,False,
2933911115,False,
2933916156,False,
2933920935,False,
2933921822,False,
2933922112,False,
2933923446,True,2443.0
2933929064,False,
2933929554,False,
2933930093,True,440.0
2933930404,True,486.0
2933931044,True,4385.0
2933931238,True,126.0
2933953542,True,4592.0
2933955671,True,263.0
2933956696,True,820.0
2933957516,True,284.0
2933958713,True,126.0
2933960382,False,
2933961248,False,
2933961862,False,
2933962013,False,
2933962605,False,
2933963321,False,
2933963428,True,1580.0
2933963829,True,779.0
2933963908,True,676.0
2933965039,True,126.0
2933965365,False,
2933968977,False,
2933969113,False,
2933969268,False,
2933969453,False,
2933970914,True,6499.0
2933989146,True,220.0
2934003246,False,
2934025186,False,
2934030171,False,
2934032747,False,
2934036859,False,
2934038640,False,
2934046288,False,
2934054070,False,
2934075696,False,
2934084112,False,
2934084329,False,
2934090326,True,4.0
2934091238,False,
2934096911,False,
2934097340,True,1.0
2934098482,False,
2934125816,True,1008.0
2934128068,False,
2934128071,True,2618.0
2934139289,False,
2934139395,False,
2934139501,False,
2934139634,False,
2934142347,True,4.0
2934150168,False,
2934153752,False,
2934154340,False,
2934156389,False,
2934156577,False,
2934167851,False,
2934168550,True,218.0
2934187191,False,
2934187552,False,
2934190336,True,4.0
2934194046,False,
2934198245,False,
2934204585,False,
2934216754,False,
2934229143,True,3994.0
2934231169,True,229.0
2934243030,True,159.0
2934243956,False,
2934265774,True,12.0
2934269018,True,954.0
2934290329,False,
2934294236,True,930.0
2934297723,False,
2934320669,False,
2934329064,True,50.0
2934332247,False,
2934333114,False,
2934333764,True,50.0
2934335113,True,50.0
2934336549,True,411.0
2934356141,True,66.0
2934363121,False,
2934368397,False,
2934372919,False,
2934382805,False,
2934390435,False,
2934390593,False,
2934402003,False,
2934402148,False,
2934406513,False,
2934408070,False,
2934410009,False,
2934414580,False,
2934421221,False,
2934422633,False,
2934426449,False,
2934428561,False,
2934429641,True,236.0
2934452325,False,
2934460197,False,
2934466348,False,
2934474018,True,59.0
2934475266,True,2077.0
2934479096,True,1533.0
2934479925,True,2277.0
2934514801,True,313.0
2934521649,False,
2934529920,False,
2934531863,False,
2934548834,True,61.0
2934554479,False,
2934568730,True,4961.0
2934569110,True,3028.0
2934571185,False,
2934578873,True,5.0
2934651073,True,10.0
2934688343,False,
2934707418,False,
2934709404,True,54.0
2934712347,False,
2934752553,False,
2934763770,False,
2934782791,False,
2934797063,True,543.0
2934823005,True,33.0
2934823808,False,
2934847269,False,
2934861853,False,
2934879883,False,
2934880373,False,
2934889223,True,370.0
2934895391,True,2.0
2934905892,False,
2934906297,False,
2934906699,False,
2934932058,True,1759.0
2934944039,False,
2934946027,False,
2934989645,False,
2935005127,False,
2935016718,False,
2935042548,False,
2935043010,False,
2935069371,False,
2935098034,False,
2935111737,False,
2935158462,False,
2935182573,False,
2935280679,True,4028.0
2935282208,True,514.0
2935286835,False,
2935290757,False,
2935300450,False,
2935305175,True,1237.0
2935320353,False,
2935322123,False,
2935322961,False,
2935324014,False,
2935324626,False,
2935326841,False,
2935335731,True,11942.0
2935346820,False,
2935351478,False,
2935357803,False,
2935378977,False,
2935389872,False,
2935431272,False,
2935439061,True,1065.0
2935535671,False,
2935553660,False,
2935582701,False,
2935584709,False,
2935585138,False,
2935644761,True,3819.0
2935648347,False,
2935650160,True,390.0
2935658091,True,2008.0
2935659184,False,
2935663428,False,
2935687726,False,
2935692904,True,2552.0
2935719134,False,
2935722941,False,
2935725023,False,
2935728469,False,
2935755247,False,
2935762329,False,
2935803472,False,
2935805165,False,
2935825505,False,
2935840875,False,
2935841804,False,
2935843003,False,
2935843020,False,
2935859690,False,
2935866857,False,
2935867594,False,
2935874775,False,
2935891178,True,277.0
2935901647,False,
2935910037,True,1737.0
2935916492,False,
2935919144,True,452.0
2935925369,True,45.0
2935932577,False,
2935934489,False,
2935935716,True,1889.0
2935937352,False,
2935946360,False,
2935954867,False,
2935955610,False,
2935957307,False,
2935961616,False,
2935970997,False,
2935975291,True,2537.0
2935983522,False,
2935987520,False,
2936002998,False,
2936006436,False,
2936013690,True,159.0
2936024470,False,
2936045180,False,
2936052347,True,8.0
2936059727,False,
2936063925,True,8.0
2936067390,False,
2936073576,False,
2936075346,False,
2936077227,False,
2936084794,False,
2936085180,False,
2936091865,False,
2936101704,False,
2936110805,False,
2936113306,True,1837.0
2936114789,False,
2936117373,False,
2936129032,False,
2936136364,False,
2936139067,False,
2936147143,False,
2936156208,False,
2936160713,False,
2936170913,False,
2936185246,False,
2936189676,False,
2936198739,False,
2936232986,False,
2936236947,False,
2936252913,False,
2936254727,False,
2936262813,False,
2936262869,False,
2936268431,False,
2936270605,False,
2936278233,False,
2936278748,False,
2936294663,True,5054.0
2936307029,False,
2936311330,False,
2936361329,False,
2936362350,True,15.0
2936363799,False,
2936380834,True,1959.0
2936381907,True,1145.0
2936382632,False,
2936383322,False,
2936383979,False,
2936390855,False,
2936392689,False,
2936392975,False,
2936401459,False,
2936452521,True,1036.0
2936455835,True,6883.0
2936484161,False,
2936493661,False,
2936500519,True,179.0
2936559899,True,90.0
2936593878,True,95.0
2936594072,False,
2936601535,False,
2936607358,False,
2936625426,False,
2936625862,True,82.0
2936628855,False,
2936631014,False,
2936631098,True,1396.0
2936631260,False,
2936632079,False,
2936634526,False,
2936644663,False,
2936645032,True,82.0
2936650108,True,380.0
2936652349,True,84.0
2936652954,False,
2936653656,False,
2936654131,False,
2936654479,False,
2936658051,False,
2936658735,False,
2936663778,True,4.0
2936690576,False,
2936703915,False,
2936725879,False,
2936729863,False,
2936734698,False,
2936741120,False,
2936741535,False,
2936742141,False,
2936746394,False,
2936755065,False,
2936766628,False,
2936788104,True,1847.0
2936794308,True,1049.0
2936806675,True,3462.0
2936809771,False,
2936814674,False,
2936822908,False,
2936824787,False,
2936834256,False,
2936838508,True,37.0
2936840364,False,
2936852057,False,
2936856205,True,75.0
2936856503,False,
2936889091,False,
2936950291,False,
2936968752,False,
2936974675,False,
2936978344,True,1452.0
2936983140,False,
2936984714,True,4.0
2936987971,False,
2936989156,True,221.0
2936991273,False,
2936994925,False,
2936999690,False,
2937002632,False,
2937013228,True,297.0
2937017275,True,227.0
2937037793,False,
2937040007,True,1.0
2937041860,False,
2937047181,False,
2937052237,False,
2937079729,True,1.0
2937087296,True,4.0
2937091269,False,
2937115536,False,
2937157776,False,
2937175465,False,
2937194499,False,
2937237941,True,285.0
2937242971,False,
2937252503,False,
2937254418,False,
2937271888,False,
2937282404,False,
2937294173,True,2693.0
2937294211,False,
2937300648,False,
2937305470,True,4.0
2937315614,False,
2937321443,False,
2937321726,False,
2937322065,False,
2937322066,True,3992.0
2937322287,False,
2937322493,False,
2937322639,False,
2937322821,False,
2937323005,False,
2937323128,False,
2937323447,False,
2937323604,False,
2937325823,False,
2937326989,False,
2937329872,False,
2937334584,True,272.0
2937340814,True,948.0
2937346010,False,
2937347993,False,
2937352872,False,
2937355243,False,
2937356260,False,
2937359506,False,
2937360083,False,
2937366224,True,45.0
2937374585,True,143.0
2937379143,True,5078.0
2937379281,True,100.0
2937379384,False,
2937381001,True,75.0
2937384717,True,30.0
2937386448,True,2958.0
2937390958,True,56.0
2937392369,False,
2937395847,True,135.0
2937398293,False,
2937398597,False,
2937398990,False,
2937401715,False,
2937402582,False,
2937402882,False,
2937403017,False,
2937403115,False,
2937403372,False,
2937403514,False,
2937404095,False,
2937408082,False,
2937410432,False,
2937410580,False,
2937410707,False,
2937410841,False,
2937411020,False,
2937411202,False,
2937411709,False,
2937414161,False,
2937416250,False,
2937419685,False,
2937425574,True,786.0
2937425986,True,1388.0
2937427549,False,
2937429330,False,
2937432961,True,210.0
2937442703,True,991.0
2937449370,False,
2937450241,True,990.0
2937450811,False,
2937451893,False,
2937456098,False,
2937456237,False,
2937456377,False,
2937456824,False,
2937460768,False,
2937464470,False,
2937465502,False,
2937467236,False,
2937470435,True,50.0
2937471383,False,
2937478349,True,2430.0
2937480434,False,
2937484073,True,1558.0
2937484181,False,
2937488893,True,1064.0
2937491443,False,
2937492834,False,
2937503173,False,
2937515530,True,1249.0
2937515872,False,
2937516763,True,4663.0
2937529241,True,97.0
2937533988,False,
2937535626,False,
2937543130,True,112.0
2937548105,False,
2937553102,False,
2937554093,False,
2937554892,True,10.0
2937571952,True,3563.0
2937573665,True,259.0
2937576093,True,1888.0
2937600705,False,
2937607236,False,
2937609914,False,
2937614230,True,3448.0
2937614374,True,570.0
2937615135,True,239.0
2937616006,True,1503.0
2937617488,False,
2937618075,False,
2937619315,True,1064.0
2937619903,True,50.0
2937620162,True,50.0
2937625879,True,1404.0
2937627453,False,
2937627478,False,
2937627844,False,
2937628005,False,
2937632802,False,
2937632871,False,
2937633852,True,1438.0
2937635890,True,4031.0
2937636967,False,
2937637256,False,
2937639234,False,
2937646067,False,
2937646224,False,
2937659506,True,1950.0
2937671217,False,
2937673248,False,
2937675012,True,2186.0
2937678400,False,
2937689763,False,
2937693113,True,175.0
2937695940,False,
2937728344,False,
2937762544,False,
2937808512,False,
2937812676,False,
2937852209,False,
2937866959,True,4.0
2937883005,False,
2937883806,False,
2937885466,False,
2937894424,False,
2937899839,False,
2937900609,False,
2937900662,False,
2937909048,False,
2937922212,False,
2937971080,False,
2937980258,False,
2937993185,False,
2937993396,True,4.0
2937994686,False,
2938000958,False,
2938007182,False,
2938016451,True,8.0
2938017308,True,303.0
2938027812,True,3703.0
2938029109,True,532.0
2938048462,True,4.0
2938061236,True,858.0
2938063010,False,
2938064956,False,
2938083398,False,
2938091798,True,4.0
2938100895,False,
2938114493,False,
2938173836,True,271.0
2938175733,False,
2938179649,False,
2938190354,False,
2938199953,True,1.0
2938206809,False,
2938210618,False,
2938212971,False,
2938218160,True,46.0
2938223637,True,1.0
2938236524,True,82.0
2938260490,False,
2938268476,False,
2938271632,False,
2938279788,False,
2938287132,False,
2938288951,False,
2938291863,False,
2938292904,False,
2938295845,False,
2938298838,False,
2938306966,False,
2938312579,False,
2938320845,False,
2938344881,False,
2938351733,False,
2938352434,False,
2938364133,False,
2938368360,False,
2938368709,False,
2938370782,False,
2938386921,False,
2938391257,False,
2938400011,False,
2938401737,True,27.0
2938401793,False,
2938419535,True,61.0
2938427913,False,
2938443006,True,2129.0
2938444241,True,3294.0
2938444891,False,
2938455145,False,
2938455980,False,
2938456217,True,1.0
2938464039,False,
2938474809,True,44.0
2938478755,False,
2938483024,True,50.0
2938486326,False,
2938494249,True,3366.0
2938499631,False,
2938539199,False,
2938552991,False,
2938557133,False,
2938574784,False,
2938614083,False,
2938614363,False,
2938620349,True,293.0
2938631522,True,92.0
2938643525,False,
2938644395,False,
2938649014,True,1598.0
2938662380,False,
2938665955,False,
2938779994,False,
2938788077,False,
2938800996,False,
2938816265,False,
2938828931,False,
2938877835,False,
2938893836,True,7533.0
2938904868,False,
2938905256,False,
2938905686,False,
2938912622,False,
2938929885,False,
2938931278,False,
2938932090,True,261.0
2938951549,True,97.0
2938953820,True,13.0
2938954725,False,
2938961791,False,
2938983856,True,2.0
2938993342,False,
2938998790,False,
2939008721,False,
2939011164,False,
2939030592,False,
2939039120,True,630.0
2939039327,True,997.0
2939042220,False,
2939048859,False,
2939069850,False,
2939076149,False,
2939076251,False,
2939076349,False,
2939084145,False,
2939086084,False,
2939086677,False,
2939087516,False,
2939087944,False,
2939088426,False,
2939102224,False,
2939109507,False,
2939118933,False,
2939125146,False,
2939139727,False,
2939143580,True,182.0
2939147213,False,
2939149182,False,
2939149708,False,
2939150624,False,
2939151140,False,
2939151656,False,
2939152171,False,
2939152729,False,
2939161142,False,
2939178079,True,25.0
2939191225,False,
2939196639,False,
2939209779,False,
2939222447,False,
2939250550,True,3204.0
2939250623,True,765.0
2939266844,True,118.0
2939271682,False,
2939275278,True,73.0
2939296629,False,
2939297067,False,
2939303123,False,
2939360388,False,
2939362564,False,
2939394350,False,
2939408123,True,138.0
2939409919,False,
2939413622,False,
2939419655,False,
2939420134,False,
2939432570,False,
2939479008,False,
2939493633,False,
2939528681,True,3375.0
2939537693,True,3652.0
2939543518,False,
2939554561,False,
2939559725,False,
2939561384,False,
2939561806,False,
2939562175,False,
2939562515,False,
2939562882,False,
2939563074,False,
2939563352,False,
2939563790,False,
2939563806,False,
2939567145,False,
2939567757,False,
2939569339,False,
2939569703,False,
2939570741,False,
2939571377,False,
2939575158,False,
2939576373,False,
2939577215,False,
2939580907,False,
2939599477,False,
2939599946,False,
2939600342,False,
2939603093,True,162.0
2939608486,False,
2939663728,False,
2939664668,True,1728.0
2939677498,True,2435.0
2939692253,False,
2939723522,False,
2939726249,True,9.0
2939733157,False,
2939733942,False,
2939734642,False,
2939736014,False,
2939736327,False,
2939737329,False,
2939738449,False,
2939743368,False,
2939745410,False,
2939747305,False,
2939749778,False,
2939757950,False,
2939768771,False,
2939769948,False,
2939806485,False,
2939812406,False,
2939814618,False,
2939824324,False,
2939826553,False,
2939832568,False,
2939844664,True,153.0
2939854097,False,
2939864262,False,
2939880691,False,
2939883819,False,
2939893599,False,
2939898974,False,
2939901535,False,
2939929947,True,4.0
2939933484,False,
2939944256,True,1549.0
2939946024,False,
2939946928,False,
2939952812,False,
2939953142,False,
2939953665,False,
2939954260,False,
2939967992,False,
2939972939,False,
2939973411,False,
2939973842,False,
2939980057,False,
2939990485,False,
2939996476,False,
2939998154,False,
2940003671,False,
2940009674,False,
2940010338,True,2105.0
2940020426,False,
2940025707,False,
2940027774,False,
2940029434,True,1482.0
2940036193,False,
2940037784,False,
2940045710,True,4.0
2940047079,False,
2940052718,True,935.0
2940053156,False,
2940068971,False,
2940069064,False,
2940075625,False,
2940080964,True,4.0
2940100289,False,
2940106778,False,
2940124182,False,
2940127971,False,
2940129421,False,
2940130898,False,
2940133005,False,
2940142418,False,
2940143489,False,
2940144366,False,
2940147194,False,
2940156106,False,
2940158338,False,
2940160826,False,
2940162871,False,
2940166375,False,
2940169632,False,
2940170914,False,
2940173599,False,
2940176222,False,
2940199261,True,4.0
2940214266,False,
2940240521,True,4.0
2940260876,False,
2940262316,True,4.0
2940284631,False,
2940296094,True,4.0
2940297352,False,
2940303430,True,1657.0
2940308224,True,11.0
2940311649,False,
2940312816,False,
2940338831,False,
2940341514,True,52.0
2940349040,False,
2940373281,True,105.0
2940386596,True,4.0
2940404230,True,119.0
2940414259,False,
2940431714,False,
2940438647,True,4.0
2940460695,False,
2940470027,False,
2940475725,True,4.0
2940488162,False,
2940489439,False,
2940492098,False,
2940509808,False,
2940512894,False,
2940539356,False,
2940557746,False,
2940562160,False,
2940571581,True,28.0
2940573846,True,62.0
2940574697,True,136.0
2940584990,False,
2940587074,False,
2940588656,False,
2940589965,True,1141.0
2940590352,True,151.0
2940601236,False,
2940604747,False,
2940610978,False,
2940626773,False,
2940638427,False,
2940684837,True,1592.0
2940687759,False,
2940721487,False,
2940730119,True,336.0
2940730751,False,
2940731618,False,
2940733601,False,
2940738819,False,
2940739120,False,
2940758526,False,
2940762786,False,
2940764799,False,
2940766366,False,
2940776526,False,
2940779348,False,
2940782437,False,
2940782874,False,
2940782922,False,
2940792339,False,
2940792501,False,
2940800034,False,
2940840458,False,
2940896008,False,
2940914882,False,
2940915789,False,
2940924445,False,
2940926534,False,
2940929452,False,
2940933440,False,
2940934264,False,
2940935235,False,
2940943785,True,94.0
2940976936,True,733.0
2940978953,True,1878.0
2940979362,True,1686.0
2940980769,True,2131.0
2941007298,False,
2941024517,True,40.0
2941037368,True,3586.0
2941078439,True,4.0
2941084633,False,
2941101371,True,4.0
2941118227,True,325.0
2941123606,True,85.0
2941126981,True,101.0
2941131660,False,
2941142516,False,
2941143799,False,
2941145125,False,
2941151886,False,
2941164308,False,
2941176947,False,
2941183806,False,
2941186063,False,
2941193324,False,
2941193464,False,
2941193601,False,
2941193728,False,
2941205502,True,2195.0
2941218466,True,4.0
2941248503,True,5.0
2941248695,False,
2941249815,False,
2941271935,True,4.0
2941306357,True,26180.0
2941308017,True,61.0
2941312345,True,4.0
2941319218,False,
2941321567,False,
2941333366,False,
2941336746,False,
2941337619,False,
2941339120,True,1316.0
2941339687,False,
2941339714,False,
2941342175,True,6196.0
2941343418,False,
2941347245,False,
2941347340,True,1892.0
2941387332,True,4.0
2941434641,True,4154.0
2941436537,True,964.0
2941439316,True,836.0
2941445002,False,
2941450740,False,
2941471350,False,
2941471370,False,
2941471487,False,
2941473608,False,
2941512579,True,951.0
2941513646,True,2716.0
2941550815,True,13.0
2941565229,False,
2941572096,False,
2941578435,False,
2941589526,True,1078.0
2941606073,False,
2941619612,False,
2941620964,False,
2941623669,False,
2941636515,False,
2941637444,False,
2941639895,False,
2941642800,False,
2941649662,False,
2941651029,True,4.0
2941662657,False,
2941681438,False,
2941681705,False,
2941710538,False,
2941712583,True,1.0
2941717064,True,4.0
2941717606,True,4.0
2941729894,True,20.0
2941736904,False,
2941739248,False,
2941743411,False,
2941746207,False,
2941747363,False,
2941748485,False,
2941748660,False,
2941748889,False,
2941749358,False,
2941750362,False,
2941751874,False,
2941756370,False,
2941757979,False,
2941767240,False,
2941786259,False,
2941786449,False,
2941787391,True,4.0
2941790525,False,
2941798025,False,
2941816246,False,
2941823409,False,
2941826497,False,
2941826706,False,
2941835181,False,
2941841592,False,
2941848903,False,
2941862258,False,
2941862610,False,
2941876890,False,
2941885053,False,
2941896012,True,1160.0
2941906960,True,809.0
2941907344,False,
2941913470,True,13.0
2941926659,True,881.0
2941930812,True,1683.0
2941933739,True,226.0
2941936871,True,5471.0
2941937264,False,
2941970231,False,
2941985199,False,
2941985597,False,
2941989892,False,
2941992759,True,224.0
2942000325,False,
2942003435,False,
2942005327,False,
2942005363,False,
2942005997,True,407.0
2942018214,False,
2942018409,False,
2942018595,False,
2942048904,True,4245.0
2942052194,True,409.0
2942089988,True,1656.0
2942109533,True,647.0
2942149449,True,48.0
2942155124,False,
2942171523,True,53751.0
2942214755,False,
2942222797,True,82.0
2942236709,False,
2942240806,False,
2942247193,False,
2942275218,False,
2942288098,False,
2942302605,True,2016.0
2942306906,True,21.0
2942306958,False,
2942308141,True,13457.0
2942318242,False,
2942318577,False,
2942318937,False,
2942335774,False,
2942406237,False,
2942409364,True,67.0
2942410731,False,
2942420200,False,
2942431204,False,
2942453179,False,
2942453490,False,
2942453890,False,
2942454328,False,
2942460376,True,2225.0
2942460606,True,430.0
2942487644,False,
2942487969,False,
2942488266,False,
2942488612,False,
2942488978,False,
2942500513,False,
2942517117,False,
2942530137,False,
2942545290,True,3410.0
2942552601,False,
2942561166,False,
2942566531,False,
2942570725,False,
2942572196,False,
2942579732,True,15.0
2942596722,True,1576.0
2942597408,False,
2942606913,False,
2942607297,True,1679.0
2942609511,False,
2942627978,False,
2942644080,True,61.0
2942673429,True,282.0
2942695757,True,200.0
2942706280,True,3391.0
2942740076,True,303.0
2942784978,False,
2942793809,False,
2942799766,False,
2942812896,False,
2942813256,True,2051.0
2942837994,False,
2942846475,True,421.0
2942856525,True,3878.0
2942858407,True,1786.0
2942861455,False,
2942864001,False,
2942871220,False,
2942883827,False,
2942888274,False,
2942892421,False,
2942900370,False,
2942904320,False,
2942946301,False,
2942963864,True,1778.0
2942970452,True,59.0
2942994748,False,
2943002639,True,240.0
2943004475,False,
2943065013,False,
2943103496,False,
2943117326,False,
2943184511,False,
2943196372,False,
2943268058,False,
2943277632,True,81.0
2943283662,False,
2943340459,True,693.0
2943341708,True,1066.0
2943359682,False,
2943365803,False,
2943365951,False,
2943371131,False,
2943394304,False,
2943429944,False,
2943469941,False,
2943476408,False,
2943476935,False,
2943486588,False,
2943496765,False,
2943510190,False,
2943519719,True,1760.0
2943523459,False,
2943529396,True,105.0
2943545800,False,
2943549607,False,
2943551742,False,
2943558638,False,
2943558706,False,
2943560191,False,
2943562106,False,
2943565441,False,
2943566721,False,
2943566870,True,1757.0
2943569470,False,
2943569506,False,
2943569719,False,
2943570694,True,6.0
2943574328,False,
2943578219,True,3368.0
2943599228,False,
2943601549,False,
2943611186,False,
2943611225,False,
2943616126,False,
2943618387,False,
2943619112,False,
2943619257,False,
2943623949,False,
2943625474,True,114.0
2943629254,True,83.0
2943631967,False,
2943637350,False,
2943637571,False,
2943638387,False,
2943639699,False,
2943641935,False,
2943671407,True,4.0
2943672406,False,
2943672410,False,
2943676218,False,
2943676612,False,
2943683505,False,
2943691900,False,
2943692261,False,
2943703248,False,
2943703499,False,
2943703705,False,
2943703918,False,
2943704138,False,
2943713675,False,
2943715700,False,
2943716570,False,
2943721286,True,1942.0
2943726705,False,
2943732545,False,
2943734947,False,
2943739993,False,
2943740211,False,
2943742434,False,
2943742477,False,
2943743410,False,
2943743958,False,
2943744509,False,
2943747437,False,
2943749219,False,
2943749644,False,
2943752197,True,1690.0
2943754082,True,58.0
2943758476,True,1650.0
2943763093,True,1823.0
2943796601,False,
2943812169,False,
2943820458,False,
2943820760,True,8.0
2943827095,False,
2943832489,False,
2943843106,False,
2943843329,True,4238.0
2943846546,False,
2943851183,False,
2943855249,False,
2943860965,True,1825.0
2943864179,True,153.0
2943884057,True,1938.0
2943886096,False,
2943898269,True,65.0
2943899949,False,
2943904473,False,
2943910980,False,
2943917505,False,
2943918908,True,3937.0
2943926389,False,
2943929015,False,
2943929906,True,3731.0
2943936532,False,
2943939638,False,
2943962245,False,
2943964905,True,819.0
2943977068,False,
2943981640,False,
2944002931,False,
2944005115,False,
2944008571,False,
2944013720,True,2112.0
2944015337,False,
2944016824,False,
2944032273,True,1824.0
2944033235,False,
2944035563,False,
2944038059,True,39.0
2944038232,False,
2944038992,True,1026.0
2944039329,True,409.0
2944039342,True,1647.0
2944039918,True,1613.0
2944042038,False,
2944044577,False,
2944049366,False,
2944057397,False,
2944057946,True,144.0
2944070137,False,
2944070191,False,
2944070244,False,
2944070286,False,
2944070326,False,
2944070784,True,1769.0
2944078074,False,
2944078086,False,
2944087203,False,
2944091734,False,
2944100415,False,
2944113694,False,
2944115480,False,
2944116460,True,2208.0
2944119023,False,
2944119814,True,3712.0
2944120622,True,327.0
2944121350,False,
2944121380,True,267.0
2944123703,True,2716.0
2944125852,True,1613.0
2944126430,False,
2944126525,False,
2944126961,False,
2944127409,False,
2944127635,False,
2944127895,False,
2944128392,True,1984.0
2944129444,False,
2944132256,False,
2944133850,False,
2944136518,False,
2944139140,False,
2944146553,False,
2944149420,False,
2944150776,True,1053.0
2944150958,True,9834.0
2944150993,False,
2944152106,True,3828.0
2944152173,False,
2944155050,True,153.0
2944155653,False,
2944155666,False,
2944155688,False,
2944163700,False,
2944165927,False,
2944166762,False,
2944169672,True,154.0
2944175900,False,
2944176366,False,
2944188810,False,
2944197996,False,
2944198421,False,
2944198831,True,6627.0
2944200742,True,367.0
2944201622,False,
2944202356,False,
2944202373,False,
2944204449,True,159.0
2944204661,True,253.0
2944213094,True,5.0
2944229579,False,
2944231590,False,
2944245709,False,
2944259650,True,89.0
2944260025,False,
2944260045,True,11.0
2944260057,False,
2944260090,False,
2944260109,False,
2944260141,False,
2944260186,False,
2944260213,False,
2944260241,False,
2944260274,False,
2944260316,False,
2944260359,False,
2944260873,False,
2944264713,False,
2944277332,False,
2944290054,True,11.0
2944299806,True,240.0
2944328255,False,
2944329051,False,
2944332979,True,64.0
2944333800,False,
2944334638,False,
2944335559,False,
2944338998,False,
2944341252,False,
2944346725,False,
2944355180,False,
2944360937,False,
2944363918,False,
2944365909,True,4.0
2944367013,True,71.0
2944368243,True,96.0
2944371303,True,74.0
2944390952,True,2036.0
2944400605,True,1702.0
2944403518,True,1764.0
2944404871,False,
2944405500,False,
2944406976,False,
2944409576,False,
2944413873,True,1672.0
2944425108,True,486.0
2944425172,True,3818.0
2944426303,True,466.0
2944429385,True,1641.0
2944438552,True,1641.0
2944456010,False,
2944470681,False,
2944475096,False,
2944506657,True,4.0
2944562039,True,4.0
2944571710,False,
2944586726,True,406.0
2944587847,False,
2944598089,False,
2944602781,True,1719.0
2944606247,True,4.0
2944622569,True,2919.0
2944626914,True,628.0
2944632641,False,
2944645144,False,
2944664250,False,
2944667464,False,
2944673212,False,
2944728879,False,
2944730527,False,
2944759849,False,
2944764475,False,
2944783876,False,
2944785448,True,49.0
2944818248,False,
2944819113,False,
2944850889,True,179.0
2944870232,False,
2944873481,False,
2944885143,False,
2944888274,False,
2944905575,False,
2944907712,True,419.0
2944910924,False,
2944933445,False,
2944943115,False,
2944943180,False,
2944943287,False,
2944943417,False,
2944943498,False,
2944943896,False,
2944950710,False,
2944953121,False,
2944957769,False,
2944958263,False,
2944978682,False,
2944990043,False,
2944995238,False,
2944998630,False,
2944998730,False,
2944999294,False,
2944999899,False,
2945023440,False,
2945061745,True,20.0
2945079012,True,4.0
2945088761,False,
2945124718,False,
2945125989,False,
2945142366,False,
2945169645,False,
2945191199,False,
2945191654,False,
2945191773,False,
2945223453,False,
2945278378,True,80.0
2945284456,False,
2945365754,True,8.0
2945430897,True,13.0
2945447607,False,
2945457267,False,
2945467173,True,182.0
2945606331,False,
2945620257,False,
2945630081,False,
2945643486,False,
2945661408,True,1599.0
2945663279,False,
2945746408,True,69.0
2945790394,False,
2945821289,False,
2945916800,False,
2945992299,False,
2946027203,True,3312.0
2946031349,True,441.0
2946052004,False,
2946052381,False,
2946164808,True,4.0
2946167069,True,1039.0
2946185509,False,
2946204786,True,295.0
2946264128,False,
2946267241,False,
2946268024,False,
2946279702,False,
2946296261,False,
2946307924,False,
2946309920,False,
2946310868,False,
2946320221,False,
2946324773,True,78.0
2946335054,False,
2946339949,False,
2946353214,True,186.0
2946388479,True,3629.0
2946402686,False,
2946409717,False,
2946410196,False,
2946414546,False,
2946421654,False,
2946449961,False,
2946457255,False,
2946460998,False,
2946465109,False,
2946484358,False,
2946487822,False,
2946542954,False,
2946550045,False,
2946550706,False,
2946551467,False,
2946552471,False,
2946570627,False,
2946580027,False,
2946580294,False,
2946581491,False,
2946582214,False,
2946583065,True,287.0
2946585743,False,
2946589722,False,
2946593197,False,
2946602588,False,
2946604179,False,
2946604730,False,
2946606693,True,1525.0
2946607247,True,1503.0
2946625649,False,
2946628008,False,
2946635463,False,
2946635974,False,
2946636458,False,
2946661948,False,
2946677338,True,3439.0
2946682415,True,1633.0
2946684038,False,
2946685786,False,
2946685876,False,
2946696006,True,3262.0
2946700069,True,1614.0
2946707601,True,3052.0
2946713133,False,
2946713596,True,1519.0
2946725289,True,1575.0
2946730344,True,1626.0
2946732061,False,
2946738032,True,1858.0
2946739677,True,1526.0
2946740889,True,1530.0
2946743988,False,
2946745027,False,
2946746971,True,3080.0
2946752825,True,1547.0
2946754211,False,
2946760684,True,1609.0
2946764754,False,
2946769047,False,
2946773195,True,1651.0
2946773451,False,
2946774379,True,132.0
2946775976,False,
2946777268,True,1512.0
2946780728,True,4.0
2946781008,False,
2946784388,True,1661.0
2946787752,True,3091.0
2946793358,False,
2946798215,False,
2946801569,False,
2946803010,False,
2946804723,False,
2946806516,True,27.0
2946807612,True,1481.0
2946810532,False,
2946810640,False,
2946814752,False,
2946815010,True,1534.0
2946818919,True,4.0
2946819424,True,1558.0
2946820873,False,
2946822768,False,
2946835619,False,
2946835881,True,1660.0
2946836416,False,
2946836817,True,9608.0
2946838192,False,
2946849829,False,
2946849916,False,
2946853922,True,1530.0
2946854468,False,
2946861944,False,
2946868082,False,
2946869373,False,
2946876057,False,
2946876752,False,
2946883157,False,
2946894172,True,4.0
2946913892,True,821.0
2946917935,False,
2946919480,True,4.0
2946937655,False,
2946943353,False,
2946946650,False,
2946948924,False,
2946949253,False,
2946953119,False,
2946974903,False,
2947004899,False,
2947009481,False,
2947010210,False,
2947017759,True,4.0
2947022025,True,46.0
2947029645,False,
2947031567,True,11.0
2947044495,False,
2947047075,False,
2947053524,False,
2947057191,False,
2947063903,False,
2947066833,False,
2947071269,False,
2947072923,False,
2947075320,False,
2947080852,False,
2947080916,False,
2947086433,False,
2947088702,False,
2947091273,False,
2947103504,False,
2947104934,False,
2947106673,True,217.0
2947110063,False,
2947116081,True,217.0
2947119442,True,217.0
2947129136,True,209.0
2947130579,False,
2947130839,False,
2947131158,False,
2947137938,True,170.0
2947141836,True,52.0
2947150596,False,
2947158033,True,4384.0
2947161297,True,346.0
2947177653,False,
2947185717,True,806.0
2947188614,True,1963.0
2947203147,False,
2947208494,False,
2947211960,True,11999.0
2947231564,False,
2947236828,False,
2947236891,False,
2947236946,False,
2947240259,False,
2947243480,False,
2947243567,False,
2947250090,False,
2947250478,True,65.0
2947253648,False,
2947254814,True,1144.0
2947256315,False,
2947256868,False,
2947257257,False,
2947258156,True,79.0
2947258794,False,
2947260594,False,
2947262148,False,
2947262189,False,
2947266991,False,
2947268353,True,1519.0
2947271129,True,49.0
2947273155,False,
2947273421,True,47.0
2947274444,False,
2947275600,True,2034.0
2947280214,False,
2947281574,False,
2947281825,False,
2947283020,False,
2947285965,False,
2947295072,False,
2947300453,False,
2947312512,False,
2947313303,False,
2947314244,True,117.0
2947315656,False,
2947317040,False,
2947320577,False,
2947324308,False,
2947325472,False,
2947331276,True,1674.0
2947338636,False,
2947341197,False,
2947348232,True,1598.0
2947353882,True,386.0
2947354091,False,
2947360397,False,
2947363629,False,
2947373869,False,
2947381314,False,
2947384820,False,
2947385004,True,1545.0
2947385149,False,
2947393546,True,12387.0
2947396943,False,
2947397080,False,
2947398831,False,
2947398998,True,2055.0
2947402293,False,
2947404582,False,
2947404899,False,
2947405789,False,
2947407238,False,
2947407254,False,
2947409366,False,
2947409838,False,
2947412213,False,
2947415903,False,
2947418707,False,
2947419086,False,
2947420241,False,
2947420752,True,195.0
2947420901,False,
2947421121,False,
2947421935,False,
2947422147,False,
2947423051,False,
2947423621,False,
2947427153,False,
2947428663,False,
2947430042,False,
2947430773,False,
2947430842,False,
2947433087,False,
2947435276,False,
2947435589,False,
2947435833,False,
2947437596,False,
2947437672,False,
2947439556,False,
2947441186,False,
2947441211,False,
2947442025,True,252.0
2947449464,True,4.0
2947454680,True,10.0
2947486618,True,199.0
2947487182,True,4.0
2947501680,True,4.0
2947503513,True,1645.0
2947523788,True,4.0
2947531245,True,4.0
2947539919,False,
2947541535,True,4.0
2947547827,False,
2947547914,True,4.0
2947551681,False,
2947551726,True,2334.0
2947556277,False,
2947587306,True,4.0
2947587382,False,
2947699004,False,
2947699801,True,1687.0
2947699922,True,1693.0
2947700765,True,1878.0
2947718788,False,
2947720063,False,
2947730416,False,
2947731230,True,708.0
2947731887,True,5.0
2947732452,False,
2947732559,False,
2947733599,False,
2947739503,True,1198.0
2947739621,False,
2947742182,False,
2947742332,True,10751.0
2947743636,False,
2947743646,False,
2947743764,False,
2947743785,False,
2947744399,True,3249.0
2947744755,False,
2947745020,False,
2947745140,False,
2947753250,False,
2947755241,False,
2947755391,False,
2947757136,True,1033.0
2947765252,True,4116.0
2947767931,True,6644.0
2947769464,True,1668.0
2947770367,False,
2947770895,True,1515.0
2947785011,False,
2947786472,False,
2947786480,False,
2947787374,True,17.0
2947793417,False,
2947798101,True,10064.0
2947798553,False,
2947802323,False,
2947803034,True,5609.0
2947812307,True,10.0
2947812596,False,
2947819155,False,
2947819525,True,6780.0
2947819759,False,
2947819761,False,
2947819909,False,
2947821687,False,
2947821858,True,321.0
2947884637,True,4504.0
2947915141,True,3182.0
2947936331,False,
2947965633,False,
2947971339,False,
2947973777,True,1462.0
2947982731,True,1152.0
2947986071,True,4.0
2947992872,True,2222.0
2947992962,True,1763.0
2947998475,True,4.0
2948001557,False,
2948008339,True,4269.0
2948009719,True,79.0
2948009987,True,1867.0
2948022532,True,99.0
2948025786,True,1798.0
2948025791,True,1053.0
2948027309,True,4.0
2948029743,True,1092.0
2948042121,True,4.0
2948047123,True,4.0
2948051849,False,
2948051996,False,
2948053068,False,
2948057904,True,4189.0
2948058028,True,477.0
2948058091,True,2607.0
2948061172,True,9106.0
2948061191,True,793.0
2948061590,True,1684.0
2948062481,False,
2948064758,False,
2948065023,True,3740.0
2948065346,False,
2948066047,False,
2948066668,False,
2948067959,True,56.0
2948068221,False,
2948069146,False,
2948070898,False,
2948071399,False,
2948073105,False,
2948073322,False,
2948075547,False,
2948075595,False,
2948077160,False,
2948086328,True,139.0
2948087894,False,
2948089868,False,
2948090606,False,
2948093449,True,4391.0
2948093774,True,1741.0
2948093843,True,392.0
2948101180,True,81.0
2948118579,True,3232.0
2948122300,True,3243.0
2948123704,True,3238.0
2948138960,False,
2948197490,True,2583.0
2948216147,True,306.0
2948217077,False,
2948217634,False,
2948218740,False,
2948218911,False,
2948222376,False,
2948250959,False,
2948254013,True,4.0
2948269197,True,4.0
2948271439,True,4.0
2948274996,False,
2948275055,True,124.0
2948281147,True,4.0
2948331360,True,4.0
2948340655,True,107.0
2948344557,True,45.0
2948346966,True,37.0
2948347548,False,
2948349433,True,562.0
2948350458,True,84.0
2948352550,False,
2948353497,True,23.0
2948355083,False,
2948357566,False,
2948359232,False,
2948360901,False,
2948361648,False,
2948375244,True,4.0
2948380391,True,1052.0
2948380498,True,1648.0
2948381014,True,3747.0
2948385465,True,4.0
2948389302,True,67.0
2948390867,True,4.0
2948405051,True,4.0
2948434097,True,1588.0
2948444256,False,
2948444995,True,73.0
2948449009,True,1825.0
2948453807,False,
2948454271,False,
2948454949,True,704.0
2948454970,True,1222.0
2948458357,True,1064.0
2948459014,False,
2948484058,False,
2948487164,True,125.0
2948488326,False,
2948503171,True,256.0
2948506715,True,1064.0
2948511487,True,4.0
2948567872,False,
2948586653,False,
2948587034,False,
2948590964,True,4.0
2948594962,False,
2948600565,False,
2948601582,False,
2948601934,True,756.0
2948602953,False,
2948621568,True,1542.0
2948674846,True,57.0
2948682417,False,
2948693479,True,4.0
2948729847,False,
2948752134,False,
2948769260,True,4223.0
2948788823,False,
2948792610,False,
2948815773,False,
2948852526,True,4705.0
2948898153,False,
2948930004,True,1595.0
2948930586,True,21.0
2948933700,False,
2948934074,False,
2948943134,True,635.0
2948943554,True,3449.0
2948945869,False,
2948946032,False,
2948947179,True,367.0
2948947630,True,1540.0
2948983613,False,
2948990207,False,
2948995117,True,218.0
2949006103,True,459.0
2949009431,False,
2949009543,False,
2949010084,False,
2949011407,False,
2949035066,True,4.0
2949035784,True,4.0
2949046487,True,1220.0
2949080982,True,89.0
2949090704,False,
2949095144,True,2.0
2949108235,True,410.0
2949158594,False,
2949165987,False,
2949217097,True,77.0
2949227599,True,200.0
2949233586,False,
2949237484,True,1.0
2949238545,False,
2949265099,True,127.0
2949267715,False,
2949275761,False,
2949277900,False,
2949316207,False,
2949340946,False,
2949368007,False,
2949368940,False,
2949412808,True,184.0
2949439698,False,
2949451244,True,65.0
2949491241,True,4.0
2949512269,False,
2949526815,False,
2949540010,True,1.0
2949629608,True,114.0
2949762900,True,482.0
2949776892,False,
2949778391,False,
2949780089,False,
2949780290,False,
2949780847,False,
2949781222,False,
2949782335,False,
2949782760,False,
2949782914,False,
2949783324,False,
2949809181,False,
2949809286,False,
2949809407,False,
2949809499,False,
2949809612,False,
2949809754,False,
2949809896,False,
2949809995,False,
2949921905,False,
2949924446,True,7294.0
2949931524,False,
2949941400,False,
2949979017,True,167.0
2949983675,False,
2950005986,True,1794.0
2950035270,False,
2950063752,False,
2950068027,False,
2950068456,True,242.0
2950072089,False,
2950077908,False,
2950082008,False,
2950105154,True,52.0
2950106334,False,
2950108536,False,
2950114175,False,
2950114826,False,
2950117550,False,
2950171535,False,
2950180860,False,
2950186401,False,
2950192639,False,
2950217994,False,
2950240243,False,
2950247107,True,483.0
2950270525,False,
2950273260,False,
2950273424,False,
2950276826,False,
2950291145,False,
2950293723,True,3831.0
2950296083,False,
2950314802,True,54.0
2950322810,False,
2950340437,False,
2950341499,False,
2950343436,True,38.0
2950345593,True,1747.0
2950363141,True,32.0
2950379035,False,
2950399004,False,
2950412305,False,
2950473799,False,
2950475448,True,1164.0
2950497819,True,5.0
2950502223,False,
2950528497,False,
2950545158,False,
2950564700,False,
2950575461,True,343.0
2950583484,False,
2950589164,True,64.0
2950591781,False,
2950592983,False,
2950602123,True,10.0
2950616935,True,41.0
2950617308,False,
2950619311,False,
2950620983,True,431.0
2950634718,False,
2950638472,False,
2950647117,False,
2950661038,False,
2950661445,False,
2950664834,False,
2950668139,False,
2950681510,False,
2950687039,False,
2950689135,True,1727.0
2950692325,True,1485.0
2950697434,False,
2950700278,True,1722.0
2950701853,False,
2950726688,False,
2950738331,True,92.0
2950739608,True,1889.0
2950753459,False,
2950767172,True,3155.0
2950773248,True,260.0
2950776108,False,
2950778598,False,
2950781721,False,
2950781874,True,51.0
2950798671,False,
2950801791,False,
2950810525,False,
2950819397,False,
2950836244,False,
2950854850,False,
2950887644,True,14.0
2950910483,False,
2950917507,False,
2950920187,False,
2950925363,False,
2950927625,False,
2950928462,False,
2950931734,False,
2950936361,False,
2950944339,False,
2950945093,True,19.0
2950950679,False,
2950961630,False,
2950963154,False,
2951008317,True,4.0
2951008562,False,
2951019166,False,
2951061789,True,900.0
2951066157,False,
2951066852,False,
2951089524,True,97.0
2951112519,False,
2951122165,False,
2951127930,False,
2951128126,False,
2951145539,True,1083.0
2951177129,False,
2951177253,False,
2951177360,False,
2951192132,False,
2951193101,False,
2951209590,False,
2951210895,True,7.0
2951212964,False,
2951221460,False,
2951231331,True,1814.0
2951252426,False,
2951252510,False,
2951252587,False,
2951252674,False,
2951255722,False,
2951268843,False,
2951280765,False,
2951285940,False,
2951287554,False,
2951288612,False,
2951289747,False,
2951290074,False,
2951304691,False,
2951310524,True,4597.0
2951312060,True,60.0
2951316602,False,
2951317930,True,1197.0
2951319683,False,
2951391142,True,4.0
2951414286,True,16.0
2951460463,False,
2951489270,False,
2951536787,True,3503.0
2951537045,True,1675.0
2951549007,False,
2951553535,False,
2951555012,False,
2951555543,True,2371.0
2951560369,False,
2951585460,False,
2951599473,False,
2951599839,False,
2951610451,False,
2951621508,False,
2951652182,False,
2951653464,False,
2951657706,False,
2951658496,False,
2951658657,False,
2951661553,False,
2951661773,False,
2951663872,False,
2951665266,True,5.0
2951666676,False,
2951669660,False,
2951671069,False,
2951671874,False,
2951673599,True,68.0
2951675674,True,11.0
2951689490,True,4.0
2951720831,False,
2951723669,False,
2951730196,False,
2951736122,False,
2951737609,True,299.0
2951738698,False,
2951752347,True,183.0
2951761386,False,
2951769642,True,4.0
2951786388,False,
2951794352,False,
2951794549,False,
2951801538,True,1117.0
2951826178,False,
2951826407,True,46.0
2951833326,False,
2951845255,True,2360.0
2951845513,True,962.0
2951845630,True,1435.0
2951849512,False,
2951851395,False,
2951853462,True,67.0
2951854337,False,
2951856318,False,
2951858363,False,
2951860727,False,
2951861149,False,
2951863428,False,
2951866876,True,96.0
2951868940,False,
2951923466,False,
2951926976,True,982.0
2951939013,True,153.0
2951965891,False,
2951966253,False,
2951974672,False,
2951976695,True,4.0
2951978164,False,
2951982642,False,
2951983724,True,325.0
2951999048,False,
2952002527,True,1718.0
2952012374,True,1.0
2952015839,True,4.0
2952023829,True,4.0
2952027252,True,61.0
2952043569,False,
2952043744,False,
2952043788,False,
2952043820,False,
2952043906,False,
2952044121,False,
2952044222,False,
2952044300,False,
2952044376,False,
2952050831,True,2151.0
2952055788,False,
2952057038,False,
2952059409,True,3658.0
2952060685,True,455.0
2952068345,True,1040.0
2952070229,False,
2952070319,True,1888.0
2952071816,True,5.0
2952072627,True,7997.0
2952073404,False,
2952073438,False,
2952073483,False,
2952082754,False,
2952088442,True,4.0
2952095330,False,
2952095386,False,
2952108706,False,
2952111150,False,
2952114471,False,
2952127602,True,2069.0
2952129483,True,893.0
2952130785,False,
2952242465,False,
2952254721,False,
2952282265,False,
2952298404,False,
2952299721,True,1814.0
2952328947,True,2304.0
2952333991,False,
2952334060,False,
2952334132,False,
2952356635,False,
2952367516,False,
2952376026,True,1610.0
2952438824,False,
2952444997,False,
2952447576,True,45.0
2952480302,True,932.0
2952527193,False,
2952530334,False,
2952584032,False,
2952630539,False,
2952651526,True,263.0
2952719007,False,
2952733179,False,
2952751270,False,
2952758505,True,2637.0
2952791548,True,796.0
2952849135,False,
2952932452,False,
2952935179,False,
2953003110,True,1841.0
2953003205,False,
2953016586,False,
2953032823,True,35.0
2953044944,False,
2953084663,True,3416.0
2953085543,False,
2953142343,True,94.0
2953145561,True,28.0
2953163016,False,
2953163106,False,
2953163221,False,
2953185780,True,1605.0
2953199702,False,
2953224307,True,3072.0
2953272279,False,
2953326134,False,
2953333486,True,38.0
2953333490,True,3263.0
2953340461,True,125.0
2953386934,False,
2953393207,False,
2953394470,False,
2953409415,True,95.0
2953420737,False,
2953421519,False,
2953455622,False,
2953540849,True,1902.0
2953566520,False,
2953605559,True,963.0
2953627556,False,
2953646773,False,
2953653742,False,
2953657043,True,3454.0
2953672550,True,1623.0
2953677161,True,125.0
2953717155,False,
2953720357,False,
2953725336,True,1635.0
2953754271,False,
2953754391,False,
2953754511,False,
2953754626,False,
2953754767,False,
2953765583,True,4923.0
2953808257,True,1574.0
2953821747,False,
2953836206,True,76.0
2953852450,False,
2953908250,True,5.0
2953959523,True,38.0
2953966774,False,
2953998962,True,431.0
2954024348,False,
2954026959,False,
2954034005,False,
2954041243,False,
2954104122,False,
2954133887,True,950.0
2954134368,False,
2954143885,True,4.0
2954147843,False,
2954153598,False,
2954154557,False,
2954166620,False,
2954179280,True,1149.0
2954188884,True,2190.0
2954197851,False,
2954203776,False,
2954203883,False,
2954207753,False,
2954209101,False,
2954215467,False,
2954217761,False,
2954218543,False,
2954253308,False,
2954253424,False,
2954253548,False,
2954253729,False,
2954253860,False,
2954253996,False,
2954254141,False,
2954262393,False,
2954274511,False,
2954274622,False,
2954291758,True,116.0
2954295183,False,
2954295975,False,
2954332747,True,1347.0
2954334849,False,
2954338622,False,
2954348981,False,
2954357419,False,
2954365543,False,
2954378960,False,
2954388430,False,
2954396083,False,
2954399650,False,
2954407729,False,
2954410996,False,
2954467242,False,
2954476127,True,65.0
2954511850,False,
2954517599,True,124.0
2954525767,False,
2954526992,False,
2954529552,False,
2954532562,False,
2954549572,False,
2954551371,False,
2954551901,False,
2954552558,False,
2954553166,False,
2954583873,False,
2954592780,True,155.0
2954612734,True,1.0
2954620520,False,
2954642518,True,9.0
2954644929,False,
2954646791,False,
2954662875,True,117.0
2954668935,True,42.0
2954680540,False,
2954681513,True,110.0
2954683686,True,78.0
2954690347,False,
2954690992,False,
2954694620,False,
2954742320,True,79.0
2954780444,True,1837.0
2954781336,False,
2954782856,True,53.0
2954785406,True,220.0
2954801694,True,16.0
2954806952,False,
2954809365,True,378.0
2954813123,False,
2954832401,False,
2954844160,False,
2954885622,False,
2954916262,False,
2954920472,False,
2954920667,False,
2954923385,False,
2954923702,False,
2954933448,False,
2954934654,False,
2954941038,True,1880.0
2954941673,True,125.0
2954946825,False,
2954949980,False,
2954950745,False,
2954955347,False,
2954955410,False,
2954955474,False,
2954955557,False,
2954961070,False,
2954977845,False,
2954981402,False,
2955012340,False,
2955017695,False,
2955020191,False,
2955024118,True,1676.0
2955030693,False,
2955041242,False,
2955042043,False,
2955048016,True,1657.0
2955058116,False,
2955067350,False,
2955069419,False,
2955070893,False,
2955084875,False,
2955090218,False,
2955090947,False,
2955099260,True,1804.0
2955099471,False,
2955100292,False,
2955103034,False,
2955105759,False,
2955108194,False,
2955115901,False,
2955120982,True,1712.0
2955126286,False,
2955131074,False,
2955134378,True,1708.0
2955137101,False,
2955143181,False,
2955146294,False,
2955151264,True,54.0
2955155443,False,
2955163998,False,
2955166091,False,
2955166210,False,
2955166398,False,
2955175877,False,
2955177109,False,
2955185178,False,
2955185413,False,
2955187699,False,
2955198072,False,
2955202661,False,
2955204873,True,1679.0
2955209572,False,
2955210902,False,
2955212124,False,
2955231193,False,
2955241106,False,
2955241193,False,
2955241735,False,
2955242664,False,
2955242727,False,
2955242989,False,
2955243077,False,
2955243396,False,
2955245512,False,
2955246232,False,
2955246311,False,
2955251508,False,
2955253120,False,
2955254579,False,
2955254972,False,
2955256235,False,
2955256856,False,
2955259010,True,47.0
2955260306,False,
2955262413,False,
2955274542,True,61.0
2955281817,False,
2955285876,False,
2955287854,False,
2955289468,False,
2955291711,False,
2955291922,False,
2955294458,True,742.0
2955302822,False,
2955306622,True,415.0
2955307688,False,
2955320397,False,
2955320606,False,
2955329762,False,
2955334177,False,
2955339207,False,
2955339279,False,
2955344935,True,1736.0
2955345888,True,34.0
2955352907,False,
2955360924,False,
2955361716,True,169.0
2955365353,True,1.0
2955367976,False,
2955377306,False,
2955383070,False,
2955385210,True,1244.0
2955401220,False,
2955408744,True,456.0
2955413868,False,
2955414643,False,
2955418255,False,
2955418948,False,
2955420238,False,
2955420393,False,
2955428565,True,119.0
2955436099,True,4.0
2955445089,False,
2955460384,False,
2955470211,False,
2955489977,False,
2955491878,False,
2955499771,False,
2955506801,False,
2955513598,False,
2955514455,False,
2955546177,False,
2955550171,False,
2955555570,False,
2955569427,False,
2955570584,False,
2955573562,True,153.0
2955575132,True,153.0
2955585602,False,
2955586872,False,
2955589269,False,
2955594209,True,412.0
2955604567,True,112.0
2955622612,False,
2955628720,False,
2955630168,False,
2955640070,False,
2955640309,False,
2955642717,True,136.0
2955659343,False,
2955662747,False,
2955662836,False,
2955662903,False,
2955663567,False,
2955674726,False,
2955674902,False,
2955685500,False,
2955686346,False,
2955696500,False,
2955699523,False,
2955701327,False,
2955701358,False,
2955701397,False,
2955702464,False,
2955702520,True,4.0
2955716085,False,
2955718570,False,
2955721251,False,
2955731251,False,
2955760717,False,
2955761850,False,
2955764099,False,
2955765130,False,
2955766700,False,
2955770524,False,
2955784166,False,
2955800601,False,
2955815603,False,
2955819020,True,4.0
2955820980,False,
2955822362,False,
2955826170,True,1325.0
2955831127,False,
2955832365,True,427.0
2955837865,True,4.0
2955839336,False,
2955839723,False,
2955841042,False,
2955841240,False,
2955842239,False,
2955845689,False,
2955847846,False,
2955877758,False,
2955880044,True,4.0
2955881701,False,
2955881853,False,
2955915287,False,
2955915516,False,
2955916114,False,
2955916149,False,
2955916239,False,
2955916292,False,
2955916333,False,
2955918930,False,
2955920309,False,
2955920389,False,
2955922181,True,1716.0
2955929785,False,
2955939177,False,
2955939922,False,
2955975148,True,7.0
2956045013,True,4.0
2956081985,True,4.0
2956104962,False,
2956130950,False,
2956144992,False,
2956154446,True,4.0
2956188669,True,479.0
2956200174,False,
2956232873,True,3501.0
2956237185,True,4.0
2956247301,False,
2956266802,True,4.0
2956335090,True,4.0
2956354496,False,
2956389847,True,4.0
2956438939,True,4.0
2956469695,True,4.0
2956477134,False,
2956483904,True,1207.0
2956498141,True,12.0
2956570735,False,
2956588332,True,2406.0
2956639624,False,
2956678755,False,
2956681389,True,1750.0
2956726200,True,1.0
2956747224,False,
2956748283,True,23.0
2956751594,True,4.0
2956753532,False,
2956761764,False,
2956763479,False,
2956766464,False,
2956766489,True,4.0
2956783315,False,
2956786928,False,
2956805654,True,540.0
2956820162,False,
2956841322,False,
2956846554,False,
2956854675,False,
2956863979,False,
2956872163,False,
2956874515,False,
2956875751,True,1064.0
2956889337,False,
2956891004,False,
2956896646,False,
2956898034,False,
2956911435,True,60.0
2956934661,True,109.0
2956961229,False,
2956962938,False,
2956994133,False,
2956997949,True,3162.0
2957003504,False,
2957004645,True,3225.0
2957009428,False,
2957010107,False,
2957010116,False,
2957011047,False,
2957018476,True,6.0
2957021379,False,
2957022588,False,
2957029159,True,3106.0
2957031495,False,
2957034997,False,
2957035937,False,
2957036272,False,
2957038118,False,
2957040889,False,
2957043162,False,
2957043224,False,
2957043528,False,
2957045184,True,2133.0
2957046693,False,
2957053734,False,
2957056595,False,
2957060708,False,
2957063267,False,
2957073394,False,
2957075481,False,
2957076354,False,
2957076984,False,
2957082527,False,
2957084817,True,1627.0
2957090370,False,
2957095034,False,
2957097719,False,
2957106250,False,
2957115017,False,
2957115372,True,8.0
2957115726,True,2106.0
2957120511,True,8.0
2957139995,False,
2957141541,False,
2957149782,False,
2957155878,True,6.0
2957173900,True,3262.0
2957177918,False,
2957199122,False,
2957199247,False,
2957199332,False,
2957303327,False,
2957309960,True,1632.0
2957311474,False,
2957317695,False,
2957325352,False,
2957327880,False,
2957328258,False,
2957362510,False,
2957362634,False,
2957373233,True,95.0
2957405629,True,54.0
2957425130,True,85.0
2957425885,False,
2957450637,True,1342.0
2957456440,False,
2957459020,False,
2957480899,False,
2957482474,False,
2957495939,False,
2957508543,False,
2957516375,False,
2957518761,False,
2957535871,False,
2957536149,False,
2957547240,False,
2957622399,False,
2957633331,False,
2957641813,False,
2957698979,False,
2957702865,True,297.0
2957726414,True,130.0
2957731481,False,
2957754281,True,319.0
2957755150,False,
2957755848,True,3367.0
2957780419,False,
2957786025,False,
2957787742,False,
2957816757,False,
2957830561,False,
2957885545,False,
2957908538,False,
2957940977,False,
2957942299,False,
2957945460,False,
2957946598,False,
2957946721,False,
2957946843,False,
2957946963,False,
2957947065,False,
2957947161,False,
2957947305,False,
2957951256,False,
2957961172,False,
2957966788,False,
2957968885,True,658.0
2958016519,True,4.0
2958047207,False,
2958083464,True,235.0
2958094004,True,1936.0
2958155377,False,
2958198108,False,
2958202261,False,
2958206722,False,
2958238554,False,
2958250253,False,
2958252479,False,
2958260888,False,
2958283974,False,
2958284624,False,
2958285844,False,
2958292875,False,
2958401496,False,
2958420166,False,
2958472311,True,132.0
2958498694,False,
2958523617,False,
2958536549,True,191.0
2958539301,False,
2958539555,False,
2958558778,True,791.0
2958560562,False,
2958604727,True,5068.0
2958613208,False,
2958615572,True,9.0
2958615922,False,
2958616810,False,
2958616978,False,
2958623736,False,
2958625099,False,
2958633516,False,
2958644712,True,1838.0
2958651458,False,
2958657452,False,
2958681433,False,
2958697577,False,
2958700689,False,
2958701747,False,
2958706825,False,
2958709550,False,
2958714639,True,932.0
2958735072,False,
2958739872,False,
2958750512,False,
2958750843,True,1057.0
2958752365,False,
2958753960,True,6459.0
2958755067,False,
2958756018,False,
2958758550,True,5173.0
2958761807,True,113.0
2958766739,True,162.0
2958772866,False,
2958777086,True,3048.0
2958787510,False,
2958792147,False,
2958798398,False,
2958805299,True,62.0
2958805525,False,
2958817103,False,
2958818951,False,
2958819068,False,
2958819240,True,3283.0
2958822221,False,
2958824018,False,
2958824730,True,4.0
2958828138,False,
2958832366,False,
2958834866,True,1877.0
2958851735,True,41.0
2958866415,False,
2958870240,False,
2958887959,False,
2958891255,False,
2958916257,False,
2958922558,False,
2958942741,False,
2958943663,False,
2958953998,False,
2958960932,False,
2958964213,False,
2958993872,True,125.0
2959010505,False,
2959014131,True,662.0
2959019308,True,125.0
2959033415,False,
2959034212,False,
2959039418,False,
2959041657,False,
2959066592,True,21.0
2959068336,True,329.0
2959068410,True,1544.0
2959071029,True,1458.0
2959071118,False,
2959071693,True,66.0
2959083731,False,
2959090146,False,
2959090257,False,
2959090360,False,
2959090462,False,
2959090566,False,
2959090655,False,
2959090746,False,
2959090834,False,
2959101889,False,
2959103947,False,
2959105804,False,
2959107165,False,
2959115322,False,
2959115384,False,
2959116471,False,
2959141275,True,47.0
2959148119,False,
2959148611,False,
2959149032,True,325.0
2959176316,False,
2959181323,False,
2959181699,False,
2959184128,False,
2959193797,False,
2959196539,False,
2959197860,False,
2959205031,False,
2959206688,False,
2959209627,True,3110.0
2959211410,True,3720.0
2959212813,False,
2959218511,False,
2959221838,False,
2959227213,False,
2959235144,False,
2959238759,False,
2959257328,False,
2959276212,False,
2959276489,True,1615.0
2959278286,False,
2959279875,False,
2959283704,False,
2959286127,False,
2959287352,False,
2959289061,False,
2959298220,True,4481.0
2959301036,False,
2959302201,False,
2959316461,False,
2959322470,False,
2959324349,True,1661.0
2959331174,False,
2959331508,False,
2959331730,False,
2959332000,False,
2959332266,False,
2959332457,False,
2959332637,False,
2959332810,False,
2959332974,False,
2959333142,False,
2959333283,False,
2959344799,False,
2959346430,True,4874.0
2959358949,True,127.0
2959362513,True,438.0
2959364624,False,
2959372166,True,31.0
2959376166,False,
2959376254,False,
2959376581,True,3194.0
2959383162,False,
2959383244,False,
2959387527,False,
2959395059,False,
2959408267,True,6121.0
2959413799,True,163.0
2959419924,False,
2959438023,True,23.0
2959438548,False,
2959444384,False,
2959444469,False,
2959444546,False,
2959444637,False,
2959453441,False,
2959454678,False,
2959456197,True,4.0
2959467304,False,
2959495913,False,
2959496003,False,
2959496082,False,
2959496149,False,
2959496228,False,
2959496306,False,
2959496400,False,
2959496469,False,
2959496551,False,
2959496635,False,
2959499134,True,40.0
2959508189,False,
2959509362,False,
2959512883,True,343.0
2959513236,True,1834.0
2959514135,False,
2959522111,True,3587.0
2959522136,False,
2959522234,False,
2959522326,False,
2959522458,False,
2959522583,False,
2959522693,False,
2959564830,False,
2959579004,False,
2959615457,False,
2959615798,False,
2959626608,True,2422.0
2959642591,True,71.0
2959664783,True,2117.0
2959676683,False,
2959677688,False,
2959678679,False,
2959682397,True,312.0
2959693223,True,272.0
2959693623,True,670.0
2959695141,True,249.0
2959707489,True,314.0
2959720522,False,
2959722109,False,
2959744749,False,
2959756568,False,
2959760674,True,19.0
2959774298,False,
2959779161,False,
2959788802,False,
2959794927,False,
2959797389,False,
2959798927,True,219.0
2959802489,False,
2959802664,False,
2959805145,False,
2959817040,False,
2959826652,False,
2959831243,False,
2959836219,False,
2959836637,False,
2959836740,False,
2959840936,False,
2959853867,False,
2959876604,False,
2959877305,False,
2959881110,False,
2959881138,False,
2959881171,False,
2959881204,False,
2959882701,True,141.0
2959882745,False,
2959891675,True,531.0
2959895836,False,
2959907224,False,
2959907272,False,
2959914329,False,
2959914654,False,
2959914789,False,
2959916023,False,
2959935939,False,
2959938944,False,
2959942725,False,
2959944297,False,
2959946210,False,
2959947570,False,
2959948711,False,
2959952192,False,
2959967515,False,
2959969104,False,
2959972879,True,203.0
2959977724,True,1566.0
2959982807,True,4.0
2960002653,True,1.0
2960007456,True,4.0
2960011715,True,363.0
2960032163,False,
2960056368,False,
2960079420,True,43.0
2960081121,True,153.0
2960236669,True,2007.0
2960297115,False,
2960303002,False,
2960307490,False,
2960308608,False,
2960310232,False,
2960310867,False,
2960313421,True,7.0
2960314477,True,910.0
2960314976,True,4233.0
2960318818,True,12.0
2960325974,True,1152.0
2960332992,True,5.0
2960348246,False,
2960349281,False,
2960366505,False,
2960392839,True,789.0
2960394743,True,80.0
2960395356,True,3638.0
2960395497,True,13.0
2960397346,False,
2960400617,False,
2960409681,False,
2960411193,False,
2960412467,False,
2960413459,False,
2960414077,False,
2960414506,False,
2960418288,False,
2960428933,True,142.0
2960456042,False,
2960457460,True,1945.0
2960461094,False,
2960479782,False,
2960479810,False,
2960479846,False,
2960479873,False,
2960479911,False,
2960486307,False,
2960490249,False,
2960493557,True,1048.0
2960497507,False,
2960509468,False,
2960525450,True,216.0
2960542346,True,12499.0
2960562419,False,
2960566908,False,
2960588394,False,
2960591621,False,
2960593173,True,595.0
2960594025,True,789.0
2960594328,False,
2960596020,True,727.0
2960596412,False,
2960608779,True,23.0
2960612609,True,134.0
2960617958,False,
2960618873,False,
2960623581,True,307.0
2960639472,False,
2960655880,True,11.0
2960671428,False,
2960771641,True,2176.0
2960782046,True,8488.0
2960791709,False,
2960794776,False,
2960797924,True,10.0
2960884582,False,
2960907394,False,
2960907915,False,
2960908551,False,
2960908679,False,
2960975185,True,1.0
2961022111,False,
2961097525,False,
2961112074,True,4722.0
2961114849,False,
2961116283,False,
2961118058,True,13.0
2961120880,True,17.0
2961149234,True,4.0
2961155506,False,
2961155850,False,
2961183927,False,
2961197373,False,
2961260550,False,
2961276202,False,
2961286480,False,
2961294238,False,
2961296195,False,
2961327114,False,
2961346710,True,688.0
2961350912,True,1095.0
2961370038,True,4.0
2961395730,True,970.0
2961398238,False,
2961401387,False,
2961401394,False,
2961404115,False,
2961416232,True,99.0
2961467610,False,
2961474456,False,
2961499786,False,
2961546400,False,
2961562295,False,
2961567982,False,
2961568371,False,
2961585355,False,
2961585364,False,
2961586674,False,
2961589966,False,
2961606325,False,
2961610848,False,
2961620663,False,
2961632279,False,
2961640921,False,
2961647262,False,
2961650362,False,
2961650654,False,
2961668214,True,17.0
2961672996,False,
2961696050,False,
2961696478,False,
2961696869,False,
2961697254,False,
2961719598,False,
2961724497,False,
2961732329,False,
2961751925,True,8525.0
2961760382,False,
2961767149,False,
2961776203,True,14697.0
2961807291,False,
2961808860,False,
2961825835,False,
2961826160,False,
2961827332,False,
2961833551,False,
2961850165,True,4.0
2961871439,False,
2961895480,True,1628.0
2961901243,True,1957.0
2961903673,False,
2961906065,False,
2961917905,False,
2961927109,False,
2961928734,False,
2961937751,False,
2961943093,False,
2961954047,True,117.0
2961969582,False,
2961969699,False,
2961969783,False,
2961969943,False,
2961986626,True,4.0
2961994989,True,102.0
2961996328,False,
2962006787,False,
2962012442,True,130.0
2962016027,False,
2962021769,False,
2962028177,True,1714.0
2962042744,True,4.0
2962058939,True,38.0
2962068611,False,
2962069318,False,
2962116555,False,
2962138286,False,
2962138445,False,
2962138590,False,
2962138743,False,
2962145985,False,
2962147992,False,
2962154015,False,
2962179146,False,
2962179316,False,
2962194922,False,
2962195136,False,
2962195336,False,
2962195496,False,
2962195647,False,
2962195836,False,
2962196057,False,
2962196209,False,
2962258409,True,3169.0
2962285916,False,
2962288635,True,16646.0
2962297942,True,198.0
2962302081,False,
2962340005,False,
2962349616,False,
2962350077,False,
2962350521,False,
2962350918,False,
2962351316,False,
2962351751,False,
2962352249,False,
2962352652,False,
2962353091,False,
2962353558,False,
2962354002,False,
2962355171,False,
2962374002,True,1496.0
2962402593,False,
2962414019,False,
2962425325,True,303.0
2962426276,True,2754.0
2962442174,True,1409.0
2962467623,False,
2962473354,False,
2962504057,False,
2962512384,False,
2962515300,False,
2962517215,False,
2962521172,False,
2962551406,True,3673.0
2962564729,False,
2962568658,False,
2962569145,False,
2962576528,False,
2962581263,False,
2962583828,True,212.0
2962590525,False,
2962601867,False,
2962616484,False,
2962616611,False,
2962619853,True,1274.0
2962620679,True,212.0
2962639504,False,
2962644532,True,1563.0
2962657701,True,1902.0
2962661914,False,
2962683014,False,
2962698864,False,
2962707309,False,
2962731249,False,
2962738165,False,
2962764793,False,
2962765893,False,
2962783278,False,
2962790865,False,
2962799526,False,
2962803153,True,105.0
2962821047,False,
2962822730,False,
2962828602,False,
2962830107,False,
2962839615,False,
2962840663,False,
2962847124,False,
2962869704,False,
2962874867,True,62.0
2962882864,False,
2962884797,False,
2962892718,False,
2962893528,False,
2962896992,False,
2962898758,False,
2962908034,True,110.0
2962908678,False,
2962913505,False,
2962922260,False,
2962944305,False,
2962947206,False,
2962949644,False,
2962950501,False,
2962951223,False,
2962951293,False,
2962951631,False,
2962956089,False,
2962957663,False,
2962958420,False,
2962959251,False,
2962959704,False,
2962963718,False,
2962964083,False,
2962965471,True,27.0
2962974354,False,
2962974815,False,
2962987240,True,132.0
2962991613,False,
2962996963,False,
2963025648,False,
2963026030,False,
2963052545,True,4144.0
2963063437,False,
2963064528,False,
2963075975,False,
2963104885,False,
2963105700,False,
2963126577,True,82.0
2963129148,True,8027.0
2963132240,False,
2963134541,False,
2963135050,False,
2963140850,True,1556.0
2963141373,True,227.0
2963145865,False,
2963151408,False,
2963154415,False,
2963163207,False,
2963178706,True,3455.0
2963209520,False,
2963235710,False,
2963240706,True,1303.0
2963243866,False,
2963260575,True,6620.0
2963267903,False,
2963284409,False,
2963301533,True,105.0
2963303908,True,867.0
2963311165,False,
2963312347,False,
2963315707,False,
2963340982,True,20672.0
2963347290,False,
2963361202,False,
2963361801,False,
2963362242,False,
2963362744,False,
2963369565,False,
2963376130,False,
2963377351,False,
2963381445,True,133.0
2963382144,False,
2963382224,False,
2963382829,True,1002.0
2963391382,True,73.0
2963406595,False,
2963413004,False,
2963413207,False,
2963413369,False,
2963436410,False,
2963441157,False,
2963451652,False,
2963462793,False,
2963463101,True,1905.0
2963466041,False,
2963468106,False,
2963470672,False,
2963471509,True,195.0
2963479067,False,
2963480937,False,
2963485924,False,
2963485996,False,
2963486309,False,
2963491783,False,
2963493174,False,
2963502721,False,
2963503692,True,1.0
2963521774,False,
2963537100,False,
2963541366,False,
2963543536,False,
2963554539,False,
2963561978,True,170.0
2963566168,True,2957.0
2963567219,False,
2963567357,False,
2963572695,True,44.0
2963572718,False,
2963577981,False,
2963581495,True,1.0
2963613184,True,79.0
2963614463,False,
2963617549,False,
2963620283,False,
2963622794,False,
2963623317,False,
2963625667,True,4.0
2963639005,False,
2963656642,False,
2963660173,False,
2963680250,False,
2963681024,True,157.0
2963683108,False,
2963698964,True,3235.0
2963705253,False,
2963712496,True,227.0
2963719684,True,100.0
2963726259,True,365.0
2963731121,False,
2963735924,True,2025.0
2963738141,True,152.0
2963744037,True,13.0
2963752321,False,
2963800194,False,
2963801421,False,
2963802588,False,
2963802729,False,
2963815438,False,
2963831642,False,
2963838866,False,
2963838917,False,
2963839788,True,4.0
2963842389,False,
2963843657,False,
2963844895,False,
2963851680,False,
2963854119,False,
2963855158,False,
2963862720,False,
2963889023,False,
2963940894,False,
2963941936,True,124.0
2963943072,True,124.0
2963944481,False,
2963944656,False,
2963987445,False,
2964032809,False,
2964032966,False,
2964033101,False,
2964033270,False,
2964033423,False,
2964033577,False,
2964054584,True,153.0
2964056687,True,3252.0
2964064245,False,
2964069041,False,
2964091645,False,
2964140042,True,4278.0
2964142514,False,
2964144173,False,
2964144417,False,
2964144897,False,
2964145229,False,
2964145538,False,
2964145777,False,
2964146002,False,
2964152091,False,
2964157733,True,153.0
2964164028,True,3711.0
2964165544,False,
2964193327,False,
2964211426,False,
2964214547,True,61.0
2964221206,False,
2964222647,False,
2964233859,False,
2964234858,False,
2964237194,False,
2964244375,True,86.0
2964250071,False,
2964252961,False,
2964274129,False,
2964276209,False,
2964285200,False,
2964293505,False,
2964293989,False,
2964298193,False,
2964308677,False,
2964327286,True,4.0
2964333581,True,1787.0
2964365036,False,
2964375498,False,
2964401432,False,
2964427952,False,
2964436484,True,2406.0
2964439391,True,15777.0
2964441342,True,12.0
2964446110,False,
2964459473,False,
2964470297,False,
2964480941,False,
2964488728,False,
2964496603,False,
2964520839,False,
2964522893,False,
2964525802,False,
2964530472,False,
2964534913,False,
2964542868,False,
2964542926,False,
2964610400,True,70.0
2964613000,False,
2964660739,False,
2964679884,True,4.0
2964695650,False,
2964777382,False,
2964805547,False,
2964881559,False,
2964910423,False,
2964911737,True,2492.0
2964941904,False,
2964944590,False,
2964961181,False,
2964974147,False,
2965063537,True,1857.0
2965088902,False,
2965121682,False,
2965121876,False,
2965137703,False,
2965140309,False,
2965145851,False,
2965152399,False,
2965165536,False,
2965206014,True,476.0
2965295773,True,1246.0
2965311632,True,31.0
2965327140,False,
2965394421,False,
2965394554,False,
2965394661,False,
2965399143,True,4.0
2965413125,False,
2965413571,False,
2965507883,False,
2965524410,False,
2965530314,True,2064.0
2965534749,False,
2965540082,False,
2965541083,False,
2965552321,True,225.0
2965559241,False,
2965561257,True,64.0
2965562888,False,
2965563180,False,
2965563439,False,
2965563783,False,
2965569218,True,1322.0
2965575716,False,
2965607494,True,4.0
2965607977,False,
2965640919,True,214.0
2965706444,True,320.0
2965710933,True,124.0
2965723665,False,
2965738067,False,
2965765843,True,16106.0
2965776126,True,231.0
2965802195,False,
2965855029,True,1477.0
2965910257,False,
2965930225,False,
2965930562,False,
2965930904,False,
2965992323,True,78.0
2966020081,True,21579.0
2966031130,False,
2966052811,True,4852.0
2966059397,False,
2966063082,False,
2966063214,False,
2966063340,False,
2966063523,False,
2966096513,False,
2966097368,False,
2966108675,False,
2966117988,False,
2966122294,True,176.0
2966126569,False,
2966130558,True,4.0
2966139253,True,125.0
2966142402,True,320.0
2966227167,False,
2966237824,False,
2966240808,True,16.0
2966255739,False,
2966266192,False,
2966274120,False,
2966284349,True,4.0
2966305838,False,
2966309307,False,
2966343937,True,455.0
2966386196,False,
2966389690,False,
2966393007,True,13.0
2966395834,True,1487.0
2966395971,False,
2966396675,False,
2966399823,True,1585.0
2966422645,False,
2966426278,False,
2966439142,True,91.0
2966478794,True,2264.0
2966483710,False,
2966553171,False,
2966575149,False,
2966583578,False,
2966596069,False,
2966600727,False,
2966632407,False,
2966634591,False,
2966635880,False,
2966637376,False,
2966637881,False,
2966638163,True,1222.0
2966643940,False,
2966666146,False,
2966670939,False,
2966671046,False,
2966674035,True,1581.0
2966681306,False,
2966694624,False,
2966698335,False,
2966711191,False,
2966722253,False,
2966734613,True,2856.0
2966738547,False,
2966745326,False,
2966748413,True,1803.0
2966766760,True,1991.0
2966768947,False,
2966771747,False,
2966777416,True,50.0
2966777504,False,
2966781179,False,
2966786977,False,
2966803902,False,
2966812666,False,
2966814520,False,
2966815156,True,2160.0
2966866834,True,22.0
2966904377,False,
2966917935,False,
2966925234,False,
2966935065,False,
2966936490,False,
2966936583,False,
2966936983,False,
2966956318,False,
2966957096,False,
2966958800,False,
2966960371,True,1205.0
2966960706,False,
2966964677,False,
2966968406,False,
2966994311,True,112.0
2967002774,False,
2967003225,False,
2967011219,False,
2967021153,True,55.0
2967025371,False,
2967032240,True,1691.0
2967036779,False,
2967037244,False,
2967039941,False,
2967040043,False,
2967040148,False,
2967040255,False,
2967046196,True,3039.0
2967058552,False,
2967061840,True,777.0
2967068745,False,
2967070337,False,
2967078176,False,
2967081667,False,
2967088283,False,
2967093045,False,
2967099342,False,
2967104298,False,
2967106905,False,
2967111020,False,
2967127915,False,
2967146160,False,
2967147288,False,
2967184314,False,
2967258424,False,
2967259557,False,
2967273899,False,
2967283888,True,134.0
2967293806,False,
2967300012,False,
2967309929,False,
2967315637,False,
2967321419,False,
2967330949,False,
2967332342,False,
2967335614,False,
2967335668,False,
2967342917,False,
2967348128,False,
2967348323,False,
2967351817,False,
2967353508,True,2364.0
2967360158,False,
2967365120,False,
2967365470,False,
2967365577,False,
2967372933,True,497.0
2967378364,False,
2967382203,False,
2967387878,False,
2967405549,True,650.0
2967425016,True,84.0
2967431927,False,
2967431983,False,
2967434690,False,
2967467317,False,
2967470050,True,1977.0
2967480209,False,
2967484279,True,2457.0
2967552765,False,
2967564281,False,
2967587746,False,
2967590564,False,
2967593354,False,
2967593805,False,
2967594965,True,374.0
2967638460,True,195.0
2967655812,False,
2967656701,True,1005.0
2967661892,False,
2967665556,False,
2967674312,False,
2967674364,False,
2967685951,False,
2967686187,False,
2967686241,False,
2967686322,False,
2967686384,False,
2967686450,False,
2967686993,False,
2967687084,False,
2967724278,True,444.0
2967732424,False,
2967752974,False,
2967769879,False,
2967775213,False,
2967797737,False,
2967855882,False,
2967859250,False,
2967864762,False,
2967875221,True,17.0
2967890193,False,
2967890406,False,
2967890577,False,
2967890775,False,
2967890948,False,
2967891109,False,
2967891267,False,
2967893203,True,160.0
2967895254,False,
2967900985,True,1192.0
2967908077,False,
2967908367,False,
2967908384,False,
2967918548,False,
2967922776,False,
2967922995,False,
2967923183,False,
2967923474,False,
2967928857,True,96.0
2967930694,False,
2967932177,False,
2967938508,True,498.0
2967953470,False,
2967958071,False,
2967958142,False,
2967958204,False,
2967958258,False,
2967958342,False,
2967960490,False,
2967964771,False,
2967965571,False,
2967971261,False,
2967980287,False,
2967981044,False,
2967981095,False,
2967981150,False,
2967982019,False,
2967986588,False,
2967989425,False,
2967989739,False,
2967990115,False,
2967996763,False,
2967996811,False,
2967996869,False,
2967996919,False,
2967996945,True,766.0
2968006603,False,
2968006755,False,
2968007373,False,
2968011350,False,
2968015549,False,
2968017090,False,
2968017848,False,
2968018734,False,
2968020328,False,
2968021825,False,
2968021882,False,
2968021915,False,
2968026378,False,
2968033721,False,
2968034110,False,
2968034435,False,
2968034627,False,
2968034769,False,
2968034886,False,
2968042169,False,
2968042315,False,
2968043768,False,
2968044716,False,
2968045098,False,
2968046627,True,59.0
2968050812,True,1997.0
2968051668,False,
2968081166,True,143.0
2968082261,False,
2968089543,False,
2968104538,False,
2968104629,False,
2968110854,False,
2968121857,False,
2968137841,True,2521.0
2968147456,True,896.0
2968148074,False,
2968150543,False,
2968152910,False,
2968153628,False,
2968154176,False,
2968154913,False,
2968155011,False,
2968155153,False,
2968155733,False,
2968158579,False,
2968159459,True,1887.0
2968174954,False,
2968181228,False,
2968183143,False,
2968183534,False,
2968184181,False,
2968189058,False,
2968192470,False,
2968194579,False,
2968194922,False,
2968196811,False,
2968196854,False,
2968197091,False,
2968199133,False,
2968203773,False,
2968222958,False,
2968226860,True,2091.0
2968252408,False,
2968294113,True,2915.0
2968294323,True,2040.0
2968297550,False,
2968306207,False,
2968309267,True,950.0
2968315576,False,
2968316550,False,
2968316707,False,
2968316771,False,
2968316898,False,
2968323959,False,
2968328493,False,
2968329860,False,
2968329871,False,
2968333259,False,
2968350485,False,
2968382968,True,72.0
2968396456,False,
2968396480,False,
2968396500,False,
2968397126,False,
2968404878,False,
2968408218,False,
2968408227,False,
2968412583,False,
2968412854,False,
2968444241,False,
2968454504,False,
2968454821,False,
2968455886,False,
2968457190,False,
2968463922,True,1671.0
2968467768,True,3519.0
2968468353,True,124.0
2968469621,True,4763.0
2968471294,False,
2968471585,True,1857.0
2968473776,False,
2968473815,False,
2968475253,True,1910.0
2968489035,True,294.0
2968505110,False,
2968508879,True,1751.0
2968511942,False,
2968515751,True,2987.0
2968527131,True,126.0
2968527520,True,125.0
2968530275,False,
2968530755,True,509.0
2968538712,False,
2968543582,False,
2968558759,False,
2968573761,False,
2968573991,True,1362.0
2968575103,True,210.0
2968579889,True,3742.0
2968581829,True,5.0
2968582192,True,73.0
2968606326,False,
2968608035,False,
2968750823,False,
2968776123,False,
2968778852,False,
2968793438,False,
2968802000,True,66.0
2968810411,False,
2968810494,False,
2968810542,False,
2968829833,True,1520.0
2968832506,False,
2968848054,True,382.0
2968852995,False,
2968854290,False,
2968863156,False,
2968901199,True,4110.0
2968931995,False,
2968934711,False,
2968938386,True,124.0
2968942610,True,124.0
2968950492,True,125.0
2968950740,True,2121.0
2968954729,True,1675.0
2968963160,False,
2968963474,True,124.0
2968964045,True,5620.0
2968974461,False,
2968983424,False,
2968983865,True,125.0
2968983904,False,
2968984064,False,
2968987783,False,
2968990765,False,
2968994145,True,6344.0
2968999046,False,
2968999168,False,
2968999215,False,
2968999238,False,
2968999253,False,
2968999261,False,
2968999270,False,
2968999278,False,
2968999286,False,
2968999295,False,
2968999303,False,
2969001250,False,
2969002447,False,
2969002453,False,
2969002457,False,
2969002461,False,
2969002469,False,
2969002475,False,
2969004202,False,
2969008977,True,4093.0
2969030688,False,
2969042386,True,230.0
2969049637,False,
2969050555,False,
2969051240,True,212.0
2969056982,True,2458.0
2969057093,True,372.0
2969059281,False,
2969059357,False,
2969059398,False,
2969059487,True,2325.0
2969060452,True,1698.0
2969060553,True,476.0
2969061442,True,1416.0
2969061504,False,
2969061649,True,1093.0
2969061814,True,424.0
2969062299,False,
2969062508,False,
2969063123,True,2641.0
2969063218,True,972.0
2969064352,False,
2969069026,False,
2969069131,False,
2969069930,False,
2969070658,False,
2969071521,False,
2969078610,False,
2969081537,False,
2969082728,False,
2969082737,False,
2969082744,False,
2969084087,False,
2969085158,True,6840.0
2969085776,False,
2969092220,False,
2969092754,False,
2969093930,False,
2969096839,False,
2969097510,False,
2969099216,True,2901.0
2969102441,False,
2969102594,False,
2969103703,False,
2969118629,True,3704.0
2969121938,True,1137.0
2969132412,False,
2969150523,True,7105.0
2969157259,True,3816.0
2969163239,False,
2969163977,True,4243.0
2969164954,True,2643.0
2969186460,True,192.0
2969200857,True,10490.0
2969205119,True,3327.0
2969214606,True,2876.0
2969231482,False,
2969232255,False,
2969249047,False,
2969249107,False,
2969249221,False,
2969255377,False,
2969258222,False,
2969259334,False,
2969263549,False,
2969264607,False,
2969270640,False,
2969271586,False,
2969271594,False,
2969272383,False,
2969285111,False,
2969285930,True,37.0
2969288573,True,4424.0
2969289159,True,363.0
2969291893,True,711.0
2969297411,False,
2969297971,False,
2969298734,False,
2969316389,False,
2969320561,True,7444.0
2969322629,True,4696.0
2969322963,True,577.0
2969323637,True,71.0
2969325880,False,
2969330726,False,
2969330782,False,
2969330815,False,
2969330836,False,
2969330842,True,14138.0
2969330874,False,
2969330904,False,
2969331061,True,1544.0
2969331266,False,
2969331273,False,
2969331284,False,
2969331382,True,2188.0
2969331807,True,3750.0
2969332020,True,39.0
2969333030,True,4747.0
2969335392,True,242.0
2969337157,False,
2969337944,True,69.0
2969341110,False,
2969351765,True,273.0
2969351955,False,
2969356742,True,2401.0
2969358310,True,120.0
2969361432,True,1627.0
2969362038,True,996.0
2969362802,False,
2969365606,False,
2969366634,True,58.0
2969367036,True,461.0
2969367405,False,
2969368048,False,
2969369985,False,
2969371438,False,
2969372222,False,
2969372725,False,
2969372734,False,
2969372740,False,
2969372751,False,
2969372757,False,
2969372763,False,
2969372771,False,
2969375305,False,
2969380749,False,
2969410814,True,1635.0
2969417785,False,
2969418330,False,
2969431969,False,
2969434541,False,
2969455217,False,
2969456993,False,
2969460686,False,
2969461018,False,
2969462449,False,
2969462577,True,130.0
2969464839,True,2534.0
2969465620,False,
2969468766,False,
2969469392,True,1010.0
2969470106,True,3244.0
2969470579,True,5432.0
2969472182,True,4911.0
2969472327,True,5194.0
2969472805,True,92.0
2969476977,True,408.0
2969478587,True,4475.0
2969480748,True,844.0
2969481056,True,1111.0
2969481225,True,1270.0
2969481436,True,740.0
2969505988,False,
2969506350,False,
2969506569,False,
2969506748,False,
2969506888,False,
2969507010,False,
2969507122,False,
2969507426,False,
2969507843,False,
2969508234,False,
2969526178,False,
2969526343,False,
2969526564,False,
2969526908,False,
2969560478,True,8333.0
2969562880,True,1551.0
2969570722,True,3921.0
2969571018,False,
2969571594,False,
2969573329,False,
2969573479,False,
2969574099,False,
2969578016,True,1096.0
2969578822,False,
2969579001,False,
2969607498,True,2.0
2969610524,True,837.0
2969611069,False,
2969621084,False,
2969629841,False,
2969671707,False,
2969671976,False,
2969677411,False,
2969677437,False,
2969699258,False,
2969753669,True,10923.0
2969790814,True,686.0
2969825966,False,
2969826015,False,
2969826056,False,
2969864801,False,
2969910652,False,
2969914376,False,
2969918169,False,
2969937702,True,1685.0
2969961024,True,4.0
2969967991,False,
2969999915,False,
2970012236,False,
2970116144,False,
2970169682,True,1829.0
2970265751,False,
2970272274,False,
2970299235,True,110.0
2970301072,True,35.0
2970308664,True,4.0
2970317173,False,
2970323032,False,
2970330057,False,
2970361493,True,590.0
2970366294,False,
2970366959,False,
2970370050,True,1218.0
2970371605,False,
2970380000,True,34359.0
2970381923,True,120.0
2970383294,False,
2970383701,False,
2970390153,False,
2970391620,True,12.0
2970423944,False,
2970466009,False,
2970473389,False,
2970474164,False,
2970479688,False,
2970483242,False,
2970488586,False,
2970493532,False,
2970499682,False,
2970517908,False,
2970522887,False,
2970522993,False,
2970533004,False,
2970542831,False,
2970543773,False,
2970551474,True,4.0
2970566172,False,
2970574513,False,
2970590985,False,
2970592085,False,
2970593314,False,
2970593536,False,
2970612539,True,1118.0
2970614869,False,
2970621235,False,
2970632467,False,
2970633560,False,
2970634164,False,
2970634755,False,
2970636126,False,
2970642958,False,
2970655305,False,
2970655401,False,
2970655481,False,
2970656859,False,
2970663590,False,
2970674985,False,
2970675086,False,
2970675176,False,
2970675266,False,
2970675284,False,
2970675365,False,
2970675457,False,
2970675563,False,
2970699763,False,
2970700710,False,
2970706293,False,
2970713540,False,
2970736202,False,
2970749571,False,
2970779521,True,1787.0
2970784218,False,
2970829243,False,
2970832680,True,248.0
2970833758,True,147.0
2970850233,True,9793.0
2970854725,False,
2970857688,False,
2970862315,False,
2970871666,False,
2970873022,False,
2970878356,False,
2970921413,False,
2970924935,False,
2970929178,False,
2970929851,False,
2970934746,False,
2970935892,False,
2970945135,True,21.0
2970955418,False,
2970963318,False,
2970963393,False,
2970963498,False,
2970971294,False,
2970971678,False,
2970987580,False,
2970994827,False,
2970996939,False,
2971011584,False,
2971011676,True,64.0
2971025681,False,
2971029103,False,
2971031341,False,
2971031475,False,
2971031594,False,
2971041974,False,
2971042265,False,
2971049777,False,
2971151635,True,1558.0
2971169536,False,
2971225355,False,
2971230011,False,
2971233979,False,
2971240683,True,4.0
2971243772,True,1590.0
2971251630,False,
2971256833,True,20.0
2971257445,False,
2971264771,False,
2971272756,False,
2971278985,False,
2971290095,False,
2971291636,False,
2971297483,False,
2971302765,False,
2971309560,False,
2971325648,False,
2971326301,False,
2971335323,False,
2971337971,True,2443.0
2971356558,False,
2971375938,True,1742.0
2971388843,False,
2971397775,True,2260.0
2971404034,True,11796.0
2971438589,False,
2971441870,True,236.0
2971449071,False,
2971449194,False,
2971472306,False,
2971485191,False,
2971502564,False,
2971504328,False,
2971519161,False,
2971519332,False,
2971520896,False,
2971521514,True,666.0
2971543521,False,
2971548710,True,40.0
2971650824,True,56041.0
2971687578,True,28.0
2971689445,False,
2971709965,False,
2971714111,False,
2971716848,True,58452.0
2971740595,True,205.0
2971788296,False,
2971800297,False,
2971803881,True,1783.0
2971808226,True,320.0
2971818399,False,
2971818500,False,
2971818595,False,
2971818704,False,
2971818786,False,
2971826075,False,
2971827985,False,
2971843594,False,
2971847333,False,
2971859744,True,3303.0
2971887286,True,4333.0
2971920963,True,1561.0
2971923520,True,1425.0
2971931316,True,1650.0
2971992985,False,
2972018384,False,
2972024702,False,
2972038512,True,21.0
2972056658,False,
2972056800,False,
2972060583,False,
2972063928,False,
2972071509,False,
2972071989,False,
2972074399,False,
2972084182,False,
2972087194,False,
2972090855,True,767.0
2972095000,False,
2972095880,True,2796.0
2972098627,False,
2972098723,False,
2972099000,False,
2972101702,False,
2972124388,False,
2972132598,False,
2972136331,False,
2972138211,False,
2972165535,False,
2972169558,False,
2972175787,False,
2972176252,False,
2972183131,False,
2972193500,True,11.0
2972195606,False,
2972196351,False,
2972196836,False,
2972200432,False,
2972200503,False,
2972204356,False,
2972212557,False,
2972225492,False,
2972230094,False,
2972232774,False,
2972233008,False,
2972234932,False,
2972238281,True,607.0
2972259952,True,3054.0
2972263710,False,
2972270780,False,
2972289508,False,
2972292321,False,
2972297432,True,59596.0
2972312148,False,
2972313864,False,
2972316399,False,
2972316722,False,
2972316943,False,
2972317179,False,
2972317404,False,
2972321300,False,
2972337571,False,
2972338119,False,
2972345803,True,1185.0
2972358523,False,
2972361657,False,
2972369227,False,
2972373582,False,
2972379902,False,
2972380711,False,
2972384335,False,
2972438719,False,
2972440970,True,50.0
2972441215,True,50.0
2972444541,False,
2972445101,False,
2972452842,False,
2972458331,False,
2972459402,False,
2972488085,False,
2972510018,False,
2972519577,False,
2972524190,False,
2972547557,True,170.0
2972577593,True,5491.0
2972591219,False,
2972591233,True,3955.0
2972623472,False,
2972625354,False,
2972633933,False,
2972647514,False,
2972662931,False,
2972679660,False,
2972683433,True,7.0
2972684980,False,
2972695737,False,
2972696788,True,208.0
2972699387,True,34.0
2972700520,False,
2972700590,False,
2972706073,False,
2972707283,True,4.0
2972709535,True,14.0
2972710352,False,
2972711411,False,
2972712238,False,
2972731342,False,
2972731436,False,
2972747987,False,
2972751621,False,
2972767212,False,
2972770631,False,
2972774774,False,
2972782669,False,
2972783539,False,
2972827282,False,
2972828474,False,
2972835970,False,
2972838255,False,
2972845711,True,318.0
2972845839,False,
2972850615,True,5354.0
2972853923,False,
2972854769,False,
2972879915,False,
2972892253,False,
2972894805,False,
2972897781,False,
2972901624,False,
2972904730,True,27.0
2972908222,True,1390.0
2972914059,False,
2972923434,False,
2972923682,False,
2972930960,True,72.0
2972933964,False,
2972934014,False,
2972938014,False,
2972947580,False,
2972951119,False,
2972951188,False,
2972955181,False,
2972956864,False,
2972956912,False,
2972962398,True,3624.0
2972967386,False,
2972968078,False,
2972973214,False,
2972984581,False,
2972988150,True,1832.0
2972988761,False,
2972991325,False,
2972997517,False,
2972997785,False,
2973006382,False,
2973006388,False,
2973007541,False,
2973011559,False,
2973025810,True,7441.0
2973033657,True,8.0
2973034118,False,
2973034153,False,
2973034182,False,
2973047410,False,
2973048535,False,
2973050325,False,
2973053013,True,5665.0
2973054664,False,
2973058041,False,
2973058988,False,
2973059758,False,
2973062604,False,
2973062986,False,
2973063108,False,
2973063209,False,
2973064905,False,
2973071757,True,1390.0
2973073110,False,
2973073796,False,
2973074037,False,
2973074487,False,
2973075608,False,
2973075817,False,
2973076802,True,17.0
2973076938,False,
2973081834,False,
2973081992,False,
2973082488,False,
2973082666,False,
2973084527,False,
2973088244,False,
2973090483,False,
2973090520,False,
2973090554,False,
2973094883,False,
2973100747,False,
2973105908,False,
2973106056,False,
2973106626,False,
2973106703,False,
2973107048,False,
2973107945,True,16.0
2973108721,False,
2973108762,False,
2973108986,False,
2973109109,False,
2973110919,False,
2973111002,False,
2973111667,False,
2973111807,False,
2973112506,False,
2973114290,False,
2973114434,False,
2973125169,False,
2973125228,False,
2973125268,False,
2973125310,False,
2973126672,False,
2973128124,True,6383.0
2973131039,False,
2973132066,True,1511.0
2973141045,True,3035.0
2973147432,True,1704.0
2973179214,False,
2973196330,True,1626.0
2973197860,False,
2973198437,False,
2973229141,True,1971.0
2973233583,True,2552.0
2973236379,False,
2973237175,True,2088.0
2973237824,True,240.0
2973279303,False,
2973289181,False,
2973295534,False,
2973297391,True,12.0
2973298051,False,
2973301339,False,
2973305848,False,
2973315491,False,
2973315518,False,
2973320896,False,
2973331906,False,
2973332702,True,1576.0
2973332940,False,
2973333845,True,2691.0
2973333861,True,7814.0
2973334645,False,
2973334778,False,
2973334932,False,
2973335026,False,
2973338724,False,
2973339148,False,
2973340311,True,150373.0
2973341493,False,
2973341609,False,
2973359256,True,13.0
2973360952,False,
2973360978,False,
2973361000,False,
2973361026,False,
2973362818,False,
2973367874,False,
2973369397,False,
2973388219,True,1729.0
2973392381,False,
2973401752,True,3476.0
2973463173,True,945.0
2973468376,False,
2973468405,False,
2973474081,False,
2973483593,False,
2973483935,False,
2973484293,True,1803.0
2973484617,False,
2973485251,True,29.0
2973514385,False,
2973514656,False,
2973514772,False,
2973520069,True,51.0
2973524493,True,1686.0
2973533103,True,1495.0
2973536050,False,
2973547417,True,5.0
2973560366,False,
2973589347,True,61.0
2973619035,False,
2973635361,True,3203.0
2973727038,False,
2973750919,False,
2973771327,True,30.0
2973879827,False,
2973880104,True,12555.0
2973881647,False,
2973886606,True,38.0
2973893486,False,
2973894107,True,10429.0
2973903263,False,
2973923414,True,167.0
2973940319,False,
2973945418,False,
2973952057,False,
2973988610,False,
2973989778,False,
2974034597,True,13.0
2974034865,True,60841.0
2974052139,True,1691.0
2974062175,True,5503.0
2974094389,True,50.0
2974128440,False,
2974135294,True,2553.0
2974142055,False,
2974211249,True,2180.0
2974224449,True,2048.0
2974229738,True,3396.0
2974243785,True,744.0
2974256704,False,
2974272521,True,40263.0
2974318646,False,
2974393155,False,
2974404009,True,42257.0
2974426072,False,
2974467380,True,4.0
2974473211,True,2089.0
2974490574,True,31283.0
2974547102,False,
2974548933,False,
2974549430,True,246.0
2974586493,False,
2974632413,False,
2974632586,False,
2974637950,True,4886.0
2974655464,False,
2974672672,True,7598.0
2974754916,False,
2974761242,True,1691.0
2974819162,True,1279.0
2974845434,False,
2974848478,False,
2974848963,True,1802.0
2974855474,True,3027.0
2974922127,True,4454.0
2974965918,False,
2974969551,False,
2974972044,True,6162.0
2974991705,True,97.0
2974994010,False,
2975060222,False,
2975072196,True,3784.0
2975073951,True,3013.0
2975078132,True,197.0
2975091852,False,
2975131625,False,
2975133075,False,
2975172783,False,
2975176109,True,4.0
2975180101,True,916.0
2975214431,False,
2975241040,False,
2975241415,False,
2975241775,False,
2975242125,False,
2975242193,False,
2975269072,True,1972.0
2975269276,True,4298.0
2975274158,False,
2975274967,True,284.0
2975278776,False,
2975281649,False,
2975286284,False,
2975292531,False,
2975292771,False,
2975293200,False,
2975297604,False,
2975315527,False,
2975322716,False,
2975332811,False,
2975348404,False,
2975348527,False,
2975348673,False,
2975404592,False,
2975416003,False,
2975437096,False,
2975451186,False,
2975461267,False,
2975464309,False,
2975464766,False,
2975510145,True,15313.0
2975523805,False,
2975542065,False,
2975594794,False,
2975598486,False,
2975608197,False,
2975636657,False,
2975664385,False,
2975700278,False,
2975723485,False,
2975733552,False,
2975736616,False,
2975754833,False,
2975762743,False,
2975771480,False,
2975787435,False,
2975787598,False,
2975789551,False,
2975789691,False,
2975801447,False,
2975801689,False,
2975815541,False,
2975819761,False,
2975848828,True,3555.0
2975868546,False,
2975870074,False,
2975887879,True,1780.0
2975889872,False,
2975893385,False,
2975898506,False,
2975901088,False,
2975902297,False,
2975908822,False,
2975916136,True,39.0
2975928685,False,
2975933013,False,
2975939635,False,
2975960471,False,
2976001872,True,1475.0
2976023460,False,
2976050069,False,
2976057333,False,
2976057483,False,
2976057603,False,
2976074071,True,79.0
2976093485,False,
2976123768,False,
2976123859,False,
2976124018,False,
2976124370,False,
2976129362,True,48.0
2976130388,False,
2976131672,True,52.0
2976133681,False,
2976142611,False,
2976147233,False,
2976149577,False,
2976150180,True,16.0
2976150673,False,
2976154626,False,
2976155565,True,75.0
2976156719,False,
2976159485,True,165.0
2976162335,False,
2976164728,False,
2976180985,False,
2976182335,False,
2976202879,False,
2976211166,True,9018.0
2976215520,True,720.0
2976249855,True,1.0
2976279068,False,
2976286736,True,63174.0
2976289226,False,
2976289689,False,
2976293109,True,52.0
2976305649,False,
2976309113,False,
2976319886,False,
2976321910,False,
2976324095,False,
2976331587,False,
2976339730,False,
2976339939,False,
2976339995,False,
2976341599,False,
2976349412,False,
2976351571,False,
2976353998,False,
2976354271,False,
2976357077,True,77.0
2976357284,False,
2976357393,False,
2976357493,False,
2976363539,False,
2976365244,True,32397.0
2976365342,False,
2976371698,True,4.0
2976373701,True,4.0
2976381200,True,4.0
2976381491,False,
2976387300,False,
2976394838,False,
2976394968,True,14.0
2976418663,False,
2976426317,True,44.0
2976434234,False,
2976435414,False,
2976436757,True,85804.0
2976448732,False,
2976449709,True,42.0
2976452889,False,
2976453147,True,101.0
2976463779,False,
2976486563,True,30.0
2976497756,False,
2976497866,False,
2976497959,False,
2976498034,False,
2976500140,False,
2976514694,True,33939.0
2976515390,False,
2976521615,False,
2976521685,False,
2976521752,False,
2976526216,False,
2976529121,False,
2976537635,False,
2976539030,False,
2976539974,False,
2976548878,False,
2976550085,True,141.0
2976554575,False,
2976557578,False,
2976558550,False,
2976559124,False,
2976559663,False,
2976561554,False,
2976565418,False,
2976568879,True,17.0
2976572492,True,55.0
2976572553,False,
2976575586,False,
2976576228,False,
2976577114,False,
2976577692,True,8.0
2976579143,True,22.0
2976580137,False,
2976594764,False,
2976597670,False,
2976601730,False,
2976604301,False,
2976607845,False,
2976608979,False,
2976610838,False,
2976611099,False,
2976612471,False,
2976614306,False,
2976614382,False,
2976614466,False,
2976621475,True,52.0
2976642623,False,
2976642862,False,
2976643006,False,
2976643135,False,
2976643249,False,
2976643355,False,
2976648003,False,
2976648148,False,
2976648299,False,
2976648380,False,
2976648475,False,
2976648555,False,
2976673252,False,
2976691129,True,43.0
2976705713,False,
2976708513,False,
2976708582,False,
2976708661,False,
2976708722,False,
2976719730,False,
2976725882,False,
2976739018,False,
2976752880,False,
2976763292,False,
2976763663,False,
2976767516,False,
2976777912,True,62.0
2976783002,False,
2976787253,True,3203.0
2976802748,False,
2976804416,False,
2976805229,True,13199.0
2976806821,True,435.0
2976815407,False,
2976819031,False,
2976819287,True,130.0
2976824110,False,
2976828601,False,
2976833888,True,1956.0
2976839016,False,
2976840298,True,1762.0
2976844901,True,775.0
2976849314,False,
2976850023,False,
2976850350,False,
2976855188,False,
2976857152,False,
2976862139,True,1883.0
2976864333,True,1536.0
2976870301,False,
2976879430,False,
2976888258,True,42.0
2976900849,True,71.0
2976901758,False,
2976904396,False,
2976904840,True,1744.0
2976913976,False,
2976917802,True,1704.0
2976920468,False,
2976928846,True,20.0
2976935442,True,1949.0
2976937941,True,5.0
2976940728,False,
2976941623,False,
2976945284,False,
2976946597,False,
2976966238,False,
2976971456,False,
2976971604,False,
2976971767,False,
2976971897,False,
2976975044,False,
2976982050,True,43.0
2976984515,False,
2977006399,False,
2977015564,False,
2977017040,False,
2977029336,False,
2977035316,False,
2977063748,False,
2977065748,False,
2977071075,True,5.0
2977078298,False,
2977082371,True,51.0
2977087290,False,
2977127089,True,5.0
2977129985,True,11.0
2977136206,False,
2977137035,False,
2977139108,True,374.0
2977143498,False,
2977145012,False,
2977174402,True,54.0
2977175063,False,
2977175379,False,
2977187883,True,2026.0
2977188791,True,3493.0
2977198460,True,73.0
2977205327,True,2141.0
2977208303,False,
2977216689,True,2192.0
2977217766,True,2784.0
2977226508,False,
2977230095,True,4128.0
2977230767,True,1048.0
2977235444,False,
2977237197,False,
2977243651,True,5.0
2977257616,True,282.0
2977260649,True,2676.0
2977268800,True,1505.0
2977274527,False,
2977274572,False,
2977274608,False,
2977274650,False,
2977274692,False,
2977274946,True,2118.0
2977275365,False,
2977275406,False,
2977275440,False,
2977275463,False,
2977275498,False,
2977276064,True,1579.0
2977277530,False,
2977282424,False,
2977284964,False,
2977286523,True,6366.0
2977287684,False,
2977288506,False,
2977300505,False,
2977301563,False,
2977312319,False,
2977322653,False,
2977325439,True,849.0
2977338619,False,
2977408000,True,244.0
2977411173,False,
2977450780,True,5607.0
2977466673,False,
2977469788,False,
2977478568,False,
2977485265,True,44.0
2977486104,False,
2977505004,False,
2977508825,False,
2977509068,False,
2977510093,False,
2977511814,False,
2977579996,False,
2977630872,False,
2977637599,False,
2977644186,False,
2977647168,False,
2977711009,False,
2977733254,True,830.0
2977760200,True,13.0
2977773967,False,
2977781194,False,
2977788884,True,1433.0
2977791638,True,7526.0
2977795210,False,
2977795263,False,
2977795720,False,
2977818762,True,6307.0
2977854152,False,
2977886179,True,12.0
2977901052,False,
2977910891,False,
2977910944,False,
2977917726,False,
2977931937,True,1422.0
2977937271,False,
2977942183,False,
2977958833,False,
2977961033,True,4.0
2977980314,False,
2977986697,True,11.0
2977993257,False,
2977994994,False,
2977999360,False,
2977999774,False,
2977999909,True,105.0
2978001873,False,
2978006116,False,
2978010261,False,
2978010433,False,
2978010521,False,
2978014240,False,
2978014508,False,
2978015913,False,
2978016672,False,
2978016712,False,
2978019396,False,
2978021259,False,
2978022212,False,
2978022590,False,
2978023956,False,
2978029255,False,
2978029533,False,
2978034273,False,
2978041187,False,
2978052956,True,2197.0
2978060885,False,
2978067322,False,
2978075971,True,124.0
2978098062,True,124.0
2978109188,False,
2978123375,False,
2978125472,False,
2978134069,False,
2978153421,True,654.0
2978155685,False,
2978157655,False,
2978169409,False,
2978206399,True,4.0
2978214936,True,10.0
2978216490,False,
2978229032,False,
2978230573,False,
2978237339,True,113.0
2978238035,False,
2978243384,False,
2978245687,False,
2978271854,True,697.0
2978273191,False,
2978274276,False,
2978275418,False,
2978276673,True,1565.0
2978277795,False,
2978279257,False,
2978292909,False,
2978299931,False,
2978300110,False,
2978311292,False,
2978323416,False,
2978327451,False,
2978330433,True,1582.0
2978332830,True,1875.0
2978341249,True,6.0
2978344703,True,12.0
2978345342,True,124.0
2978389061,True,2348.0
2978389510,True,125.0
2978390840,True,5487.0
2978392283,True,39176.0
2978430534,True,125.0
2978439347,True,33.0
2978455171,False,
2978457022,False,
2978464457,False,
2978470945,False,
2978471305,False,
2978475536,False,
2978476127,True,476.0
2978478417,True,12982.0
2978479696,True,12.0
2978486884,False,
2978487511,False,
2978498850,True,11.0
2978501904,False,
2978502087,False,
2978508977,False,
2978509090,False,
2978513728,True,12.0
2978551382,False,
2978563120,True,62.0
2978564106,False,
2978589959,False,
2978592752,False,
2978596864,False,
2978604727,False,
2978607405,True,177.0
2978638735,False,
2978664368,False,
2978666640,False,
2978689927,True,205.0
2978689966,False,
2978697564,False,
2978708944,True,1698.0
2978719303,True,2459.0
2978723917,True,4813.0
2978725173,False,
2978725257,False,
2978725343,False,
2978725488,False,
2978725583,False,
2978725663,False,
2978726514,False,
2978728633,False,
2978735931,True,598.0
2978739842,True,81.0
2978742265,False,
2978752544,False,
2978767269,True,3575.0
2978768614,True,99.0
2978772041,True,338.0
2978774000,True,10252.0
2978795480,False,
2978806766,True,47.0
2978813337,False,
2978817412,True,335.0
2978824271,False,
2978826451,True,61.0
2978827337,False,
2978848670,False,
2978858879,True,1.0
2978859244,False,
2978859817,False,
2978860122,False,
2978860418,False,
2978860713,False,
2978883018,True,322.0
2978883021,False,
2978892700,False,
2978898569,False,
2978898660,False,
2978904436,False,
2978916756,False,
2978927950,False,
2978931859,True,2018.0
2978936285,True,18998.0
2978937796,False,
2978943259,True,13.0
2978949499,True,1148.0
2978953788,True,2518.0
2978956174,False,
2978958693,False,
2978960385,False,
2978963102,True,25068.0
2978963558,False,
2978965546,False,
2978967892,False,
2978968836,False,
2978973166,False,
2978975312,True,13.0
2978975913,False,
2978979239,False,
2978981537,False,
2978995255,False,
2978996817,False,
2979028206,False,
2979035568,False,
2979035737,False,
2979035891,False,
2979036053,False,
2979036209,False,
2979047142,False,
2979050877,True,200.0
2979066141,False,
2979068359,True,3209.0
2979070964,False,
2979070977,False,
2979074470,False,
2979077563,True,55.0
2979081039,False,
2979082992,False,
2979083090,False,
2979092309,False,
2979103601,False,
2979104034,False,
2979128735,False,
2979129422,False,
2979141367,True,64.0
2979148590,False,
2979148673,False,
2979174243,False,
2979175081,True,51.0
2979182307,False,
2979182446,False,
2979182560,False,
2979182680,False,
2979182790,False,
2979182926,False,
2979198618,True,167.0
2979202417,False,
2979204279,False,
2979209562,True,1488.0
2979211069,True,54.0
2979213650,False,
2979221556,True,124.0
2979228594,False,
2979228750,False,
2979229582,True,31.0
2979235933,True,7680.0
2979236191,True,36.0
2979242931,False,
2979243349,False,
2979243763,False,
2979244114,False,
2979244568,False,
2979247228,False,
2979255286,True,1489.0
2979259594,False,
2979261641,False,
2979271483,False,
2979272846,True,182.0
2979274305,False,
2979290924,False,
2979303702,True,865.0
2979305046,False,
2979309445,False,
2979316258,True,7.0
2979320277,False,
2979322306,False,
2979322313,False,
2979322435,False,
2979322574,False,
2979328014,False,
2979335437,False,
2979336290,False,
2979337466,False,
2979340813,False,
2979342557,False,
2979343010,False,
2979343161,False,
2979344665,False,
2979344881,False,
2979348647,False,
2979353716,False,
2979353881,False,
2979354045,False,
2979355832,False,
2979376238,True,2168.0
2979379296,False,
2979379446,False,
2979379975,True,419.0
2979385928,False,
2979408602,False,
2979421702,False,
2979423318,False,
2979428378,False,
2979431598,False,
2979437704,True,1579.0
2979470819,False,
2979479002,False,
2979487829,False,
2979494669,True,4265.0
2979522345,False,
2979527750,False,
2979545216,True,41.0
2979671570,False,
2979681709,True,1779.0
2979697145,False,
2979731121,False,
2979743967,False,
2979761952,False,
2979775091,False,
2979791396,False,
2979801223,False,
2979810060,False,
2979810453,False,
2979810802,False,
2979811142,False,
2979811460,False,
2979811729,False,
2979811801,False,
2979812261,False,
2979814574,False,
2979832793,False,
2979833327,False,
2979841773,False,
2979842628,False,
2979843053,False,
2979849093,False,
2979849313,False,
2979852864,True,1659.0
2979858882,True,3266.0
2979863270,False,
2979886212,False,
2979886292,False,
2979886464,False,
2979886587,False,
2979886598,False,
2979886704,False,
2979886713,False,
2979886830,False,
2979888444,False,
2979889256,True,3349.0
2979889671,True,3833.0
2979910868,True,5566.0
2979916775,False,
2979923236,False,
2979923318,True,1530.0
2979931964,False,
2979935425,False,
2979936803,True,2636.0
2979941499,True,4370.0
2979943167,True,5949.0
2979943263,False,
2979947753,False,
2979951374,False,
2979951376,False,
2979955422,True,4340.0
2979957756,True,2464.0
2979968945,True,1213.0
2979969656,True,29.0
2979972912,True,3442.0
2979975037,True,2561.0
2979977799,True,2280.0
2979978057,True,1968.0
2979980048,True,4.0
2979983366,False,
2979986597,False,
2979996091,False,
2979996215,False,
2979996317,False,
2979996434,False,
2980000933,False,
2980014330,False,
2980016586,False,
2980016798,False,
2980017031,True,3360.0
2980021906,False,
2980022055,False,
2980024852,False,
2980024939,False,
2980025033,False,
2980026703,False,
2980027556,False,
2980030216,False,
2980031307,False,
2980031853,True,1654.0
2980032842,False,
2980036173,False,
2980036793,False,
2980037310,False,
2980040522,False,
2980042582,False,
2980043213,False,
2980050158,False,
2980056739,True,465.0
2980060970,False,
2980061582,False,
2980061676,False,
2980062147,False,
2980064802,False,
2980073521,False,
2980073703,False,
2980078965,False,
2980089958,True,49.0
2980103005,False,
2980104522,False,
2980104580,False,
2980104640,False,
2980104750,False,
2980106575,False,
2980108614,False,
2980113104,False,
2980113639,False,
2980114128,False,
2980114550,False,
2980114585,False,
2980114854,False,
2980115196,False,
2980115550,False,
2980115731,False,
2980115874,False,
2980116173,False,
2980116620,False,
2980116961,False,
2980117338,False,
2980117701,False,
2980118063,False,
2980118194,False,
2980118419,False,
2980118768,False,
2980119087,False,
2980119515,False,
2980119863,False,
2980120321,False,
2980120692,False,
2980121069,False,
2980121390,False,
2980121894,False,
2980121911,False,
2980122264,False,
2980122637,False,
2980122978,False,
2980123314,False,
2980123949,False,
2980125714,False,
2980126493,False,
2980128316,True,3464.0
2980138780,False,
2980139047,False,
2980140600,False,
2980143426,True,2127.0
2980143768,False,
2980143777,False,
2980145598,False,
2980148040,False,
2980149146,True,4685.0
2980154267,False,
2980154540,True,4.0
2980156450,True,108.0
2980159494,False,
2980160192,True,1720.0
2980162239,False,
2980163188,True,146.0
2980163421,False,
2980164195,False,
2980171170,True,1928.0
2980172997,True,1560.0
2980177569,False,
2980179148,False,
2980183860,False,
2980190585,False,
2980191879,True,124.0
2980193651,False,
2980203899,False,
2980204242,False,
2980204477,False,
2980214779,False,
2980231625,True,4.0
2980232495,False,
2980233399,False,
2980242804,False,
2980273808,True,1975.0
2980276955,False,
2980277631,False,
2980281099,False,
2980294772,True,1842.0
2980306032,True,1576.0
2980308083,False,
2980308793,False,
2980309531,False,
2980310724,False,
2980316292,False,
2980322383,False,
2980322620,False,
2980322709,False,
2980326755,False,
2980326838,False,
2980327151,False,
2980353204,False,
2980369626,False,
2980382186,False,
2980383909,False,
2980386494,False,
2980392503,True,578.0
2980393752,True,1226.0
2980394597,True,355.0
2980395544,True,63.0
2980398275,False,
2980400639,True,1157.0
2980403411,True,1331.0
2980408274,False,
2980408702,False,
2980411790,True,317.0
2980417074,True,6810.0
2980420291,False,
2980436991,False,
2980439104,False,
2980442832,False,
2980451602,True,5.0
2980476285,False,
2980486008,False,
2980490391,False,
2980505334,False,
2980508615,False,
2980508709,False,
2980508814,False,
2980520062,False,
2980534897,True,149.0
2980536265,False,
2980543742,False,
2980551580,True,195.0
2980562233,False,
2980562595,False,
2980563642,False,
2980566998,False,
2980567046,False,
2980574415,False,
2980575879,True,2297.0
2980577550,True,1749.0
2980578773,False,
2980584618,True,2237.0
2980590645,False,
2980591493,False,
2980591858,False,
2980597554,True,124.0
2980598405,False,
2980625266,True,25.0
2980625983,False,
2980627591,False,
2980630553,True,2198.0
2980637892,False,
2980642390,False,
2980647100,False,
2980652271,False,
2980661079,False,
2980676536,False,
2980679343,False,
2980681278,False,
2980689566,False,
2980694587,False,
2980713573,False,
2980713613,False,
2980728623,False,
2980730732,False,
2980733256,False,
2980733676,False,
2980749673,False,
2980750085,False,
2980750572,False,
2980777263,False,
2980780609,False,
2980781188,True,582.0
2980782242,False,
2980791919,False,
2980797732,False,
2980800771,True,88.0
2980806746,False,
2980814541,True,146.0
2980815342,False,
2980816636,True,106.0
2980820555,True,1711.0
2980822983,False,
2980823121,False,
2980823276,False,
2980833329,False,
2980838300,False,
2980838329,False,
2980838816,False,
2980841048,False,
2980843368,False,
2980848275,True,1754.0
2980851899,True,63.0
2980863298,True,7232.0
2980868757,False,
2980868997,False,
2980870452,False,
2980871587,False,
2980873833,False,
2980881933,False,
2980883813,False,
2980884117,False,
2980887514,False,
2980888892,False,
2980889593,True,21.0
2980890066,False,
2980890835,False,
2980892982,False,
2980893666,False,
2980894119,False,
2980895618,False,
2980895791,False,
2980895944,False,
2980898853,False,
2980903376,False,
2980905033,False,
2980907959,True,1321.0
2980915741,False,
2980920552,True,130.0
2980923539,False,
2980924309,False,
2980925943,False,
2980926481,False,
2980929259,False,
2980929846,False,
2980937735,False,
2980938840,False,
2980941373,False,
2980943387,False,
2980949430,False,
2980951234,False,
2980951316,False,
2980953429,False,
2980964977,False,
2980965252,False,
2980967937,False,
2980969936,False,
2980971073,False,
2980973051,False,
2980973127,False,
2980973197,False,
2980978203,False,
2980978207,True,1107.0
2980979833,False,
2980988901,True,1308.0
2980992755,False,
2980992860,False,
2980998672,False,
2981004212,False,
2981024090,False,
2981025205,False,
2981086886,False,
2981089378,False,
2981090989,False,
2981113227,False,
2981121124,False,
2981135502,True,1087.0
2981136434,False,
2981151146,True,4147.0
2981165459,False,
2981176603,True,2538.0
2981196416,False,
2981228931,True,45.0
2981231905,False,
2981235794,False,
2981308132,False,
2981325086,False,
2981329053,True,11299.0
2981348632,True,61.0
2981353844,False,
2981360371,False,
2981370449,True,61.0
2981372967,True,4761.0
2981374046,False,
2981375401,False,
2981379264,True,6278.0
2981381445,False,
2981383614,False,
2981384417,False,
2981385438,False,
2981386221,True,26.0
2981386625,True,1746.0
2981408276,False,
2981411902,True,60.0
2981435368,False,
2981449713,False,
2981454675,False,
2981455684,False,
2981457272,True,5.0
2981465226,True,13509.0
2981474682,True,24.0
2981502586,False,
2981503936,False,
2981523333,False,
2981524750,False,
2981535364,False,
2981536503,False,
2981536878,False,
2981572779,False,
2981574585,False,
2981576044,True,37.0
2981583820,False,
2981593289,True,85.0
2981604370,False,
2981614553,False,
2981681674,False,
2981681782,False,
2981685656,True,61.0
2981687878,False,
2981687929,True,5.0
2981689057,False,
2981689906,False,
2981690494,False,
2981692912,False,
2981694670,False,
2981698382,False,
2981699732,True,627.0
2981701884,False,
2981719687,False,
2981719929,False,
2981738832,False,
2981741752,True,20.0
2981750416,True,1504.0
2981752305,False,
2981754115,False,
2981755139,False,
2981770140,True,1487.0
2981771577,False,
2981774578,True,2092.0
2981805357,True,24.0
2981812105,False,
2981822171,False,
2981822181,False,
2981823205,False,
2981830522,False,
2981842295,False,
2981843258,False,
2981843738,False,
2981850610,True,15.0
2981860405,False,
2981869261,False,
2981869609,False,
2981871162,False,
2981881135,False,
2981890344,False,
2981905373,False,
2981931585,True,300.0
2981933514,True,12.0
2981949900,False,
2981961901,False,
2981961983,False,
2981971120,False,
2981973393,False,
2981997971,False,
2982005914,False,
2982008101,False,
2982029306,False,
2982030950,False,
2982039658,False,
2982073616,False,
2982076547,False,
2982081204,True,1836.0
2982083671,False,
2982084858,True,9175.0
2982086722,False,
2982086751,False,
2982096866,False,
2982110491,False,
2982112254,False,
2982115417,False,
2982115826,False,
2982133638,True,3102.0
2982141199,False,
2982141827,False,
2982146509,False,
2982153624,False,
2982154395,False,
2982154632,False,
2982155818,False,
2982164127,False,
2982171460,False,
2982171547,False,
2982171662,False,
2982171764,False,
2982191767,False,
2982193479,False,
2982196188,True,13.0
2982211437,False,
2982213463,False,
2982225010,True,84.0
2982286082,False,
2982295895,False,
2982302114,False,
2982302399,True,1950.0
2982360249,True,1012.0
2982366830,False,
2982367559,True,141.0
2982369849,True,1878.0
2982374557,True,72.0
2982377187,False,
2982389774,False,
2982413762,False,
2982431053,False,
2982459198,False,
2982472155,True,61.0
2982490408,False,
2982492903,False,
2982519178,False,
2982549792,True,1848.0
2982554894,True,13.0
2982577729,True,212.0
2982586430,False,
2982589000,False,
2982595493,False,
2982596187,False,
2982607225,False,
2982612068,False,
2982617431,False,
2982628545,False,
2982650097,False,
2982650758,True,6085.0
2982656231,False,
2982663727,False,
2982679522,True,1359.0
2982693328,False,
2982713324,False,
2982751008,False,
2982782438,False,
2982788754,False,
2982789108,False,
2982791182,False,
2982793726,False,
2982796361,True,40.0
2982798385,True,48454.0
2982802521,True,134.0
2982818166,True,218.0
2982823666,False,
2982830739,False,
2982833437,False,
2982835580,False,
2982835955,True,382.0
2982841442,True,53818.0
2982848157,False,
2982854678,False,
2982860327,False,
2982863351,False,
2982869114,False,
2982875719,True,158.0
2982889123,False,
2982890739,True,2971.0
2982894346,False,
2982896655,True,386.0
2982910794,False,
2982910892,False,
2982915049,True,39292.0
2982916366,True,1853.0
2982928980,True,137.0
2982939339,False,
2982943572,True,296.0
2982955112,True,10398.0
2982964518,False,
2982970498,False,
2982981725,False,
2983002066,False,
2983005027,False,
2983006393,False,
2983010647,False,
2983013841,False,
2983013964,False,
2983022917,False,
2983023629,False,
2983024100,False,
2983024499,False,
2983024598,False,
2983025169,False,
2983026483,True,404.0
2983060550,True,974.0
2983063311,True,61.0
2983064126,True,9552.0
2983065918,False,
2983067283,True,944.0
2983067530,True,2107.0
2983067597,True,687.0
2983075222,True,1129.0
2983076304,True,1422.0
2983076404,True,1533.0
2983077522,True,12164.0
2983077864,True,239.0
2983079256,True,249.0
2983083545,True,14401.0
2983083959,True,14646.0
2983084414,True,20.0
2983099636,False,
2983111847,True,33.0
2983126962,True,32.0
2983133912,True,22.0
2983140959,False,
2983141099,False,
2983141242,False,
2983141419,False,
2983141549,False,
2983141657,False,
2983141825,False,
2983141980,False,
2983142106,False,
2983142249,False,
2983143031,True,42.0
2983150264,False,
2983150958,False,
2983151352,False,
2983166140,False,
2983175675,False,
2983190022,True,238.0
2983219834,False,
2983230337,False,
2983231795,True,12.0
2983232652,True,12.0
2983233482,False,
2983233749,True,12.0
2983234203,False,
2983234509,True,12.0
2983234945,True,12.0
2983235300,True,12.0
2983237342,False,
2983244233,False,
2983244613,False,
2983246826,True,16759.0
2983251179,False,
2983254833,False,
2983255659,False,
2983258340,True,23.0
2983263184,False,
2983263749,True,61.0
2983266558,False,
2983268810,True,38.0
2983270101,False,
2983274078,False,
2983284397,False,
2983287730,False,
2983290245,False,
2983290254,False,
2983290269,False,
2983290274,False,
2983290286,False,
2983304134,True,52.0
2983308617,True,9.0
2983329047,True,25.0
2983333527,False,
2983333926,False,
2983335911,False,
2983337958,False,
2983338060,False,
2983338449,False,
2983341493,False,
2983352831,False,
2983356783,False,
2983359675,False,
2983360707,False,
2983361225,False,
2983364681,False,
2983366588,False,
2983368837,True,3183.0
2983371348,False,
2983379219,False,
2983379356,False,
2983379502,False,
2983380900,False,
2983381551,False,
2983391941,False,
2983398337,False,
2983398405,False,
2983404125,False,
2983413385,False,
2983417458,False,
2983432075,False,
2983432078,True,8.0
2983435211,False,
2983456251,False,
2983477513,True,8.0
2983485824,False,
2983499777,False,
2983504781,True,14.0
2983508303,False,
2983522591,False,
2983538962,True,52.0
2983557907,False,
2983558032,False,
2983575981,False,
2983576933,False,
2983623489,False,
2983630689,False,
2983635101,True,43.0
2983635245,False,
2983680891,True,73.0
2983682818,False,
2983682975,False,
2983700452,False,
2983703992,False,
2983705438,False,
2983707687,True,1556.0
2983709151,True,31.0
2983711457,True,16.0
2983712360,True,320.0
2983715604,True,991.0
2983717839,True,1338.0
2983721637,False,
2983721741,False,
2983721847,False,
2983721916,False,
2983722002,False,
2983728640,True,44.0
2983740657,True,11.0
2983743131,False,
2983743223,False,
2983743320,False,
2983743417,False,
2983743530,False,
2983745841,False,
2983747402,False,
2983755756,True,894.0
2983757111,False,
2983759430,False,
2983759560,False,
2983759668,False,
2983761921,True,1642.0
2983792254,True,31.0
2983801450,False,
2983801828,True,1559.0
2983802027,False,
2983804003,False,
2983807970,False,
2983820638,False,
2983822477,False,
2983828994,False,
2983829146,True,1569.0
2983837071,False,
2983851983,False,
2983869694,False,
2983875525,False,
2983883639,True,44.0
2983889231,True,1641.0
2983891785,False,
2983900328,False,
2983900810,False,
2983901234,False,
2983904677,False,
2983918894,False,
2983962036,False,
2983968829,True,2571.0
2983970540,False,
2983984447,False,
2983991616,False,
2984004228,False,
2984011816,False,
2984012917,False,
2984052855,False,
2984053562,False,
2984070122,False,
2984072036,False,
2984078423,False,
2984082101,False,
2984086814,True,16.0
2984087729,False,
2984091842,False,
2984095547,False,
2984098470,True,2630.0
2984099672,False,
2984100262,False,
2984105225,False,
2984105543,False,
2984108283,False,
2984121139,False,
2984128181,False,
2984131120,False,
2984133288,False,
2984133593,False,
2984133862,False,
2984134162,False,
2984134459,False,
2984135015,False,
2984135098,False,
2984135355,False,
2984139655,False,
2984140010,False,
2984141457,False,
2984143216,False,
2984149338,False,
2984166300,False,
2984232276,False,
2984234267,True,10476.0
2984235986,False,
2984241288,False,
2984247661,False,
2984251011,True,76.0
2984254065,False,
2984254395,False,
2984267268,False,
2984296842,True,7025.0
2984305702,False,
2984308699,False,
2984308919,False,
2984327632,False,
2984349500,False,
2984372231,True,27.0
2984374328,True,27.0
2984388487,False,
2984400324,False,
2984401397,False,
2984413391,False,
2984415196,False,
2984423838,False,
2984427502,False,
2984427592,False,
2984440130,False,
2984444447,False,
2984445766,False,
2984448138,False,
2984448189,False,
2984448196,False,
2984448253,False,
2984448302,False,
2984449754,True,2527.0
2984451136,False,
2984454361,False,
2984454756,False,
2984455200,False,
2984455377,False,
2984459547,False,
2984463844,False,
2984464148,False,
2984467318,True,28.0
2984473151,False,
2984476374,False,
2984476432,False,
2984476484,False,
2984479754,False,
2984479845,False,
2984485039,True,75.0
2984491433,False,
2984497791,False,
2984499221,False,
2984499640,False,
2984499731,False,
2984499817,False,
2984502231,True,70.0
2984511990,False,
2984512605,False,
2984514340,False,
2984518040,False,
2984521054,False,
2984525028,False,
2984528072,False,
2984535922,True,4.0
2984536202,False,
2984546333,True,1444.0
2984547075,True,5877.0
2984551129,False,
2984551745,True,66.0
2984553034,False,
2984554471,False,
2984556743,False,
2984560089,True,24.0
2984566030,False,
2984573146,False,
2984577386,True,2874.0
2984579745,True,2099.0
2984584666,True,186.0
2984588185,True,135.0
2984606895,False,
2984625666,True,109.0
2984645198,True,15.0
2984648446,False,
2984654601,False,
2984657519,True,62.0
2984663814,False,
2984663909,False,
2984670286,False,
2984685315,True,2542.0
2984702675,False,
2984703506,True,12.0
2984705803,False,
2984706884,False,
2984707874,False,
2984709669,False,
2984715860,True,4915.0
2984715960,False,
2984717274,False,
2984717291,False,
2984721276,False,
2984722416,False,
2984724179,False,
2984727178,True,4885.0
2984728921,False,
2984730324,False,
2984734613,False,
2984735121,False,
2984738548,True,949.0
2984740578,False,
2984741962,True,949.0
2984743703,False,
2984745535,False,
2984749349,True,4.0
2984757079,False,
2984759325,False,
2984765791,False,
2984777360,False,
2984777901,False,
2984787204,False,
2984787686,False,
2984850125,False,
2984855002,False,
2984857794,False,
2984858037,True,2654.0
2984860793,True,2595.0
2984865771,False,
2984866192,False,
2984866286,False,
2984866856,False,
2984874487,True,2569.0
2984882986,True,2579.0
2984903126,True,2931.0
2984904820,False,
2984909063,False,
2984915156,False,
2984920241,True,3224.0
2984922054,False,
2984929375,True,485.0
2984938536,False,
2984944688,True,1465.0
2984950456,False,
2984954012,False,
2984980493,False,
2984981906,False,
2984982243,False,
2984983726,False,
2984984277,False,
2984991703,False,
2984991857,False,
2984994972,False,
2984996717,True,3427.0
2985002292,False,
2985002935,False,
2985008594,False,
2985009560,True,12.0
2985009821,False,
2985024104,True,14.0
2985029742,True,2787.0
2985050343,True,3297.0
2985107277,False,
2985119603,False,
2985128504,False,
2985130425,True,945.0
2985135412,True,2819.0
2985139112,False,
2985144986,False,
2985146351,True,2107.0
2985153466,True,12.0
2985156386,True,5821.0
2985156523,False,
2985159298,True,98903.0
2985161980,False,
2985163098,False,
2985164464,False,
2985164479,False,
2985164521,False,
2985166855,False,
2985171116,False,
2985171607,True,2093.0
2985173782,False,
2985174042,False,
2985174063,False,
2985182703,True,2715.0
2985184217,True,28356.0
2985199963,True,1080.0
2985201128,True,2762.0
2985207451,True,12.0
2985208265,False,
2985214770,True,4.0
2985218488,True,12.0
2985220800,False,
2985223045,False,
2985224682,True,69.0
2985224823,False,
2985231793,False,
2985235810,True,26.0
2985238039,False,
2985238996,True,2624.0
2985250905,False,
2985251024,True,1670.0
2985251810,False,
2985255533,False,
2985258129,False,
2985258167,False,
2985261265,True,739.0
2985264327,True,138.0
2985269714,True,27.0
2985274260,True,1185.0
2985275547,True,5558.0
2985276248,True,11414.0
2985299684,False,
2985301141,True,18.0
2985301398,False,
2985304717,False,
2985305832,True,1129.0
2985308031,False,
2985311466,False,
2985316464,False,
2985322432,False,
2985323257,False,
2985324540,False,
2985327125,False,
2985329014,True,12.0
2985333026,False,
2985341573,False,
2985346328,False,
2985349714,False,
2985349748,False,
2985349794,False,
2985350388,True,12.0
2985359733,False,
2985380854,False,
2985386027,False,
2985422042,True,67.0
2985444657,False,
2985502035,False,
2985532105,False,
2985549142,False,
2985556650,False,
2985623246,False,
2985623652,False,
2985636643,False,
2985637307,False,
2985638688,False,
2985638850,False,
2985642965,False,
2985649027,False,
2985649786,False,
2985652156,False,
2985659004,False,
2985664158,False,
2985666179,False,
2985670262,False,
2985672079,False,
2985675199,False,
2985675793,False,
2985680036,False,
2985682021,False,
2985684766,False,
2985712703,True,122.0
2985715050,False,
2985743603,False,
2985774958,False,
2985782792,True,2707.0
2985807108,True,4.0
2985807190,True,1121.0
2985833264,True,2107.0
2985861092,False,
2985861509,False,
2985862465,False,
2985866435,True,12.0
2985868910,False,
2985870492,False,
2985882119,True,74.0
2985896729,True,2641.0
2985899992,False,
2985904359,False,
2985906471,False,
2985922261,True,30.0
2985931039,False,
2985931510,False,
2985937559,False,
2985939711,False,
2985939809,False,
2985951386,False,
2985996350,True,29.0
2986026886,True,50.0
2986028867,True,2701.0
2986058487,False,
2986097759,False,
2986161125,True,558.0
2986170062,False,
2986197314,False,
2986200975,False,
2986215062,False,
2986286041,False,
2986322610,False,
2986325313,True,11.0
2986336880,True,4.0
2986354284,False,
2986356705,False,
2986370993,True,80.0
2986397851,False,
2986400789,False,
2986464317,False,
2986471030,False,
2986523806,False,
2986524120,False,
2986533021,False,
2986564535,False,
2986569326,False,
2986569540,False,
2986569723,False,
2986578520,True,3.0
2986589819,False,
2986591641,False,
2986612125,False,
2986638106,False,
2986638623,False,
2986658889,False,
2986668942,True,2343.0
2986687385,False,
2986701258,False,
2986740718,False,
2986766231,False,
2986767906,False,
2986834453,False,
2986841004,False,
2986849916,False,
2986919286,True,788.0
2986943427,False,
2986991879,False,
2986995271,False,
2987022090,False,
2987033532,False,
2987039441,False,
2987054816,False,
2987065856,False,
2987073130,False,
2987081388,False,
2987094484,False,
2987098062,False,
2987113377,True,320.0
2987212603,True,903.0
2987236643,False,
2987250198,False,
2987255923,False,
2987260029,False,
2987271728,True,1060.0
2987286250,True,5.0
2987293258,False,
2987293709,False,
2987299194,True,2219.0
2987308081,False,
2987311079,True,22.0
2987315431,False,
2987320111,False,
2987321883,True,155.0
2987325141,True,2466.0
2987341587,False,
2987383852,False,
2987435665,True,246.0
2987441178,False,
2987448043,False,
2987482213,False,
2987486790,False,
2987500200,False,
2987502363,False,
2987508468,True,22.0
2987509761,False,
2987542756,False,
2987547777,True,2621.0
2987559271,False,
2987568105,False,
2987575369,False,
2987578866,False,
2987594071,False,
2987606282,False,
2987607005,False,
2987607731,False,
2987612399,False,
2987663235,True,12.0
2987677832,False,
2987708608,False,
2987726615,False,
2987743642,False,
2987743908,False,
2987747474,False,
2987752358,False,
2987760990,False,
2987765770,False,
2987799079,True,4791.0
2987807845,False,
2987831421,False,
2987834563,False,
2987841503,False,
2987842213,True,61.0
2987843470,False,
2987845156,False,
2987846304,False,
2987848562,False,
2987849351,False,
2987850455,False,
2987851917,False,
2987852822,False,
2987855221,False,
2987856741,False,
2987859056,False,
2987861389,False,
2987862365,False,
2987862935,False,
2987863829,False,
2987865186,False,
2987872974,False,
2987874457,False,
2987875050,False,
2987876326,False,
2987877744,False,
2987888657,False,
2987892872,False,
2987893479,True,61.0
2987898953,False,
2987905660,False,
2987905868,False,
2987923479,False,
2987965850,True,2193.0
2987975973,True,2095.0
2987978143,True,1304.0
2988001378,True,2822.0
2988014707,True,696.0
2988019746,True,815.0
2988061633,True,752.0
2988063574,False,
2988064775,False,
2988065601,False,
2988067681,False,
2988068051,False,
2988070827,False,
2988071668,False,
2988074280,False,
2988074387,True,1052.0
2988075694,False,
2988083067,False,
2988083866,False,
2988085003,False,
2988085890,False,
2988086216,False,
2988086246,False,
2988089872,True,2799.0
2988090433,False,
2988091282,False,
2988095816,True,1101.0
2988104781,False,
2988125595,False,
2988128241,True,2386.0
2988129007,True,1541.0
2988145405,False,
2988156519,False,
2988182061,False,
2988190058,False,
2988191726,False,
2988198325,False,
2988200437,False,
2988211863,False,
2988226237,False,
2988226489,False,
2988230641,False,
2988265093,False,
2988270144,False,
2988296262,False,
2988316689,False,
2988322937,True,2779.0
2988327326,True,1654.0
2988327385,True,1547.0
2988332571,False,
2988335890,True,526.0
2988337233,False,
2988343182,False,
2988346206,True,1841.0
2988347207,True,4026.0
2988370212,False,
2988385467,True,1827.0
2988386467,False,
2988392440,True,828.0
2988392470,True,954.0
2988392537,True,944.0
2988396086,False,
2988404447,True,2300.0
2988405853,False,
2988406189,True,23687.0
2988408732,False,
2988408810,False,
2988408969,False,
2988415102,False,
2988422987,False,
2988426266,False,
2988431174,True,2613.0
2988507257,True,6488.0
2988516077,True,93248.0
2988523588,False,
2988529352,False,
2988537191,True,1335.0
2988546979,False,
2988568462,True,11214.0
2988582662,False,
2988582727,False,
2988588786,True,53.0
2988594644,True,5870.0
2988622056,True,5075.0
2988638516,False,
2988655897,True,3720.0
2988661555,False,
2988848684,False,
2988870461,False,
2988870563,False,
2988870691,False,
2988870778,False,
2988870839,False,
2988928828,False,
2988929559,False,
2988929865,False,
2988930331,False,
2988930557,False,
2988930642,False,
2988937008,True,2623.0
2988943148,True,14816.0
2988961035,False,
2988962451,False,
2988966919,False,
2988976702,False,
2989022309,False,
2989158712,True,2268.0
2989164693,False,
2989259514,False,
2989291369,True,8459.0
2989309130,True,1923.0
2989310747,False,
2989454577,False,
2989471672,True,5207.0
2989542778,True,2468.0
2989646728,True,367.0
2989647686,True,5348.0
2989657575,True,1520.0
2989681567,True,6524.0
2989684740,True,5776.0
2989686483,True,3368.0
2989686623,True,5165.0
2989687617,True,328.0
2989692710,True,5135.0
2989695356,True,5549.0
2989712508,True,293.0
2989724105,True,387.0
2989736292,True,3002.0
2989764340,True,19754.0
2989835316,False,
2989847648,True,2489.0
2989859182,False,
2989867699,False,
2989918796,False,
2989930705,False,
2989931150,False,
2989934236,False,
2989975753,False,
2989984384,True,6.0
2989985068,True,1610.0
2989993465,False,
2989996297,False,
2989996372,False,
2989996412,False,
2990003609,True,4053.0
2990004651,True,300.0
2990022773,True,395.0
2990025487,False,
2990027243,False,
2990031381,True,4650.0
2990033125,False,
2990033283,True,743.0
2990034532,True,367.0
2990060545,False,
2990073806,False,
2990086029,True,1853.0
2990112860,True,1852.0
2990115175,True,416.0
2990145254,True,2797.0
2990147835,True,15927.0
2990148310,True,4878.0
2990154127,True,1852.0
2990159988,False,
2990163811,True,4413.0
2990172690,True,3029.0
2990174974,True,5299.0
2990182155,False,
2990187137,False,
2990227851,False,
2990246344,False,
2990277525,True,1849.0
2990310273,False,
2990311235,False,
2990311999,False,
2990313246,False,
2990339539,False,
2990406592,False,
2990406715,False,
2990411491,False,
2990413971,False,
2990414519,False,
2990418283,False,
2990436174,False,
2990524166,True,2589.0
2990535098,True,4561.0
2990538743,True,12448.0
2990544024,False,
2990548987,False,
2990551512,False,
2990552099,True,1464.0
2990553296,False,
2990560637,False,
2990569824,True,1680.0
2990573269,True,3882.0
2990573831,True,3722.0
2990578327,True,3747.0
2990585057,True,2589.0
2990593189,False,
2990595477,False,
2990600949,True,4179.0
2990601847,True,428.0
2990608107,True,4555.0
2990640281,True,462.0
2990641257,False,
2990641331,True,6556.0
2990641442,False,
2990650992,True,1319.0
2990657760,True,2530.0
2990675565,True,299.0
2990678193,True,76.0
2990679510,True,4955.0
2990683308,True,2515.0
2990692055,True,5384.0
2990700538,True,3059.0
2990711312,True,1733.0
2990715880,True,17073.0
2990718954,True,2643.0
2990722644,True,2682.0
2990731124,True,5814.0
2990742528,False,
2990746952,False,
2990790440,True,6791.0
2990821364,True,9331.0
2990821997,False,
2990822417,False,
2990822471,True,13638.0
2990824669,False,
2990824913,False,
2990828692,True,5403.0
2990829980,False,
2990832546,True,2617.0
2990832894,False,
2990832897,False,
2990832902,False,
2990851832,True,1890.0
2990860872,False,
2990863778,True,18278.0
2990877147,True,2625.0
2990878697,False,
2990878712,True,23760.0
2990883264,True,16852.0
2990887829,True,2559.0
2990889805,False,
2990912011,True,2505.0
2990915700,True,1170.0
2990921382,True,4968.0
2990929668,True,2622.0
2990931487,True,1018.0
2990949543,True,5345.0
2990954783,True,416.0
2990956382,True,17168.0
2990958875,False,
2990986068,False,
2990987675,False,
2991010148,True,1034.0
2991021382,False,
2991021478,False,
2991021978,True,1304.0
2991022379,False,
2991022401,False,
2991022798,False,
2991022800,False,
2991022801,False,
2991023028,False,
2991023522,False,
2991025016,False,
2991025017,False,
2991025045,False,
2991025339,False,
2991028951,False,
2991031116,True,65.0
2991032075,False,
2991034722,True,7688.0
2991034974,True,23351.0
2991048567,False,
2991049707,True,2774.0
2991065820,False,
2991067493,False,
2991068533,False,
2991069583,False,
2991071354,False,
2991074050,False,
2991074106,False,
2991076136,False,
2991077246,True,12949.0
2991094645,True,1592.0
2991095702,True,46.0
2991095725,False,
2991097258,False,
2991109076,False,
2991109078,False,
2991109085,False,
2991109098,False,
2991110734,False,
2991111710,False,
2991112925,False,
2991114105,True,14680.0
2991114480,False,
2991114910,False,
2991115152,False,
2991115358,False,
2991115937,False,
2991117024,True,73.0
2991117370,False,
2991120063,True,1883.0
2991120090,False,
2991120898,False,
2991121032,True,84.0
2991123838,True,1421.0
2991130838,True,71.0
2991136828,True,504.0
2991137509,False,
2991147230,True,134.0
2991148975,True,252.0
2991150911,True,172.0
2991155970,False,
2991156357,True,79.0
2991205772,True,119.0
2991224381,False,
2991230696,True,212.0
2991236435,True,10.0
2991245903,False,
2991259228,False,
2991262203,True,584.0
2991268624,False,
2991277799,True,259.0
2991293152,True,5471.0
2991313171,False,
2991313179,False,
2991313339,True,2549.0
2991313638,True,2866.0
2991403376,True,4.0
2991404063,True,1532.0
2991417040,True,3080.0
2991431409,True,17.0
2991448449,True,2849.0
2991490982,True,144.0
2991512057,False,
2991523322,False,
2991523354,False,
2991523372,False,
2991534306,True,17.0
2991545518,True,835.0
2991548189,True,194.0
2991551677,False,
2991551680,False,
2991553103,False,
2991553737,False,
2991555332,False,
2991557171,False,
2991558061,False,
2991558411,True,2020.0
2991559563,True,511.0
2991563421,True,765.0
2991563439,False,
2991563943,False,
2991563962,False,
2991563987,False,
2991564042,False,
2991564083,False,
2991566154,True,1009.0
2991567431,False,
2991567532,False,
2991567766,False,
2991567817,False,
2991569644,True,111574.0
2991593358,True,429.0
2991692224,True,57075.0
2991711836,False,
2991732396,True,125.0
2991749071,False,
2991749429,False,
2991752895,True,2509.0
2991757938,True,449.0
2991764659,True,2726.0
2991766951,True,2589.0
2991831596,True,2620.0
2991839934,True,5407.0
2991853574,False,
2991856200,True,3492.0
2991856765,False,
2991856806,False,
2991864705,True,12.0
2991874373,True,4000.0
2991876349,True,301.0
2991889868,True,6385.0
2991894901,True,2952.0
2991903265,True,351.0
2991903745,True,11623.0
2991905128,True,9705.0
2991924636,True,535.0
2991929355,False,
2991930052,False,
2991934823,True,8853.0
2991938668,True,10.0
2991939221,False,
2991942847,False,
2991957981,False,
2991958196,False,
2991962097,False,
2991965844,True,7.0
2991971575,True,5.0
2991980294,True,3504.0
2992011185,False,
2992034214,False,
2992046649,False,
2992051836,True,27255.0
2992057379,True,17505.0
2992089458,True,7339.0
2992093314,False,
2992106780,True,4453.0
2992112997,False,
2992144030,False,
2992192470,False,
2992197205,True,924.0
2992261244,False,
2992294806,True,36.0
2992306290,False,
2992306504,False,
2992336945,False,
2992352171,False,
2992361915,False,
2992374803,False,
2992378364,False,
2992428487,True,4643.0
2992429208,True,119.0
2992437107,True,484.0
2992448927,False,
2992552236,True,4880.0
2992557576,True,1190.0
2992636035,True,416.0
2992663426,True,125.0
2992694008,True,3606.0
2992727232,False,
2992730880,False,
2992731233,False,
2992745594,False,
2992789351,False,
2992801624,False,
2992827216,True,93.0
2992871864,False,
2992904781,True,1970.0
2992906375,True,1538.0
2992928940,False,
2992989561,True,9490.0
2993025603,False,
2993039191,False,
2993044144,False,
2993048465,False,
2993078383,False,
2993081015,True,4352.0
2993086426,False,
2993095038,True,119.0
2993095046,True,7535.0
2993100227,False,
2993119928,True,206.0
2993149410,True,266.0
2993154603,False,
2993154750,True,2444.0
2993157295,False,
2993293826,True,2938.0
2993308822,False,
2993313546,False,
2993324252,False,
2993340261,True,5755.0
2993429549,False,
2993450815,True,5018.0
2993452088,True,125.0
2993489087,False,
2993493045,True,2953.0
2993509332,True,7368.0
2993513943,True,40.0
2993519512,False,
2993531363,True,2792.0
2993575022,True,23.0
2993613413,False,
2993637191,False,
2993637409,False,
2993674975,False,
2993678489,False,
2993704867,False,
2993706849,False,
2993707705,False,
2993717631,False,
2993719415,False,
2993731347,False,
2993733795,False,
2993733907,True,2482.0
2993742652,False,
2993742773,False,
2993742793,False,
2993742906,False,
2993743019,False,
2993744379,True,2657.0
2993756418,False,
2993771420,True,2675.0
2993831063,False,
2993861058,False,
2993898310,True,2359.0
2993901296,False,
2993912677,False,
2993914235,False,
2993927880,False,
2993933647,False,
2993937752,False,
2993942902,False,
2993968958,True,2557.0
2993980828,False,
2993998841,False,
2993999506,True,2464.0
2994016059,False,
2994026872,False,
2994045555,True,214.0
2994046459,False,
2994046477,False,
2994050627,False,
2994059054,False,
2994060676,False,
2994062499,True,4961.0
2994063609,False,
2994067596,False,
2994071516,True,5224.0
2994098002,True,2915.0
2994101770,False,
2994101973,False,
2994102140,False,
2994131040,False,
2994142550,False,
2994155300,False,
2994161296,False,
2994171676,True,42.0
2994186671,False,
2994187067,True,2792.0
2994202700,False,
2994216671,True,2827.0
2994218357,False,
2994249095,True,50.0
2994261800,False,
2994274242,True,2433.0
2994283471,False,
2994285460,False,
2994287858,False,
2994307995,False,
2994310024,False,
2994310233,False,
2994310471,False,
2994310754,False,
2994311043,False,
2994313400,False,
2994314889,False,
2994318751,False,
2994325972,False,
2994340148,True,28.0
2994340877,False,
2994345937,False,
2994346069,False,
2994346124,True,5383.0
2994346301,False,
2994347178,False,
2994348729,False,
2994356041,True,9280.0
2994361253,False,
2994377473,False,
2994404088,False,
2994408097,False,
2994417586,False,
2994418880,False,
2994427049,False,
2994429048,False,
2994431692,False,
2994435488,False,
2994448972,True,5615.0
2994452301,False,
2994452889,False,
2994453440,True,4820.0
2994458156,False,
2994469256,True,3132.0
2994474546,False,
2994481133,False,
2994482797,False,
2994484354,False,
2994484533,False,
2994489642,True,2761.0
2994490344,True,4967.0
2994493168,False,
2994494043,False,
2994498269,True,527.0
2994500555,False,
2994521194,True,29.0
2994524403,False,
2994576431,True,28.0
2994579811,True,13.0
2994598711,False,
2994608870,False,
2994638804,False,
2994638831,False,
2994638847,False,
2994680951,False,
2994683958,False,
2994688320,True,45.0
2994688472,False,
2994689908,False,
2994691760,False,
2994708782,False,
2994709006,False,
2994710248,False,
2994713648,False,
2994733135,False,
2994734152,False,
2994756494,True,71.0
2994763857,True,24.0
2994765136,False,
2994765198,True,1782.0
2994765881,False,
2994777247,False,
2994795654,False,
2994796775,False,
2994805633,False,
2994807004,False,
2994807174,False,
2994808060,False,
2994810554,False,
2994811633,False,
2994811771,False,
2994811910,False,
2994812042,False,
2994812043,False,
2994812140,False,
2994812237,False,
2994812395,False,
2994812547,False,
2994814068,False,
2994815613,False,
2994815987,True,10.0
2994818481,False,
2994820464,False,
2994821148,True,10.0
2994823954,False,
2994825188,False,
2994828069,True,47.0
2994838888,True,55.0
2994847356,False,
2994847667,False,
2994847997,False,
2994848219,False,
2994848307,False,
2994848345,False,
2994848398,False,
2994848606,False,
2994849827,True,50.0
2994850506,False,
2994851324,True,117.0
2994853639,True,14.0
2994861490,False,
2994864437,False,
2994886141,False,
2994890363,False,
2994893074,False,
2994911886,False,
2994947564,False,
2994949301,False,
2994963725,True,266.0
2994967905,False,
2994980572,True,2895.0
2994982347,False,
2994986631,True,69.0
2994987746,False,
2994990804,True,347.0
2994999340,False,
2995006208,False,
2995017018,True,193.0
2995017723,False,
2995023866,False,
2995049956,False,
2995050208,False,
2995050296,False,
2995050402,False,
2995050483,False,
2995051820,False,
2995058301,False,
2995059506,False,
2995060314,True,1603.0
2995060335,False,
2995060344,True,2507.0
2995062790,False,
2995073475,False,
2995079553,False,
2995079858,False,
2995080319,False,
2995080876,False,
2995081794,False,
2995102485,False,
2995105524,False,
2995108001,True,12265.0
2995108394,False,
2995109604,False,
2995117532,True,3376.0
2995129420,True,460.0
2995131887,False,
2995141504,False,
2995146793,True,1809.0
2995158462,False,
2995160430,False,
2995161866,False,
2995162742,False,
2995164359,False,
2995165871,False,
2995167260,True,5312.0
2995170897,False,
2995170972,False,
2995171037,False,
2995171102,False,
2995171156,False,
2995171245,False,
2995172283,False,
2995172308,False,
2995177175,False,
2995177636,False,
2995177703,False,
2995177842,False,
2995186849,False,
2995187178,False,
2995189638,False,
2995192785,False,
2995197519,False,
2995204569,True,1039.0
2995206870,False,
2995207055,False,
2995208083,False,
2995208212,False,
2995208362,False,
2995209717,False,
2995213537,False,
2995214801,False,
2995227016,False,
2995227204,False,
2995235300,True,7590.0
2995236167,True,1941.0
2995245063,True,268.0
2995249202,False,
2995249278,False,
2995249358,False,
2995249429,False,
2995249507,False,
2995249571,False,
2995249632,False,
2995249714,False,
2995249797,False,
2995249896,False,
2995249978,False,
2995262504,False,
2995265266,False,
2995266083,False,
2995266226,True,35.0
2995267928,False,
2995274701,False,
2995275793,True,1871.0
2995281944,False,
2995284815,False,
2995292633,False,
2995295782,False,
2995300067,False,
2995303102,False,
2995303410,False,
2995304389,False,
2995306728,True,5575.0
2995310233,True,3355.0
2995319223,True,4450.0
2995324623,False,
2995326191,False,
2995327315,True,17.0
2995329664,True,1618.0
2995340597,False,
2995342263,False,
2995348878,False,
2995350176,False,
2995355765,True,2171.0
2995356248,False,
2995369385,False,
2995370961,False,
2995371626,False,
2995371809,False,
2995373749,False,
2995377637,False,
2995381214,False,
2995382300,False,
2995392509,False,
2995396111,False,
2995407169,False,
2995418958,True,125.0
2995459997,False,
2995466058,True,15.0
2995469397,True,2683.0
2995473363,False,
2995479906,True,40.0
2995481889,False,
2995490500,False,
2995499157,True,4.0
2995502724,False,
2995502788,False,
2995542190,False,
2995544827,False,
2995555538,False,
2995555675,False,
2995565201,True,831.0
2995566927,False,
2995569800,False,
2995570169,False,
2995570413,False,
2995572725,False,
2995575637,False,
2995579396,False,
2995580712,False,
2995587752,False,
2995600082,False,
2995600216,False,
2995601621,False,
2995601743,False,
2995644492,False,
2995649389,False,
2995649428,False,
2995649462,False,
2995649488,False,
2995649517,False,
2995649549,False,
2995649590,False,
2995649626,False,
2995657109,False,
2995657220,False,
2995657448,False,
2995658069,False,
2995660163,False,
2995666314,False,
2995666364,False,
2995666455,False,
2995673973,False,
2995676613,False,
2995690090,False,
2995698878,False,
2995712641,True,3335.0
2995749783,True,290.0
2995751100,False,
2995765701,True,1897.0
2995766045,False,
2995781751,False,
2995786249,False,
2995794883,True,61.0
2995803731,False,
2995813475,False,
2995815502,False,
2995819440,False,
2995820199,True,463.0
2995820679,False,
2995820868,False,
2995830692,True,1877.0
2995833883,True,155.0
2995839378,False,
2995842018,False,
2995847256,False,
2995850394,False,
2995852785,False,
2995877038,True,2229.0
2995880301,False,
2995880690,True,6.0
2995881593,False,
2995883786,True,61.0
2995883819,True,20.0
2995884233,True,1652.0
2995887671,False,
2995888299,False,
2995894839,False,
2995899465,True,3297.0
2995903290,False,
2995905891,False,
2995910447,False,
2995914681,False,
2995915142,False,
2995915292,False,
2995918466,False,
2995920859,False,
2995921868,False,
2995928030,True,1586.0
2995929497,False,
2995932274,False,
2995932749,False,
2995947141,False,
2995950607,True,4.0
2995957632,False,
2995977469,False,
2995995299,False,
2996061716,True,94.0
2996065557,False,
2996128991,True,194.0
2996213215,False,
2996282867,True,4.0
2996307477,False,
2996313196,True,2084.0
2996318413,True,4412.0
2996326145,True,571.0
2996345871,False,
2996348576,True,637.0
2996350986,True,238.0
2996426877,True,31.0
2996433867,True,8.0
2996480089,False,
2996501973,False,
2996516105,False,
2996519185,False,
2996526085,False,
2996527644,False,
2996535395,False,
2996540804,False,
2996542145,False,
2996579793,True,7715.0
2996583529,True,125.0
2996584788,False,
2996596215,False,
2996596834,True,61.0
2996644353,False,
2996665470,True,208.0
2996697977,False,
2996730116,True,191.0
2996730619,False,
2996731543,True,5426.0
2996795421,False,
2996803651,False,
2996805939,False,
2996860917,False,
2996865333,False,
2996881712,True,4947.0
2996889103,False,
2996896692,False,
2996923744,False,
2996923783,False,
2996924176,False,
2996928314,False,
2996949279,False,
2996949457,False,
2996949624,False,
2996952027,True,31.0
2996954698,False,
2996962372,False,
2996963170,False,
2996973600,False,
2996979093,False,
2997009160,False,
2997009289,False,
2997009388,False,
2997009498,False,
2997009594,False,
2997009709,False,
2997009817,False,
2997009898,False,
2997010013,False,
2997010165,False,
2997010278,False,
2997010392,False,
2997018500,True,3711.0
2997020003,True,3324.0
2997022287,True,395.0
2997022347,True,335.0
2997023098,False,
2997024987,False,
2997025945,False,
2997034344,True,3239.0
2997038794,True,353.0
2997047021,False,
2997047783,False,
2997050074,True,3208.0
2997052938,True,518.0
2997057301,False,
2997058039,False,
2997065798,True,3229.0
2997066157,False,
2997069434,True,534.0
2997072777,False,
2997107262,False,
2997119468,False,
2997155419,True,413.0
2997250879,False,
2997259137,True,4380.0
2997275652,True,4312.0
2997278782,True,64398.0
2997295841,False,
2997296755,False,
2997335184,False,
2997377710,False,
2997436283,False,
2997460395,True,11.0
2997464260,False,
2997471707,True,1085.0
2997491155,False,
2997526705,False,
2997547153,True,1385.0
2997570539,False,
2997583040,False,
2997694314,False,
2997723212,False,
2997759009,False,
2997760134,False,
2997761774,False,
2997764008,True,5.0
2997776945,False,
2997793193,False,
2997795979,True,82.0
2997800831,True,61.0
2997803942,False,
2997808911,True,54.0
2997836523,True,17.0
2997839339,False,
2997841161,True,2437.0
2997842967,False,
2997845601,True,48.0
2997849238,False,
2997850277,False,
2997850728,False,
2997871743,True,30.0
2997881711,True,73.0
2997889437,False,
2997889598,False,
2997894111,False,
2997943555,False,
2997944960,True,4947.0
2997952022,True,39.0
2997955010,False,
2997977227,True,35.0
2997982055,False,
2997984900,False,
2997993452,False,
2997998339,False,
2998018568,False,
2998050933,False,
2998051117,False,
2998072237,False,
2998074712,False,
2998082251,False,
2998093323,True,5548.0
2998102249,False,
2998109387,True,106.0
2998130695,False,
2998133416,False,
2998135337,False,
2998141922,True,261.0
2998145869,False,
2998147798,False,
2998151222,False,
2998159619,False,
2998162973,False,
2998168626,False,
2998180040,False,
2998180601,False,
2998182679,False,
2998184242,False,
2998187091,False,
2998189698,False,
2998194559,True,2621.0
2998197362,False,
2998198209,False,
2998198872,False,
2998198989,True,5133.0
2998199922,False,
2998204624,False,
2998205414,False,
2998221975,False,
2998222113,False,
2998226793,False,
2998227366,False,
2998262850,False,
2998262984,False,
2998263171,False,
2998263308,False,
2998275226,False,
2998276090,False,
2998277776,False,
2998278550,True,52.0
2998281629,False,
2998282503,False,
2998283711,False,
2998285102,False,
2998285957,False,
2998286476,False,
2998287068,False,
2998287726,False,
2998290414,False,
2998299664,False,
2998301482,False,
2998315603,False,
2998316754,True,615.0
2998322936,False,
2998328071,False,
2998329642,False,
2998334521,False,
2998339284,False,
2998343481,False,
2998348409,True,494.0
2998354057,False,
2998359951,False,
2998360364,False,
2998363524,False,
2998363813,False,
2998363925,False,
2998365975,False,
2998366869,False,
2998367990,False,
2998373727,False,
2998383505,False,
2998400441,True,747.0
2998423024,False,
2998433779,False,
2998435968,False,
2998436018,False,
2998436886,False,
2998438513,False,
2998439843,False,
2998444500,False,
2998448901,False,
2998459911,True,2.0
2998461257,False,
2998462767,False,
2998472867,True,42.0
2998480506,True,19730.0
2998483990,False,
2998507413,False,
2998510447,False,
2998526613,False,
2998533860,False,
2998539560,True,240.0
2998540865,False,
2998541089,True,186.0
2998541269,False,
2998545364,True,14.0
2998552964,False,
2998574770,False,
2998583210,False,
2998602349,False,
2998605153,False,
2998616157,False,
2998620540,False,
2998622838,False,
2998628085,False,
2998631799,False,
2998641910,False,
2998643144,True,117.0
2998650140,False,
2998650676,False,
2998650977,False,
2998651900,True,1675.0
2998654441,False,
2998675367,False,
2998676202,False,
2998681114,False,
2998690383,False,
2998691937,True,4.0
2998698533,True,457.0
2998705434,False,
2998711190,True,1972.0
2998715746,False,
2998720656,False,
2998728170,False,
2998728832,False,
2998742036,False,
2998742133,False,
2998742210,False,
2998744912,False,
2998745254,False,
2998745288,False,
2998750970,False,
2998781944,False,
2998782308,False,
2998782681,False,
2998798106,False,
2998802619,True,17628.0
2998806744,False,
2998806822,False,
2998806894,False,
2998806991,False,
2998821900,True,5.0
2998825570,False,
2998828358,False,
2998859415,False,
2998913364,True,675.0
2998940475,True,756.0
2998944157,False,
2998948563,False,
2998971128,False,
2998971963,True,148.0
2998975931,False,
2999020240,True,492.0
2999037917,False,
2999039962,False,
2999046938,False,
2999058729,True,237.0
2999066072,False,
2999066432,False,
2999076559,False,
2999084015,False,
2999085801,False,
2999086419,False,
2999088597,False,
2999099797,False,
2999109404,False,
2999109669,True,6864.0
2999119227,True,20.0
2999140974,False,
2999141196,False,
2999141253,False,
2999141307,False,
2999161065,True,171.0
2999168367,True,1322.0
2999169841,False,
2999175109,True,9.0
2999175979,False,
2999177670,False,
2999180218,True,588.0
2999180751,False,
2999183013,False,
2999191923,False,
2999211741,False,
2999215961,False,
2999216042,False,
2999216101,False,
2999223088,False,
2999240129,False,
2999240408,True,59.0
2999260316,False,
2999262219,False,
2999279710,False,
2999287362,False,
2999288193,True,46.0
2999289423,True,58.0
2999291893,False,
2999292624,True,26.0
2999297930,False,
2999299244,False,
2999305224,False,
2999312410,False,
2999378857,True,2678.0
2999400157,False,
2999404947,False,
2999408687,False,
2999409846,False,
2999410957,False,
2999411853,False,
2999412634,False,
2999413314,True,6540.0
2999414938,False,
2999417506,False,
2999423266,False,
2999423626,True,4135.0
2999425162,False,
2999426755,False,
2999426790,False,
2999431194,False,
2999443610,False,
2999446637,False,
2999450691,True,684.0
2999452834,True,173.0
2999454889,False,
2999454892,False,
2999454893,False,
2999461025,False,
2999462657,True,52.0
2999463670,False,
2999464373,True,858.0
2999473883,True,12.0
2999483334,False,
2999486019,False,
2999488785,False,
2999492387,True,1065.0
2999494696,True,5039.0
2999508581,False,
2999517990,False,
2999550497,False,
2999555186,False,
2999555831,True,402.0
2999618948,False,
2999666309,False,
2999697853,False,
2999701549,False,
2999710243,False,
2999728947,False,
2999729918,True,18.0
2999735560,False,
2999744326,False,
2999745923,True,15.0
2999750437,True,5.0
2999753664,False,
2999756077,False,
2999756115,False,
2999756154,False,
2999756193,False,
2999756237,False,
2999756277,False,
2999756313,False,
2999756351,False,
2999756404,False,
2999756445,False,
2999757332,False,
2999757384,False,
2999757431,False,
2999757478,False,
2999760291,True,31.0
2999765953,False,
2999766881,False,
2999766939,False,
2999778573,False,
2999778703,False,
2999778814,False,
2999778959,False,
2999779095,False,
2999779224,False,
2999779357,False,
2999800953,False,
2999841819,False,
2999843287,True,367.0
2999847176,False,
2999855251,False,
2999859440,False,
2999870699,False,
2999870737,False,
2999870791,False,
2999870828,False,
2999870869,False,
2999870923,False,
2999870948,False,
2999870991,False,
2999871030,False,
2999889515,False,
2999916109,False,
2999933624,True,1151.0
2999939178,True,2140.0
2999973901,True,17.0
2999982917,False,
2999984899,False,
2999991516,False,
2999992376,True,35635.0
3000018644,False,
3000020241,False,
3000022671,False,
3000039672,False,
3000059207,False,
3000059926,False,
3000200586,False,
3000219445,False,
3000229431,False,
3000236414,False,
3000258039,True,2634.0
3000259197,False,
3000266792,False,
3000274989,False,
3000282296,False,
3000282406,False,
3000284520,True,120.0
3000310328,False,
3000311438,True,457.0
3000326706,False,
3000338350,True,3346.0
3000341362,True,343.0
3000350246,True,1072.0
3000353477,False,
3000355673,False,
3000397461,False,
3000401010,False,
3000407031,False,
3000407163,False,
3000407324,False,
3000412301,False,
3000422611,True,2112.0
3000426163,False,
3000430033,False,
3000431667,True,2471.0
3000446797,True,2153.0
3000450492,True,124.0
3000454291,False,
3000455481,True,1883.0
3000463007,True,2784.0
3000465445,True,82.0
3000469650,False,
3000469732,False,
3000469838,False,
3000525628,False,
3000531300,False,
3000543127,True,1.0
3000551948,False,
3000553750,False,
3000568017,False,
3000578027,False,
3000580464,True,2.0
3000585491,True,133.0
3000597492,True,35057.0
3000608622,True,125.0
3000608623,False,
3000609608,True,7793.0
3000619867,False,
3000619930,True,125.0
3000622272,False,
3000656358,True,1212.0
3000690719,False,
3000690870,False,
3000690974,False,
3000707808,True,2757.0
3000718485,False,
3000727673,False,
3000728249,False,
3000732899,False,
3000743230,False,
3000750974,False,
3000757665,False,
3000783208,False,
3000787476,False,
3000787477,False,
3000787481,False,
3000816268,False,
3000840665,False,
3000896059,False,
3000909178,True,50.0
3000918291,False,
3000945858,False,
3000953461,True,2464.0
3000972296,False,
3000993277,False,
3000999023,False,
3001010546,False,
3001022503,False,
3001058908,True,125.0
3001076659,True,53.0
3001084489,True,8053.0
3001086196,False,
3001092488,True,8.0
3001096047,False,
3001097793,True,2807.0
3001108950,False,
3001111231,False,
3001118012,True,5477.0
3001147372,False,
3001149791,False,
3001161506,False,
3001162624,False,
3001163791,False,
3001177344,False,
3001198868,False,
3001228101,True,2875.0
3001246333,False,
3001249453,False,
3001258407,False,
3001272042,False,
3001274093,False,
3001327889,True,2882.0
3001372414,False,
3001376647,False,
3001392357,False,
3001394084,False,
3001399377,False,
3001442302,False,
3001442467,False,
3001472185,True,839.0
3001473999,False,
3001478791,True,6426.0
3001494055,False,
3001511640,True,12030.0
3001512995,False,
3001543033,True,324.0
3001569849,True,154.0
3001586234,False,
3001631197,False,
3001689131,False,
3001714819,False,
3001722270,True,201.0
3001728935,False,
3001729739,False,
3001731432,False,
3001744813,True,549.0
3001745166,True,2250.0
3001745406,False,
3001747929,False,
3001747957,False,
3001753426,False,
3001803444,False,
3001810196,True,2644.0
3001817273,False,
3001821759,False,
3001823967,True,11.0
3001831716,False,
3001843342,False,
3001863458,False,
3001881343,False,
3001891220,True,4.0
3001900167,False,
3001929597,True,54.0
3001936944,True,2654.0
3001942843,False,
3001955254,True,3663.0
3001955423,False,
3001963890,False,
3001996779,False,
3002017222,False,
3002025077,True,7812.0
3002025709,False,
3002036124,False,
3002041554,False,
3002043129,False,
3002051136,False,
3002066395,True,5061.0
3002073844,True,2745.0
3002082997,False,
3002088910,False,
3002089026,False,
3002089134,False,
3002089246,False,
3002089390,False,
3002089516,False,
3002089649,False,
3002090623,True,8862.0
3002093794,True,126.0
3002123118,False,
3002165319,False,
3002171120,True,2655.0
3002176132,False,
3002178519,False,
3002202725,False,
3002204855,False,
3002206659,False,
3002207132,False,
3002207281,False,
3002207363,False,
3002208067,False,
3002210109,False,
3002213077,False,
3002215987,False,
3002216407,False,
3002217625,False,
3002222735,True,36.0
3002225357,True,7.0
3002226977,True,2484.0
3002232594,False,
3002248250,True,2473.0
3002250430,False,
3002257472,True,2571.0
3002265975,False,
3002274319,False,
3002274349,True,5197.0
3002286382,False,
3002290876,False,
3002295259,False,
3002301898,False,
3002313571,True,4.0
3002337625,False,
3002347051,False,
3002349252,True,8989.0
3002356263,False,
3002357578,False,
3002360412,False,
3002373245,False,
3002374119,True,2760.0
3002382015,True,8997.0
3002392674,False,
3002422370,False,
3002425419,True,8345.0
3002430720,False,
3002436871,True,3724.0
3002440463,True,310.0
3002442259,False,
3002447226,False,
3002447247,True,139.0
3002457105,True,11230.0
3002482529,False,
3002486919,False,
3002511692,False,
3002533822,False,
3002536595,True,1.0
3002544295,False,
3002551487,False,
3002577683,False,
3002584807,False,
3002593738,True,14.0
3002605291,True,1622.0
3002608209,True,8924.0
3002609034,False,
3002615636,False,
3002632553,True,11302.0
3002640578,True,1728.0
3002652464,True,616.0
3002670375,False,
3002670528,False,
3002673699,False,
3002693291,False,
3002737632,True,5074.0
3002746040,False,
3002751687,False,
3002761977,True,4.0
3002777453,True,2787.0
3002777624,False,
3002780821,True,7307.0
3002798919,True,5135.0
3002828923,True,3274.0
3002837767,True,57.0
3002852130,True,24.0
3002858177,False,
3002859770,False,
3002862916,False,
3002864990,False,
3002878227,False,
3002878404,False,
3002895975,False,
3002900527,False,
3002909020,False,
3002921133,False,
3002921390,False,
3002924227,False,
3002944957,False,
3002953723,True,2864.0
3002972545,False,
3003012172,True,193.0
3003016435,True,2734.0
3003041083,True,81.0
3003043279,False,
3003053646,False,
3003056670,False,
3003056953,False,
3003057513,True,36041.0
3003064038,False,
3003106098,False,
3003119150,True,120.0
3003133136,True,1.0
3003146445,False,
3003158769,False,
3003169260,False,
3003170606,False,
3003178746,False,
3003214426,False,
3003221302,False,
3003222011,False,
3003239731,False,
3003247801,True,62.0
3003281602,True,7.0
3003293954,False,
3003294189,False,
3003299700,True,729.0
3003301529,False,
3003332354,False,
3003335029,True,2738.0
3003375891,False,
3003413823,True,120.0
3003425228,False,
3003441676,False,
3003444945,True,5.0
3003452861,False,
3003460061,False,
3003461429,False,
3003464738,False,
3003472940,False,
3003473330,True,72.0
3003476648,False,
3003478000,False,
3003480066,False,
3003493686,False,
3003510541,False,
3003519419,True,5441.0
3003521347,False,
3003521772,False,
3003522078,False,
3003522446,False,
3003522831,False,
3003524031,False,
3003525787,False,
3003529889,True,2677.0
3003546283,False,
3003563799,False,
3003563848,False,
3003575733,True,254.0
3003605139,False,
3003615133,True,124.0
3003618296,False,
3003618349,False,
3003618398,False,
3003618436,False,
3003619786,False,
3003621898,False,
3003625864,True,16.0
3003626337,False,
3003628446,False,
3003645519,True,2.0
3003650915,False,
3003682631,True,89.0
3003780586,True,885.0
3003789322,False,
3003816925,False,
3003818355,True,1048.0
3003848786,False,
3003849204,False,
3003858215,True,18.0
3003951043,True,11.0
3003954605,False,
3003999713,False,
3004005050,False,
3004006649,False,
3004010649,False,
3004034065,False,
3004034134,False,
3004034196,False,
3004034266,False,
3004034331,False,
3004035584,False,
3004061984,True,590.0
3004108662,True,32140.0
3004137882,False,
3004138162,False,
3004140492,False,
3004143099,False,
3004156299,False,
3004169622,False,
3004169972,False,
3004181037,False,
3004211522,False,
3004224535,False,
3004228723,False,
3004232542,False,
3004246023,True,34.0
3004246274,False,
3004249762,False,
3004257548,False,
3004266567,False,
3004267018,False,
3004279438,True,696.0
3004288659,False,
3004288798,False,
3004296002,False,
3004313464,False,
3004319473,True,88.0
3004335909,False,
3004340177,False,
3004344809,False,
3004347701,False,
3004367986,False,
3004407405,True,120.0
3004410106,False,
3004413669,True,35854.0
3004418172,False,
3004459404,False,
3004507914,True,2875.0
3004509444,False,
3004509733,False,
3004534837,False,
3004594648,False,
3004634596,True,264.0
3004636303,True,2991.0
3004641802,True,21.0
3004643901,False,
3004657437,False,
3004673455,False,
3004686766,False,
3004749781,False,
3004760127,True,21.0
3004768088,False,
3004947086,False,
3004964365,False,
3005045059,True,6715.0
3005090015,False,
3005112624,False,
3005113344,False,
3005116005,False,
3005116027,False,
3005120757,False,
3005125577,False,
3005129176,False,
3005136578,True,2646.0
3005138320,False,
3005160872,True,793.0
3005164668,False,
3005220114,False,
3005242491,False,
3005251571,False,
3005257387,False,
3005289139,True,4.0
3005311164,False,
3005319845,False,
3005328429,False,
3005355875,False,
3005372914,True,111.0
3005436338,True,149.0
3005484020,False,
3005525867,True,5229.0
3005526553,False,
3005526777,False,
3005529160,False,
3005538113,True,2373.0
3005542678,True,14084.0
3005543724,False,
3005572154,True,2653.0
3005607061,True,7871.0
3005654513,False,
3005666605,True,2338.0
3005670882,True,4.0
3005678554,True,34.0
3005685707,False,
3005702859,True,4.0
3005707367,True,4327.0
3005716653,True,282.0
3005723946,False,
3005736976,False,
3005755568,True,4345.0
3005758844,True,3149.0
3005812610,False,
3005819843,False,
3005837430,False,
3005840972,False,
3005851643,False,
3005860220,False,
3005878008,True,8.0
3005883674,True,133.0
3005884870,True,2777.0
3005898773,True,6753.0
3005921349,False,
3005923807,False,
3005924573,False,
3005938411,False,
3005939662,False,
3005949989,False,
3005958178,False,
3005959025,False,
3005964079,False,
3005968036,False,
3005995672,False,
3006004033,True,13981.0
3006011946,False,
3006013907,False,
3006014848,False,
3006015243,False,
3006015864,False,
3006031782,True,4.0
3006066115,True,128.0
3006081409,True,7.0
3006093266,False,
3006115766,False,
3006117321,True,49.0
3006133280,False,
3006143832,False,
3006144898,False,
3006157999,False,
3006160106,False,
3006162514,False,
3006176792,False,
3006216150,False,
3006231295,False,
3006252568,True,19.0
3006271632,False,
3006280995,False,
3006297556,False,
3006302039,False,
3006320789,True,3602.0
3006321281,False,
3006324989,True,364.0
3006330014,False,
3006332955,True,9876.0
3006344532,False,
3006378829,False,
3006380731,False,
3006403064,False,
3006407108,True,165.0
3006408056,False,
3006447847,False,
3006457845,False,
3006458166,False,
3006458353,False,
3006458482,False,
3006469710,False,
3006524796,False,
3006541361,False,
3006563512,True,2523.0
3006572554,False,
3006574768,True,118.0
3006584300,False,
3006585791,False,
3006599771,False,
3006602310,False,
3006617362,True,8.0
3006634016,False,
3006655834,True,2598.0
3006661750,True,4.0
3006664308,True,562.0
3006670097,True,2897.0
3006682800,False,
3006683058,False,
3006685059,False,
3006688481,True,557.0
3006703224,False,
3006709038,False,
3006714576,False,
3006726352,False,
3006730607,False,
3006738646,False,
3006742979,False,
3006747540,True,2909.0
3006747802,False,
3006764019,True,58.0
3006764665,False,
3006767075,False,
3006785156,False,
3006811467,False,
3006816074,True,1978.0
3006828706,True,20015.0
3006857587,False,
3006861980,True,3031.0
3006874519,False,
3006910427,True,2461.0
3006957729,True,61.0
3006989760,False,
3007002725,False,
3007008137,True,1898.0
3007045927,False,
3007046922,False,
3007051466,False,
3007059743,False,
3007059750,False,
3007083006,False,
3007094343,False,
3007117891,True,127.0
3007151620,False,
3007154758,False,
3007160238,False,
3007238348,False,
3007246567,False,
3007246755,False,
3007263778,False,
3007268780,False,
3007274095,False,
3007278058,False,
3007286025,True,8.0
3007291019,False,
3007291027,False,
3007294825,False,
3007312071,False,
3007314885,True,3987.0
3007322421,False,
3007325627,False,
3007326388,False,
3007334212,False,
3007340432,False,
3007341368,True,1174.0
3007343505,True,1202.0
3007354788,False,
3007356827,False,
3007361712,False,
3007366901,True,807.0
3007372151,False,
3007383533,False,
3007383715,False,
3007385418,False,
3007393064,False,
3007398539,True,1965.0
3007409359,False,
3007414143,True,58.0
3007424453,False,
3007434647,False,
3007444754,True,1496.0
3007464120,True,1124.0
3007471853,True,1739.0
3007484415,False,
3007489129,False,
3007495671,False,
3007496403,True,835.0
3007497458,False,
3007503164,True,786.0
3007514816,False,
3007515751,False,
3007517867,False,
3007526792,False,
3007540827,False,
3007545523,False,
3007545996,False,
3007549512,False,
3007559704,False,
3007559811,True,5.0
3007560274,False,
3007563216,False,
3007563308,False,
3007563354,False,
3007563407,False,
3007563467,False,
3007569050,False,
3007570774,False,
3007572383,False,
3007625873,False,
3007629436,False,
3007629845,True,926.0
3007639673,False,
3007639905,True,8.0
3007648543,True,8.0
3007650200,False,
3007664697,False,
3007665368,False,
3007681756,False,
3007682805,True,66.0
3007693308,False,
3007700284,False,
3007706072,False,
3007714999,False,
3007724593,False,
3007731115,False,
3007732878,False,
3007737096,True,3251.0
3007747217,False,
3007750534,True,2668.0
3007761089,False,
3007761909,False,
3007769951,False,
3007774424,False,
3007774947,False,
3007778311,False,
3007800521,False,
3007803090,True,45.0
3007805242,False,
3007806820,True,282.0
3007826512,True,655.0
3007831159,False,
3007838377,False,
3007850304,False,
3007850700,True,963.0
3007852453,False,
3007864100,False,
3007876717,False,
3007877365,False,
3007880552,False,
3007885897,False,
3007889660,False,
3007889683,False,
3007892033,False,
3007895792,False,
3007895925,False,
3007896069,False,
3007896200,False,
3007896517,False,
3007896875,False,
3007897073,False,
3007902633,False,
3007903365,False,
3007906170,False,
3007920350,False,
3007929419,False,
3007936540,False,
3007956962,False,
3007964013,False,
3007985880,False,
3008004790,False,
3008007736,False,
3008012789,False,
3008019800,False,
3008024030,False,
3008060774,False,
3008074628,False,
3008078111,True,1297.0
3008079954,True,4.0
3008082569,False,
3008085991,False,
3008087972,False,
3008090657,True,5079.0
3008093386,True,1046.0
3008096620,False,
3008096797,False,
3008096950,False,
3008101340,False,
3008106418,True,5512.0
3008123838,False,
3008125131,False,
3008150926,False,
3008152283,False,
3008163026,True,4.0
3008176201,True,10362.0
3008194983,False,
3008195199,False,
3008216451,False,
3008222249,False,
3008243584,False,
3008266783,False,
3008267943,False,
3008284168,True,873.0
3008286253,False,
3008293381,False,
3008296766,True,815.0
3008300915,False,
3008301821,False,
3008316460,False,
3008318680,False,
3008350434,True,209.0
3008370612,False,
3008372159,True,34.0
3008372442,True,14.0
3008372745,True,633.0
3008392678,False,
3008392799,False,
3008424975,False,
3008425042,False,
3008432614,True,4321.0
3008436904,False,
3008446675,False,
3008456019,False,
3008457040,True,1050.0
3008463362,True,4070.0
3008467206,True,504.0
3008474661,False,
3008511704,True,5107.0
3008511972,False,
3008512013,False,
3008512070,False,
3008512131,False,
3008542670,False,
3008547103,False,
3008569579,True,1207.0
3008571082,True,5.0
3008572610,False,
3008593169,True,8780.0
3008597380,True,2574.0
3008605828,True,1698.0
3008620181,True,117.0
3008631652,True,2880.0
3008634787,False,
3008683664,False,
3008692823,True,689.0
3008763225,False,
3008813798,True,2596.0
3008830900,False,
3008831695,False,
3008839205,True,2498.0
3008846781,False,
3008847536,False,
3008860272,True,2526.0
3008869554,False,
3008888831,True,24.0
3008901151,True,594.0
3008904452,False,
3008939428,False,
3008976758,False,
3008982244,False,
3009043357,False,
3009068881,False,
3009081363,False,
3009081950,False,
3009091111,True,111.0
3009094213,True,5.0
3009095496,False,
3009096844,False,
3009108700,True,5.0
3009113052,False,
3009192088,True,34.0
3009196983,True,316.0
3009212164,True,2451.0
3009216659,False,
3009252041,False,
3009307008,False,
3009316649,True,1.0
3009333506,False,
3009340518,False,
3009362682,False,
3009365999,False,
3009371849,False,
3009374522,True,611.0
3009374951,False,
3009381680,False,
3009382351,True,71.0
3009383882,False,
3009391515,True,3523.0
3009396067,False,
3009413363,True,18567.0
3009423458,True,8981.0
3009428280,False,
3009429457,False,
3009439632,False,
3009439766,False,
3009440565,True,2679.0
3009441194,False,
3009461274,False,
3009470617,False,
3009472653,False,
3009473775,False,
3009475061,False,
3009486351,True,728.0
3009488450,False,
3009498744,True,5143.0
3009502620,False,
3009502708,False,
3009508128,True,3362.0
3009510950,False,
3009512435,False,
3009539138,True,3200.0
3009596874,False,
3009611226,True,89.0
3009611469,True,1.0
3009682618,True,2542.0
3009686392,True,101.0
3009700026,True,2726.0
3009709220,True,566.0
3009710031,True,555.0
3009717590,True,12365.0
3009721027,True,366.0
3009735560,False,
3009740307,True,693.0
3009747874,False,
3009755155,False,
3009770449,False,
3009816510,False,
3009842230,False,
3009845140,False,
3009863393,False,
3009864235,False,
3009872210,False,
3009882225,False,
3009907267,True,136.0
3009915246,True,170.0
3009917653,False,
3009996167,False,
3010009872,False,
3010010547,False,
3010087425,False,
3010101413,False,
3010111318,False,
3010120353,True,1846.0
3010126303,False,
3010138831,False,
3010147820,False,
3010163699,False,
3010165604,True,105.0
3010179002,True,4440.0
3010185358,True,628.0
3010189219,False,
3010192885,True,4154.0
3010198591,False,
3010200490,True,680.0
3010259899,True,4352.0
3010261869,True,3100.0
3010265728,True,368.0
3010275282,True,193.0
3010285452,False,
3010293104,False,
3010302886,False,
3010303645,True,3352.0
3010323115,False,
3010372336,False,
3010385426,False,
3010395386,False,
3010401175,False,
3010483959,False,
3010490920,False,
3010520709,False,
3010524327,False,
3010528690,False,
3010539293,True,26.0
3010541294,False,
3010544516,False,
3010547373,False,
3010553896,False,
3010557458,False,
3010611244,True,2564.0
3010618367,True,9517.0
3010627102,False,
3010629315,True,3323.0
3010642202,True,67.0
3010687218,True,264.0
3010693694,False,
3010736786,False,
3010745433,False,
3010749232,True,601.0
3010785980,True,16.0
3010814151,False,
3010823042,False,
3010827277,False,
3010829138,False,
3010831858,True,9124.0
3010839549,True,643.0
3010844712,False,
3010851186,False,
3010858480,False,
3010858719,False,
3010871575,True,218.0
3010875703,False,
3010880197,False,
3010890550,False,
3010890934,False,
3010895395,False,
3010903861,False,
3010904027,False,
3010940220,False,
3010940324,False,
3010942212,False,
3010944783,False,
3010951348,False,
3010957893,False,
3010964706,False,
3010964944,False,
3010965187,False,
3010965403,False,
3010969326,False,
3010970124,False,
3010991384,False,
3010996789,False,
3010996823,False,
3011040245,False,
3011040472,False,
3011040707,False,
3011040913,False,
3011041084,False,
3011050560,False,
3011059374,False,
3011067083,True,1671.0
3011074858,False,
3011079290,False,
3011087731,False,
3011088682,False,
3011102437,False,
3011104862,False,
3011112733,False,
3011121146,True,105.0
3011132031,False,
3011153537,True,2509.0
3011163280,False,
3011163434,False,
3011163559,False,
3011168964,True,23.0
3011175023,False,
3011183639,False,
3011186965,False,
3011197053,False,
3011201430,True,5204.0
3011206651,False,
3011208929,False,
3011211973,False,
3011213843,False,
3011217769,False,
3011219704,False,
3011220742,False,
3011222219,False,
3011222489,False,
3011223719,True,182.0
3011224971,False,
3011228146,False,
3011240532,False,
3011251133,False,
3011251223,False,
3011251326,False,
3011254353,False,
3011259331,False,
3011260188,True,2436.0
3011262338,False,
3011272180,False,
3011289312,False,
3011289316,False,
3011289318,False,
3011289321,False,
3011289325,False,
3011289331,False,
3011301423,False,
3011302946,False,
3011303578,False,
3011304584,False,
3011314785,False,
3011329278,False,
3011330102,False,
3011330576,False,
3011338208,True,108.0
3011352444,False,
3011355155,False,
3011365410,False,
3011365667,False,
3011365794,False,
3011369683,False,
3011371115,False,
3011373284,False,
3011376351,False,
3011379011,False,
3011381849,True,1879.0
3011382549,True,2990.0
3011391773,True,2580.0
3011401780,True,5525.0
3011406736,True,5705.0
3011416739,False,
3011416851,False,
3011416960,False,
3011433088,True,20.0
3011440259,False,
3011460880,False,
3011465645,False,
3011474046,True,8.0
3011481296,False,
3011490349,False,
3011492440,False,
3011492800,False,
3011493789,False,
3011494193,False,
3011494672,False,
3011504533,False,
3011514356,False,
3011515089,True,2778.0
3011520972,False,
3011522020,False,
3011525002,False,
3011548953,False,
3011556545,False,
3011556624,False,
3011575310,True,4200.0
3011576804,True,716.0
3011582098,False,
3011583712,False,
3011584175,True,506.0
3011660408,False,
3011706282,False,
3011706978,False,
3011707327,False,
3011708639,False,
3011709145,False,
3011709572,False,
3011709849,False,
3011710203,False,
3011710572,False,
3011710919,False,
3011711226,False,
3011711498,False,
3011711782,False,
3011712007,False,
3011718306,False,
3011738209,False,
3011745482,False,
3011746737,False,
3011774560,False,
3011775251,False,
3011782670,False,
3011797531,False,
3011804759,False,
3011814103,False,
3011819636,False,
3011821946,False,
3011829007,False,
3011833125,False,
3011864836,False,
3011871570,False,
3011875243,True,67.0
3011878225,False,
3011889328,False,
3011892574,False,
3011911683,True,12.0
3011924331,False,
3011932240,False,
3011937366,True,463.0
3011938086,False,
3011956811,True,2936.0
3011977034,True,13.0
3011981947,False,
3011984899,False,
3011988101,False,
3011988762,False,
3011992327,False,
3011992456,False,
3012001354,False,
3012007963,True,2856.0
3012033913,True,673.0
3012050425,False,
3012050506,False,
3012050559,False,
3012076344,False,
3012096573,False,
3012096820,False,
3012099928,True,3399.0
3012100924,True,41.0
3012101828,True,478.0
3012104196,True,1962.0
3012106651,True,2001.0
3012107010,False,
3012130990,True,2967.0
3012139428,False,
3012143341,True,67.0
3012144173,False,
3012147290,True,2814.0
3012153618,False,
3012156344,False,
3012160047,False,
3012169992,True,26.0
3012190292,True,17.0
3012227947,True,174.0
3012240280,False,
3012242567,False,
3012247813,False,
3012282822,True,5972.0
3012302965,False,
3012303984,True,561.0
3012367785,True,810.0
3012392880,False,
3012425933,False,
3012440879,False,
3012474911,True,4110.0
3012479061,False,
3012485269,False,
3012491503,False,
3012492530,True,2804.0
3012492733,False,
3012493558,True,2930.0
3012504997,False,
3012514732,True,2746.0
3012518981,False,
3012520583,False,
3012533537,False,
3012571182,False,
3012574562,False,
3012575198,True,18.0
3012582034,False,
3012585073,False,
3012585503,False,
3012596475,False,
3012596990,True,4751.0
3012597215,False,
3012602435,False,
3012607946,False,
3012636368,True,33.0
3012637598,True,48.0
3012638439,True,48.0
3012643326,True,48.0
3012644585,True,6.0
3012644631,True,6.0
3012647306,False,
3012648990,False,
3012662274,True,102.0
3012666439,False,
3012672953,False,
3012672958,False,
3012682388,True,302.0
3012713833,False,
3012714466,False,
3012721044,False,
3012723101,False,
3012756974,True,3739.0
3012757103,True,258.0
3012790453,False,
3012800128,False,
3012801433,False,
3012802272,False,
3012808031,True,19.0
3012809192,False,
3012817449,False,
3012817467,True,4.0
3012817567,True,4.0
3012818525,False,
3012822758,False,
3012837525,False,
3012842814,True,1679.0
3012877524,False,
3012886731,True,2713.0
3012892389,True,5354.0
3012892505,True,2653.0
3012898317,False,
3012914454,False,
3012928893,True,2814.0
3012928915,True,10304.0
3012937313,False,
3012937750,True,3404.0
3012938489,True,309.0
3012943413,True,61.0
3012955826,False,
3012964276,True,7.0
3012964543,False,
3012971542,False,
3012973027,True,1662.0
3012973692,False,
3012973726,False,
3012973754,False,
3012973792,False,
3012979786,False,
3012982886,False,
3012983797,True,3557.0
3013003631,False,
3013017703,True,1542.0
3013032916,False,
3013033460,True,2866.0
3013035081,True,260.0
3013059381,True,103.0
3013085689,True,2546.0
3013100187,True,133.0
3013105880,True,2610.0
3013112797,True,2543.0
3013116792,False,
3013136351,True,2468.0
3013154540,True,2409.0
3013162886,True,128.0
3013177259,False,
3013177391,False,
3013178744,True,2475.0
3013180056,True,2379.0
3013184645,True,2492.0
3013188539,True,3512.0
3013189518,True,389.0
3013194789,True,14005.0
3013204122,True,2496.0
3013215033,False,
3013216266,True,2537.0
3013227540,True,4913.0
3013241497,True,113.0
3013245225,True,5024.0
3013257464,False,
3013260462,False,
3013270157,True,2565.0
3013275104,True,7450.0
3013276949,False,
3013276953,False,
3013276959,False,
3013276961,False,
3013276966,False,
3013276974,False,
3013276980,False,
3013276983,False,
3013277013,False,
3013277068,False,
3013277085,False,
3013277734,True,5468.0
3013279988,True,9.0
3013282973,True,5178.0
3013284463,True,25.0
3013290976,False,
3013294563,False,
3013295423,False,
3013295520,True,4881.0
3013298038,False,
3013304722,False,
3013306965,True,5029.0
3013311221,False,
3013312099,False,
3013312108,False,
3013312117,False,
3013312255,False,
3013312325,False,
3013318915,True,5.0
3013327209,False,
3013327246,False,
3013329802,False,
3013330061,True,5015.0
3013330479,True,58.0
3013330733,False,
3013331703,True,5195.0
3013337204,True,45.0
3013338625,True,1179.0
3013339361,True,2988.0
3013350600,False,
3013350639,False,
3013350668,False,
3013352565,False,
3013352795,False,
3013359127,True,17831.0
3013360486,False,
3013364072,False,
3013364103,False,
3013368118,True,3054.0
3013373709,False,
3013388120,True,2715.0
3013390029,True,2680.0
3013408048,False,
3013410401,False,
3013413607,True,4678.0
3013414741,False,
3013415138,True,794.0
3013415326,True,71.0
3013421166,True,1085.0
3013442534,False,
3013442578,True,76.0
3013444936,True,2739.0
3013450132,True,42.0
3013450967,False,
3013451009,False,
3013451082,False,
3013451106,False,
3013451123,False,
3013451178,False,
3013451713,False,
3013452009,False,
3013452222,False,
3013452373,False,
3013452515,False,
3013452873,False,
3013453263,False,
3013453454,False,
3013453565,False,
3013453703,False,
3013453882,False,
3013454466,False,
3013454686,False,
3013454809,False,
3013454968,False,
3013455355,False,
3013461355,True,5355.0
3013462167,True,108.0
3013465736,False,
3013479496,True,28.0
3013493479,False,
3013506848,True,3668.0
3013507650,True,668.0
3013526233,True,2471.0
3013527419,False,
3013528851,False,
3013532913,True,2546.0
3013535607,True,2521.0
3013539007,True,2534.0
3013544519,True,5189.0
3013561756,True,5309.0
3013578924,False,
3013582622,True,5338.0
3013582985,False,
3013582988,False,
3013582995,False,
3013598882,False,
3013599512,True,3742.0
3013599537,True,1698.0
3013600555,True,341.0
3013600944,True,4522.0
3013610339,False,
3013640900,False,
3013642166,False,
3013642453,False,
3013645600,False,
3013651384,False,
3013651715,False,
3013661924,True,2660.0
3013674648,True,13103.0
3013676748,False,
3013686640,True,8077.0
3013689713,True,11363.0
3013694567,True,5554.0
3013709935,False,
3013717234,True,6475.0
3013731268,False,
3013740865,False,
3013741372,False,
3013743186,False,
3013745165,False,
3013759369,False,
3013759898,False,
3013760320,False,
3013778335,True,8054.0
3013781015,True,2030.0
3013781232,True,62969.0
3013782140,True,7589.0
3013782292,False,
3013783097,False,
3013787256,True,7852.0
3013789353,True,372.0
3013789366,False,
3013789840,False,
3013790238,False,
3013796078,False,
3013796423,True,50.0
3013808819,False,
3013808922,False,
3013828450,True,4910.0
3013831239,True,2476.0
3013841012,False,
3013849640,True,5140.0
3013858037,True,98.0
3013866813,False,
3013867069,False,
3013868242,False,
3013868377,False,
3013868701,False,
3013872749,True,204.0
3013874482,False,
3013874909,True,202.0
3013880856,True,141.0
3013882322,False,
3013882325,False,
3013884828,True,395.0
3013887346,False,
3013887456,True,61.0
3013897572,True,156.0
3013901749,False,
3013901887,False,
3013903411,False,
3013903587,False,
3013903737,False,
3013903873,False,
3013911381,True,1070.0
3013933382,False,
3013938601,False,
3013953551,True,33.0
3013957145,False,
3013957170,True,133.0
3013958632,False,
3013958640,False,
3013958651,False,
3013958963,False,
3013959580,False,
3013962986,False,
3013962996,False,
3013963009,False,
3013963019,False,
3013963082,False,
3013963089,False,
3013963099,False,
3013963107,False,
3013963115,False,
3013963122,False,
3013963126,False,
3013964921,False,
3013966091,True,89.0
3013972131,False,
3013972143,False,
3013972151,False,
3013972159,False,
3013972168,False,
3013974732,True,2591.0
3013976915,False,
3013981336,False,
3013981971,False,
3013982029,False,
3013986907,False,
3013988901,False,
3013994684,True,212.0
3013997411,False,
3013998719,False,
3013999217,False,
3013999853,False,
3014001432,False,
3014004505,False,
3014004523,False,
3014004536,False,
3014004610,False,
3014004676,False,
3014013469,True,421.0
3014017003,False,
3014020476,False,
3014026146,False,
3014026232,False,
3014026315,False,
3014034070,True,2911.0
3014043515,True,1632.0
3014044059,True,201.0
3014044496,False,
3014066706,False,
3014081362,True,10.0
3014092591,False,
3014092603,False,
3014092610,False,
3014092616,False,
3014092869,False,
3014126828,False,
3014131826,False,
3014133193,False,
3014151333,False,
3014152420,False,
3014154028,True,61.0
3014158734,True,124.0
3014160182,True,3367.0
3014160343,True,1086.0
3014160457,True,808.0
3014176053,False,
3014176494,True,116.0
3014177686,False,
3014178458,False,
3014179092,False,
3014179225,False,
3014179852,False,
3014183034,False,
3014195554,True,46.0
3014197256,True,2754.0
3014197483,True,166.0
3014198374,True,4303.0
3014198977,False,
3014247271,True,2637.0
3014247572,True,61.0
3014247820,True,13.0
3014249853,True,2498.0
3014250280,False,
3014250452,False,
3014250589,False,
3014250706,False,
3014251523,False,
3014251532,False,
3014251542,False,
3014251549,False,
3014251558,False,
3014251568,False,
3014255257,True,7743.0
3014255782,True,61.0
3014257337,True,2752.0
3014257769,True,2696.0
3014260942,False,
3014260949,False,
3014260953,False,
3014264400,True,78.0
3014264867,True,5945.0
3014265064,True,5358.0
3014266563,True,2305.0
3014268027,True,2649.0
3014269495,False,
3014273487,True,5433.0
3014273773,True,13087.0
3014277917,True,2680.0
3014283227,True,2881.0
3014284017,True,990.0
3014284123,True,2447.0
3014289173,False,
3014291038,False,
3014291332,True,2671.0
3014291956,True,5394.0
3014292408,False,
3014292833,True,2872.0
3014293180,True,2707.0
3014293924,False,
3014294511,False,
3014295230,False,
3014297924,True,2823.0
3014299708,False,
3014300455,True,2965.0
3014301633,True,5171.0
3014302297,True,2671.0
3014309556,True,5317.0
3014311151,False,
3014311989,True,2672.0
3014315354,True,2444.0
3014318801,False,
3014320381,True,2961.0
3014320563,True,2707.0
3014381986,False,
3014386671,True,2757.0
3014446903,False,
3014448826,False,
3014452322,False,
3014477205,False,
3014479234,True,9713.0
3014488232,False,
3014489950,True,2633.0
3014496777,False,
3014503434,True,3319.0
3014508547,False,
3014508590,False,
3014508619,False,
3014509489,True,5133.0
3014518210,True,2612.0
3014525245,False,
3014531556,False,
3014552779,False,
3014579558,False,
3014579684,True,704.0
3014591361,True,6.0
3014600271,False,
3014614908,False,
3014617439,True,2994.0
3014619335,False,
3014639785,True,1230.0
3014665217,False,
3014690972,False,
3014694896,False,
3014695959,False,
3014695992,False,
3014696185,False,
3014703325,True,83.0
3014705178,False,
3014708717,False,
3014716922,False,
3014723451,False,
3014725683,True,93.0
3014728544,True,506.0
3014736947,False,
3014766004,True,25.0
3014767551,False,
3014777684,True,1705.0
3014828721,True,139.0
3014844333,False,
3014847650,False,
3014847723,False,
3014847767,False,
3014847835,False,
3014847884,False,
3014849495,False,
3014871477,False,
3014871746,False,
3014894687,True,1723.0
3014917322,False,
3014917519,False,
3014919271,False,
3014919807,False,
3014919901,False,
3014920002,False,
3014920117,False,
3014920607,False,
3014920702,False,
3014920806,False,
3014920907,False,
3014921008,False,
3014921564,False,
3014921683,False,
3014921785,False,
3014921901,False,
3014922012,False,
3014922545,False,
3014922647,False,
3014922767,False,
3014922877,False,
3014923003,False,
3014923604,False,
3014923736,False,
3014923837,False,
3014994007,True,2769.0
3015009782,False,
3015019160,True,1881.0
3015019906,True,1453.0
3015099986,True,211.0
3015131438,False,
3015132733,False,
3015136400,False,
3015149103,False,
3015153733,False,
3015154168,False,
3015248921,False,
3015284861,True,4.0
3015297026,True,4.0
3015305640,True,2416.0
3015318555,False,
3015324824,False,
3015330353,True,2729.0
3015332159,True,61.0
3015332619,True,61.0
3015339660,True,2449.0
3015358399,True,2484.0
3015381567,False,
3015407280,False,
3015429110,False,
3015429566,False,
3015441453,True,123.0
3015448178,False,
3015452003,True,2.0
3015454408,False,
3015467034,False,
3015475146,False,
3015501925,False,
3015510901,False,
3015513420,False,
3015516927,False,
3015520824,False,
3015521453,False,
3015528059,False,
3015532120,False,
3015540233,False,
3015542364,False,
3015570421,False,
3015580404,False,
3015586207,False,
3015598164,False,
3015599829,False,
3015600457,True,4098.0
3015600990,False,
3015617626,False,
3015647126,False,
3015651103,False,
3015663279,False,
3015685532,False,
3015707422,False,
3015713137,False,
3015723210,True,27.0
3015731753,True,1452.0
3015739469,True,2649.0
3015745256,False,
3015757008,True,7271.0
3015760233,False,
3015760235,False,
3015760237,False,
3015774458,False,
3015786182,False,
3015786509,True,1978.0
3015803152,False,
3015810868,True,7440.0
3015811471,False,
3015825709,True,3007.0
3015841652,False,
3015873779,False,
3015880444,False,
3015894534,False,
3015925799,False,
3015962451,False,
3015968139,False,
3015981199,False,
3015982029,False,
3015987349,True,208.0
3015998781,False,
3016003942,True,319.0
3016005733,False,
3016011448,False,
3016012309,False,
3016022850,False,
3016025991,False,
3016026357,False,
3016029128,True,206.0
3016046477,False,
3016057141,False,
3016059332,False,
3016086051,False,
3016086418,False,
3016086786,False,
3016087140,False,
3016087471,False,
3016087846,False,
3016088177,False,
3016088496,False,
3016088921,False,
3016089282,False,
3016089513,False,
3016089564,False,
3016097884,True,543.0
3016106633,False,
3016112195,True,8.0
3016121458,True,51.0
3016164252,False,
3016166296,False,
3016180426,False,
3016203585,False,
3016210759,False,
3016218909,False,
3016226570,False,
3016254445,False,
3016288397,False,
3016297398,False,
3016297400,False,
3016300403,False,
3016317243,False,
3016347525,True,1.0
3016347686,True,1572.0
3016353378,False,
3016367861,True,1883.0
3016371329,True,1472.0
3016373945,True,1725.0
3016375090,True,1996.0
3016380635,True,2727.0
3016382572,True,2668.0
3016387380,True,5521.0
3016392648,False,
3016397154,False,
3016425436,False,
3016431723,False,
3016447514,True,3968.0
3016454515,True,3746.0
3016454804,False,
3016455874,True,233.0
3016456856,True,4667.0
3016459419,True,243.0
3016462629,False,
3016462931,True,315.0
3016477310,False,
3016491371,True,5231.0
3016513607,True,4084.0
3016515901,True,3579.0
3016518391,True,352.0
3016527365,True,38689.0
3016539930,True,2437.0
3016543783,False,
3016545426,False,
3016555348,False,
3016558030,False,
3016559015,False,
3016559659,False,
3016560105,False,
3016561463,False,
3016563097,False,
3016620376,True,2939.0
3016620578,False,
3016630287,True,11421.0
3016644131,False,
3016644345,False,
3016644537,False,
3016646289,True,2411.0
3016703100,False,
3016710849,False,
3016739512,False,
3016766003,False,
3016769712,False,
3016773059,False,
3016775426,True,36.0
3016776138,False,
3016782698,True,19.0
3016783363,False,
3016815191,True,5.0
3016824289,False,
3016825491,False,
3016839348,False,
3016839585,False,
3016839738,False,
3016839885,False,
3016852528,True,1579.0
3016854707,False,
3016860534,False,
3016867788,False,
3016872818,False,
3016880623,False,
3016888344,False,
3016899312,True,6147.0
3016901433,False,
3016908650,False,
3016916643,False,
3016918876,False,
3016921628,False,
3016923417,True,599.0
3016963448,True,2617.0
3016970515,False,
3016973269,True,68.0
3016982296,False,
3017001362,True,55.0
3017009916,True,1269.0
3017011256,False,
3017011957,False,
3017038309,False,
3017038418,False,
3017038553,False,
3017073989,True,6396.0
3017103010,False,
3017141159,False,
3017165545,False,
3017173615,False,
3017175396,False,
3017176563,True,70.0
3017180619,False,
3017182843,False,
3017184619,False,
3017195059,False,
3017201548,False,
3017201814,False,
3017212109,False,
3017213279,False,
3017213879,False,
3017214471,False,
3017215179,False,
3017216028,False,
3017216102,False,
3017218834,True,3172.0
3017222210,False,
3017222634,False,
3017225937,False,
3017231605,False,
3017244935,False,
3017249913,False,
3017253352,True,65.0
3017260177,False,
3017261425,False,
3017261737,True,4466.0
3017265442,False,
3017268675,False,
3017269760,False,
3017277843,True,4391.0
3017281716,True,1304.0
3017290100,True,4343.0
3017298687,True,5239.0
3017312892,True,2591.0
3017321842,False,
3017326924,False,
3017334055,True,36.0
3017337692,False,
3017338633,True,47.0
3017339008,False,
3017348443,False,
3017362011,True,47.0
3017379003,False,
3017383300,True,173.0
3017398319,True,47.0
3017404568,True,25.0
3017411905,True,47.0
3017412433,False,
3017414410,False,
3017416080,True,888.0
3017417525,False,
3017417603,False,
3017417726,False,
3017426654,True,473.0
3017433621,True,45.0
3017445931,True,7890.0
3017449045,True,99.0
3017449621,True,51.0
3017451348,False,
3017458909,False,
3017470813,True,2484.0
3017495581,True,129.0
3017535748,False,
3017542156,True,9027.0
3017556972,False,
3017596270,False,
3017596994,True,2672.0
3017608915,False,
3017653825,False,
3017712749,False,
3017716539,False,
3017736507,True,6181.0
3017741404,False,
3017790362,False,
3017829876,False,
3017844841,False,
3017852439,False,
3017859410,True,55.0
3017887126,False,
3017904913,False,
3017929124,False,
3017930984,False,
3017939347,False,
3018013883,True,150.0
3018028129,True,1299.0
3018032859,True,2554.0
3018032908,False,
3018050179,False,
3018081821,True,2924.0
3018081891,False,
3018094590,False,
3018098139,False,
3018099623,False,
3018100017,True,23.0
3018129540,True,292.0
3018152838,True,37.0
3018165802,False,
3018169225,False,
3018177357,False,
3018201081,True,2778.0
3018228514,True,3001.0
3018237682,False,
3018250673,True,2709.0
3018258765,True,281.0
3018264213,False,
3018269687,False,
3018272185,False,
3018273292,True,5016.0
3018283867,False,
3018302996,True,2695.0
3018303013,True,3006.0
3018324993,True,2847.0
3018326639,True,5214.0
3018330301,True,2778.0
3018340805,True,2652.0
3018343384,False,
3018374399,False,
3018395025,True,123.0
3018404935,True,239.0
3018418136,False,
3018428036,True,422.0
3018623270,False,
3018629828,False,
3018634233,False,
3018667158,False,
3018683557,False,
3018684498,False,
3018694950,False,
3018697465,False,
3018698697,False,
3018699349,False,
3018701029,False,
3018701620,False,
3018702593,False,
3018709132,False,
3018709193,False,
3018709240,False,
3018709292,False,
3018709349,False,
3018709581,False,
3018717094,False,
3018740984,False,
3018741346,False,
3018759823,False,
3018765727,False,
3018767745,False,
3018767943,False,
3018774118,True,2139.0
3018775352,False,
3018775432,False,
3018814135,False,
3018827237,True,4.0
3018842285,True,5132.0
3018865427,True,5570.0
3018901035,False,
3018910688,False,
3018916829,False,
3018925797,True,2516.0
3018930992,False,
3018952343,True,2747.0
3018983178,False,
3019003197,False,
3019016820,False,
3019023242,True,34.0
3019024913,False,
3019067658,False,
3019077462,False,
3019090466,False,
3019095210,True,442.0
3019095474,False,
3019096422,False,
3019097935,False,
3019118501,True,1.0
3019153550,False,
3019154880,True,647.0
3019200034,True,5.0
3019236592,False,
3019246629,False,
3019258445,False,
3019266932,True,278.0
3019285931,True,17.0
3019365845,False,
3019417255,True,81.0
3019447553,False,
3019531959,False,
3019580841,False,
3019580882,False,
3019585455,False,
3019588825,True,415.0
3019589775,False,
3019593827,False,
3019594972,False,
3019605595,False,
3019607213,False,
3019652254,False,
3019662852,True,1459.0
3019689942,False,
3019724895,False,
3019724988,False,
3019725115,False,
3019764647,True,2171.0
3019783095,False,
3019790103,True,3904.0
3019791456,True,1973.0
3019794753,True,2224.0
3019794834,True,407.0
3019806395,False,
3019810054,False,
3019814349,False,
3019818009,False,
3019818093,False,
3019818099,False,
3019818161,False,
3019827717,False,
3019838364,False,
3019840853,False,
3019844476,False,
3019844871,False,
3019851484,False,
3019853417,False,
3019855084,False,
3019856935,False,
3019857616,False,
3019860461,False,
3019889851,False,
3019914887,False,
3019921245,False,
3019930657,False,
3019949292,True,5765.0
3019956099,False,
3019958348,False,
3019961708,False,
3019961800,False,
3019961899,False,
3019962008,False,
3019966388,True,8245.0
3019972692,False,
3019979866,False,
3019980921,False,
3020036759,True,1489.0
3020039256,False,
3020058256,False,
3020084154,False,
3020100226,True,4603.0
3020118095,False,
3020158560,False,
3020165242,True,224.0
3020217735,True,2898.0
3020220728,True,85.0
3020222516,False,
3020237225,False,
3020249405,False,
3020249568,False,
3020249985,False,
3020255326,False,
3020283042,False,
3020283290,False,
3020283501,False,
3020283660,False,
3020288805,False,
3020293972,False,
3020295428,False,
3020310245,True,1974.0
3020312359,False,
3020348358,False,
3020364629,False,
3020386913,True,2026.0
3020448460,False,
3020499492,False,
3020559827,False,
3020571317,False,
3020576513,False,
3020589909,False,
3020599174,False,
3020610243,False,
3020631093,True,240.0
3020646721,False,
3020717211,True,47.0
3020730063,True,61.0
3020732052,True,1417.0
3020755672,False,
3020755898,False,
3020756058,False,
3020775422,False,
3020777649,False,
3020784084,False,
3020789996,True,3671.0
3020793560,True,299.0
3020797014,False,
3020799477,False,
3020808905,False,
3020818936,False,
3020828159,False,
3020848627,False,
3020854608,False,
3020870211,False,
3020899558,False,
3020901849,False,
3020921061,False,
3020921976,False,
3020923245,False,
3020933336,False,
3020934873,False,
3020938673,False,
3020938739,False,
3020939709,False,
3020951797,False,
3020956002,False,
3020956102,False,
3020956161,False,
3020961089,False,
3020962391,True,3346.0
3020963022,False,
3020965639,False,
3020965778,True,300.0
3020968463,False,
3020980994,False,
3020982199,True,77.0
3020986472,False,
3020988477,False,
3020989762,False,
3020998051,False,
3021005900,False,
3021007496,False,
3021007855,False,
3021008158,False,
3021008386,False,
3021008571,False,
3021008725,False,
3021008901,False,
3021010197,False,
3021014508,True,88.0
3021021423,False,
3021024040,False,
3021027151,False,
3021032885,True,15.0
3021038910,False,
3021040168,False,
3021044657,False,
3021044980,False,
3021048372,False,
3021048782,False,
3021049147,False,
3021053481,True,3685.0
3021055063,False,
3021060249,False,
3021060506,True,394.0
3021062292,True,115.0
3021062878,False,
3021064440,True,5829.0
3021076966,False,
3021079374,False,
3021081541,False,
3021082962,False,
3021083525,False,
3021083922,False,
3021084752,True,5595.0
3021085156,True,125.0
3021090925,True,3226.0
3021091593,False,
3021101932,False,
3021112334,False,
3021118426,False,
3021123391,False,
3021132063,False,
3021144935,False,
3021148677,True,2601.0
3021154972,False,
3021162392,True,5837.0
3021173328,False,
3021173954,False,
3021180268,False,
3021184665,True,28.0
3021185249,False,
3021187370,True,122.0
3021197715,True,164.0
3021202314,False,
3021209752,False,
3021216407,False,
3021223395,False,
3021225430,False,
3021246580,True,5.0
3021258125,True,3471.0
3021258208,True,739.0
3021258280,False,
3021260589,True,595.0
3021305087,False,
3021308852,False,
3021324321,True,2308.0
3021328081,False,
3021332813,False,
3021333406,False,
3021340481,False,
3021341784,False,
3021346245,False,
3021348846,False,
3021357691,False,
3021381193,False,
3021386683,False,
3021389883,False,
3021393128,True,2603.0
3021399886,False,
3021404427,True,14965.0
3021460746,False,
3021463554,False,
3021470407,False,
3021505619,True,1716.0
3021520358,False,
3021540310,False,
3021579999,True,1307.0
3021587838,False,
3021605553,True,2749.0
3021610895,True,3258.0
3021642635,False,
3021645612,True,2640.0
3021658336,True,2406.0
3021676987,False,
3021699421,True,1394.0
3021705217,False,
3021734634,True,1587.0
3021740037,True,2848.0
3021745730,False,
3021749771,False,
3021774787,True,204.0
3021778457,False,
3021778913,True,204.0
3021782900,False,
3021790766,False,
3021812313,False,
3021820355,True,2729.0
3021824362,True,25682.0
3021830564,False,
3021834786,False,
3021848220,False,
3021897880,True,2677.0
3021915128,False,
3021918804,True,23006.0
3021962775,False,
3021981443,False,
3021981782,False,
3021990083,False,
3021998321,True,10075.0
3022005419,False,
3022031225,False,
3022032955,True,3282.0
3022070657,False,
3022081737,False,
3022091057,True,2609.0
3022100804,False,
3022102668,False,
3022114419,False,
3022135417,False,
3022145837,True,5772.0
3022151436,True,2538.0
3022156148,False,
3022156172,False,
3022165950,False,
3022177216,True,225.0
3022215562,False,
3022259058,False,
3022281401,True,1.0
3022287996,False,
3022301620,False,
3022309416,True,204.0
3022325329,True,110.0
3022332686,False,
3022474635,False,
3022478369,True,631.0
3022488021,False,
3022528085,True,19343.0
3022538783,False,
3022548733,False,
3022558365,False,
3022561428,True,553.0
3022586257,False,
3022595215,False,
3022629861,True,267.0
3022648123,False,
3022651306,False,
3022665707,True,4.0
3022694403,False,
3022694447,False,
3022694482,False,
3022694523,False,
3022694773,False,
3022702102,False,
3022705123,False,
3022719836,False,
3022790884,False,
3022791251,False,
3022796995,False,
3022797030,False,
3022806023,False,
3022807053,False,
3022811035,False,
3022824441,False,
3022834305,False,
3022836182,True,2832.0
3022836816,False,
3022836850,False,
3022836898,False,
3022836937,False,
3022836982,False,
3022837013,False,
3022863829,False,
3022870302,False,
3022870352,False,
3022872189,False,
3022883402,True,273.0
3022894989,False,
3022900120,True,1932.0
3022903038,True,31.0
3022904917,False,
3022905070,False,
3022922821,False,
3022929244,True,4903.0
3022932980,True,172.0
3022947008,False,
3022961963,False,
3022967976,False,
3022979018,False,
3022983365,False,
3022984586,False,
3022996214,False,
3022998527,False,
3023004440,False,
3023006263,False,
3023006417,False,
3023006565,False,
3023020286,False,
3023020992,False,
3023021016,False,
3023021069,False,
3023041706,False,
3023041928,False,
3023042173,False,
3023046063,False,
3023051135,False,
3023061197,False,
3023067065,False,
3023068779,False,
3023094806,True,33.0
3023102528,False,
3023120873,False,
3023145171,False,
3023151217,False,
3023153228,False,
3023154916,False,
3023168045,False,
3023209527,False,
3023213447,False,
3023240937,False,
3023241216,False,
3023354965,False,
3023355350,True,50.0
3023371250,False,
3023373102,False,
3023397487,False,
3023406807,True,568.0
3023416724,True,4831.0
3023422681,True,976.0
3023426817,False,
3023451128,False,
3023454492,False,
3023454593,False,
3023454697,False,
3023463675,False,
3023464342,False,
3023465111,False,
3023465638,False,
3023466143,False,
3023480894,False,
3023494023,True,68.0
3023511265,False,
3023522160,True,5502.0
3023525953,False,
3023537811,False,
3023552045,False,
3023572537,False,
3023585722,True,270.0
3023654651,False,
3023659381,False,
3023670206,False,
3023705733,False,
3023705835,False,
3023705945,False,
3023718027,False,
3023728309,True,4.0
3023730259,False,
3023781726,False,
3023814761,False,
3023839901,True,1943.0
3023860626,True,4070.0
3023863403,True,50.0
3023865075,True,500.0
3023869763,False,
3023889848,False,
3023890506,False,
3023891097,False,
3023892003,False,
3023897755,False,
3023913790,False,
3023914391,False,
3023916257,False,
3023920019,False,
3023945007,False,
3023945479,False,
3023948985,False,
3023955993,False,
3023956128,False,
3023980304,False,
3023991652,False,
3024056898,True,4.0
3024058533,False,
3024109745,False,
3024135580,False,
3024139144,False,
3024144436,True,4896.0
3024150329,False,
3024155768,False,
3024172277,False,
3024174784,True,226.0
3024182089,False,
3024182494,False,
3024204871,False,
3024207461,True,136.0
3024210694,False,
3024235145,False,
3024243052,False,
3024244783,False,
3024244886,False,
3024258294,True,279.0
3024268068,False,
3024268358,False,
3024286959,False,
3024288951,False,
3024289316,False,
3024315639,False,
3024321638,False,
3024338128,False,
3024344948,False,
3024351480,False,
3024353688,False,
3024356809,False,
3024367423,False,
3024369763,False,
3024377628,False,
3024394789,False,
3024402084,False,
3024404601,False,
3024404684,False,
3024404872,False,
3024404974,False,
3024405033,True,108.0
3024405058,False,
3024405193,False,
3024405502,False,
3024405967,True,12.0
3024406178,True,69.0
3024408359,True,131.0
3024411866,True,5578.0
3024425040,False,
3024435174,False,
3024435478,False,
3024435743,False,
3024437347,False,
3024437720,False,
3024437905,False,
3024438140,False,
3024438667,False,
3024440807,False,
3024441075,False,
3024441641,False,
3024442077,False,
3024442371,False,
3024444013,False,
3024444414,False,
3024444685,False,
3024445109,False,
3024446584,False,
3024446916,False,
3024459767,False,
3024462837,True,7.0
3024474618,False,
3024482229,True,23.0
3024504085,False,
3024516796,False,
3024516942,False,
3024517092,False,
3024520490,False,
3024520671,False,
3024522809,True,3351.0
3024529573,False,
3024536742,False,
3024564744,True,3085.0
3024571678,False,
3024572031,False,
3024572315,False,
3024572497,False,
3024573708,True,219.0
3024576672,True,1662.0
3024587256,False,
3024594870,False,
3024595014,False,
3024595178,False,
3024595263,False,
3024595324,False,
3024595373,True,1025.0
3024595463,False,
3024602323,True,596.0
3024615213,True,887.0
3024622145,True,194.0
3024639241,False,
3024644680,True,1572.0
3024648193,True,352.0
3024650421,False,
3024650577,False,
3024672494,True,40.0
3024680432,False,
3024680980,False,
3024683311,True,163.0
3024687793,True,642.0
3024702850,False,
3024720940,False,
3024721328,False,
3024721524,False,
3024746152,False,
3024754010,False,
3024786267,False,
3024794480,True,133.0
3024795691,False,
3024826532,False,
3024827261,False,
3024846175,True,47.0
3024866027,False,
3024891761,False,
3024894931,False,
3024895419,False,
3024914835,False,
3024928421,False,
3024935825,False,
3024941700,False,
3024941894,True,30833.0
3024941936,False,
3024942291,False,
3024942862,False,
3024943364,False,
3024943692,False,
3024944287,False,
3024961948,True,1248.0
3024985855,False,
3025002550,False,
3025005462,True,2113.0
3025021310,True,1291.0
3025025618,True,43.0
3025025954,True,12.0
3025036086,False,
3025123434,False,
3025154813,True,72.0
3025161978,False,
3025170249,False,
3025183342,True,2779.0
3025188403,False,
3025189962,False,
3025190134,False,
3025190294,False,
3025199267,True,70.0
3025206814,True,2676.0
3025210190,False,
3025219398,True,332.0
3025221792,False,
3025221980,False,
3025222190,False,
3025222384,False,
3025222633,False,
3025230201,False,
3025230719,False,
3025272454,True,2676.0
3025282729,False,
3025283558,True,37.0
3025284845,False,
3025286843,False,
3025296091,False,
3025311978,True,2549.0
3025328776,False,
3025329018,False,
3025329229,False,
3025329423,False,
3025329658,False,
3025329857,False,
3025357127,False,
3025358072,False,
3025378281,True,1155.0
3025395154,False,
3025412797,False,
3025419546,True,65.0
3025420050,False,
3025431307,False,
3025437551,False,
3025440717,False,
3025452663,False,
3025452760,True,3394.0
3025452881,True,31.0
3025463080,False,
3025467343,False,
3025502351,True,8.0
3025503506,True,40.0
3025503573,True,4665.0
3025505486,False,
3025514096,False,
3025519544,False,
3025527555,False,
3025543268,False,
3025562516,True,47.0
3025564281,True,1533.0
3025574694,False,
3025577157,True,50.0
3025612729,False,
3025614232,False,
3025642162,False,
3025653738,False,
3025657608,False,
3025671332,True,4.0
3025696507,False,
3025701810,True,3857.0
3025707699,True,431.0
3025714059,True,3524.0
3025716348,False,
3025716475,False,
3025716595,False,
3025716725,False,
3025716868,False,
3025716983,True,415.0
3025726560,True,1780.0
3025742728,False,
3025755716,False,
3025756219,True,4.0
3025756269,False,
3025759078,True,2704.0
3025764617,False,
3025766815,True,146.0
3025770734,False,
3025786267,True,23.0
3025794759,False,
3025795030,False,
3025796165,True,29428.0
3025808319,False,
3025808722,False,
3025810500,False,
3025814333,True,5483.0
3025828395,False,
3025841851,True,1494.0
3025847701,False,
3025853818,False,
3025855152,False,
3025857834,False,
3025868042,False,
3025868131,False,
3025868219,False,
3025868306,False,
3025868401,False,
3025868495,False,
3025870704,False,
3025872063,False,
3025872183,False,
3025872330,False,
3025881927,False,
3025885998,False,
3025886106,False,
3025886212,False,
3025901010,False,
3025943515,True,36.0
3025950920,True,5478.0
3025971688,False,
3025979450,True,25.0
3025980290,False,
3025989915,False,
3025991954,False,
3026004319,True,45.0
3026017885,False,
3026019868,False,
3026024527,False,
3026036747,False,
3026060505,False,
3026063562,False,
3026064997,False,
3026065414,False,
3026067988,False,
3026075397,False,
3026083008,False,
3026088808,False,
3026099394,False,
3026100777,False,
3026109460,False,
3026114945,False,
3026115141,False,
3026115312,False,
3026115502,False,
3026115520,False,
3026133261,True,4.0
3026139216,False,
3026144258,False,
3026145079,True,107.0
3026145770,True,2234.0
3026161036,False,
3026209902,False,
3026220104,True,1142.0
3026231375,False,
3026239917,True,143.0
3026277712,False,
3026309904,False,
3026310115,False,
3026310314,False,
3026310499,False,
3026310788,False,
3026311177,False,
3026311478,False,
3026311773,False,
3026312006,False,
3026315431,False,
3026315687,False,
3026315942,False,
3026316131,False,
3026316335,False,
3026316531,False,
3026316738,False,
3026317081,False,
3026317556,False,
3026321372,False,
3026328697,False,
3026335509,False,
3026339400,False,
3026341691,False,
3026355623,False,
3026359155,True,5123.0
3026361354,True,5042.0
3026374310,False,
3026378726,True,5068.0
3026382721,False,
3026383141,False,
3026410157,True,5649.0
3026420161,False,
3026427479,True,5198.0
3026466562,False,
3026479842,True,8229.0
3026487596,False,
3026489337,False,
3026497686,False,
3026497817,False,
3026497935,False,
3026498066,False,
3026498178,False,
3026498317,False,
3026501427,True,209.0
3026501574,False,
3026507602,False,
3026511493,False,
3026521858,False,
3026576229,True,5308.0
3026612134,False,
3026615573,False,
3026640316,False,
3026827496,True,2711.0
3026875686,False,
3026906761,False,
3026914753,False,
3026953306,False,
3026980758,True,2617.0
3026992154,True,38.0
3027010047,False,
3027059942,False,
3027100148,False,
3027104484,False,
3027183353,False,
3027225962,False,
3027232912,False,
3027236330,False,
3027239924,False,
3027240665,False,
3027246331,False,
3027282758,False,
3027282922,False,
3027288530,True,1.0
3027295538,True,1.0
3027324994,True,2493.0
3027339875,False,
3027340805,True,292.0
3027343977,True,8194.0
3027348363,False,
3027348434,True,470.0
3027349175,False,
3027349601,False,
3027351179,False,
3027352165,False,
3027353816,False,
3027354318,False,
3027355748,True,27.0
3027356587,False,
3027370141,False,
3027370192,False,
3027370282,False,
3027370346,False,
3027370398,False,
3027376509,False,
3027376667,False,
3027377420,True,2602.0
3027378753,False,
3027383312,False,
3027386628,True,7911.0
3027388077,False,
3027388133,False,
3027388172,False,
3027388568,False,
3027391022,True,2982.0
3027393239,False,
3027404344,True,1234.0
3027438930,False,
3027474584,False,
3027483819,False,
3027483865,False,
3027487207,False,
3027491240,False,
3027491816,False,
3027507686,False,
3027512366,False,
3027516565,False,
3027521176,False,
3027528868,False,
3027549090,True,2719.0
3027553389,False,
3027561189,False,
3027561983,False,
3027573191,False,
3027633065,True,11.0
3027645846,False,
3027650078,False,
3027701845,False,
3027798178,False,
3027808412,False,
3027811660,True,1341.0
3027811834,True,505.0
3027815543,True,5381.0
3027821654,True,2508.0
3027835700,True,159.0
3027847055,False,
3027850594,False,
3027854768,True,2215.0
3027854955,False,
3027864483,False,
3027870818,False,
3027873455,False,
3027882006,False,
3027883755,False,
3027884141,False,
3027888788,False,
3027888909,False,
3027889931,False,
3027910355,False,
3027923199,False,
3027953160,False,
3027957229,False,
3027957747,True,2182.0
3027961164,True,1733.0
3027962297,False,
3027970226,False,
3027973032,False,
3027974057,False,
3027975360,False,
3027978942,False,
3027979553,False,
3027979569,True,2628.0
3027984005,False,
3028000632,False,
3028009679,False,
3028040412,False,
3028048278,False,
3028065760,False,
3028098337,False,
3028101205,False,
3028128337,True,50.0
3028140582,False,
3028152828,True,5776.0
3028197714,False,
3028216204,True,1129.0
3028216207,False,
3028222086,False,
3028243605,True,76.0
3028282322,False,
3028282426,False,
3028307406,False,
3028334511,False,
3028355185,True,111.0
3028399657,False,
3028410587,False,
3028419408,False,
3028424732,False,
3028431786,False,
3028437209,False,
3028437561,True,8.0
3028459902,False,
3028471073,True,23.0
3028475915,False,
3028483282,True,367.0
3028488791,False,
3028502965,False,
3028515667,True,460.0
3028517862,False,
3028521004,True,362.0
3028526061,False,
3028535248,False,
3028536989,True,21.0
3028537699,False,
3028565700,False,
3028565877,False,
3028566207,False,
3028566407,False,
3028570578,False,
3028570713,False,
3028573037,False,
3028591049,False,
3028591247,False,
3028591411,False,
3028591706,False,
3028591873,False,
3028592011,False,
3028592180,False,
3028615847,True,13.0
3028623715,False,
3028629395,True,51.0
3028667037,True,7427.0
3028681294,False,
3028681408,True,143.0
3028687724,False,
3028692231,False,
3028709961,False,
3028711798,False,
3028715684,False,
3028719824,False,
3028723201,False,
3028726070,False,
3028729765,False,
3028747670,True,69.0
3028762160,False,
3028774363,False,
3028774601,False,
3028774631,True,9515.0
3028774774,False,
3028774940,False,
3028780890,False,
3028792555,False,
3028806547,True,27.0
3028808860,True,3828.0
3028809557,True,3473.0
3028812473,False,
3028812991,True,510.0
3028815292,False,
3028817566,True,58350.0
3028827377,False,
3028832242,False,
3028843656,False,
3028879019,False,
3028921517,True,91.0
3028923828,True,124.0
3028945063,True,2796.0
3028955221,False,
3028978009,False,
3028978083,False,
3028978183,False,
3028978313,False,
3028999478,False,
3029002490,False,
3029003328,False,
3029010113,False,
3029012731,True,136.0
3029015794,False,
3029031576,False,
3029034400,False,
3029034501,False,
3029034600,False,
3029034707,False,
3029037708,False,
3029038654,False,
3029039059,True,32.0
3029041262,True,23.0
3029048712,False,
3029080658,False,
3029080773,False,
3029080885,False,
3029080979,False,
3029084506,False,
3029088566,True,156.0
3029115534,True,4.0
3029116848,False,
3029121403,True,1314.0
3029138192,False,
3029172868,False,
3029173005,False,
3029187779,False,
3029189567,False,
3029192284,False,
3029192421,False,
3029199984,False,
3029206862,False,
3029210921,False,
3029211022,False,
3029226084,True,508.0
3029231443,False,
3029231569,False,
3029231680,False,
3029231810,False,
3029231914,False,
3029232020,False,
3029232164,False,
3029232273,False,
3029232417,False,
3029232537,False,
3029232709,False,
3029232843,False,
3029232997,False,
3029233172,False,
3029233351,False,
3029233486,False,
3029233611,False,
3029233759,False,
3029236858,False,
3029241106,True,16.0
3029255926,False,
3029257234,False,
3029277150,False,
3029293392,False,
3029296936,False,
3029303999,False,
3029304596,False,
3029337790,False,
3029373422,False,
3029375073,False,
3029376683,False,
3029400260,False,
3029412062,False,
3029415320,False,
3029416066,False,
3029421041,False,
3029424054,False,
3029428544,False,
3029461339,True,6.0
3029471205,False,
3029482570,True,3393.0
3029497046,False,
3029513896,False,
3029520995,False,
3029531421,True,3146.0
3029562035,False,
3029566116,True,3098.0
3029567704,True,2581.0
3029602969,False,
3029603595,False,
3029615885,True,17.0
3029620395,False,
3029622107,False,
3029676719,False,
3029689116,True,2466.0
3029707523,True,1175.0
3029726450,False,
3029744859,False,
3029747592,False,
3029755757,False,
3029759104,False,
3029792305,False,
3029801159,False,
3029802140,False,
3029809338,False,
3029820713,True,45.0
3029842530,False,
3029864294,False,
3029870702,False,
3029870911,False,
3029871057,False,
3029871213,False,
3029871364,False,
3029873060,False,
3029890356,False,
3029893911,False,
3029902903,True,75.0
3029929544,False,
3029929707,False,
3029933592,False,
3029957628,False,
3029959462,True,1440.0
3029981787,False,
3029982391,False,
3029987904,False,
3029988793,False,
3029997055,False,
3030003086,False,
3030021697,False,
3030040061,False,
3030075511,True,3463.0
3030079420,True,539.0
3030088603,False,
3030098062,True,25.0
3030102768,False,
3030102877,False,
3030102984,False,
3030103100,False,
3030103213,False,
3030103321,False,
3030103447,False,
3030103606,False,
3030109047,False,
3030139194,True,4339.0
3030146282,True,348.0
3030152762,False,
3030155323,False,
3030172283,False,
3030189782,False,
3030208140,False,
3030219643,False,
3030230096,False,
3030232335,False,
3030239142,False,
3030244777,False,
3030272201,True,2176.0
3030280478,False,
3030285453,False,
3030289808,False,
3030298588,False,
3030300513,False,
3030311885,False,
3030312269,False,
3030315053,False,
3030319855,True,5646.0
3030320824,True,3471.0
3030333357,False,
3030333472,False,
3030333600,False,
3030338931,False,
3030344216,False,
3030348648,True,2622.0
3030355707,False,
3030372325,True,2594.0
3030373218,False,
3030380929,False,
3030389392,False,
3030389639,False,
3030389774,False,
3030390520,True,2692.0
3030391140,False,
3030392275,False,
3030396992,True,2817.0
3030397679,False,
3030397962,True,110.0
3030403928,False,
3030408405,True,2830.0
3030415365,False,
3030425389,False,
3030426512,False,
3030430066,True,2779.0
3030431822,False,
3030432675,False,
3030433142,False,
3030436692,True,102.0
3030438475,False,
3030446536,False,
3030447486,False,
3030455537,False,
3030458032,False,
3030459417,False,
3030468266,True,5704.0
3030476962,True,5.0
3030478495,False,
3030483665,True,2611.0
3030511808,False,
3030523367,True,2375.0
3030525992,False,
3030529759,False,
3030533549,False,
3030534189,False,
3030534241,False,
3030542795,False,
3030555983,False,
3030563964,False,
3030566250,True,2642.0
3030569423,False,
3030581234,True,64.0
3030589932,True,5132.0
3030594413,True,20308.0
3030597868,True,2441.0
3030603159,False,
3030603679,False,
3030610810,True,2691.0
3030619619,False,
3030621705,False,
3030635196,True,131.0
3030651416,True,4942.0
3030684546,False,
3030686366,False,
3030689835,False,
3030691966,True,2754.0
3030703790,False,
3030707513,False,
3030748990,True,4953.0
3030767738,True,2441.0
3030781472,False,
3030786303,False,
3030840107,False,
3030840500,False,
3030841414,True,2679.0
3030845309,True,2586.0
3030860470,True,2635.0
3030864933,False,
3030865319,False,
3030874292,False,
3030876080,False,
3030883302,True,2771.0
3030893555,False,
3030899386,True,256.0
3030920784,True,93.0
3030942397,False,
3030970730,False,
3030970800,False,
3031002566,False,
3031015332,False,
3031077041,False,
3031077118,False,
3031077202,False,
3031098614,False,
3031111891,False,
3031116000,False,
3031116558,False,
3031136045,True,4.0
3031151033,False,
3031165425,False,
3031165649,False,
3031165654,True,378.0
3031169891,False,
3031182058,False,
3031186136,False,
3031190607,False,
3031196847,False,
3031197211,False,
3031227592,True,308.0
3031248382,False,
3031256542,False,
3031267294,False,
3031282807,True,2345.0
3031287854,False,
3031309341,False,
3031311372,False,
3031311507,False,
3031311806,False,
3031311994,False,
3031312260,False,
3031312522,False,
3031370345,True,7872.0
3031374737,True,5318.0
3031381997,False,
3031388589,False,
3031390266,False,
3031395415,False,
3031399154,False,
3031402236,False,
3031403903,True,5017.0
3031404666,False,
3031408121,False,
3031409950,False,
3031415643,True,5318.0
3031420024,False,
3031421146,True,2821.0
3031423319,False,
3031428878,False,
3031432704,True,5158.0
3031436584,False,
3031438861,True,2646.0
3031443049,False,
3031459997,False,
3031460379,False,
3031462968,True,2468.0
3031476672,True,5162.0
3031498055,True,5004.0
3031509109,True,2885.0
3031555271,True,39.0
3031556602,True,3106.0
3031564296,False,
3031565532,True,2970.0
3031567065,False,
3031568844,False,
3031570639,False,
3031572995,True,209.0
3031579732,True,2619.0
3031583253,True,5199.0
3031583814,False,
3031587869,True,122.0
3031589936,False,
3031593653,False,
3031596121,True,5148.0
3031603377,True,393.0
3031604527,False,
3031612615,False,
3031612660,False,
3031614371,False,
3031623121,False,
3031623179,True,2201.0
3031624157,True,2179.0
3031626643,True,4.0
3031634824,True,26.0
3031635197,True,13.0
3031650635,False,
3031650659,False,
3031651368,True,435.0
3031651774,True,2047.0
3031661352,False,
3031668514,False,
3031669594,False,
3031670382,False,
3031675304,True,360.0
3031680997,True,4291.0
3031685233,False,
3031690387,True,79.0
3031694715,True,159.0
3031723015,False,
3031723677,True,1678.0
3031727502,False,
3031730236,True,51.0
3031743180,True,130.0
3031747499,False,
3031747633,False,
3031748133,False,
3031749801,False,
3031752458,False,
3031768142,False,
3031779493,False,
3031789545,True,7.0
3031790846,True,5257.0
3031793436,False,
3031800798,False,
3031814930,False,
3031815049,False,
3031815124,False,
3031815897,True,5462.0
3031819241,False,
3031823341,True,4096.0
3031823454,False,
3031834772,False,
3031852067,False,
3031883269,False,
3031893449,True,1044.0
3031906514,False,
3031907174,True,4.0
3031914111,True,56.0
3031987585,False,
3032000480,False,
3032021519,False,
3032055073,False,
3032058398,False,
3032058510,False,
3032112090,True,507.0
3032167383,False,
3032171675,True,378.0
3032196414,False,
3032212604,False,
3032223076,False,
3032254851,False,
3032261503,False,
3032263576,False,
3032265260,False,
3032266448,False,
3032271451,False,
3032273651,False,
3032275049,False,
3032280874,True,21.0
3032282455,False,
3032314961,False,
3032376156,True,23.0
3032400213,False,
3032431773,False,
3032468723,True,517.0
3032471242,False,
3032502806,True,7294.0
3032516462,True,34.0
3032551988,False,
3032552153,False,
3032552286,False,
3032552413,False,
3032584223,False,
3032602488,False,
3032657740,False,
3032690199,True,2600.0
3032713372,False,
3032724884,True,499.0
3032730935,True,2848.0
3032770056,False,
3032784952,False,
3032796354,False,
3032809819,False,
3032849783,True,124.0
3032861535,False,
3032866352,False,
3032876981,False,
3032888680,False,
3032888735,False,
3032895095,True,125.0
3032899834,False,
3032905034,False,
3032906156,True,336.0
3032914568,False,
3032930926,True,1454.0
3032931067,False,
3032958384,True,41426.0
3032963975,False,
3033025605,True,9.0
3033027493,True,2608.0
3033037641,True,122.0
3033053444,True,2212.0
3033053454,False,
3033053540,False,
3033053613,False,
3033054276,False,
3033087787,False,
3033114273,True,1068.0
3033145400,True,4.0
3033211268,True,8.0
3033224010,True,5418.0
3033231679,True,2612.0
3033236542,True,3830.0
3033240278,True,367.0
3033245662,False,
3033263952,False,
3033281350,True,2604.0
3033329176,True,21594.0
3033339305,True,99.0
3033350152,True,98.0
3033383331,True,1656.0
3033414660,False,
3033419057,False,
3033420484,False,
3033447981,True,2065.0
3033460817,True,4943.0
3033473339,False,
3033473995,False,
3033486367,False,
3033489503,True,7090.0
3033532532,True,115.0
3033540175,False,
3033544453,False,
3033569920,False,
3033579344,True,2683.0
3033591667,False,
3033596808,False,
3033602186,False,
3033603927,False,
3033610322,False,
3033652906,True,39.0
3033683407,True,2948.0
3033686919,False,
3033712140,False,
3033744780,False,
3033746995,False,
3033749204,True,3541.0
3033765769,False,
3033767632,False,
3033779514,False,
3033792642,True,3735.0
3033809603,True,2506.0
3033824681,False,
3033837200,False,
3033840198,False,
3033843860,False,
3033871513,True,4546.0
3033882366,False,
3033883153,False,
3033890714,False,
3033895879,False,
3033913759,True,1119.0
3033917298,False,
3033924424,False,
3033926138,False,
3033927285,True,3929.0
3033928469,False,
3033935383,False,
3033938139,False,
3033942611,True,3402.0
3033943226,False,
3033947960,False,
3033965962,True,2417.0
3033971468,True,21139.0
3033976033,False,
3033988030,False,
3033991376,False,
3033996457,False,
3034004759,True,106.0
3034011564,False,
3034018566,False,
3034033491,False,
3034037012,False,
3034037453,False,
3034043349,False,
3034045908,False,
3034054392,False,
3034065013,False,
3034065033,False,
3034072613,False,
3034072845,False,
3034081461,False,
3034088793,False,
3034118246,True,318.0
3034122568,False,
3034137468,False,
3034151107,False,
3034152463,True,5047.0
3034164762,True,5133.0
3034175373,False,
3034189054,True,1184.0
3034220455,False,
3034221199,False,
3034221773,False,
3034262238,False,
3034278363,False,
3034299797,False,
3034304971,False,
3034308067,False,
3034316472,False,
3034336433,False,
3034343161,False,
3034404269,False,
3034431816,False,
3034439195,False,
3034449430,False,
3034449523,False,
3034518056,True,4320.0
3034526405,True,204.0
3034581465,False,
3034603668,False,
3034603904,True,2485.0
3034609091,True,2468.0
3034610794,False,
3034611174,False,
3034611393,False,
3034618639,False,
3034619502,False,
3034619846,True,462.0
3034620832,False,
3034621809,False,
3034623698,False,
3034624649,False,
3034626011,False,
3034629710,False,
3034636228,False,
3034637455,False,
3034643099,True,117.0
3034649683,True,3846.0
3034653919,True,452.0
3034662738,True,2716.0
3034666155,False,
3034666487,False,
3034683685,False,
3034693710,False,
3034693857,False,
3034693962,False,
3034724398,True,69.0
3034735335,True,16.0
3034739465,True,2571.0
3034757335,False,
3034760012,False,
3034785560,False,
3034786422,False,
3034795398,True,2582.0
3034810934,False,
3034810970,False,
3034811073,False,
3034811791,False,
3034812882,False,
3034817468,True,130.0
3034830490,False,
3034841169,False,
3034841306,False,
3034841428,False,
3034841542,False,
3034841663,False,
3034844180,False,
3034848988,False,
3034856877,True,17.0
3034859726,False,
3034860254,False,
3034864250,True,2637.0
3034868391,False,
3034871359,True,7777.0
3034871645,False,
3034874580,False,
3034887431,True,143.0
3034901784,False,
3034915842,False,
3034915927,False,
3034916192,False,
3034922740,True,2665.0
3034955213,False,
3034955359,False,
3034955545,False,
3034955803,False,
3034955811,False,
3034955913,False,
3034957854,True,8151.0
3034961560,True,24318.0
3034965106,False,
3034965524,False,
3034968866,False,
3034972313,False,
3034982864,True,4.0
3034991154,True,3382.0
3034997291,True,6377.0
3035013764,True,2509.0
3035016481,False,
3035020886,True,1549.0
3035021824,True,5407.0
3035054096,False,
3035082846,True,3027.0
3035082987,True,2491.0
3035084252,False,
3035085320,False,
3035110777,True,2046.0
3035119258,True,1229.0
3035119897,True,2396.0
3035128932,True,2788.0
3035136033,False,
3035141126,True,549.0
3035143420,False,
3035170179,False,
3035183753,True,530.0
3035184210,False,
3035184270,False,
3035191362,False,
3035199724,True,4652.0
3035199991,True,408.0
3035200031,True,659.0
3035200651,True,35593.0
3035201600,True,9.0
3035214529,True,36493.0
3035217979,True,2971.0
3035237790,True,9474.0
3035251368,False,
3035282577,False,
3035282762,True,5006.0
3035292263,True,73.0
3035294221,True,15162.0
3035308568,False,
3035320461,True,43.0
3035338402,True,871.0
3035339617,True,651.0
3035339804,True,678.0
3035340221,False,
3035340227,False,
3035341825,True,807.0
3035343733,False,
3035345245,False,
3035346585,False,
3035346886,True,61.0
3035354990,False,
3035358549,False,
3035358556,False,
3035358567,False,
3035359243,False,
3035361950,True,843.0
3035363299,False,
3035367528,False,
3035369282,False,
3035370559,False,
3035371772,False,
3035387218,True,672.0
3035388070,False,
3035398885,False,
3035400054,True,1213.0
3035400798,True,2975.0
3035402520,True,2700.0
3035403541,False,
3035404908,True,2210.0
3035405401,True,7976.0
3035426846,True,1626.0
3035427988,True,5036.0
3035430294,True,1894.0
3035430922,True,2623.0
3035441224,True,38733.0
3035481649,False,
3035491539,True,3548.0
3035494318,True,358.0
3035496557,True,920.0
3035507653,False,
3035507739,True,891.0
3035533160,True,531.0
3035543274,True,2661.0
3035546329,False,
3035572608,True,532.0
3035574139,False,
3035574242,True,2425.0
3035574263,False,
3035574601,False,
3035582993,True,1617.0
3035608783,True,3953.0
3035608983,True,704.0
3035610356,True,159.0
3035613531,False,
3035614450,False,
3035614911,True,1756.0
3035615222,False,
3035619847,False,
3035620363,True,2897.0
3035624233,False,
3035651338,True,3924.0
3035671439,True,831.0
3035672986,False,
3035677428,False,
3035677537,False,
3035691905,True,100.0
3035713918,True,82.0
3035776026,True,466.0
3035776593,True,804.0
3035780091,False,
3035782634,False,
3035799558,True,565.0
3035807017,False,
3035831352,True,137.0
3035843604,True,278.0
3035844931,False,
3035856625,True,1337.0
3035857485,True,1322.0
3035858878,True,1292.0
3035865048,True,1024.0
3035872087,True,924.0
3035882880,True,1275.0
3035888708,False,
3035889430,False,
3035902839,False,
3035903436,False,
3035938703,False,
3035948401,False,
3035972660,True,480.0
3035977203,False,
3035983323,False,
3035990754,True,1350.0
3036008192,True,4130.0
3036008213,True,2079.0
3036008698,True,223.0
3036009789,True,26.0
3036011062,False,
3036011334,False,
3036012023,False,
3036013588,False,
3036013730,False,
3036014104,False,
3036014292,False,
3036014924,True,58.0
3036015204,False,
3036022535,False,
3036022557,False,
3036055571,True,3873.0
3036066008,False,
3036072027,False,
3036074983,True,82.0
3036077397,False,
3036077811,True,1039.0
3036080023,False,
3036080712,True,212.0
3036081139,True,2776.0
3036082373,True,177.0
3036084107,True,239.0
3036084377,False,
3036085358,True,124.0
3036091375,True,165.0
3036093958,True,1229.0
3036094225,True,5060.0
3036098601,True,515.0
3036100277,True,253.0
3036103347,True,2532.0
3036112130,True,780.0
3036122636,False,
3036123178,False,
3036129720,False,
3036134984,False,
3036141997,True,4.0
3036142002,True,1397.0
3036147851,True,3598.0
3036147981,True,3988.0
3036148006,True,423.0
3036148311,True,3737.0
3036148406,True,534.0
3036148449,True,3229.0
3036148535,True,394.0
3036148779,True,228.0
3036149518,False,
3036152565,True,2461.0
3036154323,True,4.0
3036154363,True,3957.0
3036154394,True,3433.0
3036154510,True,2177.0
3036154586,False,
3036154605,True,406.0
3036154723,True,560.0
3036155244,True,2525.0
3036157865,False,
3036157926,False,
3036157969,False,
3036158004,False,
3036158258,False,
3036169951,True,2482.0
3036170858,False,
3036175611,True,1194.0
3036178112,False,
3036180275,True,153.0
3036184244,False,
3036189805,False,
3036189840,False,
3036189864,False,
3036189904,True,10149.0
3036194269,True,16.0
3036195632,False,
3036196301,False,
3036196526,False,
3036196567,False,
3036197632,True,3207.0
3036204132,False,
3036205405,False,
3036205425,False,
3036205444,False,
3036205462,False,
3036206165,False,
3036208038,False,
3036208158,False,
3036209086,True,4.0
3036209633,True,4.0
3036210560,True,153.0
3036211105,False,
3036211194,False,
3036211292,False,
3036211810,True,153.0
3036211875,False,
3036211886,False,
3036211899,False,
3036211914,False,
3036213185,False,
3036217416,False,
3036234594,True,94.0
3036234642,True,18.0
3036244601,False,
3036244916,True,5458.0
3036245668,False,
3036247063,False,
3036265891,True,5005.0
3036271986,True,7119.0
3036278500,True,5004.0
3036289765,True,1452.0
3036325723,False,
3036329009,False,
3036335609,True,2759.0
3036338711,False,
3036345553,False,
3036355446,False,
3036356332,False,
3036356592,False,
3036364398,False,
3036364446,False,
3036369778,True,2959.0
3036378388,False,
3036382781,False,
3036401820,False,
3036402991,False,
3036407323,True,9611.0
3036410014,False,
3036429333,False,
3036436553,False,
3036505073,False,
3036560818,False,
3036605704,False,
3036609527,False,
3036621198,True,282.0
3036637369,False,
3036704896,True,5315.0
3036766759,False,
3036769372,False,
3036782941,False,
3036783083,False,
3036783215,False,
3036786006,True,49.0
3036834187,False,
3036835125,False,
3036835610,False,
3036836078,False,
3036838485,True,1577.0
3036848247,False,
3036848291,False,
3036855114,False,
3036859772,False,
3036860448,True,27.0
3036860914,False,
3036871437,True,78.0
3036874472,False,
3036886120,False,
3036886903,False,
3036900884,False,
3036901141,False,
3036901366,False,
3036901624,False,
3036907211,True,5206.0
3036912000,True,714.0
3036925387,False,
3036926029,True,3908.0
3036929366,False,
3036930575,True,4256.0
3036932001,True,212.0
3036932627,True,3785.0
3036934499,False,
3036935034,True,367.0
3036936501,True,261.0
3036940774,True,3612.0
3036941417,True,454.0
3036941609,False,
3036944557,True,88.0
3036944558,True,231.0
3036959271,False,
3036962961,True,119.0
3036970657,True,4319.0
3036970968,True,3945.0
3036974714,True,304.0
3036998411,True,1171.0
3037009278,True,2827.0
3037037059,False,
3037073401,False,
3037128353,True,440.0
3037134087,True,306.0
3037142950,False,
3037144738,False,
3037163701,True,463.0
3037172904,True,25.0
3037209877,False,
3037215671,True,4.0
3037218563,True,546.0
3037242911,True,4425.0
3037243176,True,3483.0
3037248442,True,346.0
3037249890,True,235.0
3037254875,False,
3037285013,False,
3037285512,True,25.0
3037316936,True,2612.0
3037348994,False,
3037397193,True,1149.0
3037426762,False,
3037442549,False,
3037447589,True,117.0
3037491154,False,
3037491303,False,
3037491765,False,
3037523115,False,
3037574753,False,
3037584091,True,1544.0
3037624512,True,23303.0
3037635060,False,
3037645390,False,
3037646713,True,1585.0
3037654927,True,21.0
3037673547,False,
3037676084,False,
3037777878,False,
3037790968,False,
3037798735,False,
3037802041,False,
3037803928,False,
3037808150,False,
3037811375,True,264.0
3037818425,False,
3037913932,False,
3037918713,False,
3037927045,True,4474.0
3037996513,False,
3038003596,False,
3038097100,True,455.0
3038097527,True,3261.0
3038099533,True,445.0
3038121838,False,
3038217039,False,
3038221561,False,
3038260885,False,
3038263004,False,
3038266191,False,
3038280049,False,
3038330171,False,
3038345585,True,1464.0
3038349984,False,
3038361934,False,
3038365720,False,
3038376597,True,4182.0
3038378603,False,
3038383329,True,564.0
3038517404,True,573.0
3038532271,True,3442.0
3038536916,True,320.0
3038537844,False,
3038540152,True,3756.0
3038542274,True,3766.0
3038544022,True,358.0
3038544529,True,3563.0
3038546871,True,595.0
3038547769,True,3674.0
3038548580,True,248.0
3038550318,True,3647.0
3038551175,True,3554.0
3038551901,True,4180.0
3038553021,True,378.0
3038554485,True,4109.0
3038555187,True,449.0
3038555394,True,4024.0
3038558402,True,369.0
3038558493,True,276.0
3038561819,True,399.0
3038563749,True,451.0
3038570633,False,
3038575271,True,2972.0
3038575897,False,
3038584283,True,317.0
3038599230,False,
3038602709,False,
3038602749,False,
3038604873,False,
3038625500,True,33.0
3038629574,True,33.0
3038632095,True,562.0
3038637446,True,5802.0
3038654752,False,
3038655599,True,1246.0
3038657745,False,
3038667335,False,
3038672038,True,2592.0
3038673897,True,215.0
3038674551,False,
3038722208,True,5011.0
3038724209,False,
3038724660,True,96.0
3038738688,True,463.0
3038742992,False,
3038743230,True,9488.0
3038746414,True,2279.0
3038751334,False,
3038751993,False,
3038753226,False,
3038768280,True,2845.0
3038771331,False,
3038790776,True,13.0
3038810765,False,
3038820765,True,185.0
3038826489,True,59.0
3038863996,False,
3038882020,False,
3038908944,True,435.0
3038920165,False,
3038925025,True,4.0
3038929591,False,
3038936242,False,
3038938287,False,
3038942593,True,2477.0
3038943557,True,25.0
3038947736,True,25.0
3038950244,False,
3038952700,False,
3038955130,False,
3038967561,False,
3039003704,True,990.0
3039025931,False,
3039045629,True,32.0
3039077586,False,
3039097053,False,
3039128927,False,
3039184258,True,58.0
3039206132,False,
3039216060,False,
3039229181,False,
3039241276,True,2446.0
3039259014,True,2450.0
3039261901,True,2934.0
3039269570,False,
3039271357,True,96.0
3039272254,False,
3039276842,True,3018.0
3039294202,True,2672.0
3039320628,False,
3039323467,True,5146.0
3039333823,True,5510.0
3039335843,True,26.0
3039346936,True,1985.0
3039355685,False,
3039356400,False,
3039357632,True,2519.0
3039365642,False,
3039372691,False,
3039381349,False,
3039398538,False,
3039398840,False,
3039399096,False,
3039399432,False,
3039399663,False,
3039407562,True,3376.0
3039428683,True,2840.0
3039448952,True,3131.0
3039453137,True,33.0
3039492751,True,12.0
3039496614,False,
3039497877,False,
3039498869,False,
3039527131,False,
3039538567,True,1437.0
3039540344,False,
3039585347,False,
3039648731,False,
3039695544,False,
3039706865,False,
3039712000,False,
3039713700,True,1364.0
3039728676,True,122.0
3039730590,True,4888.0
3039737361,False,
3039740789,True,42.0
3039823808,True,4.0
3039858146,True,155434.0
3039861779,True,43.0
3039865075,True,43.0
3039866670,False,
3039866843,False,
3039867019,False,
3039872957,True,3198.0
3039967988,True,14.0
3040008709,False,
3040015888,True,40.0
3040030101,True,2489.0
3040031081,False,
3040099225,True,3608.0
3040194933,False,
3040208904,False,
3040227289,False,
3040231102,False,
3040243648,True,455.0
3040243663,False,
3040325338,False,
3040358147,False,
3040363093,True,2.0
3040372257,False,
3040387223,True,5665.0
3040395060,False,
3040426571,True,8018.0
3040446923,True,5661.0
3040490619,True,7864.0
3040526114,True,8087.0
3040528019,False,
3040549307,True,7752.0
3040549983,False,
3040625088,False,
3040627354,True,1.0
3040633450,False,
3040638641,False,
3040661963,False,
3040662461,False,
3040663217,False,
3040664493,True,1216.0
3040671022,False,
3040672972,False,
3040673331,True,13.0
3040673776,True,1038.0
3040720284,False,
3040723179,False,
3040726745,False,
3040737084,False,
3040744949,False,
3040764939,False,
3040775259,True,8083.0
3040881658,True,4.0
3040967462,False,
3041234992,False,
3041255718,True,56.0
3041291657,False,
3041292597,False,
3041300273,True,4.0
3041314381,False,
3041315829,False,
3041318353,False,
3041323632,False,
3041326942,True,616.0
3041366090,False,
3041396549,True,4200.0
3041402112,True,432.0
3041439261,False,
3041439268,False,
3041450816,False,
3041532211,True,5056.0
3041535925,False,
3041536097,False,
3041540783,False,
3041548382,False,
3041560973,False,
3041566189,True,20.0
3041569064,False,
3041591140,True,40.0
3041615993,False,
3041617885,False,
3041619329,False,
3041623712,False,
3041639179,True,1310.0
3041651202,False,
3041657349,True,173.0
3041661977,False,
3041665933,False,
3041691210,False,
3041693975,False,
3041759332,False,
3041789795,True,2673.0
3041794479,False,
3041797181,True,1221.0
3041821010,False,
3041827320,False,
3041834310,True,5.0
3041897274,False,
3041962002,False,
3042031111,False,
3042041710,False,
3042056732,False,
3042102470,False,
3042103159,False,
3042108595,False,
3042125144,True,551.0
3042149610,False,
3042152154,True,3889.0
3042158425,True,431.0
3042165880,False,
3042184666,False,
3042195490,False,
3042196081,False,
3042196627,False,
3042201294,False,
3042206327,False,
3042232859,False,
3042234144,False,
3042241607,False,
3042243943,True,18599.0
3042270434,False,
3042271886,False,
3042286923,True,37.0
3042287208,True,4445.0
3042293730,True,4808.0
3042294072,True,895.0
3042297425,True,742.0
3042332447,False,
3042349082,True,147.0
3042351496,False,
3042353866,False,
3042355285,False,
3042356115,False,
3042367822,False,
3042368558,True,3469.0
3042370978,True,277.0
3042372898,True,4137.0
3042380150,True,315.0
3042390850,True,4132.0
3042391678,True,3352.0
3042397903,True,517.0
3042398580,True,192.0
3042401244,True,495.0
3042419934,True,4172.0
3042425276,True,715.0
3042426668,False,
3042428192,False,
3042429247,False,
3042441372,True,197.0
3042484153,True,1454.0
3042492603,True,3397.0
3042494747,True,310.0
3042498363,False,
3042559484,False,
3042563571,True,29.0
3042567933,False,
3042578328,False,
3042584056,False,
3042587453,True,20.0
3042594246,False,
3042596262,False,
3042611884,True,29970.0
3042616151,False,
3042618856,True,3782.0
3042619093,True,4604.0
3042623637,True,418.0
3042626033,True,911.0
3042636041,False,
3042639236,False,
3042645059,True,12.0
3042654873,False,
3042658062,False,
3042690205,True,222.0
3042738048,True,1957.0
3042738081,True,6215.0
3042836299,False,
3042842363,False,
3042844984,False,
3042855323,True,3723.0
3042879873,True,2980.0
3042911931,False,
3042912624,True,257.0
3042936473,False,
3042967464,True,126714.0
3042973997,True,43.0
3043043718,True,2815.0
3043053553,True,141027.0
3043090262,True,2704.0
3043105919,False,
3043123918,True,2794.0
3043131899,False,
3043133186,False,
3043137431,False,
3043146894,False,
3043166863,False,
3043169721,False,
3043172609,False,
3043177747,True,2949.0
3043180620,False,
3043188490,False,
3043191168,True,62.0
3043191854,False,
3043193921,False,
3043195596,False,
3043197736,False,
3043208273,False,
3043218676,False,
3043226143,False,
3043229952,True,42.0
3043269045,False,
3043277093,False,
3043281469,False,
3043330440,False,
3043330479,False,
3043330482,False,
3043345878,True,753.0
3043351896,True,34.0
3043362303,False,
3043371816,False,
3043387849,False,
3043389609,False,
3043395853,False,
3043398058,True,1699.0
3043410237,False,
3043427232,True,36.0
3043432131,False,
3043469193,False,
3043473085,False,
3043473381,False,
3043473689,False,
3043473966,False,
3043474247,False,
3043474437,False,
3043489937,False,
3043494334,False,
3043536333,False,
3043543563,False,
3043551048,False,
3043559269,False,
3043568677,False,
3043569048,False,
3043570631,False,
3043582165,False,
3043588854,False,
3043593124,False,
3043612485,False,
3043616944,False,
3043618569,False,
3043620704,False,
3043627691,False,
3043646915,False,
3043652464,True,39.0
3043683810,False,
3043701692,False,
3043721030,False,
3043735111,True,112.0
3043740774,True,2264.0
3043748888,False,
3043758390,True,2552.0
3043766561,False,
3043766849,False,
3043767208,False,
3043767454,False,
3043772019,False,
3043774842,False,
3043790848,True,1239.0
3043810467,True,273.0
3043811556,False,
3043812329,True,40.0
3043822428,True,3008.0
3043830364,True,2731.0
3043851539,True,2514.0
3043857333,True,537.0
3043859755,False,
3043877440,True,2512.0
3043883442,False,
3043893052,True,3979.0
3043902090,True,1657.0
3043920269,True,112600.0
3043956340,True,3036.0
3043983235,False,
3043999136,False,
3044001066,True,2527.0
3044004972,False,
3044005033,False,
3044007311,False,
3044019124,False,
3044021029,False,
3044023438,True,56.0
3044031562,False,
3044033366,True,1714.0
3044044977,False,
3044063650,False,
3044064292,False,
3044080905,False,
3044082996,False,
3044086930,True,25.0
3044112940,True,2421.0
3044113858,True,1837.0
3044172945,False,
3044179708,False,
3044197783,False,
3044198606,True,4901.0
3044213777,False,
3044214815,True,1054.0
3044225422,True,4974.0
3044232454,False,
3044235027,True,5054.0
3044242889,False,
3044258064,False,
3044259813,False,
3044265696,False,
3044271794,False,
3044280646,False,
3044288861,False,
3044289052,False,
3044293043,True,5293.0
3044295088,False,
3044295810,True,2550.0
3044295983,False,
3044301294,True,3332.0
3044306690,True,2545.0
3044307137,False,
3044313533,True,4984.0
3044313581,False,
3044315874,True,58.0
3044321183,False,
3044322272,False,
3044327021,False,
3044331029,False,
3044331189,True,2026.0
3044333053,True,14498.0
3044340119,False,
3044342805,False,
3044349902,False,
3044359154,True,383.0
3044359744,True,1558.0
3044364021,False,
3044366919,False,
3044369700,False,
3044370004,False,
3044371047,True,1321.0
3044375118,False,
3044378439,True,104.0
3044388941,False,
3044389434,True,5690.0
3044402910,True,153.0
3044409861,False,
3044426303,False,
3044475576,True,7535.0
3044529670,True,7389.0
3044532930,False,
3044545925,False,
3044547122,True,5273.0
3044548697,False,
3044550408,False,
3044553606,False,
3044555793,False,
3044560691,False,
3044581649,False,
3044582151,False,
3044652068,False,
3044668889,False,
3044677659,False,
3044686537,False,
3044695530,False,
3044695574,False,
3044695969,False,
3044771888,False,
3044782919,False,
3044790435,False,
3044795311,False,
3044798238,False,
3044810479,True,131.0
3044813005,True,2676.0
3044819704,False,
3044819763,False,
3044820624,False,
3044842942,True,2647.0
3044866643,True,119.0
3044890999,False,
3044911820,True,181.0
3044919131,False,
3044919569,True,22.0
3044937949,False,
3044952030,False,
3044960367,False,
3044973381,False,
3044976344,False,
3044990176,False,
3044990402,True,2361.0
3044997232,True,7.0
3045014513,True,2971.0
3045019653,False,
3045063281,True,2538.0
3045080570,False,
3045085420,True,153.0
3045092876,False,
3045092924,True,7412.0
3045095198,False,
3045099047,True,2501.0
3045108287,True,2443.0
3045116084,True,3347.0
3045130515,True,2786.0
3045132045,False,
3045134112,False,
3045135356,True,1029.0
3045139093,True,2633.0
3045156808,False,
3045165674,False,
3045201900,False,
3045206601,False,
3045209977,False,
3045213242,False,
3045222996,False,
3045226816,False,
3045226971,True,2754.0
3045257063,True,105.0
3045296786,True,2612.0
3045303660,True,2846.0
3045312849,False,
3045318142,False,
3045318689,False,
3045392979,False,
3045401165,True,2751.0
3045403441,False,
3045411197,False,
3045414330,True,157.0
3045428186,False,
3045448652,True,9323.0
3045456688,False,
3045456924,True,5144.0
3045460181,False,
3045476202,True,4.0
3045497845,True,419.0
3045516320,True,495.0
3045557324,True,1006.0
3045572761,False,
3045578998,True,192.0
3045585824,True,50.0
3045610452,False,
3045613739,True,47.0
3045622583,False,
3045644983,False,
3045645087,False,
3045645223,False,
3045645326,False,
3045653760,False,
3045734272,True,194.0
3045741432,True,1247.0
3045753518,True,2125.0
3045762023,True,1116.0
3045781037,False,
3045795606,False,
3045812395,False,
3045866535,False,
3045886201,False,
3045895387,True,11.0
3045900984,True,4.0
3045915001,True,3719.0
3045918559,True,565.0
3045939995,False,
3045940865,False,
3045941363,False,
3045941825,False,
3045979342,False,
3045981146,True,1898.0
3045991715,False,
3045996493,False,
3046005418,False,
3046013507,False,
3046015128,False,
3046015626,False,
3046016785,False,
3046017883,False,
3046021558,False,
3046026126,False,
3046031672,False,
3046031895,False,
3046032165,False,
3046056250,False,
3046056695,False,
3046057881,True,84.0
3046058353,False,
3046059822,False,
3046066954,False,
3046067941,False,
3046075278,False,
3046080975,False,
3046086250,True,112.0
3046087394,False,
3046087736,True,4468.0
3046088602,True,4282.0
3046090000,True,4353.0
3046094254,True,408.0
3046095316,True,599.0
3046097995,True,456.0
3046107824,False,
3046107959,False,
3046112801,False,
3046113844,True,77.0
3046126304,False,
3046152764,True,4308.0
3046157920,False,
3046160910,True,295.0
3046162889,False,
3046163218,True,1046.0
3046166863,True,266.0
3046175054,False,
3046177944,True,5.0
3046181381,False,
3046183958,True,461.0
3046223899,False,
3046266030,False,
3046305311,False,
3046317569,False,
3046349452,False,
3046351396,True,2374.0
3046378344,False,
3046380329,False,
3046389263,False,
3046389920,False,
3046427945,True,66.0
3046429828,False,
3046442186,False,
3046465638,True,2684.0
3046467000,True,427.0
3046471491,True,2951.0
3046489128,False,
3046495587,False,
3046502215,False,
3046570120,True,29.0
3046578547,False,
3046578782,False,
3046579100,False,
3046589410,True,139.0
3046595900,False,
3046602594,False,
3046623579,False,
3046630257,False,
3046632586,False,
3046641590,False,
3046649907,False,
3046665275,False,
3046671951,False,
3046683040,False,
3046685576,False,
3046685763,False,
3046711356,True,2518.0
3046712277,False,
3046719986,True,2915.0
3046720404,False,
3046736757,False,
3046737036,False,
3046737284,True,4.0
3046750161,False,
3046755372,False,
3046773122,False,
3046780201,False,
3046788495,False,
3046790605,True,5128.0
3046819745,False,
3046824177,False,
3046841165,False,
3046843498,False,
3046848596,True,4966.0
3046878544,True,4.0
3046881448,True,965.0
3046896226,False,
3046927968,False,
3046941939,True,4.0
3046965167,False,
3047012944,False,
3047023315,False,
3047026507,True,1243.0
3047069073,True,17.0
3047077369,True,108.0
3047102525,True,5.0
3047122954,True,65.0
3047125522,False,
3047170194,True,2653.0
3047209756,True,2700.0
3047211052,True,2612.0
3047227163,True,4920.0
3047245826,True,2767.0
3047248356,True,71.0
3047266705,True,68328.0
3047270616,True,2829.0
3047283698,False,
3047286984,True,247.0
3047287266,False,
3047306073,False,
3047322237,False,
3047338864,False,
3047346507,True,4.0
3047355098,False,
3047363863,False,
3047366383,False,
3047367266,False,
3047371610,True,2352.0
3047404226,False,
3047414105,True,186.0
3047419795,False,
3047446288,False,
3047457169,True,2526.0
3047474343,True,975.0
3047481337,False,
3047483714,False,
3047486436,True,899.0
3047499754,False,
3047505987,False,
3047507791,True,4985.0
3047513177,False,
3047521919,True,2459.0
3047522347,False,
3047523277,True,5187.0
3047528308,False,
3047528608,False,
3047528893,False,
3047529142,False,
3047529462,False,
3047529747,False,
3047534001,False,
3047534054,False,
3047537395,True,4942.0
3047542821,False,
3047543095,False,
3047547838,False,
3047549385,False,
3047557211,False,
3047561277,False,
3047563523,True,2341.0
3047601597,True,2422.0
3047609071,True,2837.0
3047619105,True,2740.0
3047635185,False,
3047636726,True,2648.0
3047651993,True,2497.0
3047655418,True,2994.0
3047658433,True,5542.0
3047693145,False,
3047706365,False,
3047709566,True,2723.0
3047711162,False,
3047745973,False,
3047761497,True,2629.0
3047807446,True,5365.0
3047823063,True,2720.0
3047826018,False,
3047849067,False,
3047850144,False,
3047851029,False,
3047852349,False,
3047853120,False,
3047882612,True,12.0
3047885519,False,
3047897417,False,
3047899946,False,
3047899980,False,
3047905424,False,
3047908518,False,
3047908790,True,2636.0
3047929568,False,
3047930615,False,
3047943430,False,
3047958854,True,2621.0
3047991292,True,89.0
3048009078,False,
3048020856,False,
3048025449,False,
3048033007,True,2487.0
3048038341,False,
3048039184,False,
3048044182,False,
3048044362,False,
3048044413,False,
3048046877,False,
3048051523,False,
3048058054,False,
3048064303,False,
3048069312,False,
3048074348,False,
3048089907,False,
3048091650,False,
3048099646,True,74.0
3048100244,True,2527.0
3048113527,False,
3048114615,False,
3048114921,False,
3048115168,False,
3048124329,False,
3048133326,True,1943.0
3048136029,False,
3048137054,False,
3048140650,True,2750.0
3048143526,True,2537.0
3048143668,True,2078.0
3048150277,False,
3048150693,False,
3048159614,False,
3048160107,True,79.0
3048164957,False,
3048172309,False,
3048185116,True,68.0
3048185506,False,
3048196232,False,
3048201161,True,2519.0
3048240300,False,
3048261182,False,
3048378339,False,
3048393976,False,
3048399331,False,
3048451281,False,
3048467877,False,
3048504616,False,
3048522130,True,61.0
3048561839,False,
3048571705,False,
3048603035,True,1377.0
3048619082,False,
3048619275,False,
3048647309,False,
3048654901,False,
3048660760,False,
3048690652,False,
3048708723,False,
3048725234,True,2071.0
3048750746,True,381.0
3048752449,False,
3048785612,True,6.0
3048794304,False,
3048815943,False,
3049021127,False,
3049028077,False,
3049046554,False,
3049067875,False,
3049069527,False,
3049086895,False,
3049091662,False,
3049096027,True,2867.0
3049096425,True,3883.0
3049100111,True,457.0
3049101024,True,33110.0
3049104516,False,
3049148905,False,
3049152963,False,
3049178563,True,34.0
3049206634,True,107.0
3049281590,True,113.0
3049293047,True,177.0
3049310652,False,
3049332497,True,4.0
3049372477,False,
3049389972,False,
3049404750,False,
3049434710,False,
3049435266,False,
3049437282,False,
3049440220,False,
3049446684,False,
3049452348,False,
3049457716,False,
3049460053,False,
3049461212,True,126.0
3049469154,True,97.0
3049473764,False,
3049477185,False,
3049515048,False,
3049544422,False,
3049546770,False,
3049549603,True,68.0
3049598567,True,33690.0
3049617791,False,
3049626708,True,35029.0
3049682443,True,10.0
3049730839,True,192.0
3049740417,False,
3049743721,False,
3049764940,True,148.0
3049768328,True,153.0
3049785208,False,
3049794462,False,
3049820187,False,
3049820926,True,1992.0
3049824420,False,
3049827227,False,
3049832509,True,2041.0
3049836387,False,
3049890631,True,48.0
3049955053,False,
3049963352,False,
3049979726,False,
3049994706,False,
3050010328,False,
3050028130,True,55.0
3050044251,False,
3050133611,True,286.0
3050161691,False,
3050161696,False,
3050161709,False,
3050161725,False,
3050189273,False,
3050212751,False,
3050216586,True,2327.0
3050219208,False,
3050243376,False,
3050246300,False,
3050246993,False,
3050275272,False,
3050275493,False,
3050275670,False,
3050275865,False,
3050281193,True,92.0
3050300505,False,
3050320380,True,1577.0
3050328569,True,153.0
3050329198,True,1531.0
3050336680,True,8.0
3050362738,False,
3050379717,True,1712.0
3050380612,True,3981.0
3050383169,False,
3050384040,False,
3050384098,True,559.0
3050386774,True,59.0
3050387606,True,59.0
3050389516,True,277.0
3050391407,False,
3050403911,False,
3050424672,True,105.0
3050433656,True,141.0
3050447064,True,1016.0
3050448619,False,
3050455733,False,
3050459556,False,
3050472385,False,
3050477550,False,
3050477964,True,4.0
3050508701,True,1495.0
3050509900,False,
3050510053,False,
3050514147,False,
3050545521,False,
3050560809,True,138.0
3050582734,False,
3050598042,True,10929.0
3050613441,False,
3050626368,False,
3050628012,False,
3050640631,False,
3050658408,False,
3050674737,False,
3050675039,False,
3050701690,True,4.0
3050704816,True,4.0
3050706067,False,
3050721709,False,
3050723965,False,
3050728371,False,
3050733078,False,
3050736588,False,
3050743576,True,4.0
3050798778,False,
3050819336,False,
3050848405,False,
3050871454,False,
3050876398,False,
3050883475,False,
3050897737,False,
3050898163,True,127.0
3050903256,False,
3050941319,False,
3050944487,False,
3050954436,False,
3050985811,False,
3050986803,False,
3050993757,False,
3051027131,True,3424.0
3051030156,True,315.0
3051067919,False,
3051082471,False,
3051099001,True,48.0
3051110234,False,
3051122110,False,
3051141440,False,
3051148742,True,4775.0
3051153411,True,553.0
3051160269,True,24.0
3051195592,False,
3051196279,False,
3051196472,False,
3051197479,False,
3051199902,False,
3051200262,False,
3051207024,False,
3051210655,True,182.0
3051222446,False,
3051240894,True,1.0
3051261215,False,
3051261460,False,
3051261725,False,
3051261949,False,
3051262182,False,
3051262754,False,
3051266123,False,
3051272782,True,126.0
3051290768,False,
3051292320,True,42.0
3051329523,False,
3051344240,False,
3051384069,False,
3051416791,True,4114.0
3051420586,False,
3051428806,False,
3051430932,True,631.0
3051492116,False,
3051494079,False,
3051528759,False,
3051532417,True,1017.0
3051538218,False,
3051548395,False,
3051569907,True,8.0
3051582267,False,
3051605404,True,130.0
3051612238,True,38.0
3051632235,True,26.0
3051652315,False,
3051681774,False,
3051714050,False,
3051714865,False,
3051721213,True,4.0
3051736271,True,127.0
3051751376,False,
3051757691,True,67.0
3051771938,True,492.0
3051773213,True,3886.0
3051779580,True,411.0
3051781015,False,
3051797255,False,
3051804469,False,
3051836587,True,1010.0
3051845119,True,13.0
3051845661,True,129.0
3051846649,False,
3051848662,False,
3051850440,False,
3051857491,False,
3051891016,False,
3051899407,False,
3051903347,False,
3051903646,False,
3051918520,False,
3051922285,False,
3051924040,False,
3051931789,True,1017.0
3051937998,False,
3051952002,False,
3051963258,False,
3051968206,True,8.0
3051970167,True,1321.0
3051978907,False,
3051987122,True,29.0
3052052833,False,
3052101876,False,
3052105385,True,260.0
3052125248,True,119903.0
3052170714,False,
3052175171,True,126.0
3052183116,True,1729.0
3052185079,False,
3052186143,True,261.0
3052186741,False,
3052196048,False,
3052197877,False,
3052198820,False,
3052204156,False,
3052207657,False,
3052215268,False,
3052220905,False,
3052225758,False,
3052231315,False,
3052238376,True,128.0
3052238417,False,
3052238454,False,
3052242928,True,128.0
3052243582,True,128.0
3052246895,True,34.0
3052263079,False,
3052263080,False,
3052280063,True,25.0
3052333169,True,1818.0
3052339259,False,
3052385613,False,
3052397237,False,
3052415717,True,8.0
3052419006,False,
3052423304,False,
3052436532,False,
3052469810,False,
3052496608,False,
3052503299,False,
3052522600,True,1555.0
3052524399,False,
3052527854,False,
3052530852,True,89.0
3052532413,False,
3052533533,False,
3052540830,False,
3052579489,False,
3052593823,False,
3052604887,False,
3052624677,False,
3052636376,False,
3052683073,True,56850.0
3052707371,False,
3052709961,False,
3052711281,False,
3052739530,True,25652.0
3052788482,True,260.0
3052855071,False,
3052925279,False,
3052930473,False,
3052942488,False,
3053021857,False,
3053028702,False,
3053034056,False,
3053034940,False,
3053058245,False,
3053118038,False,
3053128025,False,
3053132163,True,4.0
3053137432,True,147.0
3053227233,True,28571.0
3053273333,False,
3053292307,True,2359.0
3053423881,False,
3053443109,True,1364.0
3053447348,True,133.0
3053453835,False,
3053459570,False,
3053468466,False,
3053478172,True,1435.0
3053492006,False,
3053531256,False,
3053541988,True,2746.0
3053544718,False,
3053550109,False,
3053557076,False,
3053566068,False,
3053600726,False,
3053628286,True,25975.0
3053657787,True,10.0
3053706516,False,
3053708219,False,
3053714934,False,
3053721796,False,
3053729206,False,
3053732214,False,
3053734083,True,71572.0
3053735734,False,
3053737869,False,
3053742002,True,4.0
3053749219,False,
3053761994,False,
3053786258,False,
3053843057,False,
3053855799,True,68753.0
3053867055,False,
3053867122,False,
3053867176,False,
3053873719,False,
3053922860,False,
3053923933,False,
3053925360,True,5806.0
3053925913,True,1612.0
3053926965,False,
3053929435,False,
3053929511,False,
3053941832,False,
3053964251,False,
3053966984,True,7.0
3053974058,False,
3053976238,False,
3053983316,False,
3053995932,False,
3053996018,False,
3053997779,False,
3054004791,False,
3054005378,False,
3054028038,False,
3054028576,False,
3054038725,True,2369.0
3054060405,True,4.0
3054070978,True,104.0
3054074360,False,
3054078002,False,
3054084902,False,
3054089045,True,1399.0
3054091034,False,
3054098015,False,
3054098017,False,
3054098022,False,
3054098030,False,
3054098032,False,
3054098033,False,
3054106627,False,
3054115112,False,
3054144799,False,
3054173045,False,
3054173749,False,
3054212377,False,
3054238789,True,16.0
3054240602,False,
3054243682,False,
3054252038,True,865.0
3054256296,False,
3054260964,True,3812.0
3054263094,True,414.0
3054270310,False,
3054282041,False,
3054291764,False,
3054294053,False,
3054309759,False,
3054312991,False,
3054315787,True,363.0
3054332717,False,
3054353080,True,5.0
3054373274,False,
3054519544,True,2488.0
3054521747,False,
3054534098,False,
3054534936,False,
3054558105,False,
3054565240,False,
3054568435,False,
3054595257,False,
3054605476,False,
3054610980,False,
3054614761,True,125.0
3054615775,False,
3054615812,False,
3054624593,False,
3054635672,False,
3054655348,False,
3054657223,False,
3054664864,True,57.0
3054668886,False,
3054677068,False,
3054680434,False,
3054681793,False,
3054699499,False,
3054705657,True,235.0
3054706269,True,5.0
3054712322,False,
3054714637,False,
3054716254,False,
3054717256,False,
3054741064,False,
3054749381,False,
3054750010,False,
3054752897,True,348.0
3054756000,False,
3054758898,False,
3054759073,False,
3054759087,False,
3054759091,False,
3054759109,False,
3054771279,True,191.0
3054771297,False,
3054773138,True,59.0
3054778079,False,
3054785027,False,
3054785032,False,
3054785035,False,
3054785037,False,
3054786038,True,130.0
3054788186,True,1058.0
3054797400,False,
3054799127,False,
3054800244,False,
3054810352,False,
3054814344,False,
3054834474,True,31.0
3054843444,False,
3054843642,False,
3054849892,False,
3054860036,False,
3054879979,False,
3054892038,False,
3054893670,False,
3054927750,True,3865.0
3054930293,True,488.0
3054965601,True,70.0
3055001598,False,
3055008032,True,245.0
3055031339,False,
3055038460,False,
3055039482,False,
3055040225,True,3.0
3055041362,False,
3055063873,False,
3055077219,False,
3055084145,True,2321.0
3055085736,False,
3055087991,False,
3055112206,False,
3055129656,True,2580.0
3055152020,True,1658.0
3055160200,False,
3055180858,False,
3055194527,False,
3055196299,False,
3055201988,True,905.0
3055206690,False,
3055207493,False,
3055215716,False,
3055216624,False,
3055217252,False,
3055219015,False,
3055219610,True,54.0
3055219655,False,
3055249770,False,
3055250392,False,
3055273105,False,
3055273486,False,
3055273741,False,
3055273840,False,
3055273949,False,
3055274408,False,
3055274607,False,
3055284621,True,516.0
3055291755,False,
3055292858,False,
3055298092,False,
3055303988,False,
3055310440,True,167.0
3055316617,True,38.0
3055329152,False,
3055340672,True,145.0
3055345187,True,54.0
3055354361,False,
3055357652,False,
3055383928,True,96.0
3055396342,False,
3055422120,False,
3055425370,False,
3055435428,False,
3055454299,False,
3055465104,True,107.0
3055470093,False,
3055470339,False,
3055478919,False,
3055479488,True,144.0
3055480614,False,
3055481856,True,5066.0
3055485348,False,
3055486590,False,
3055487601,False,
3055487748,True,137.0
3055502142,False,
3055502442,False,
3055511649,False,
3055513543,True,61.0
3055516386,False,
3055537517,False,
3055538156,False,
3055540035,False,
3055541780,False,
3055554533,False,
3055557197,False,
3055561297,False,
3055565035,True,25.0
3055567977,False,
3055569089,False,
3055576486,True,21.0
3055607050,False,
3055608243,False,
3055611384,True,2122.0
3055628557,False,
3055631207,False,
3055634504,False,
3055637699,False,
3055648879,False,
3055671447,False,
3055676195,False,
3055706559,False,
3055769205,False,
3055770597,False,
3055771102,False,
3055771371,False,
3055773176,False,
3055809202,False,
3055851192,False,
3055852496,False,
3055855204,False,
3055856473,False,
3055906122,False,
3055934439,False,
3055934654,False,
3055959758,False,
3055968277,False,
3055974452,False,
3055977803,False,
3055981488,False,
3055984657,True,86.0
3055997726,False,
3055997811,False,
3056004037,True,80.0
3056006782,False,
3056035914,False,
3056044513,False,
3056048851,False,
3056052064,False,
3056053877,False,
3056059643,False,
3056068378,False,
3056068631,False,
3056068962,False,
3056069326,False,
3056069537,False,
3056069675,False,
3056069760,False,
3056069982,False,
3056070228,False,
3056070465,False,
3056070643,False,
3056071001,False,
3056073776,False,
3056081553,True,5.0
3056083205,False,
3056086914,False,
3056089859,True,543.0
3056095116,False,
3056109790,False,
3056112375,True,917.0
3056115489,False,
3056115558,True,1259.0
3056127276,False,
3056157376,False,
3056159083,False,
3056218864,False,
3056227342,False,
3056227442,False,
3056228971,True,58.0
3056247633,False,
3056260360,True,167.0
3056266458,False,
3056270853,False,
3056283497,False,
3056285616,False,
3056287729,False,
3056288404,False,
3056322992,True,11151.0
3056323272,False,
3056324279,False,
3056338730,False,
3056339684,False,
3056348792,True,3745.0
3056352142,False,
3056367276,False,
3056393698,False,
3056397150,True,2414.0
3056400920,True,980.0
3056403153,False,
3056406533,False,
3056417429,True,4069.0
3056419399,True,2260.0
3056423109,False,
3056429863,False,
3056434759,False,
3056437463,False,
3056448502,False,
3056449767,False,
3056450168,False,
3056450932,False,
3056455242,False,
3056458553,False,
3056461384,False,
3056461855,False,
3056481244,False,
3056487402,False,
3056495972,False,
3056498217,False,
3056539655,False,
3056544990,False,
3056563992,False,
3056595890,False,
3056595985,False,
3056601818,False,
3056603322,False,
3056605293,False,
3056607624,False,
3056609031,True,142.0
3056616672,False,
3056619567,False,
3056619723,False,
3056620587,False,
3056625714,False,
3056625749,True,2398.0
3056626467,True,1362.0
3056628325,False,
3056630451,False,
3056666920,False,
3056670568,False,
3056710965,True,1833.0
3056711324,False,
3056730454,False,
3056779706,True,148.0
3056799911,False,
3056811177,False,
3056812106,True,4471.0
3056816998,True,1984.0
3056840980,False,
3056854584,False,
3056859641,False,
3056865168,True,123.0
3056870593,False,
3056871092,True,4.0
3056872075,True,28.0
3056874366,True,2305.0
3056889223,False,
3056897537,False,
3056900028,True,123.0
3056901305,False,
3056906657,True,4.0
3056910181,False,
3056941097,False,
3056947501,False,
3056974712,False,
3056975918,False,
3056986621,False,
3057020744,False,
3057021730,False,
3057198026,False,
3057244379,False,
3057268120,False,
3057268371,False,
3057270090,False,
3057273433,True,2729.0
3057284959,True,53.0
3057295312,True,53.0
3057296989,False,
3057302321,False,
3057318438,False,
3057322878,False,
3057345617,False,
3057350878,True,86.0
3057354534,True,309.0
3057363248,True,128.0
3057364368,False,
3057369200,False,
3057384200,False,
3057410061,False,
3057505548,True,1644.0
3057634247,True,31156.0
3057655387,False,
3057664987,False,
3057665006,False,
3057665068,False,
3057700244,False,
3057701419,False,
3057812265,True,2.0
3057813518,True,61433.0
3057885117,False,
3057953703,False,
3057962554,False,
3057963275,False,
3057964819,False,
3057965282,True,12445.0
3057966199,True,69019.0
3057966763,False,
3057971167,False,
3057971173,False,
3057971187,True,15160.0
3057971552,False,
3057971689,False,
3057977502,False,
3057977843,False,
3057978085,False,
3057978518,False,
3057979066,False,
3057979383,False,
3057981780,True,26.0
3057985098,True,45.0
3057986797,False,
3057991951,False,
3057997500,False,
3057999573,True,25.0
3058000016,False,
3058001797,True,16.0
3058002764,False,
3058003383,True,103.0
3058004161,False,
3058006489,False,
3058006525,False,
3058006560,False,
3058007256,True,2055.0
3058009802,True,127.0
3058022511,True,250.0
3058025339,True,51.0
3058026602,False,
3058034585,False,
3058040882,False,
3058044573,False,
3058044583,False,
3058044601,False,
3058044604,False,
3058044615,False,
3058044628,False,
3058044639,False,
3058044649,False,
3058044654,False,
3058044666,False,
3058044688,False,
3058044724,False,
3058044750,False,
3058044774,False,
3058045327,True,22.0
3058050965,True,16.0
3058071871,False,
3058073673,False,
3058092135,True,91.0
3058101968,True,8.0
3058106053,True,89.0
3058109303,True,34.0
3058149254,False,
3058154035,False,
3058154579,False,
3058155056,False,
3058155074,False,
3058156074,False,
3058156326,False,
3058156517,False,
3058157419,False,
3058164749,True,30.0
3058168446,True,34.0
3058169228,True,34.0
3058170258,True,34.0
3058178931,False,
3058179534,False,
3058179653,False,
3058181845,False,
3058229383,True,1259.0
3058229925,False,
3058232357,False,
3058232899,True,1113.0
3058233331,False,
3058233533,False,
3058233622,False,
3058235434,False,
3058240498,False,
3058242793,False,
3058243995,False,
3058245734,False,
3058246487,True,337.0
3058248775,False,
3058249732,False,
3058251763,False,
3058251996,False,
3058253322,False,
3058254073,False,
3058261657,True,1570.0
3058282283,False,
3058326040,False,
3058336074,False,
3058345862,False,
3058347490,False,
3058358464,False,
3058386065,False,
3058402730,False,
3058406061,True,557.0
3058517856,False,
3058531433,True,189.0
3058535497,False,
3058535526,False,
3058546096,False,
3058549335,True,117.0
3058550866,False,
3058551870,True,17921.0
3058554536,False,
3058556532,False,
3058556660,True,5842.0
3058573602,False,
3058573661,True,17.0
3058579728,False,
3058707951,True,13319.0
3058760006,True,7667.0
3058884693,True,5465.0
3058908907,True,2560.0
3058910503,False,
3058910575,False,
3058913231,True,1784.0
3058913915,False,
3058913932,False,
3058915835,False,
3058917429,True,127.0
3059115286,True,3213.0
3059233790,False,
3059328754,False,
3059379216,False,
3059391451,True,8.0
3059393539,True,8.0
3059395422,True,8.0
3059397436,True,8.0
3059399131,True,8.0
3059411786,False,
3059412129,False,
3059412355,False,
3059412397,False,
3059413094,True,386.0
3059414201,False,
3059449654,False,
3059449660,False,
3059460544,False,
3059489794,True,4.0
3059525581,True,59.0
3059526169,True,4.0
3059539579,True,17929.0
3059554663,True,4.0
3059560167,True,4.0
3059564070,True,127.0
3059587397,False,
3059587940,False,
3059589121,False,
3059589166,True,50.0
3059596982,True,20.0
3059603959,False,
3059604084,True,4.0
3059613037,False,
3059640883,True,86.0
3059643850,False,
3059643877,False,
3059643893,False,
3059644778,True,18.0
3059665111,True,1901.0
3059665512,True,58.0
3059682043,False,
3059682435,False,
3059685007,True,126.0
3059697123,True,124.0
3059723336,False,
3059734602,True,4.0
3059745032,False,
3059745082,True,1383.0
3059746529,True,53.0
3059747823,False,
3059748077,True,409.0
3059753639,False,
3059753659,False,
3059753697,False,
3059753727,False,
3059756679,True,160.0
3059762102,False,
3059762168,False,
3059762220,False,
3059762278,False,
3059870959,False,
3059871650,True,676.0
3060056389,False,
3060079588,True,60.0
3060118036,False,
3060118184,False,
3060146542,False,
3060147877,True,1284.0
3060152002,True,1329.0
3060160841,True,1002.0
3060162190,False,
3060186979,True,1.0
3060203315,False,
3060207125,True,516.0
3060212995,False,
3060213371,False,
3060214037,False,
3060214315,False,
3060217552,False,
3060218060,False,
3060219712,False,
3060227891,False,
3060230083,False,
3060230201,False,
3060230277,False,
3060230345,False,
3060231774,False,
3060243048,False,
3060246395,False,
3060246859,False,
3060256209,False,
3060264268,False,
3060272634,False,
3060322580,False,
3060346038,False,
3060378538,False,
3060379813,True,620.0
3060390487,True,193.0
3060468520,False,
3060469579,True,1329.0
3060472502,False,
3060472838,False,
3060505976,False,
3060512394,False,
3060522118,True,13.0
3060524993,False,
3060531143,True,615.0
3060541801,False,
3060542301,False,
3060542513,False,
3060542841,False,
3060552516,False,
3060585527,False,
3060632605,False,
3060640376,True,4.0
3060679516,False,
3060698814,False,
3060733545,False,
3060734434,False,
3060735066,False,
3060777750,True,15.0
3060811342,True,113.0
3060815711,False,
3060825034,False,
3060836530,False,
3060838898,False,
3060868388,False,
3060868718,False,
3060868974,False,
3060871612,False,
3060914112,False,
3060927104,True,3373.0
3060927256,True,245.0
3060932103,True,273.0
3061098142,False,
3061172330,False,
3061220436,False,
3061235341,False,
3061249270,True,1293.0
3061275647,True,54.0
3061277806,True,383.0
3061279511,True,2.0
3061322162,False,
3061323275,False,
3061327189,True,4.0
3061331466,True,4.0
3061356132,True,294.0
3061383818,True,189.0
3061391414,True,1090.0
3061402104,False,
3061420089,False,
3061426046,True,431.0
3061479921,False,
3061485124,False,
3061485438,False,
3061485695,False,
3061530817,False,
3061543376,False,
3061547410,False,
3061652751,False,
3061655248,True,188.0
3061709046,False,
3061714003,True,141.0
3061729598,False,
3061731918,False,
3061747653,False,
3061839163,False,
3061841426,False,
3061841874,False,
3061842218,False,
3061842610,False,
3061843250,False,
3061843799,False,
3061845285,False,
3061859832,False,
3061922511,True,521.0
3061922551,True,3716.0
3061925899,True,449.0
3061940145,False,
3061968913,True,3845.0
3061971264,True,717.0
3061981123,True,484.0
3061993453,False,
3062003346,True,944.0
3062017402,False,
3062042524,True,9.0
3062056938,False,
3062135542,False,
3062151217,True,37.0
3062204654,False,
3062219243,False,
3062240240,False,
3062264318,True,1269.0
3062270398,True,2964.0
3062275972,False,
3062322964,False,
3062323871,False,
3062395157,True,15869.0
3062398213,False,
3062416679,True,5991.0
3062435893,True,5839.0
3062486548,False,
3062494014,False,
3062557057,False,
3062557073,False,
3062557074,False,
3062557077,False,
3062557088,False,
3062557428,False,
3062627625,False,
3062655671,False,
3062659019,False,
3062667097,False,
3062685028,False,
3062689705,False,
3062700926,False,
3062705123,False,
3062717646,False,
3062717871,False,
3062719412,True,114358.0
3062721141,True,14008.0
3062738823,False,
3062740708,False,
3062748970,True,1451.0
3062752343,False,
3062768545,True,3238.0
3062795251,False,
3062835841,False,
3062843255,True,3802.0
3062864279,False,
3062894238,True,30.0
3062956437,False,
3062966375,True,127.0
3062991675,True,16.0
3063023369,True,95.0
3063060572,True,4.0
3063063963,False,
3063103576,False,
3063104199,False,
3063104456,True,186.0
3063122306,False,
3063126767,False,
3063144963,False,
3063147717,False,
3063150838,True,481.0
3063160866,False,
3063171530,False,
3063213649,True,2452.0
3063276133,True,1971.0
3063295979,True,629.0
3063327583,False,
3063338737,False,
3063354765,False,
3063384996,False,
3063385873,False,
3063411907,False,
3063435924,False,
3063438837,True,60.0
3063441134,False,
3063441914,False,
3063452584,False,
3063483288,False,
3063492259,False,
3063493027,False,
3063498096,False,
3063507024,True,225.0
3063567824,False,
3063577238,False,
3063598944,False,
3063599584,False,
3063628310,False,
3063645901,False,
3063681457,True,3336.0
3063692921,False,
3063706764,False,
3063710421,False,
3063719466,False,
3063721905,False,
3063748247,True,44.0
3063751364,True,774.0
3063769812,True,17283.0
3063773128,False,
3063780314,False,
3063787010,True,1527.0
3063798299,False,
3063823418,True,919.0
3063826844,False,
3063839553,False,
3063849940,False,
3063860465,False,
3063864024,True,37.0
3063876858,False,
3063894629,False,
3063954869,False,
3063957464,False,
3063958450,False,
3064023054,False,
3064074815,False,
3064075906,False,
3064091170,False,
3064119438,False,
3064125202,False,
3064125620,False,
3064131672,False,
3064142947,False,
3064144918,False,
3064154096,False,
3064178212,False,
3064178360,False,
3064178557,False,
3064178735,False,
3064178903,False,
3064179038,False,
3064207414,False,
3064208788,False,
3064215812,False,
3064242150,False,
3064261590,False,
3064265826,False,
3064267742,False,
3064283069,False,
3064284243,False,
3064284928,False,
3064285800,False,
3064286999,False,
3064302126,False,
3064306863,False,
3064311475,False,
3064312610,False,
3064315811,True,47.0
3064316726,False,
3064331678,False,
3064359089,False,
3064364024,True,15643.0
3064402087,False,
3064417133,True,4515.0
3064520470,False,
3064524301,True,10795.0
3064551912,True,7237.0
3064583020,False,
3064586746,False,
3064601027,False,
3064601530,False,
3064609453,False,
3064615569,False,
3064620583,False,
3064626564,False,
3064628509,True,6445.0
3064639814,True,29.0
3064644461,False,
3064668086,False,
3064698215,False,
3064763254,False,
3064780524,False,
3064790302,True,9860.0
3064795394,False,
3064796588,False,
3064798301,False,
3064798504,False,
3064798713,True,525.0
3064801182,True,5240.0
3064805294,False,
3064856314,True,2139.0
3064864697,False,
3064872872,False,
3064873897,True,128.0
3064874695,False,
3064875676,False,
3064878117,False,
3064880612,False,
3064891873,True,2178.0
3064894723,False,
3064909423,False,
3064909799,False,
3064944736,False,
3064945025,False,
3064952271,False,
3064982022,False,
3065360619,False,
3065362951,True,28947.0
3065419827,True,1095.0
3065452390,False,
3065467618,False,
3065469002,False,
3065476666,False,
3065482560,True,8919.0
3065488397,False,
3065493179,False,
3065508373,False,
3065510692,False,
3065527139,False,
3065531679,False,
3065537324,False,
3065537767,False,
3065542167,False,
3065558468,False,
3065560900,False,
3065562180,False,
3065564131,False,
3065566721,False,
3065607882,False,
3065638116,False,
3065668560,True,5542.0
3065676876,True,3220.0
3065677913,True,3220.0
3065733831,False,
3065737377,False,
3065745621,True,1315.0
3065760001,True,40.0
3065807888,False,
3065862141,False,
3065957450,True,203.0
3065980252,True,7.0
3066011281,False,
3066027415,False,
3066030273,False,
3066042602,False,
3066052824,False,
3066059201,False,
3066080003,True,51.0
3066080029,True,2.0
3066081084,True,520.0
3066099155,False,
3066100350,False,
3066102216,True,1286.0
3066106865,False,
3066106939,False,
3066109433,False,
3066111270,False,
3066120977,False,
3066121002,False,
3066121007,False,
3066121011,False,
3066121716,False,
3066122097,False,
3066123383,False,
3066124752,False,
3066124790,False,
3066124857,False,
3066127336,False,
3066129940,False,
3066132913,True,68.0
3066133357,False,
3066133814,False,
3066137035,True,929.0
3066144183,False,
3066144193,False,
3066144200,False,
3066144217,False,
3066159990,False,
3066160415,False,
3066161372,False,
3066162520,False,
3066163366,False,
3066180613,False,
3066194999,False,
3066195652,False,
3066210876,False,
3066263817,False,
3066273391,False,
3066331107,True,7563.0
3066398023,False,
3066402004,True,1.0
3066403522,True,75.0
3066404666,True,1130.0
3066430384,False,
3066443356,False,
3066447058,False,
3066456084,False,
3066459016,False,
3066459360,True,2332.0
3066466771,True,4.0
3066468005,False,
3066480899,False,
3066501219,True,1.0
3066517093,False,
3066527532,False,
3066537358,False,
3066548861,False,
3066553043,False,
3066566545,False,
3066578616,True,11.0
3066648474,False,
3066679966,True,19.0
3066710369,True,40.0
3066715309,False,
3066718478,False,
3066727816,False,
3066728106,False,
3066732966,True,127.0
3066737736,False,
3066757619,False,
3066757997,False,
3066758492,False,
3066758958,False,
3066759376,False,
3066775828,False,
3066807539,False,
3066808476,False,
3066839006,False,
3066857609,False,
3066861412,False,
3066870465,True,21878.0
3066875194,False,
3066876166,False,
3066888410,False,
3066898398,False,
3066948721,False,
3066956736,False,
3066966270,False,
3066980423,False,
3066982423,True,527.0
3067010451,False,
3067015002,False,
3067016639,False,
3067027006,True,1304.0
3067063105,False,
3067065423,True,103.0
3067112761,False,
3067163489,False,
3067163796,False,
3067166335,False,
3067177416,False,
3067194585,False,
3067211780,False,
3067219731,False,
3067229849,False,
3067243168,True,6390.0
3067273818,True,601.0
3067279841,False,
3067293009,False,
3067321397,False,
3067341581,True,4.0
3067349502,True,2975.0
3067357726,False,
3067387790,False,
3067408237,False,
3067430025,False,
3067430137,True,21.0
3067446341,True,47199.0
3067449226,False,
3067457930,False,
3067558686,False,
3067598383,True,48813.0
3067762038,False,
3067914555,True,127.0
3068040368,False,
3068048233,True,337.0
3068069732,True,12.0
3068093212,True,64.0
3068095454,True,3908.0
3068101279,True,64.0
3068140820,True,73.0
3068161780,True,14.0
3068173280,False,
3068200453,False,
3068224121,False,
3068242729,True,21917.0
3068253017,False,
3068255466,False,
3068261104,False,
3068261974,False,
3068298309,False,
3068317964,False,
3068330921,True,4773.0
3068361676,True,32.0
3068363282,False,
3068394198,True,36.0
3068431824,False,
3068455353,False,
3068486648,False,
3068532839,False,
3068565191,True,3838.0
3068587096,True,6453.0
3068686893,False,
3068689829,False,
3068708681,False,
3068709793,False,
3068729669,False,
3068736621,False,
3068778628,False,
3068779893,True,4.0
3068795289,True,47.0
3068857051,False,
3068857784,False,
3068858477,False,
3068874319,False,
3068875030,False,
3068884102,False,
3068888292,False,
3068902740,False,
3068909350,False,
3068909716,False,
3068931329,False,
3068934165,False,
3068943694,False,
3068944944,True,296.0
3068950409,False,
3068950821,False,
3068971431,False,
3068990522,False,
3069024716,False,
3069035620,False,
3069036871,False,
3069044220,False,
3069066121,False,
3069119574,False,
3069119911,False,
3069142847,False,
3069182458,False,
3069192922,False,
3069193901,False,
3069194121,False,
3069198166,False,
3069203804,True,124.0
3069230785,False,
3069231757,False,
3069257136,True,529.0
3069260112,False,
3069262663,False,
3069272726,False,
3069272837,False,
3069273025,False,
3069282299,False,
3069283947,False,
3069293775,False,
3069303242,False,
3069303380,False,
3069303523,False,
3069303667,False,
3069304419,False,
3069309764,True,498.0
3069324344,False,
3069325232,False,
3069327899,False,
3069332681,False,
3069351683,False,
3069358846,True,267.0
3069359281,True,208.0
3069370883,True,1863.0
3069375306,False,
3069377255,False,
3069381478,False,
3069382337,False,
3069386277,False,
3069404479,True,260.0
3069409386,False,
3069410232,False,
3069411395,False,
3069412279,False,
3069414716,False,
3069417335,False,
3069440405,True,123.0
3069449925,False,
3069453405,False,
3069460223,False,
3069464991,False,
3069472647,False,
3069518625,False,
3069519623,True,946.0
3069520726,False,
3069536931,False,
3069546815,False,
3069555166,True,6791.0
3069564510,False,
3069587579,True,549.0
3069590247,False,
3069590847,True,956.0
3069603480,True,145.0
3069605079,False,
3069605668,False,
3069606557,False,
3069619039,False,
3069619283,False,
3069619493,False,
3069619690,False,
3069670212,True,145.0
3069682040,False,
3069688532,False,
3069702358,False,
3069706678,False,
3069707766,False,
3069708509,False,
3069715046,False,
3069717350,False,
3069720544,True,617.0
3069721188,True,7.0
3069722160,False,
3069723264,False,
3069723528,False,
3069723924,False,
3069724038,False,
3069731475,True,89.0
3069739564,True,153.0
3069740795,False,
3069743412,False,
3069752800,True,1.0
3069755604,False,
3069760853,False,
3069774285,False,
3069774708,False,
3069778583,True,586.0
3069782065,False,
3069783579,False,
3069785528,False,
3069789435,False,
3069797217,False,
3069816658,False,
3069817675,False,
3069818502,False,
3069819155,False,
3069819819,False,
3069820314,True,1882.0
3069822375,False,
3069825696,True,153.0
3069827408,False,
3069827703,True,578.0
3069830480,True,13.0
3069831205,True,84.0
3069851661,False,
3069859149,True,1684.0
3069890996,True,1601.0
3069893673,True,87.0
3069913136,False,
3069916143,True,1165.0
3069946741,True,546.0
3069947504,True,9723.0
3069950415,True,17.0
3069952475,False,
3069955553,False,
3069956224,True,960.0
3069961460,True,75.0
3069963548,True,44.0
3069966836,False,
3069969222,True,13.0
3069981663,False,
3069983111,False,
3069983251,False,
3069984545,False,
3069990270,False,
3070000227,False,
3070014298,False,
3070015689,False,
3070029524,False,
3070059354,False,
3070066206,True,1.0
3070087335,True,33.0
3070092163,False,
3070097657,False,
3070140223,False,
3070141678,True,193.0
3070158716,True,1081.0
3070188734,False,
3070190747,False,
3070191720,False,
3070194042,False,
3070209762,True,924.0
3070237388,False,
3070237976,False,
3070239081,True,6641.0
3070260629,False,
3070270590,False,
3070309864,False,
3070310157,False,
3070310492,False,
3070310919,True,950.0
3070311231,False,
3070315319,True,17.0
3070318556,False,
3070332512,True,25.0
3070334822,False,
3070346703,True,3931.0
3070351076,True,401.0
3070354331,True,2190.0
3070358217,True,4.0
3070368041,True,131.0
3070376710,True,927.0
3070377714,False,
3070378326,False,
3070386726,True,13969.0
3070395040,False,
3070396706,False,
3070402845,False,
3070414382,True,17.0
3070419704,False,
3070422185,True,2099.0
3070422331,False,
3070425675,False,
3070430289,False,
3070454865,False,
3070461424,True,82.0
3070478001,False,
3070478179,False,
3070478181,False,
3070478400,False,
3070478553,False,
3070483799,False,
3070495756,False,
3070495985,False,
3070508180,False,
3070534830,False,
3070582520,False,
3070585353,False,
3070627695,False,
3070628816,True,1850.0
3070656254,False,
3070664996,False,
3070677364,False,
3070683727,False,
3070725546,True,5.0
3070754726,False,
3070755395,False,
3070758124,False,
3070758595,True,12.0
3070766581,False,
3070772769,False,
3070775468,False,
3070776396,False,
3070777061,False,
3070777649,False,
3070777669,False,
3070793019,False,
3070797749,False,
3070797987,False,
3070798237,False,
3070798877,False,
3070822614,False,
3070855240,True,172.0
3070860276,False,
3070864264,True,22594.0
3070885830,False,
3070888530,False,
3070902081,True,6.0
3070908966,True,146.0
3070930341,False,
3070930751,False,
3070932855,False,
3070934035,False,
3070957442,False,
3070959490,True,11.0
3070970144,True,5.0
3070986801,False,
3070987353,False,
3070995882,False,
3071013113,True,4.0
3071032448,False,
3071033197,False,
3071098647,False,
3071111985,True,4269.0
3071156318,False,
3071194654,False,
3071198349,False,
3071200323,False,
3071211629,False,
3071215011,False,
3071239677,False,
3071248485,False,
3071251237,True,1210.0
3071252806,False,
3071253271,False,
3071254311,False,
3071257243,True,1354.0
3071264730,True,148.0
3071272670,False,
3071276860,False,
3071281502,True,128.0
3071290234,True,386.0
3071290938,True,1675.0
3071301822,False,
3071315225,False,
3071316405,False,
3071322405,False,
3071325965,False,
3071333676,True,119.0
3071338509,False,
3071341159,True,732.0
3071346045,False,
3071346179,False,
3071347415,False,
3071352330,True,1201.0
3071363053,True,277.0
3071370309,False,
3071373666,False,
3071377737,False,
3071378439,False,
3071379044,True,459.0
3071379795,False,
3071408216,False,
3071408220,True,192.0
3071415373,False,
3071438745,False,
3071439542,False,
3071440195,False,
3071440659,False,
3071440998,False,
3071441797,False,
3071442271,False,
3071442794,False,
3071443565,False,
3071444188,False,
3071457136,True,7834.0
3071465979,False,
3071472466,False,
3071491395,False,
3071507349,True,109.0
3071509997,False,
3071510636,False,
3071511401,False,
3071513631,False,
3071521969,True,2230.0
3071523308,False,
3071524162,False,
3071535849,True,308.0
3071535933,True,4370.0
3071540479,True,25643.0
3071541347,False,
3071579103,False,
3071579985,False,
3071608071,True,14.0
3071615808,False,
3071645719,False,
3071657419,False,
3071680256,True,16.0
3071689529,False,
3071690241,False,
3071694106,False,
3071718554,False,
3071726262,False,
3071728242,False,
3071749015,False,
3071862223,True,185.0
3071876316,True,990.0
3071896829,False,
3071901348,False,
3071907020,False,
3071930341,False,
3071937571,False,
3071963021,False,
3071966382,False,
3071973751,False,
3071981382,True,75.0
3072041196,True,690.0
3072053770,False,
3072092513,False,
3072115649,False,
3072123911,False,
3072124030,False,
3072129776,False,
3072130923,True,6994.0
3072142824,False,
3072143052,False,
3072160204,False,
3072173663,False,
3072194560,True,33.0
3072196380,False,
3072221714,False,
3072224498,True,894.0
3072243219,True,17.0
3072255123,False,
3072262733,False,
3072264805,True,27405.0
3072280332,False,
3072281698,False,
3072282083,False,
3072284059,False,
3072285708,False,
3072292047,True,73.0
3072309663,False,
3072312363,True,127.0
3072313503,False,
3072331559,False,
3072335494,False,
3072364335,False,
3072383636,False,
3072386216,False,
3072437552,False,
3072439090,False,
3072456517,False,
3072467367,True,54.0
3072518319,False,
3072522129,False,
3072542699,True,24.0
3072542965,False,
3072546272,False,
3072557795,False,
3072574776,False,
3072598406,False,
3072610535,False,
3072618459,False,
3072618549,False,
3072654005,False,
3072655653,True,153.0
3072714131,False,
3072744878,False,
3072750831,False,
3072777838,True,1711.0
3072797401,False,
3072822560,False,
3072839408,False,
3072980075,True,423.0
3072980855,False,
3072984743,True,7331.0
3073082706,True,1235.0
3073136694,False,
3073173507,True,171.0
3073248179,False,
3073264340,True,5716.0
3073274659,False,
3073357101,False,
3073372752,False,
3073391565,False,
3073482626,True,6271.0
3073522167,True,5987.0
3073533278,True,7071.0
3073548563,True,3508.0
3073554537,True,2371.0
3073556188,True,4277.0
3073573301,True,103.0
3073578969,False,
3073617049,False,
3073626765,False,
3073640381,False,
3073665975,True,29.0
3073668599,True,211.0
3073669955,True,1.0
3073676377,True,241.0
3073686591,False,
3073687923,True,18.0
3073689550,False,
3073690141,False,
3073690657,False,
3073691099,False,
3073692010,False,
3073692845,False,
3073695968,True,1871.0
3073697635,True,1197.0
3073700458,False,
3073702240,False,
3073702868,False,
3073703234,True,226.0
3073703846,False,
3073703898,False,
3073705230,False,
3073706650,False,
3073715081,False,
3073715173,True,31.0
3073717746,True,1403.0
3073718250,False,
3073737898,False,
3073743346,True,362.0
3073748364,False,
3073748430,False,
3073749903,False,
3073750048,False,
3073758512,False,
3073758777,False,
3073769926,True,9.0
3073780955,False,
3073800274,False,
3073811056,False,
3073818280,True,7.0
3073835498,False,
3073864390,False,
3073870041,False,
3073936589,False,
3073936706,False,
3073937517,True,1177.0
3073939388,False,
3073940259,False,
3073969032,True,641.0
3073975308,False,
3074002243,False,
3074009377,False,
3074019360,False,
3074048586,False,
3074103142,False,
3074121794,True,1572.0
3074153241,False,
3074165689,False,
3074247807,True,1.0
3074268130,False,
3074300340,False,
3074323077,False,
3074325652,False,
3074327113,False,
3074333359,False,
3074340965,False,
3074350089,True,913.0
3074352445,False,
3074354604,True,64.0
3074356502,False,
3074379186,False,
3074395510,True,57.0
3074409040,True,3052.0
3074429513,False,
3074431226,False,
3074436326,False,
3074437607,False,
3074468639,False,
3074483093,False,
3074483635,False,
3074492104,True,1.0
3074495179,False,
3074499478,True,1137.0
3074503740,True,4456.0
3074521772,False,
3074530087,False,
3074532426,True,7.0
3074562062,False,
3074582436,False,
3074593236,False,
3074626423,False,
3074627521,True,152.0
3074645748,False,
3074646046,False,
3074646212,False,
3074646444,False,
3074646630,False,
3074659321,True,1456.0
3074666528,False,
3074669766,False,
3074671849,False,
3074683917,False,
3074735156,False,
3074735904,False,
3074752386,False,
3074770697,False,
3074788390,False,
3074806147,True,5.0
3074823029,False,
3074837289,False,
3074886559,False,
3074895965,False,
3074907276,False,
3074929665,False,
3074948286,True,5.0
3074963595,True,76.0
3074992976,False,
3075020628,False,
3075031576,False,
3075072446,False,
3075139093,False,
3075160944,False,
3075169954,False,
3075268569,False,
3075310189,False,
3075379891,False,
3075384502,False,
3075389745,False,
3075458511,False,
3075494834,False,
3075533499,False,
3075600678,False,
3075666397,False,
3075669857,False,
3075673590,False,
3075729641,False,
3075743507,False,
3075774390,False,
3075791959,False,
3075833169,False,
3075846970,False,
3075874340,False,
3075878511,True,994.0
3075907300,False,
3075926831,False,
3075930032,False,
3076055658,False,
3076218276,False,
3076231694,False,
3076232455,False,
3076234730,False,
3076246748,False,
3076289521,False,
3076300619,False,
3076302906,False,
3076334032,False,
3076350560,False,
3076385504,False,
3076440677,False,
3076462983,False,
3076463224,False,
3076552484,False,
3076569111,False,
3076599864,False,
3076634969,False,
3076656198,False,
3076773773,False,
3076808396,False,
3076902551,False,
3076914182,True,911.0
3076914240,True,1939.0
3076914271,True,1450.0
3076930970,False,
3076948265,False,
3076961427,False,
3076977827,False,
3077254203,False,
3077357029,False,
3077364351,False,
3077393594,False,
3077393824,False,
3077397557,False,
3077399594,False,
3077403335,False,
3077408269,False,
3077452266,False,
3077461406,False,
3077461490,False,
3077497808,False,
3077505951,False,
3077514953,False,
3077581074,True,60.0
3077750137,True,21.0
3077754176,True,127.0
3077846388,False,
3077937305,False,
3077937586,False,
3077937883,False,
3077941937,False,
3078036696,False,
3078058231,False,
3078088060,False,
3078093394,False,
3078095019,False,
3078099151,False,
3078120806,True,6282.0
3078134196,False,
3078259836,False,
3078261027,False,
3078321965,False,
3078322791,False,
3078354422,False,
3078356145,True,904.0
3078367669,False,
3078372415,False,
3078373394,False,
3078374486,False,
3078544917,False,
3078667023,False,
3078708072,False,
3078708729,False,
3078727958,False,
3078729089,False,
3078730593,False,
3078731945,False,
3078750950,False,
3078827833,False,
3078833073,False,
3078845759,False,
3078869316,False,
3079124889,True,1462.0
3079197737,False,
3079227911,True,560.0
3079243746,False,
3079244416,False,
3079245327,False,
3079246170,False,
3079247685,False,
3079249502,False,
3079284495,False,
3079318506,False,
3079338292,False,
3079338541,False,
3079338754,False,
3079405814,True,238.0
3079465778,False,
3079571966,False,
3079736951,True,153.0
3079790406,True,4.0
3080024536,True,452.0
3080063839,False,
3080170340,False,
3080376437,True,2533.0
3080561898,False,
3080562377,False,
3080590236,False,
3080603930,False,
3080623792,False,
3080632159,True,475.0
3080634010,True,26.0
3080642755,False,
3080687107,False,
3080701885,False,
3080704263,False,
3080707797,False,
3080718586,False,
3080726546,False,
3080757010,False,
3080757702,False,
3081047941,True,129.0
3081048905,False,
3081141154,False,
3081178903,False,
3081235181,False,
3081240780,True,58.0
3081241491,True,10879.0
3081258490,True,10565.0
3081362997,False,
3081391195,False,
3081483295,False,
3081542252,False,
3081559091,False,
3081573845,False,
3081598183,False,
3081607282,True,54.0
3082041044,False,
3082113513,True,7790.0
3082161964,True,30.0
3082169301,False,
3082169321,False,
3082169353,False,
3082169376,False,
3082205906,False,
3082208949,False,
3082219689,True,2281.0
3082510717,True,38.0
3082513665,False,
3082550230,False,
3082564425,False,
3082579376,True,66.0
3082669052,False,
3082669783,False,
3082673035,False,
3082680053,False,
3082688442,False,
3082718350,True,5089.0
3082905783,False,
3082928100,False,
3082928741,False,
3082942728,False,
3083336640,False,
3083349006,False,
3083361684,False,
3083371125,False,
3083463029,False,
3083495068,False,
3083575062,False,
3083654011,False,
3083840570,False,
3083873170,True,7.0
3083918607,False,
3084119459,True,35.0
3084629265,True,290.0
3084668849,False,
3084820942,False,
3084821421,False,
3084872838,False,
3084897927,True,116.0
3084967769,False,
3085151266,False,
3085154378,False,
3085160303,False,
3085197894,False,
3085203189,False,
3085482011,False,
3085506001,False,
3085535223,True,2107.0
3085748145,False,
3085748652,False,
3085759405,False,
3085792229,False,
3085797402,False,
3085800723,True,25.0
3085820058,False,
3085865505,False,
3085872610,False,
3085888712,False,
3085897918,False,
3085898013,False,
3085898087,False,
3085898171,False,
3085901495,False,
3085936638,False,
3085958759,True,95.0
3085971858,True,2404.0
3085973286,False,
3085975185,False,
3085975950,False,
3085976113,False,
3085985128,False,
3085997140,False,
3085997655,False,
3086011450,False,
3086014889,False,
3086021569,False,
3086044934,False,
3086104336,False,
3086184525,True,1063.0
3086190962,False,
3086470677,True,535.0
3086522647,True,503.0
3086530301,True,930.0
3086534526,True,452.0
3086872254,False,
3086900755,False,
3086900833,False,
3086901099,False,
3086911102,False,
3087288875,True,60.0
3087294186,False,
3087300265,False,
3087314871,False,
3087319163,False,
3087342662,False,
3087428060,False,
3087504073,False,
3087569384,False,
3088050827,True,265.0
3088186376,True,267.0
3088208837,True,6.0
3088359464,False,
3089057227,False,
3089062943,False,
3089077179,False,
3089093441,False,
3089124626,False,
3089128012,False,
3089755835,True,1177.0
3089762542,False,
3089918013,False,
3089920115,False,
3090208361,True,10.0
3090348641,False,
3090483502,False,
3090604368,False,
3090819884,True,2995.0
3091393939,False,
3091625525,False,
3091917171,True,1115.0
3091953014,True,92.0
3091967611,True,416.0
3092048713,False,
3092056138,False,
3092063431,False,
3092078775,False,
3092150026,False,
3092281005,False,
3092425215,False,
3092426293,False,
3092500137,False,
3092500635,False,
3093248490,False,
3093800239,False,
3093886007,True,4.0
3093952544,True,4.0
3094687549,False,
3094690194,False,
3094712766,False,
3094835469,False,
3095140586,False,
3095591887,False,
3095903278,False,
3095971863,False,
3096212702,True,131.0
3096277478,False,
3096686000,False,
3096864661,False,
3097241379,False,
3097336234,True,913.0
3097463382,False,
3098151998,False,
3098152954,True,2923.0
3098325649,False,
3098990958,False,
3098991137,False,
3099324105,False,
3099326029,False,
3099542351,False,
3099544522,False,
3099548259,False,
3099559490,False,
3099561202,False,
3099562058,False,
3099562248,False,
3099562606,False,
3099562801,False,
3099563234,False,
3099565339,False,
3099788633,True,901.0
3099797665,False,
3099868005,False,
3099868217,False,
3099869932,False,
3099901214,False,
3099901554,False,
3099915088,False,
3100023759,False,
3100025516,False,
3100027985,False,
3100028755,False,
3100530780,False,
3100828712,True,7.0
3100844162,False,
3100893378,False,
3101089631,True,4.0
3101903986,True,37.0
3101978605,False,
3102202896,False,
3102205844,True,2550.0
3102212871,False,
3102633870,False,
3102651486,False,
3102652476,False,
3102731205,False,
3102936019,True,4316.0
3102957455,False,
3102958109,False,
3103634191,False,
3104098421,False,
3104208076,False,
3104243205,False,
3104832406,False,
3104833443,True,1222.0
3105263708,False,
3105519502,False,
3105617378,False,
3106130038,False,
3106165952,False,
3106762195,False,
3106850308,False,
3106954630,False,
3107927042,True,16.0
3108077947,False,
3108169413,False,
3108516822,False,
3108528886,False,
3108547468,False,
3108611775,True,1714.0
3108631301,False,
3108700317,False,
3108768947,True,53.0
3109060334,False,
3109229797,True,7585.0
3109729005,False,
3109911589,False,
3109945392,True,11.0
3110078291,False,
3110468459,False,
3110833036,False,
3112020431,False,
3112845707,False,
3113131343,True,2837.0
3113763727,False,
3113764742,False,
3113774070,False,
3113799341,False,
3114093757,False,
3114095894,False,
3114132309,False,
3114132467,False,
3114177192,False,
3114231829,False,
3114387203,False,
3115312962,False,
3115663249,False,
3116060839,True,986.0
3116745371,True,18.0
3116833060,False,
3116896227,False,
3116905119,True,110.0
3117085318,False,
3117158364,False,
3117166083,False,
3117175123,False,
3117183414,False,
3117195044,False,
3117235394,False,
3117741126,False,
3117741314,False,
3117891477,False,
3117901973,True,5708.0
3117935704,False,
3117962884,False,
3117988982,False,
3118049447,False,
3118051566,False,
3118056688,False,
3118063095,False,
3118112682,False,
3118142252,False,
3118179222,False,
3118535992,False,
3118618781,False,
3119217685,True,225.0
3120253311,False,
3120338677,False,
3120491252,False,
3121271546,False,
3121935041,False,
3121958178,False,
3122001249,False,
3122216176,True,80.0
3122285274,False,
3123126806,False,
3123774454,True,539.0
3123776731,False,
3124234395,False,
3124506780,False,
3124672704,False,
3124957739,False,
3125000707,True,5.0
3125342546,False,
3125345815,False,
3125665717,True,19.0
3125673937,False,
3125673941,False,
3125830430,True,2616.0
3125951785,True,1440.0
3126270486,False,
3126292199,True,1813.0
3127470887,False,
3129919336,False,
3129928487,False,
3130173192,False,
3130305658,False,
3130492268,False,
3132994188,False,
3133959251,False,
3134665055,False,
3134772790,False,
3134773295,False,
3136240179,False,
3136245515,False,
3136946957,True,39.0
3136991104,False,
3136994033,False,
3137001554,False,
3137005453,False,
3137170059,False,
3137292049,False,
3137393434,False,
3137593431,False,
3138941419,False,
3138943339,False,
3138943781,False,
3138944342,False,
3138999027,False,
3139007746,False,
3141176965,False,
3141198439,False,
3141276940,False,
3141776465,False,
3141802807,True,1134.0
3142500184,False,
3142509739,False,
3143006107,False,
3143806956,False,
3143850885,False,
3143890378,False,
3143890918,False,
3143891597,False,
3145187797,True,19.0
3146540050,False,
3149102770,True,978.0
3149142021,True,117.0
3149350163,True,32.0
3149525643,False,
3149559754,False,
3152237281,True,4.0
3152473132,False,
3154443528,False,
3154446934,False,
3156286540,False,
3156356075,False,
3161973981,False,
3162005675,False,
3162983361,False,
3163389196,False,
3163424215,False,
3166380091,False,
3167274991,False,
3167279745,False,
3169006399,False,
3169982555,False,
3171160885,False,
3171661431,False,
3171661930,False,
3171664993,False,
3171747716,True,643.0
3171766633,True,287.0
3174151728,True,126.0
3174178928,False,
3174906597,False,
3175224031,False,
3176445983,True,71.0
3176554035,False,
3176555117,False,
3176557372,False,
3176570134,False,
3176860934,False,
3176920133,False,
3176936759,True,1137.0
3176976379,False,
3176977316,False,
3177123504,False,
3177124004,False,
3179273931,False,
3179274719,False,
3180499746,False,
3181164136,True,1625.0
3181310904,True,1664.0
3181338854,False,
3181780967,False,
3182220779,True,4.0
3182957868,False,
3183594800,True,1587.0
3183596053,False,
3183596179,False,
3183596364,False,
3183596551,False,
3183596699,False,
3183971417,False,
3183988222,True,13.0
3187077065,True,1113.0
3187172480,False,
3187180110,False,
3187189275,False,
3187301826,True,122.0
3187302670,True,1363.0
3187365385,False,
3187368410,False,
3187370854,False,
3187380763,False,
3190171315,False,
3190172177,False,
3191175586,True,41.0
3191183044,False,
3191183051,False,
3194206170,True,384.0
3194865712,False,
3194888463,False,
3194894919,False,
3194894920,False,
3194894923,False,
3194894940,False,
3195509331,True,68.0
3195558593,False,
3195571671,False,
3196848821,False,
3196892761,False,
3196908893,False,
3196909223,False,
3196998823,False,
3196999628,False,
3197087142,False,
3197118397,False,
3197126713,False,
3197142626,False,
3197152083,False,
3197156923,False,
3197167279,False,
3197420327,False,
3201512827,True,145.0
3202836219,True,58.0
3203194204,False,
3203205775,True,1663.0
3203223686,True,1748.0
3204706874,True,20.0
3205997541,False,
3206022850,False,
3206215995,True,159.0
3206721994,False,
3206731296,True,29.0
3212937968,True,368.0
3213061258,True,21.0
3213142452,False,
3213178779,False,
3214685209,True,128.0
3214716139,False,
3214716141,False,
3214837451,False,
3215083375,False,
3215236374,False,
3215236375,False,
3215236381,False,
3215236391,False,
3215890842,False,
3216068268,False,
3216068276,False,
3216068277,False,
3216068282,False,
3216068288,False,
3216068291,False,
3216068293,False,
3216068299,False,
3216068364,False,
3216572209,False,
3216712380,False,
3216712393,False,
3216712399,False,
3216712406,False,
3216712452,False,
3217022598,False,
3217477985,False,
3217481366,False,
3217974094,True,59687.0
3218581563,True,15350.0
3219676488,True,5920.0
3219910020,True,1704.0
3219917372,True,1219.0
3219925500,True,388.0
3221070175,False,
3221074821,False,
3222204181,False,
3222231963,False,
3222712211,False,
3222714424,False,
3222714844,False,
3232103799,True,20047.0
3232149134,True,21415.0
3234594669,True,181.0
3237714709,False,
3237790344,True,4418.0
3243811594,False,
3246150852,False,
3249028927,False,
3249029098,False,
3249029255,False,
3249029430,False,
3249029576,False,
3249030017,False,
3249030072,False,
3249030898,False,
3249032282,False,
3249033846,True,4.0
3249033973,True,4.0
3249108695,False,
3249111901,False,
3249128461,False,
3249374586,False,
3250043841,True,19820.0
3255278092,True,6514.0
3255480444,True,1851.0
3255493521,True,365.0
3256874404,False,
3256886903,False,
3264015120,False,
3264318938,True,26.0
3265343145,True,1473.0
3267070181,False,
3267944212,False,
3267992598,False,
3268541791,False,
3269193139,False,
3272405306,False,
3272492708,True,108.0
3272500218,False,
3272958481,False,
3273431487,False,
3273497699,False,
3273587643,False,
3273634150,False,
3275661414,True,172.0
3275702924,True,693.0
3282129651,False,
3282129809,False,
3282129977,False,
3282130514,False,
3282132892,False,
3282142334,False,
3282144553,False,
3283220245,False,
3283239303,False,
3283436944,False,
3284036936,True,8.0
3284083020,True,28.0
3284237002,False,
3284246437,False,
3287087274,True,1395.0
3287655298,False,
3289504849,True,37.0
3290785753,False,
3291233214,False,
3291350576,False,
3292867336,False,
3292896578,False,
3293465323,False,
3293480582,False,
3293855909,False,
3293869863,False,
3293881572,False,
3300077342,False,
3300089607,False,
3302145142,False,
3302145196,False,
3302145282,False,
3302147087,False,
3302147289,False,
3303766114,True,34.0
3303800479,False,
3303800491,False,
3303800494,False,
3304330569,True,121.0
3304528172,False,
3305664588,True,24.0
3305667469,True,24.0
3305859725,False,
3311709866,False,
3312155024,False,
3316471819,False,
3322849843,False,
3327587983,False,
3328140177,False,
3332226895,False,
3335123240,True,1728.0
3339754245,False,
3348532206,False,
3357060236,True,1779.0
3358208425,False,
3362943552,False,
3368012961,False,
3368015523,False,
3368019843,True,15.0
3368065399,True,9.0
3378720109,False,
3381168792,True,1183.0
3381171426,False,
3381171427,False,
3381171429,False,
3381171430,False,
3381171431,False,
3381171432,False,
3381188922,False,
3381478977,False,
3381666044,False,
3381666045,False,
3381666047,False,
3381666052,False,
3381666054,False,
3381666055,False,
3381666056,False,
3381666057,False,
3381666059,False,
3381666060,False,
3381666062,False,
3381666064,False,
3381666065,False,
3381666066,False,
3381666067,False,
3381666068,False,
3381666069,False,
3381666071,False,
3381666073,False,
3381666075,False,
3381666078,False,
3386007536,False,
3386441260,True,29812.0
3386496484,True,44.0
3386513892,False,
3386513897,False,
3386513899,False,
3386529687,False,
3386529698,False,
3386529699,False,
3386529706,False,
3386914004,True,28006.0
3386934341,False,
3390075488,False,
3390116692,False,
